group,label,beta_2023,se_2023,p_2023
Q1,fastest,1.7850323598346751,0.09898436580175181,1.06384913544117e-72
Q4,slowest,-1.3944458409047842,0.10718995686890963,1.0860082801958827e-38
