comparison,year,diff,t,p
T3 vs T2,2023,-1.9409896135511593,-10.565547371058273,4.304500731900151e-26
T2 vs T1,2023,-0.8047203641739681,-5.4266186144979685,5.7431663795599316e-08
T3 vs T2,2024,-2.2601898239164546,-9.685798420312507,3.464905238462111e-22
T2 vs T1,2024,-0.8293085379008649,-4.157874544160316,3.212223406949153e-05
