game_pk,game_date,game_year,inning,inning_topbot,at_bat_number,pitch_number,balls,strikes,outs_when_up,home_team,away_team,batter,pitcher,on_1b,on_2b,on_3b,fielder_2,fielder_3,fielder_4,fielder_5,fielder_6,type,events,description,des,home_score,away_score,bat_score,fld_score,delta_run_exp,delta_home_win_exp,game_type,pitch_name,release_speed,stand,p_throws
716367,2023-10-01,2023,9,Bot,73,6,2,2,2,BAL,BOS,677008,687798,,,,657136,666915,665839,622569,596115,X,field_out,hit_into_play,"Heston Kjerstad grounds out, first baseman Bobby Dalbec to pitcher Nick Robertson.",1,6,1,6,-0.233,-0.001,R,Changeup,89.0,L,R
716367,2023-10-01,2023,9,Bot,73,5,2,2,2,BAL,BOS,677008,687798,,,,657136,666915,665839,622569,596115,S,,foul,Foul,1,6,1,6,0.0,0.0,R,4-Seam Fastball,96.9,L,R
716367,2023-10-01,2023,9,Bot,73,4,1,2,2,BAL,BOS,677008,687798,,,,657136,666915,665839,622569,596115,B,,ball,Ball,1,6,1,6,0.041,0.0,R,Changeup,90.0,L,R
716367,2023-10-01,2023,9,Bot,73,3,0,2,2,BAL,BOS,677008,687798,,,,657136,666915,665839,622569,596115,B,,ball,Ball,1,6,1,6,0.022,0.0,R,Sweeper,82.2,L,R
716367,2023-10-01,2023,9,Bot,73,2,0,1,2,BAL,BOS,677008,687798,,,,657136,666915,665839,622569,596115,S,,swinging_strike,Swinging Strike,1,6,1,6,-0.061,0.0,R,Changeup,89.2,L,R
716367,2023-10-01,2023,9,Bot,73,1,0,0,2,BAL,BOS,677008,687798,,,,657136,666915,665839,622569,596115,S,,swinging_strike,Swinging Strike,1,6,1,6,-0.045,0.0,R,4-Seam Fastball,96.2,L,R
716367,2023-10-01,2023,9,Bot,72,6,2,2,1,BAL,BOS,602104,687798,,,,657136,666915,665839,622569,596115,S,strikeout,swinging_strike,Ramon Urias strikes out swinging.,1,6,1,6,-0.234,-0.001,R,Changeup,88.2,R,R
716367,2023-10-01,2023,9,Bot,72,5,2,2,1,BAL,BOS,602104,687798,,,,657136,666915,665839,622569,596115,S,,foul,Foul,1,6,1,6,0.0,0.0,R,4-Seam Fastball,95.7,R,R
716367,2023-10-01,2023,9,Bot,72,4,1,2,1,BAL,BOS,602104,687798,,,,657136,666915,665839,622569,596115,B,,ball,Ball,1,6,1,6,0.045,0.0,R,Sweeper,79.4,R,R
716367,2023-10-01,2023,9,Bot,72,3,0,2,1,BAL,BOS,602104,687798,,,,657136,666915,665839,622569,596115,B,,ball,Ball,1,6,1,6,0.019,0.0,R,Sweeper,82.9,R,R
716367,2023-10-01,2023,9,Bot,72,2,0,1,1,BAL,BOS,602104,687798,,,,657136,666915,665839,622569,596115,S,,called_strike,Called Strike,1,6,1,6,-0.057,0.0,R,Sweeper,82.0,R,R
716367,2023-10-01,2023,9,Bot,72,1,0,0,1,BAL,BOS,602104,687798,,,,657136,666915,665839,622569,596115,S,,foul_tip,Foul Tip,1,6,1,6,-0.041,0.0,R,4-Seam Fastball,97.0,R,R
716367,2023-10-01,2023,9,Bot,71,5,3,1,0,BAL,BOS,663624,687798,,,,657136,666915,665839,622569,596115,X,field_out,hit_into_play,Ryan Mountcastle pops out to second baseman Enmanuel Valdez.,1,6,1,6,-0.442,-0.005,R,4-Seam Fastball,95.8,R,R
716367,2023-10-01,2023,9,Bot,71,4,2,1,0,BAL,BOS,663624,687798,,,,657136,666915,665839,622569,596115,B,,ball,Ball,1,6,1,6,0.129,0.0,R,4-Seam Fastball,96.0,R,R
716367,2023-10-01,2023,9,Bot,71,3,1,1,0,BAL,BOS,663624,687798,,,,657136,666915,665839,622569,596115,B,,ball,Ball,1,6,1,6,0.059,0.0,R,4-Seam Fastball,96.1,R,R
716367,2023-10-01,2023,9,Bot,71,2,1,0,0,BAL,BOS,663624,687798,,,,657136,666915,665839,622569,596115,S,,foul,Foul,1,6,1,6,-0.052,0.0,R,4-Seam Fastball,97.3,R,R
716367,2023-10-01,2023,9,Bot,71,1,0,0,0,BAL,BOS,663624,687798,,,,657136,666915,665839,622569,596115,B,,ball,Ball,1,6,1,6,0.04,0.0,R,4-Seam Fastball,96.7,R,R
716367,2023-10-01,2023,9,Top,70,5,2,2,2,BAL,BOS,678882,608344,,,,543510,663624,676059,602104,683002,S,strikeout,called_strike,Ceddanne Rafaela called out on strikes.,1,6,6,1,-0.233,0.001,R,Sinker,93.7,R,L
716367,2023-10-01,2023,9,Top,70,4,2,1,2,BAL,BOS,678882,608344,,,,543510,663624,676059,602104,683002,S,,swinging_strike,Swinging Strike,1,6,6,1,-0.081,0.0,R,Cutter,82.7,R,L
716367,2023-10-01,2023,9,Top,70,3,1,1,2,BAL,BOS,678882,608344,,,,543510,663624,676059,602104,683002,B,,ball,Ball,1,6,6,1,0.053,0.0,R,Cutter,85.2,R,L
716367,2023-10-01,2023,9,Top,70,2,1,0,2,BAL,BOS,678882,608344,,,,543510,663624,676059,602104,683002,S,,swinging_strike,Swinging Strike,1,6,6,1,-0.056,0.0,R,Changeup,84.5,R,L
716367,2023-10-01,2023,9,Top,70,1,0,0,2,BAL,BOS,678882,608344,,,,543510,663624,676059,602104,683002,B,,ball,Ball,1,6,6,1,0.043,0.0,R,Curveball,75.9,R,L
716367,2023-10-01,2023,9,Top,69,4,0,2,1,BAL,BOS,624512,608344,,,,543510,663624,676059,602104,683002,X,field_out,hit_into_play,"Reese McGuire grounds out, pitcher Cole Irvin to first baseman Ryan Mountcastle.",1,6,6,1,-0.17,0.0,R,Cutter,83.6,L,L
716367,2023-10-01,2023,9,Top,69,3,0,2,1,BAL,BOS,624512,608344,,,,543510,663624,676059,602104,683002,S,,foul,Foul,1,6,6,1,0.0,0.0,R,Sinker,91.4,L,L
716367,2023-10-01,2023,9,Top,69,2,0,1,1,BAL,BOS,624512,608344,,,,543510,663624,676059,602104,683002,S,,swinging_strike,Swinging Strike,1,6,6,1,-0.057,0.0,R,Changeup,83.3,L,L
716367,2023-10-01,2023,9,Top,69,1,0,0,1,BAL,BOS,624512,608344,,,,543510,663624,676059,602104,683002,S,,foul,Foul,1,6,6,1,-0.041,0.0,R,Cutter,84.3,L,L
716367,2023-10-01,2023,9,Top,68,3,0,2,0,BAL,BOS,622569,608344,,,,543510,663624,676059,602104,683002,X,field_out,hit_into_play,Pablo Reyes grounds out to first baseman Ryan Mountcastle.,1,6,6,1,-0.169,0.001,R,Sinker,89.3,R,L
716367,2023-10-01,2023,9,Top,68,2,0,1,0,BAL,BOS,622569,608344,,,,543510,663624,676059,602104,683002,S,,foul,Foul,1,6,6,1,-0.054,0.0,R,Changeup,82.5,R,L
716367,2023-10-01,2023,9,Top,68,1,0,0,0,BAL,BOS,622569,608344,,,,543510,663624,676059,602104,683002,S,,called_strike,Called Strike,1,6,6,1,-0.042,0.0,R,Cutter,81.6,R,L
716367,2023-10-01,2023,8,Bot,67,3,2,0,2,BAL,BOS,623993,670167,668939,,,657136,666915,665839,622569,596115,X,field_out,hit_into_play,Anthony Santander flies out to left fielder Wilyer Abreu.,1,6,1,6,-0.353,-0.005,R,Sweeper,80.3,L,R
716367,2023-10-01,2023,8,Bot,67,2,1,0,2,BAL,BOS,623993,670167,668939,,,657136,666915,665839,622569,596115,B,,ball,Ball,1,6,1,6,0.037,0.0,R,Sweeper,80.1,L,R
716367,2023-10-01,2023,8,Bot,67,1,0,0,2,BAL,BOS,623993,670167,668939,,,657136,666915,665839,622569,596115,B,,ball,Ball,1,6,1,6,0.03,0.0,R,4-Seam Fastball,93.7,L,R
716367,2023-10-01,2023,8,Bot,66,4,1,2,2,BAL,BOS,668939,670167,,543510,,657136,666915,665839,622569,596115,X,single,hit_into_play,Adley Rutschman singles on a ground ball to left fielder Wilyer Abreu. James McCann scores.,0,6,0,6,0.764,0.005,R,4-Seam Fastball,94.0,L,R
716367,2023-10-01,2023,8,Bot,66,3,1,1,2,BAL,BOS,668939,670167,,543510,,657136,666915,665839,622569,596115,S,,foul,Foul,0,6,0,6,-0.064,0.0,R,4-Seam Fastball,94.6,L,R
716367,2023-10-01,2023,8,Bot,66,2,0,1,2,BAL,BOS,668939,670167,,543510,,657136,666915,665839,622569,596115,B,,ball,Ball,0,6,0,6,0.02,0.0,R,Changeup,88.7,L,R
716367,2023-10-01,2023,8,Bot,66,1,0,0,2,BAL,BOS,668939,670167,,543510,,657136,666915,665839,622569,596115,S,,called_strike,Called Strike,0,6,0,6,-0.046,0.0,R,Sweeper,81.9,L,R
716367,2023-10-01,2023,8,Bot,65,5,1,2,1,BAL,BOS,683002,670167,543510,,,657136,666915,665839,622569,596115,S,strikeout,swinging_strike,Gunnar Henderson strikes out swinging. James McCann to 2nd. Passed ball by catcher Connor Wong.,0,6,0,6,-0.183,-0.004,R,Sweeper,82.1,L,R
716367,2023-10-01,2023,8,Bot,65,4,1,2,1,BAL,BOS,683002,670167,543510,,,657136,666915,665839,622569,596115,S,,foul,Foul,0,6,0,6,0.0,0.0,R,Sweeper,81.6,L,R
716367,2023-10-01,2023,8,Bot,65,3,1,1,1,BAL,BOS,683002,670167,543510,,,657136,666915,665839,622569,596115,S,,swinging_strike,Swinging Strike,0,6,0,6,-0.055,0.0,R,4-Seam Fastball,93.6,L,R
716367,2023-10-01,2023,8,Bot,65,2,0,1,1,BAL,BOS,683002,670167,543510,,,657136,666915,665839,622569,596115,B,,ball,Ball,0,6,0,6,0.025,0.0,R,Changeup,88.0,L,R
716367,2023-10-01,2023,8,Bot,65,1,0,0,1,BAL,BOS,683002,670167,543510,,,657136,666915,665839,622569,596115,S,,called_strike,Called Strike,0,6,0,6,-0.042,0.0,R,Sweeper,79.9,L,R
716367,2023-10-01,2023,8,Bot,64,6,3,2,1,BAL,BOS,543510,670167,,,,657136,666915,665839,622569,596115,B,walk,ball,James McCann walks.,0,6,0,6,0.36,0.004,R,4-Seam Fastball,94.3,R,R
716367,2023-10-01,2023,8,Bot,64,5,2,2,1,BAL,BOS,543510,670167,,,,657136,666915,665839,622569,596115,B,,ball,Ball,0,6,0,6,0.094,0.0,R,Sweeper,82.9,R,R
716367,2023-10-01,2023,8,Bot,64,4,2,1,1,BAL,BOS,543510,670167,,,,657136,666915,665839,622569,596115,S,,foul,Foul,0,6,0,6,-0.076,0.0,R,4-Seam Fastball,94.8,R,R
716367,2023-10-01,2023,8,Bot,64,3,1,1,1,BAL,BOS,543510,670167,,,,657136,666915,665839,622569,596115,B,,ball,Ball,0,6,0,6,0.054,0.0,R,Sweeper,81.5,R,R
716367,2023-10-01,2023,8,Bot,64,2,1,0,1,BAL,BOS,543510,670167,,,,657136,666915,665839,622569,596115,S,,foul,Foul,0,6,0,6,-0.05,0.0,R,Sweeper,79.6,R,R
716367,2023-10-01,2023,8,Bot,64,1,0,0,1,BAL,BOS,543510,670167,,,,657136,666915,665839,622569,596115,B,,ball,Ball,0,6,0,6,0.039,0.0,R,4-Seam Fastball,94.0,R,R
716367,2023-10-01,2023,8,Bot,63,6,3,2,0,BAL,BOS,676059,670167,,,,657136,666915,665839,622569,596115,X,field_out,hit_into_play,"Jordan Westburg grounds out, second baseman Enmanuel Valdez to first baseman Bobby Dalbec.",0,6,0,6,-0.353,-0.004,R,Sinker,92.7,R,R
716367,2023-10-01,2023,8,Bot,63,5,3,1,0,BAL,BOS,676059,670167,,,,657136,666915,665839,622569,596115,S,,called_strike,Called Strike,0,6,0,6,-0.088,0.0,R,4-Seam Fastball,93.9,R,R
716367,2023-10-01,2023,8,Bot,63,4,2,1,0,BAL,BOS,676059,670167,,,,657136,666915,665839,622569,596115,B,,ball,Ball,0,6,0,6,0.129,0.0,R,Sweeper,80.4,R,R
716367,2023-10-01,2023,8,Bot,63,3,2,0,0,BAL,BOS,676059,670167,,,,657136,666915,665839,622569,596115,S,,called_strike,Called Strike,0,6,0,6,-0.065,0.0,R,4-Seam Fastball,93.0,R,R
716367,2023-10-01,2023,8,Bot,63,2,1,0,0,BAL,BOS,676059,670167,,,,657136,666915,665839,622569,596115,B,,ball,Ball,0,6,0,6,0.071,0.0,R,4-Seam Fastball,93.5,R,R
716367,2023-10-01,2023,8,Bot,63,1,0,0,0,BAL,BOS,676059,670167,,,,657136,666915,665839,622569,596115,B,,ball,Ball,0,6,0,6,0.04,0.0,R,Sweeper,81.2,R,R
716367,2023-10-01,2023,8,Top,62,5,3,1,2,BAL,BOS,608701,608344,,,,543510,663624,676059,602104,683002,X,field_out,hit_into_play,Rob Refsnyder lines out to center fielder Jorge Mateo.,0,6,6,0,-0.43,0.001,R,Sinker,90.1,R,L
716367,2023-10-01,2023,8,Top,62,4,2,1,2,BAL,BOS,608701,608344,,,,543510,663624,676059,602104,683002,B,,ball,Ball,0,6,6,0,0.116,0.0,R,Cutter,81.0,R,L
716367,2023-10-01,2023,8,Top,62,3,2,0,2,BAL,BOS,608701,608344,,,,543510,663624,676059,602104,683002,S,,called_strike,Called Strike,0,6,6,0,-0.06,0.0,R,Sinker,89.6,R,L
716367,2023-10-01,2023,8,Top,62,2,1,0,2,BAL,BOS,608701,608344,,,,543510,663624,676059,602104,683002,B,,ball,Ball,0,6,6,0,0.056,0.0,R,Changeup,80.7,R,L
716367,2023-10-01,2023,8,Top,62,1,0,0,2,BAL,BOS,608701,608344,,,,543510,663624,676059,602104,683002,B,,ball,Ball,0,6,6,0,0.043,0.0,R,Curveball,77.4,R,L
716367,2023-10-01,2023,8,Top,61,5,2,2,1,BAL,BOS,657136,608344,,,,543510,663624,676059,602104,683002,X,field_out,hit_into_play,Connor Wong grounds out to first baseman Ryan Mountcastle.,0,6,6,0,-0.234,0.0,R,Changeup,82.8,R,L
716367,2023-10-01,2023,8,Top,61,4,1,2,1,BAL,BOS,657136,608344,,,,543510,663624,676059,602104,683002,B,,ball,Ball,0,6,6,0,0.045,0.0,R,Changeup,84.9,R,L
716367,2023-10-01,2023,8,Top,61,3,1,1,1,BAL,BOS,657136,608344,,,,543510,663624,676059,602104,683002,S,,called_strike,Called Strike,0,6,6,0,-0.068,0.0,R,4-Seam Fastball,89.5,R,L
716367,2023-10-01,2023,8,Top,61,2,0,1,1,BAL,BOS,657136,608344,,,,543510,663624,676059,602104,683002,B,,ball,Ball,0,6,6,0,0.03,0.0,R,Changeup,84.6,R,L
716367,2023-10-01,2023,8,Top,61,1,0,0,1,BAL,BOS,657136,608344,,,,543510,663624,676059,602104,683002,S,,foul,Foul,0,6,6,0,-0.041,0.0,R,Sinker,90.1,R,L
716367,2023-10-01,2023,8,Top,60,2,1,0,0,BAL,BOS,665839,608344,,,,543510,663624,676059,602104,683002,X,field_out,hit_into_play,Enmanuel Valdez grounds out to first baseman Ryan Mountcastle.,0,6,6,0,-0.306,0.001,R,Sinker,90.4,L,L
716367,2023-10-01,2023,8,Top,60,1,0,0,0,BAL,BOS,665839,608344,,,,543510,663624,676059,602104,683002,B,,ball,Ball,0,6,6,0,0.04,0.0,R,Sinker,90.5,L,L
716367,2023-10-01,2023,7,Bot,59,5,3,1,2,BAL,BOS,622761,657514,,,,657136,666915,665839,622569,596115,X,field_out,hit_into_play,Jorge Mateo flies out sharply to center fielder Ceddanne Rafaela.,0,6,0,6,-0.43,-0.001,R,Sinker,90.5,R,L
716367,2023-10-01,2023,7,Bot,59,4,3,0,2,BAL,BOS,622761,657514,,,,657136,666915,665839,622569,596115,S,,called_strike,Called Strike,0,6,0,6,-0.057,0.0,R,Sinker,88.7,R,L
716367,2023-10-01,2023,7,Bot,59,3,2,0,2,BAL,BOS,622761,657514,,,,657136,666915,665839,622569,596115,B,,ball,Ball,0,6,0,6,0.113,0.0,R,Sinker,90.2,R,L
716367,2023-10-01,2023,7,Bot,59,2,1,0,2,BAL,BOS,622761,657514,,,,657136,666915,665839,622569,596115,B,,ball,Ball,0,6,0,6,0.056,0.0,R,Sinker,90.2,R,L
716367,2023-10-01,2023,7,Bot,59,1,0,0,2,BAL,BOS,622761,657514,,,,657136,666915,665839,622569,596115,B,,ball,Ball,0,6,0,6,0.043,0.0,R,Curveball,77.3,R,L
716367,2023-10-01,2023,7,Bot,58,3,0,2,1,BAL,BOS,677008,657514,,,,657136,666915,665839,622569,596115,X,field_out,hit_into_play,Heston Kjerstad flies out to center fielder Ceddanne Rafaela.,0,6,0,6,-0.17,-0.004,R,Curveball,78.5,L,L
716367,2023-10-01,2023,7,Bot,58,2,0,1,1,BAL,BOS,677008,657514,,,,657136,666915,665839,622569,596115,S,,called_strike,Called Strike,0,6,0,6,-0.057,0.0,R,Sinker,91.1,L,L
716367,2023-10-01,2023,7,Bot,58,1,0,0,1,BAL,BOS,677008,657514,,,,657136,666915,665839,622569,596115,S,,called_strike,Called Strike,0,6,0,6,-0.041,0.0,R,Sinker,91.7,L,L
716367,2023-10-01,2023,7,Bot,57,6,2,2,0,BAL,BOS,656775,657514,,,,657136,666915,665839,622569,596115,S,strikeout,swinging_strike,Cedric Mullins strikes out swinging.,0,6,0,6,-0.239,-0.005,R,Curveball,78.5,L,L
716367,2023-10-01,2023,7,Bot,57,5,2,2,0,BAL,BOS,656775,657514,,,,657136,666915,665839,622569,596115,S,,foul,Foul,0,6,0,6,0.0,0.0,R,Curveball,76.5,L,L
716367,2023-10-01,2023,7,Bot,57,4,2,1,0,BAL,BOS,656775,657514,,,,657136,666915,665839,622569,596115,S,,foul,Foul,0,6,0,6,-0.074,0.0,R,Sinker,91.6,L,L
716367,2023-10-01,2023,7,Bot,57,3,1,1,0,BAL,BOS,656775,657514,,,,657136,666915,665839,622569,596115,B,,ball,Ball,0,6,0,6,0.059,0.0,R,Curveball,76.0,L,L
716367,2023-10-01,2023,7,Bot,57,2,1,0,0,BAL,BOS,656775,657514,,,,657136,666915,665839,622569,596115,S,,called_strike,Called Strike,0,6,0,6,-0.052,0.0,R,Sinker,90.5,L,L
716367,2023-10-01,2023,7,Bot,57,1,0,0,0,BAL,BOS,656775,657514,,,,657136,666915,665839,622569,596115,B,,ball,Ball,0,6,0,6,0.04,0.0,R,Sinker,90.4,L,L
716367,2023-10-01,2023,7,Top,56,3,0,2,2,BAL,BOS,666915,666974,677800,596115,,543510,663624,676059,683002,622761,S,strikeout,swinging_strike,Bobby Dalbec strikes out swinging.,0,6,6,0,-0.195,0.002,R,4-Seam Fastball,97.0,R,R
716367,2023-10-01,2023,7,Top,56,2,0,1,2,BAL,BOS,666915,666974,677800,596115,,543510,663624,676059,683002,622761,S,,called_strike,Called Strike,0,6,6,0,-0.061,0.0,R,Changeup,89.6,R,R
716367,2023-10-01,2023,7,Top,56,1,0,0,2,BAL,BOS,666915,666974,677800,596115,,543510,663624,676059,683002,622761,S,,called_strike,Called Strike,0,6,6,0,-0.04,0.0,R,Sinker,95.9,R,R
716367,2023-10-01,2023,7,Top,55,5,2,2,2,BAL,BOS,677800,672335,596115,,624512,543510,663624,676059,683002,622761,X,single,hit_into_play,Wilyer Abreu singles on a line drive to left fielder Heston Kjerstad. Reese McGuire scores. Trevor Story to 2nd.,0,5,5,0,0.657,-0.013,R,Sinker,96.2,L,L
716367,2023-10-01,2023,7,Top,55,4,2,1,2,BAL,BOS,677800,672335,596115,,624512,543510,663624,676059,683002,622761,S,,called_strike,Called Strike,0,5,5,0,-0.081,0.0,R,Sinker,94.8,L,L
716367,2023-10-01,2023,7,Top,55,3,2,0,2,BAL,BOS,677800,672335,596115,,624512,543510,663624,676059,683002,622761,S,,called_strike,Called Strike,0,5,5,0,-0.066,0.0,R,Sinker,95.0,L,L
716367,2023-10-01,2023,7,Top,55,2,1,0,2,BAL,BOS,677800,672335,596115,,624512,543510,663624,676059,683002,622761,B,,ball,Ball,0,5,5,0,0.042,0.0,R,Slurve,82.2,L,L
716367,2023-10-01,2023,7,Top,55,1,0,0,2,BAL,BOS,677800,672335,596115,,624512,543510,663624,676059,683002,622761,B,,ball,Ball,0,5,5,0,0.042,0.0,R,Sinker,95.0,L,L
716367,2023-10-01,2023,7,Top,54,3,1,1,2,BAL,BOS,596115,672335,,624512,622569,543510,663624,676059,683002,622761,X,single,hit_into_play,Trevor Story singles on a ground ball to right fielder Anthony Santander. Pablo Reyes scores. Reese McGuire to 3rd.,0,4,4,0,0.768,-0.024,R,Sinker,97.5,R,L
716367,2023-10-01,2023,7,Top,54,2,1,0,2,BAL,BOS,596115,672335,,624512,622569,543510,663624,676059,683002,622761,S,,called_strike,Called Strike,0,4,4,0,-0.053,0.0,R,Sinker,96.8,R,L
716367,2023-10-01,2023,7,Top,54,1,0,0,2,BAL,BOS,596115,672335,,624512,622569,543510,663624,676059,683002,622761,B,,ball,Ball,0,4,4,0,0.018,0.0,R,Sinker,96.5,R,L
716367,2023-10-01,2023,7,Top,53,3,1,1,1,BAL,BOS,678882,672335,,624512,622569,543510,663624,676059,683002,622761,X,field_out,hit_into_play,"Ceddanne Rafaela grounds out, second baseman Jordan Westburg to first baseman Ryan Mountcastle.",0,4,4,0,-0.192,0.017,R,Sinker,97.3,R,L
716367,2023-10-01,2023,7,Top,53,2,1,0,1,BAL,BOS,678882,672335,624512,622569,,543510,663624,676059,683002,622761,S,,swinging_strike,Swinging Strike,0,4,4,0,-0.051,-0.011,R,Sinker,96.3,R,L
716367,2023-10-01,2023,7,Top,53,1,0,0,1,BAL,BOS,678882,672335,624512,622569,,543510,663624,676059,683002,622761,B,,ball,Ball,0,4,4,0,0.042,0.0,R,Sinker,96.7,R,L
716367,2023-10-01,2023,7,Top,52,4,1,2,1,BAL,BOS,624512,672335,622569,608701,665839,543510,663624,676059,683002,622761,X,fielders_choice,hit_into_play,"Reese McGuire reaches on a fielder's choice, fielded by third baseman Gunnar Henderson. Enmanuel Valdez scores. Rob Refsnyder scores. Pablo Reyes to 2nd. Fielding error by third baseman Gunnar Henderson.",0,2,2,0,0.501,-0.071,R,Sinker,97.5,L,L
716367,2023-10-01,2023,7,Top,52,3,0,2,1,BAL,BOS,624512,672335,622569,608701,665839,543510,663624,676059,683002,622761,B,,ball,Ball,0,2,2,0,0.037,0.0,R,Sinker,97.5,L,L
716367,2023-10-01,2023,7,Top,52,2,0,1,1,BAL,BOS,624512,672335,622569,608701,665839,543510,663624,676059,683002,622761,S,,swinging_strike,Swinging Strike,0,2,2,0,-0.081,0.0,R,Sinker,96.3,L,L
716367,2023-10-01,2023,7,Top,52,1,0,0,1,BAL,BOS,624512,672335,622569,608701,665839,543510,663624,676059,683002,622761,S,,called_strike,Called Strike,0,2,2,0,-0.05,0.0,R,Slurve,82.5,L,L
716367,2023-10-01,2023,7,Top,51,4,3,0,1,BAL,BOS,622569,672335,608701,665839,,543510,663624,676059,683002,622761,B,walk,ball,Pablo Reyes walks. Enmanuel Valdez to 3rd. Rob Refsnyder to 2nd.,0,2,2,0,0.139,-0.036,R,Sinker,96.5,R,L
716367,2023-10-01,2023,7,Top,51,3,2,0,1,BAL,BOS,622569,672335,608701,665839,,543510,663624,676059,683002,622761,B,,ball,Ball,0,2,2,0,0.092,0.0,R,4-Seam Fastball,96.9,R,L
716367,2023-10-01,2023,7,Top,51,2,1,0,1,BAL,BOS,622569,672335,608701,665839,,543510,663624,676059,683002,622761,B,,ball,Ball,0,2,2,0,0.067,0.0,R,Sinker,96.3,R,L
716367,2023-10-01,2023,7,Top,51,1,0,0,1,BAL,BOS,622569,672335,608701,665839,,543510,663624,676059,683002,622761,B,,ball,Ball,0,2,2,0,0.042,0.0,R,Sinker,97.2,R,L
716367,2023-10-01,2023,7,Top,50,4,3,0,1,BAL,BOS,608701,672335,665839,,,543510,663624,676059,683002,622761,B,walk,ball,Rob Refsnyder walks. Enmanuel Valdez to 2nd.,0,2,2,0,0.125,-0.021,R,Sinker,97.0,R,L
716367,2023-10-01,2023,7,Top,50,3,2,0,1,BAL,BOS,608701,672335,665839,,,543510,663624,676059,683002,622761,B,,ball,Ball,0,2,2,0,0.11,0.0,R,Sinker,96.5,R,L
716367,2023-10-01,2023,7,Top,50,2,1,0,1,BAL,BOS,608701,672335,665839,,,543510,663624,676059,683002,622761,B,,ball,Ball,0,2,2,0,0.054,0.0,R,Sinker,96.0,R,L
716367,2023-10-01,2023,7,Top,50,1,0,0,1,BAL,BOS,608701,672335,665839,,,543510,663624,676059,683002,622761,B,,blocked_ball,Ball In Dirt,0,2,2,0,0.036,0.0,R,Slurve,82.9,R,L
716367,2023-10-01,2023,7,Top,49,3,0,2,0,BAL,BOS,657136,672335,665839,,,543510,663624,676059,683002,622761,S,strikeout,swinging_strike,Connor Wong strikes out swinging.,0,2,2,0,-0.156,0.021,R,Slurve,84.4,R,L
716367,2023-10-01,2023,7,Top,49,2,0,1,0,BAL,BOS,657136,672335,665839,,,543510,663624,676059,683002,622761,S,,called_strike,Called Strike,0,2,2,0,-0.043,0.0,R,Sinker,96.8,R,L
716367,2023-10-01,2023,7,Top,49,1,0,0,0,BAL,BOS,657136,672335,665839,,,543510,663624,676059,683002,622761,S,,called_strike,Called Strike,0,2,2,0,-0.036,0.0,R,Sinker,95.5,R,L
716367,2023-10-01,2023,7,Top,48,4,3,0,0,BAL,BOS,665839,672335,,,,543510,663624,676059,683002,622761,B,walk,ball,Enmanuel Valdez walks.,0,2,2,0,0.173,-0.023,R,Sinker,95.0,L,L
716367,2023-10-01,2023,7,Top,48,3,2,0,0,BAL,BOS,665839,672335,,,,543510,663624,676059,683002,622761,B,,ball,Ball,0,2,2,0,0.151,0.0,R,Sinker,93.2,L,L
716367,2023-10-01,2023,7,Top,48,2,1,0,0,BAL,BOS,665839,672335,,,,543510,663624,676059,683002,622761,B,,ball,Ball,0,2,2,0,0.071,0.0,R,Slurve,81.0,L,L
716367,2023-10-01,2023,7,Top,48,1,0,0,0,BAL,BOS,665839,672335,,,,543510,663624,676059,683002,622761,B,,ball,Ball,0,2,2,0,0.04,0.0,R,Slurve,80.7,L,L
716367,2023-10-01,2023,6,Bot,47,6,2,2,2,BAL,BOS,663624,656557,623993,,683002,657136,666915,665839,622569,596115,X,field_out,hit_into_play,Ryan Mountcastle lines out to right fielder Alex Verdugo.,0,2,0,2,-0.245,-0.072,R,Slider,83.7,R,R
716367,2023-10-01,2023,6,Bot,47,5,1,2,2,BAL,BOS,663624,656557,623993,,683002,657136,666915,665839,622569,596115,B,,ball,Ball,0,2,0,2,0.023,0.0,R,4-Seam Fastball,94.4,R,R
716367,2023-10-01,2023,6,Bot,47,4,1,2,2,BAL,BOS,663624,656557,623993,,683002,657136,666915,665839,622569,596115,S,,foul,Foul,0,2,0,2,0.0,0.0,R,Slider,84.5,R,R
716367,2023-10-01,2023,6,Bot,47,3,1,1,2,BAL,BOS,663624,656557,623993,,683002,657136,666915,665839,622569,596115,S,,swinging_strike,Swinging Strike,0,2,0,2,-0.074,0.0,R,Slider,83.3,R,R
716367,2023-10-01,2023,6,Bot,47,2,0,1,2,BAL,BOS,663624,656557,623993,,683002,657136,666915,665839,622569,596115,B,,blocked_ball,Ball In Dirt,0,2,0,2,0.039,0.0,R,Slider,83.5,R,R
716367,2023-10-01,2023,6,Bot,47,1,0,0,2,BAL,BOS,663624,656557,623993,,683002,657136,666915,665839,622569,596115,S,,called_strike,Called Strike,0,2,0,2,-0.052,0.0,R,Sinker,91.6,R,R
716367,2023-10-01,2023,6,Bot,46,2,1,0,2,BAL,BOS,623993,656557,683002,,,657136,666915,665839,622569,596115,X,single,hit_into_play,Anthony Santander singles on a ground ball to center fielder Ceddanne Rafaela. Gunnar Henderson to 3rd.,0,2,0,2,0.338,0.038,R,Sinker,91.0,L,R
716367,2023-10-01,2023,6,Bot,46,1,0,0,2,BAL,BOS,623993,656557,683002,,,657136,666915,665839,622569,596115,B,,blocked_ball,Ball In Dirt,0,2,0,2,0.03,0.0,R,Split-Finger,88.1,L,R
716367,2023-10-01,2023,6,Bot,45,6,1,2,1,BAL,BOS,668939,656557,683002,,,657136,666915,665839,622569,596115,S,strikeout,swinging_strike,Adley Rutschman strikes out swinging.,0,2,0,2,-0.183,-0.044,R,Slider,84.0,L,R
716367,2023-10-01,2023,6,Bot,45,5,1,2,1,BAL,BOS,668939,656557,683002,,,657136,666915,665839,622569,596115,S,,foul,Foul,0,2,0,2,0.0,0.0,R,Split-Finger,88.4,L,R
716367,2023-10-01,2023,6,Bot,45,4,1,2,1,BAL,BOS,668939,656557,683002,,,657136,666915,665839,622569,596115,S,,foul,Foul,0,2,0,2,0.0,0.0,R,Slider,84.1,L,R
716367,2023-10-01,2023,6,Bot,45,3,1,1,1,BAL,BOS,668939,656557,683002,,,657136,666915,665839,622569,596115,S,,swinging_strike,Swinging Strike,0,2,0,2,-0.055,0.0,R,Split-Finger,88.7,L,R
716367,2023-10-01,2023,6,Bot,45,2,0,1,1,BAL,BOS,668939,656557,683002,,,657136,666915,665839,622569,596115,B,,ball,Ball,0,2,0,2,0.025,0.0,R,Slider,83.2,L,R
716367,2023-10-01,2023,6,Bot,45,1,0,0,1,BAL,BOS,668939,656557,683002,,,657136,666915,665839,622569,596115,S,,called_strike,Called Strike,0,2,0,2,-0.042,0.0,R,Slider,84.2,L,R
716367,2023-10-01,2023,6,Bot,44,6,3,2,1,BAL,BOS,683002,656557,,,,657136,666915,665839,622569,596115,B,walk,ball,Gunnar Henderson walks.,0,2,0,2,0.36,0.041,R,Slider,83.0,L,R
716367,2023-10-01,2023,6,Bot,44,5,2,2,1,BAL,BOS,683002,656557,,,,657136,666915,665839,622569,596115,B,,ball,Ball,0,2,0,2,0.094,0.0,R,Slider,83.4,L,R
716367,2023-10-01,2023,6,Bot,44,4,2,1,1,BAL,BOS,683002,656557,,,,657136,666915,665839,622569,596115,S,,foul_tip,Foul Tip,0,2,0,2,-0.076,0.0,R,Sinker,91.7,L,R
716367,2023-10-01,2023,6,Bot,44,3,1,1,1,BAL,BOS,683002,656557,,,,657136,666915,665839,622569,596115,B,,ball,Ball,0,2,0,2,0.054,0.0,R,Split-Finger,87.6,L,R
716367,2023-10-01,2023,6,Bot,44,2,1,0,1,BAL,BOS,683002,656557,,,,657136,666915,665839,622569,596115,S,,swinging_strike,Swinging Strike,0,2,0,2,-0.05,0.0,R,Sinker,91.3,L,R
716367,2023-10-01,2023,6,Bot,44,1,0,0,1,BAL,BOS,683002,656557,,,,657136,666915,665839,622569,596115,B,,ball,Ball,0,2,0,2,0.039,0.0,R,Split-Finger,87.3,L,R
716367,2023-10-01,2023,6,Bot,43,2,1,0,0,BAL,BOS,543510,656557,,,,657136,666915,665839,622569,596115,X,field_out,hit_into_play,James McCann pops out to first baseman Bobby Dalbec in foul territory.,0,2,0,2,-0.306,-0.035,R,Slider,83.3,R,R
716367,2023-10-01,2023,6,Bot,43,1,0,0,0,BAL,BOS,543510,656557,,,,657136,666915,665839,622569,596115,B,,ball,Ball,0,2,0,2,0.04,0.0,R,Slider,83.5,R,R
716367,2023-10-01,2023,6,Top,42,3,0,2,2,BAL,BOS,666915,669084,,678882,,543510,656811,676059,683002,622761,S,strikeout,swinging_strike,Bobby Dalbec strikes out swinging.,0,2,2,0,-0.185,0.027,R,4-Seam Fastball,96.9,R,L
716367,2023-10-01,2023,6,Top,42,2,0,1,2,BAL,BOS,666915,669084,,678882,,543510,656811,676059,683002,622761,S,,foul,Foul,0,2,2,0,-0.061,0.0,R,4-Seam Fastball,98.3,R,L
716367,2023-10-01,2023,6,Top,42,1,0,0,2,BAL,BOS,666915,669084,,678882,,543510,656811,676059,683002,622761,S,,called_strike,Called Strike,0,2,2,0,-0.046,0.0,R,4-Seam Fastball,96.4,R,L
716367,2023-10-01,2023,6,Top,41,5,2,2,1,BAL,BOS,677800,669084,678882,,,543510,656811,676059,683002,622761,S,strikeout,swinging_strike,Wilyer Abreu strikes out swinging. Ceddanne Rafaela steals (3) 2nd base.,0,2,2,0,-0.23,0.011,R,4-Seam Fastball,98.4,L,L
716367,2023-10-01,2023,6,Top,41,4,2,1,1,BAL,BOS,677800,669084,678882,,,543510,656811,676059,683002,622761,S,,foul,Foul,0,2,2,0,-0.054,0.0,R,4-Seam Fastball,96.5,L,L
716367,2023-10-01,2023,6,Top,41,3,1,1,1,BAL,BOS,677800,669084,678882,,,543510,656811,676059,683002,622761,B,,blocked_ball,Ball In Dirt,0,2,2,0,0.046,0.0,R,Slider,89.0,L,L
716367,2023-10-01,2023,6,Top,41,2,1,0,1,BAL,BOS,677800,669084,678882,,,543510,656811,676059,683002,622761,S,,swinging_strike,Swinging Strike,0,2,2,0,-0.053,0.0,R,Slider,88.6,L,L
716367,2023-10-01,2023,6,Top,41,1,0,0,1,BAL,BOS,677800,669084,678882,,,543510,656811,676059,683002,622761,B,,ball,Ball,0,2,2,0,0.036,0.0,R,Slider,89.4,L,L
716367,2023-10-01,2023,6,Top,40,4,1,2,0,BAL,BOS,596115,669084,678882,,,543510,656811,676059,683002,622761,S,strikeout,swinging_strike,Trevor Story strikes out swinging.,0,2,2,0,-0.165,0.023,R,4-Seam Fastball,97.1,R,L
716367,2023-10-01,2023,6,Top,40,3,0,2,0,BAL,BOS,596115,669084,678882,,,543510,656811,676059,683002,622761,B,,ball,Ball,0,2,2,0,0.008,0.0,R,4-Seam Fastball,96.5,R,L
716367,2023-10-01,2023,6,Top,40,2,0,1,0,BAL,BOS,596115,669084,678882,,,543510,656811,676059,683002,622761,S,,foul,Foul,0,2,2,0,-0.043,0.0,R,4-Seam Fastball,95.9,R,L
716367,2023-10-01,2023,6,Top,40,1,0,0,0,BAL,BOS,596115,669084,678882,,,543510,656811,676059,683002,622761,S,,called_strike,Called Strike,0,2,2,0,-0.036,0.0,R,4-Seam Fastball,95.9,R,L
716367,2023-10-01,2023,6,Top,39,3,1,1,0,BAL,BOS,807799,669084,,,,543510,656811,676059,683002,622761,X,single,hit_into_play,Masataka Yoshida singles on a line drive to left fielder Heston Kjerstad.,0,2,2,0,0.443,-0.024,R,4-Seam Fastball,96.4,L,L
716367,2023-10-01,2023,6,Top,39,2,0,1,0,BAL,BOS,807799,669084,,,,543510,656811,676059,683002,622761,B,,ball,Ball,0,2,2,0,0.031,0.0,R,4-Seam Fastball,95.1,L,L
716367,2023-10-01,2023,6,Top,39,1,0,0,0,BAL,BOS,807799,669084,,,,543510,656811,676059,683002,622761,S,,foul,Foul,0,2,2,0,-0.042,0.0,R,4-Seam Fastball,96.1,L,L
716367,2023-10-01,2023,5,Bot,38,4,0,2,2,BAL,BOS,676059,656557,,,,657136,666915,665839,622569,596115,S,strikeout,swinging_strike,Jordan Westburg strikes out swinging.,0,2,0,2,-0.169,-0.014,R,4-Seam Fastball,95.4,R,R
716367,2023-10-01,2023,5,Bot,38,3,0,2,2,BAL,BOS,676059,656557,,,,657136,666915,665839,622569,596115,S,,foul,Foul,0,2,0,2,0.0,0.0,R,Slider,82.9,R,R
716367,2023-10-01,2023,5,Bot,38,2,0,1,2,BAL,BOS,676059,656557,,,,657136,666915,665839,622569,596115,S,,foul,Foul,0,2,0,2,-0.061,0.0,R,Slider,83.2,R,R
716367,2023-10-01,2023,5,Bot,38,1,0,0,2,BAL,BOS,676059,656557,,,,657136,666915,665839,622569,596115,S,,foul,Foul,0,2,0,2,-0.045,0.0,R,Slider,83.1,R,R
716367,2023-10-01,2023,5,Bot,37,5,1,2,1,BAL,BOS,624428,656557,,,,657136,666915,665839,622569,596115,S,strikeout,swinging_strike,Adam Frazier strikes out swinging.,0,2,0,2,-0.189,-0.021,R,Slider,83.5,L,R
716367,2023-10-01,2023,5,Bot,37,4,1,2,1,BAL,BOS,624428,656557,,,,657136,666915,665839,622569,596115,S,,foul,Foul,0,2,0,2,0.0,0.0,R,Slider,82.2,L,R
716367,2023-10-01,2023,5,Bot,37,3,1,1,1,BAL,BOS,624428,656557,,,,657136,666915,665839,622569,596115,S,,foul,Foul,0,2,0,2,-0.068,0.0,R,4-Seam Fastball,93.5,L,R
716367,2023-10-01,2023,5,Bot,37,2,0,1,1,BAL,BOS,624428,656557,,,,657136,666915,665839,622569,596115,B,,ball,Ball,0,2,0,2,0.03,0.0,R,Split-Finger,87.7,L,R
716367,2023-10-01,2023,5,Bot,37,1,0,0,1,BAL,BOS,624428,656557,,,,657136,666915,665839,622569,596115,S,,swinging_strike,Swinging Strike,0,2,0,2,-0.041,0.0,R,Slider,83.0,L,R
716367,2023-10-01,2023,5,Bot,36,4,2,1,0,BAL,BOS,677008,656557,,,,657136,666915,665839,622569,596115,X,field_out,hit_into_play,"Heston Kjerstad grounds out, second baseman Enmanuel Valdez to first baseman Bobby Dalbec.",0,2,0,2,-0.313,-0.031,R,Slider,83.4,L,R
716367,2023-10-01,2023,5,Bot,36,3,1,1,0,BAL,BOS,677008,656557,,,,657136,666915,665839,622569,596115,B,,ball,Ball,0,2,0,2,0.059,0.0,R,Split-Finger,87.3,L,R
716367,2023-10-01,2023,5,Bot,36,2,0,1,0,BAL,BOS,677008,656557,,,,657136,666915,665839,622569,596115,B,,ball,Ball,0,2,0,2,0.031,0.0,R,Slider,82.3,L,R
716367,2023-10-01,2023,5,Bot,36,1,0,0,0,BAL,BOS,677008,656557,,,,657136,666915,665839,622569,596115,S,,swinging_strike,Swinging Strike,0,2,0,2,-0.042,0.0,R,Slider,82.2,L,R
716367,2023-10-01,2023,5,Top,35,4,1,2,2,BAL,BOS,457759,660261,,622569,,543510,656811,624428,676059,683002,X,field_out,hit_into_play,"Justin Turner grounds out, third baseman Jordan Westburg to first baseman Ryan O'Hearn.",0,2,2,0,-0.204,0.027,R,Split-Finger,92.5,R,R
716367,2023-10-01,2023,5,Top,35,3,1,1,2,BAL,BOS,457759,660261,,622569,,543510,656811,624428,676059,683002,S,,foul,Foul,0,2,2,0,-0.064,0.0,R,4-Seam Fastball,98.0,R,R
716367,2023-10-01,2023,5,Top,35,2,0,1,2,BAL,BOS,457759,660261,622569,,,543510,656811,624428,676059,683002,B,,ball,Ball,0,2,2,0,0.025,-0.009,R,Cutter,88.4,R,R
716367,2023-10-01,2023,5,Top,35,1,0,0,2,BAL,BOS,457759,660261,622569,,,543510,656811,624428,676059,683002,S,,foul,Foul,0,2,2,0,-0.045,0.0,R,4-Seam Fastball,95.8,R,R
716367,2023-10-01,2023,5,Top,34,6,3,2,2,BAL,BOS,622569,660261,,,,543510,656811,624428,676059,683002,B,walk,ball,Pablo Reyes walks.,0,2,2,0,0.286,-0.01,R,4-Seam Fastball,96.6,R,R
716367,2023-10-01,2023,5,Top,34,5,2,2,2,BAL,BOS,622569,660261,,,,543510,656811,624428,676059,683002,B,,ball,Ball,0,2,2,0,0.104,0.0,R,4-Seam Fastball,96.2,R,R
716367,2023-10-01,2023,5,Top,34,4,2,1,2,BAL,BOS,622569,660261,,,,543510,656811,624428,676059,683002,S,,called_strike,Called Strike,0,2,2,0,-0.081,0.0,R,4-Seam Fastball,97.0,R,R
716367,2023-10-01,2023,5,Top,34,3,1,1,2,BAL,BOS,622569,660261,,,,543510,656811,624428,676059,683002,B,,ball,Ball,0,2,2,0,0.053,0.0,R,Cutter,83.6,R,R
716367,2023-10-01,2023,5,Top,34,2,0,1,2,BAL,BOS,622569,660261,,,,543510,656811,624428,676059,683002,B,,ball,Ball,0,2,2,0,0.031,0.0,R,Sweeper,83.0,R,R
716367,2023-10-01,2023,5,Top,34,1,0,0,2,BAL,BOS,622569,660261,,,,543510,656811,624428,676059,683002,S,,called_strike,Called Strike,0,2,2,0,-0.045,0.0,R,4-Seam Fastball,97.3,R,R
716367,2023-10-01,2023,5,Top,33,2,0,1,1,BAL,BOS,657077,660261,,,,543510,656811,624428,676059,683002,X,field_out,hit_into_play,Alex Verdugo pops out to shortstop Gunnar Henderson.,0,2,2,0,-0.227,0.013,R,4-Seam Fastball,96.9,L,R
716367,2023-10-01,2023,5,Top,33,1,0,0,1,BAL,BOS,657077,660261,,,,543510,656811,624428,676059,683002,S,,called_strike,Called Strike,0,2,2,0,-0.041,0.0,R,4-Seam Fastball,98.7,L,R
716367,2023-10-01,2023,5,Top,32,1,0,0,0,BAL,BOS,657136,660261,,,,543510,656811,624428,676059,683002,X,field_out,hit_into_play,"Connor Wong grounds out, shortstop Gunnar Henderson to first baseman Ryan O'Hearn.",0,2,2,0,-0.265,0.017,R,4-Seam Fastball,97.1,R,R
716367,2023-10-01,2023,4,Bot,31,3,0,2,2,BAL,BOS,656775,656557,,,,657136,666915,665839,622569,596115,S,strikeout,swinging_strike,Cedric Mullins strikes out swinging.,0,2,0,2,-0.169,-0.013,R,Slider,83.6,L,R
716367,2023-10-01,2023,4,Bot,31,2,0,1,2,BAL,BOS,656775,656557,,,,657136,666915,665839,622569,596115,S,,swinging_strike,Swinging Strike,0,2,0,2,-0.061,0.0,R,Split-Finger,88.3,L,R
716367,2023-10-01,2023,4,Bot,31,1,0,0,2,BAL,BOS,656775,656557,,,,657136,666915,665839,622569,596115,S,,swinging_strike,Swinging Strike,0,2,0,2,-0.045,0.0,R,Slider,83.5,L,R
716367,2023-10-01,2023,4,Bot,30,5,2,2,1,BAL,BOS,656811,656557,,,,657136,666915,665839,622569,596115,S,strikeout,swinging_strike,Ryan O'Hearn strikes out swinging.,0,2,0,2,-0.234,-0.019,R,Slider,82.6,L,R
716367,2023-10-01,2023,4,Bot,30,4,2,1,1,BAL,BOS,656811,656557,,,,657136,666915,665839,622569,596115,S,,foul,Foul,0,2,0,2,-0.076,0.0,R,4-Seam Fastball,94.1,L,R
716367,2023-10-01,2023,4,Bot,30,3,1,1,1,BAL,BOS,656811,656557,,,,657136,666915,665839,622569,596115,B,,ball,Ball,0,2,0,2,0.054,0.0,R,Slider,83.1,L,R
716367,2023-10-01,2023,4,Bot,30,2,0,1,1,BAL,BOS,656811,656557,,,,657136,666915,665839,622569,596115,B,,ball,Ball,0,2,0,2,0.03,0.0,R,Slider,83.5,L,R
716367,2023-10-01,2023,4,Bot,30,1,0,0,1,BAL,BOS,656811,656557,,,,657136,666915,665839,622569,596115,S,,called_strike,Called Strike,0,2,0,2,-0.041,0.0,R,4-Seam Fastball,93.6,L,R
716367,2023-10-01,2023,4,Bot,29,3,1,1,0,BAL,BOS,623993,656557,,,,657136,666915,665839,622569,596115,X,field_out,hit_into_play,"Anthony Santander grounds out, second baseman Enmanuel Valdez to first baseman Bobby Dalbec.",0,2,0,2,-0.254,-0.029,R,Split-Finger,87.5,L,R
716367,2023-10-01,2023,4,Bot,29,2,0,1,0,BAL,BOS,623993,656557,,,,657136,666915,665839,622569,596115,B,,ball,Ball,0,2,0,2,0.031,0.0,R,Split-Finger,87.3,L,R
716367,2023-10-01,2023,4,Bot,29,1,0,0,0,BAL,BOS,623993,656557,,,,657136,666915,665839,622569,596115,S,,foul,Foul,0,2,0,2,-0.042,0.0,R,Slider,84.2,L,R
716367,2023-10-01,2023,4,Top,28,9,3,2,2,BAL,BOS,665839,669330,,677800,,543510,656811,624428,676059,683002,S,strikeout,swinging_strike,Enmanuel Valdez strikes out swinging.,0,2,2,0,-0.27,0.028,R,Slider,83.4,L,R
716367,2023-10-01,2023,4,Top,28,8,3,2,2,BAL,BOS,665839,669330,,677800,,543510,656811,624428,676059,683002,S,,foul,Foul,0,2,2,0,0.0,0.0,R,Changeup,86.7,L,R
716367,2023-10-01,2023,4,Top,28,7,3,2,2,BAL,BOS,665839,669330,,677800,,543510,656811,624428,676059,683002,S,,foul,Foul,0,2,2,0,0.0,0.0,R,4-Seam Fastball,94.2,L,R
716367,2023-10-01,2023,4,Top,28,6,3,2,2,BAL,BOS,665839,669330,,677800,,543510,656811,624428,676059,683002,S,,foul,Foul,0,2,2,0,0.0,0.0,R,Cutter,89.8,L,R
716367,2023-10-01,2023,4,Top,28,5,3,1,2,BAL,BOS,665839,669330,,677800,,543510,656811,624428,676059,683002,S,,swinging_strike,Swinging Strike,0,2,2,0,-0.087,0.0,R,4-Seam Fastball,93.6,L,R
716367,2023-10-01,2023,4,Top,28,4,2,1,2,BAL,BOS,665839,669330,,677800,,543510,656811,624428,676059,683002,B,,ball,Ball,0,2,2,0,0.069,0.0,R,4-Seam Fastball,93.5,L,R
716367,2023-10-01,2023,4,Top,28,3,1,1,2,BAL,BOS,665839,669330,,677800,,543510,656811,624428,676059,683002,B,,ball,Ball,0,2,2,0,0.021,0.0,R,Cutter,89.4,L,R
716367,2023-10-01,2023,4,Top,28,2,1,0,2,BAL,BOS,665839,669330,,677800,,543510,656811,624428,676059,683002,S,,foul,Foul,0,2,2,0,-0.046,0.0,R,4-Seam Fastball,94.0,L,R
716367,2023-10-01,2023,4,Top,28,1,0,0,2,BAL,BOS,665839,669330,,677800,,543510,656811,624428,676059,683002,B,,ball,Ball,0,2,2,0,0.02,0.0,R,Cutter,89.7,L,R
716367,2023-10-01,2023,4,Top,27,8,2,2,1,BAL,BOS,666915,669330,,677800,,543510,656811,624428,676059,683002,S,strikeout,swinging_strike,Bobby Dalbec strikes out swinging.,0,2,2,0,-0.245,0.026,R,Slider,85.3,R,R
716367,2023-10-01,2023,4,Top,27,7,1,2,1,BAL,BOS,666915,669330,677800,,,543510,656811,624428,676059,683002,B,,ball,Ball,0,2,2,0,0.047,-0.014,R,Slider,85.5,R,R
716367,2023-10-01,2023,4,Top,27,6,1,2,1,BAL,BOS,666915,669330,677800,,,543510,656811,624428,676059,683002,S,,foul,Foul,0,2,2,0,0.0,0.0,R,Slider,82.8,R,R
716367,2023-10-01,2023,4,Top,27,5,1,2,1,BAL,BOS,666915,669330,677800,,,543510,656811,624428,676059,683002,S,,foul,Foul,0,2,2,0,0.0,0.0,R,4-Seam Fastball,95.8,R,R
716367,2023-10-01,2023,4,Top,27,4,1,2,1,BAL,BOS,666915,669330,677800,,,543510,656811,624428,676059,683002,S,,foul,Foul,0,2,2,0,0.0,0.0,R,4-Seam Fastball,95.0,R,R
716367,2023-10-01,2023,4,Top,27,3,1,1,1,BAL,BOS,666915,669330,677800,,,543510,656811,624428,676059,683002,S,,swinging_strike,Swinging Strike,0,2,2,0,-0.055,0.0,R,Slider,84.4,R,R
716367,2023-10-01,2023,4,Top,27,2,0,1,1,BAL,BOS,666915,669330,677800,,,543510,656811,624428,676059,683002,B,,ball,Ball,0,2,2,0,0.025,0.0,R,Slider,85.7,R,R
716367,2023-10-01,2023,4,Top,27,1,0,0,1,BAL,BOS,666915,669330,677800,,,543510,656811,624428,676059,683002,S,,foul,Foul,0,2,2,0,-0.042,0.0,R,4-Seam Fastball,93.8,R,R
716367,2023-10-01,2023,4,Top,26,5,3,1,1,BAL,BOS,677800,669330,,,,543510,656811,624428,676059,683002,B,walk,ball,Wilyer Abreu walks.,0,2,2,0,0.255,-0.019,R,4-Seam Fastball,92.5,L,R
716367,2023-10-01,2023,4,Top,26,4,2,1,1,BAL,BOS,677800,669330,,,,543510,656811,624428,676059,683002,B,,ball,Ball,0,2,2,0,0.122,0.0,R,4-Seam Fastball,93.1,L,R
716367,2023-10-01,2023,4,Top,26,3,1,1,1,BAL,BOS,677800,669330,,,,543510,656811,624428,676059,683002,B,,ball,Ball,0,2,2,0,0.054,0.0,R,Changeup,87.1,L,R
716367,2023-10-01,2023,4,Top,26,2,0,1,1,BAL,BOS,677800,669330,,,,543510,656811,624428,676059,683002,B,,ball,Ball,0,2,2,0,0.03,0.0,R,Changeup,88.0,L,R
716367,2023-10-01,2023,4,Top,26,1,0,0,1,BAL,BOS,677800,669330,,,,543510,656811,624428,676059,683002,S,,called_strike,Called Strike,0,2,2,0,-0.041,0.0,R,Cutter,89.1,L,R
716367,2023-10-01,2023,4,Top,25,3,0,2,0,BAL,BOS,596115,669330,,,,543510,656811,624428,676059,683002,S,strikeout,foul_tip,Trevor Story strikes out on a foul tip.,0,2,2,0,-0.169,0.017,R,4-Seam Fastball,95.1,R,R
716367,2023-10-01,2023,4,Top,25,2,0,1,0,BAL,BOS,596115,669330,,,,543510,656811,624428,676059,683002,S,,called_strike,Called Strike,0,2,2,0,-0.054,0.0,R,4-Seam Fastball,94.7,R,R
716367,2023-10-01,2023,4,Top,25,1,0,0,0,BAL,BOS,596115,669330,,,,543510,656811,624428,676059,683002,S,,foul,Foul,0,2,2,0,-0.042,0.0,R,4-Seam Fastball,93.5,R,R
716367,2023-10-01,2023,3,Bot,24,2,1,0,2,BAL,BOS,668939,656557,,,,657136,666915,665839,646240,596115,X,field_out,hit_into_play,Adley Rutschman grounds out to first baseman Bobby Dalbec.,0,2,0,2,-0.317,-0.011,R,Sinker,93.3,L,R
716367,2023-10-01,2023,3,Bot,24,1,0,0,2,BAL,BOS,668939,656557,,,,657136,666915,665839,646240,596115,B,,ball,Ball,0,2,0,2,0.043,0.0,R,4-Seam Fastball,93.9,L,R
716367,2023-10-01,2023,3,Bot,23,2,0,1,1,BAL,BOS,683002,656557,,,,657136,666915,665839,646240,596115,X,field_out,hit_into_play,"Gunnar Henderson grounds out, shortstop Trevor Story to first baseman Bobby Dalbec.",0,2,0,2,-0.227,-0.018,R,Sinker,93.4,L,R
716367,2023-10-01,2023,3,Bot,23,1,0,0,1,BAL,BOS,683002,656557,,,,657136,666915,665839,646240,596115,S,,called_strike,Called Strike,0,2,0,2,-0.041,0.0,R,Slider,84.2,L,R
716367,2023-10-01,2023,3,Bot,22,4,2,1,0,BAL,BOS,543510,656557,,,,657136,666915,665839,646240,596115,X,field_out,hit_into_play,"James McCann grounds out, third baseman Rafael Devers to first baseman Bobby Dalbec.",0,2,0,2,-0.313,-0.026,R,Slider,84.0,R,R
716367,2023-10-01,2023,3,Bot,22,3,2,0,0,BAL,BOS,543510,656557,,,,657136,666915,665839,646240,596115,S,,foul,Foul,0,2,0,2,-0.065,0.0,R,4-Seam Fastball,95.0,R,R
716367,2023-10-01,2023,3,Bot,22,2,1,0,0,BAL,BOS,543510,656557,,,,657136,666915,665839,646240,596115,B,,ball,Ball,0,2,0,2,0.071,0.0,R,Slider,84.6,R,R
716367,2023-10-01,2023,3,Bot,22,1,0,0,0,BAL,BOS,543510,656557,,,,657136,666915,665839,646240,596115,B,,ball,Ball,0,2,0,2,0.04,0.0,R,Sinker,93.2,R,R
716367,2023-10-01,2023,3,Top,21,4,2,1,2,BAL,BOS,807799,543056,,646240,,543510,656811,624428,676059,683002,X,field_out,hit_into_play,Masataka Yoshida flies out to center fielder Cedric Mullins.,0,2,2,0,-0.29,0.027,R,Cutter,85.2,L,L
716367,2023-10-01,2023,3,Top,21,3,1,1,2,BAL,BOS,807799,543056,,646240,,543510,656811,624428,676059,683002,B,,ball,Ball,0,2,2,0,0.021,0.0,R,Sinker,89.8,L,L
716367,2023-10-01,2023,3,Top,21,2,1,0,2,BAL,BOS,807799,543056,,646240,,543510,656811,624428,676059,683002,S,,foul,Foul,0,2,2,0,-0.046,0.0,R,Cutter,83.3,L,L
716367,2023-10-01,2023,3,Top,21,1,0,0,2,BAL,BOS,807799,543056,,646240,,543510,656811,624428,676059,683002,B,,ball,Ball,0,2,2,0,0.02,0.0,R,Sinker,92.2,L,L
716367,2023-10-01,2023,3,Top,20,7,3,2,1,BAL,BOS,457759,543056,,646240,,543510,656811,624428,676059,683002,S,strikeout,swinging_strike,Justin Turner strikes out swinging.,0,2,2,0,-0.336,0.026,R,Cutter,85.9,R,L
716367,2023-10-01,2023,3,Top,20,6,3,2,1,BAL,BOS,457759,543056,,646240,,543510,656811,624428,676059,683002,S,,foul,Foul,0,2,2,0,0.0,0.0,R,Cutter,86.2,R,L
716367,2023-10-01,2023,3,Top,20,5,2,2,1,BAL,BOS,457759,543056,,646240,,543510,656811,624428,676059,683002,B,,ball,Ball,0,2,2,0,0.09,0.0,R,Sinker,91.8,R,L
716367,2023-10-01,2023,3,Top,20,4,1,2,1,BAL,BOS,457759,543056,,646240,,543510,656811,624428,676059,683002,B,,blocked_ball,Ball In Dirt,0,2,2,0,0.04,0.0,R,Knuckle Curve,81.2,R,L
716367,2023-10-01,2023,3,Top,20,3,0,2,1,BAL,BOS,457759,543056,,646240,,543510,656811,624428,676059,683002,B,,ball,Ball,0,2,2,0,0.015,0.0,R,Knuckle Curve,79.4,R,L
716367,2023-10-01,2023,3,Top,20,2,0,1,1,BAL,BOS,457759,543056,,646240,,543510,656811,624428,676059,683002,S,,foul,Foul,0,2,2,0,-0.069,0.0,R,Cutter,87.1,R,L
716367,2023-10-01,2023,3,Top,20,1,0,0,1,BAL,BOS,457759,543056,646240,,,543510,656811,624428,676059,683002,S,,called_strike,Called Strike,0,2,2,0,-0.042,-0.014,R,Sinker,92.1,R,L
716367,2023-10-01,2023,3,Top,19,3,2,0,1,BAL,BOS,646240,543056,,,657077,543510,656811,624428,676059,683002,X,field_error,hit_into_play,Rafael Devers reaches on a fielding error by shortstop Gunnar Henderson. Alex Verdugo scores.,0,1,1,0,0.385,-0.054,R,Cutter,87.1,L,L
716367,2023-10-01,2023,3,Top,19,2,1,0,1,BAL,BOS,646240,543056,657077,665839,,543510,656811,624428,676059,683002,B,,ball,Ball,0,0,0,0,0.067,-0.125,R,Cutter,85.0,L,L
716367,2023-10-01,2023,3,Top,19,1,0,0,1,BAL,BOS,646240,543056,657077,665839,,543510,656811,624428,676059,683002,B,,ball,Ball,0,0,0,0,0.042,0.0,R,Cutter,87.1,L,L
716367,2023-10-01,2023,3,Top,18,1,0,0,1,BAL,BOS,657077,543056,665839,,,543510,656811,624428,676059,683002,X,single,hit_into_play,Alex Verdugo singles on a line drive to right fielder Anthony Santander. Enmanuel Valdez to 2nd.,0,0,0,0,0.415,-0.04,R,Cutter,85.6,L,L
716367,2023-10-01,2023,3,Top,17,4,1,2,0,BAL,BOS,657136,543056,665839,,,543510,656811,624428,676059,683002,S,strikeout,swinging_strike_blocked,Connor Wong strikes out swinging.,0,0,0,0,-0.165,0.037,R,Knuckle Curve,80.0,R,L
716367,2023-10-01,2023,3,Top,17,3,1,1,0,BAL,BOS,657136,543056,665839,,,543510,656811,624428,676059,683002,S,,called_strike,Called Strike,0,0,0,0,-0.059,0.0,R,Sinker,92.5,R,L
716367,2023-10-01,2023,3,Top,17,2,0,1,0,BAL,BOS,657136,543056,665839,,,543510,656811,624428,676059,683002,B,,ball,Ball,0,0,0,0,0.024,0.0,R,Sinker,90.8,R,L
716367,2023-10-01,2023,3,Top,17,1,0,0,0,BAL,BOS,657136,543056,665839,,,543510,656811,624428,676059,683002,S,,swinging_strike,Swinging Strike,0,0,0,0,-0.036,0.0,R,Cutter,85.6,R,L
716367,2023-10-01,2023,3,Top,16,4,1,2,0,BAL,BOS,665839,543056,,,,543510,656811,624428,676059,683002,X,single,hit_into_play,Enmanuel Valdez singles on a ground ball to first baseman Ryan O'Hearn.,0,0,0,0,0.504,-0.04,R,Knuckle Curve,79.6,L,L
716367,2023-10-01,2023,3,Top,16,3,1,1,0,BAL,BOS,665839,543056,,,,543510,656811,624428,676059,683002,S,,swinging_strike,Swinging Strike,0,0,0,0,-0.061,0.0,R,Sinker,90.5,L,L
716367,2023-10-01,2023,3,Top,16,2,0,1,0,BAL,BOS,665839,543056,,,,543510,656811,624428,676059,683002,B,,ball,Ball,0,0,0,0,0.031,0.0,R,Cutter,85.8,L,L
716367,2023-10-01,2023,3,Top,16,1,0,0,0,BAL,BOS,665839,543056,,,,543510,656811,624428,676059,683002,S,,called_strike,Called Strike,0,0,0,0,-0.042,0.0,R,Sinker,91.3,L,L
716367,2023-10-01,2023,2,Bot,15,4,1,2,2,BAL,BOS,676059,656557,677008,,,657136,666915,665839,646240,596115,S,strikeout,swinging_strike,Jordan Westburg strikes out swinging.,0,0,0,0,-0.206,-0.024,R,Slider,84.1,R,R
716367,2023-10-01,2023,2,Bot,15,3,0,2,2,BAL,BOS,676059,656557,677008,,,657136,666915,665839,646240,596115,B,,ball,Ball,0,0,0,0,0.02,0.0,R,Sinker,93.2,R,R
716367,2023-10-01,2023,2,Bot,15,2,0,1,2,BAL,BOS,676059,656557,677008,,,657136,666915,665839,646240,596115,S,,swinging_strike,Swinging Strike,0,0,0,0,-0.055,0.0,R,Sinker,93.1,R,R
716367,2023-10-01,2023,2,Bot,15,1,0,0,2,BAL,BOS,676059,656557,677008,,,657136,666915,665839,646240,596115,S,,called_strike,Called Strike,0,0,0,0,-0.045,0.0,R,4-Seam Fastball,95.4,R,R
716367,2023-10-01,2023,2,Bot,14,7,2,2,1,BAL,BOS,624428,656557,677008,,,657136,666915,665839,646240,596115,X,field_out,hit_into_play,Adam Frazier flies out to center fielder Wilyer Abreu.,0,0,0,0,-0.232,-0.029,R,Slider,83.7,L,R
716367,2023-10-01,2023,2,Bot,14,6,1,2,1,BAL,BOS,624428,656557,677008,,,657136,666915,665839,646240,596115,B,,ball,Ball,0,0,0,0,0.047,0.0,R,Sinker,93.2,L,R
716367,2023-10-01,2023,2,Bot,14,5,1,2,1,BAL,BOS,624428,656557,677008,,,657136,666915,665839,646240,596115,S,,foul,Foul,0,0,0,0,0.0,0.0,R,Slider,83.8,L,R
716367,2023-10-01,2023,2,Bot,14,4,0,2,1,BAL,BOS,624428,656557,677008,,,657136,666915,665839,646240,596115,B,,ball,Ball,0,0,0,0,0.023,0.0,R,4-Seam Fastball,94.9,L,R
716367,2023-10-01,2023,2,Bot,14,3,0,2,1,BAL,BOS,624428,656557,677008,,,657136,666915,665839,646240,596115,S,,foul,Foul,0,0,0,0,0.0,0.0,R,Slider,84.2,L,R
716367,2023-10-01,2023,2,Bot,14,2,0,1,1,BAL,BOS,624428,656557,677008,,,657136,666915,665839,646240,596115,S,,foul,Foul,0,0,0,0,-0.053,0.0,R,Split-Finger,88.9,L,R
716367,2023-10-01,2023,2,Bot,14,1,0,0,1,BAL,BOS,624428,656557,677008,,,657136,666915,665839,646240,596115,S,,called_strike,Called Strike,0,0,0,0,-0.042,0.0,R,4-Seam Fastball,94.4,L,R
716367,2023-10-01,2023,2,Bot,13,5,3,1,1,BAL,BOS,677008,656557,,,,657136,666915,665839,646240,596115,B,walk,ball,Heston Kjerstad walks.,0,0,0,0,0.255,0.026,R,4-Seam Fastball,94.5,L,R
716367,2023-10-01,2023,2,Bot,13,4,2,1,1,BAL,BOS,677008,656557,,,,657136,666915,665839,646240,596115,B,,ball,Ball,0,0,0,0,0.122,0.0,R,Slider,84.0,L,R
716367,2023-10-01,2023,2,Bot,13,3,1,1,1,BAL,BOS,677008,656557,,,,657136,666915,665839,646240,596115,B,,ball,Ball,0,0,0,0,0.054,0.0,R,Split-Finger,90.0,L,R
716367,2023-10-01,2023,2,Bot,13,2,0,1,1,BAL,BOS,677008,656557,,,,657136,666915,665839,646240,596115,B,,ball,Ball,0,0,0,0,0.03,0.0,R,Split-Finger,89.9,L,R
716367,2023-10-01,2023,2,Bot,13,1,0,0,1,BAL,BOS,677008,656557,,,,657136,666915,665839,646240,596115,S,,swinging_strike,Swinging Strike,0,0,0,0,-0.041,0.0,R,Slider,84.2,L,R
716367,2023-10-01,2023,2,Bot,12,3,1,1,0,BAL,BOS,656775,656557,,,,657136,666915,665839,646240,596115,X,field_out,hit_into_play,"Cedric Mullins grounds out, second baseman Enmanuel Valdez to first baseman Bobby Dalbec.",0,0,0,0,-0.254,-0.023,R,Cutter,88.9,L,R
716367,2023-10-01,2023,2,Bot,12,2,1,0,0,BAL,BOS,656775,656557,,,,657136,666915,665839,646240,596115,S,,foul,Foul,0,0,0,0,-0.052,0.0,R,Slider,84.4,L,R
716367,2023-10-01,2023,2,Bot,12,1,0,0,0,BAL,BOS,656775,656557,,,,657136,666915,665839,646240,596115,B,,ball,Ball,0,0,0,0,0.04,0.0,R,Slider,84.4,L,R
716367,2023-10-01,2023,2,Top,11,5,2,2,2,BAL,BOS,666915,680694,,,,543510,656811,624428,676059,683002,S,strikeout,swinging_strike,Bobby Dalbec strikes out swinging.,0,0,0,0,-0.233,0.01,R,Sinker,94.6,R,R
716367,2023-10-01,2023,2,Top,11,4,1,2,2,BAL,BOS,666915,680694,,,,543510,656811,624428,676059,683002,B,,ball,Ball,0,0,0,0,0.041,0.0,R,4-Seam Fastball,94.2,R,R
716367,2023-10-01,2023,2,Top,11,3,1,1,2,BAL,BOS,666915,680694,,,,543510,656811,624428,676059,683002,S,,foul,Foul,0,0,0,0,-0.069,0.0,R,Slider,87.4,R,R
716367,2023-10-01,2023,2,Top,11,2,0,1,2,BAL,BOS,666915,680694,,,,543510,656811,624428,676059,683002,B,,ball,Ball,0,0,0,0,0.031,0.0,R,Slider,86.3,R,R
716367,2023-10-01,2023,2,Top,11,1,0,0,2,BAL,BOS,666915,680694,,,,543510,656811,624428,676059,683002,S,,called_strike,Called Strike,0,0,0,0,-0.045,0.0,R,Slider,89.0,R,R
716367,2023-10-01,2023,2,Top,10,5,2,2,1,BAL,BOS,677800,680694,,,,543510,656811,624428,676059,683002,S,strikeout,swinging_strike,Wilyer Abreu strikes out swinging.,0,0,0,0,-0.234,0.017,R,Sinker,96.7,L,R
716367,2023-10-01,2023,2,Top,10,4,1,2,1,BAL,BOS,677800,680694,,,,543510,656811,624428,676059,683002,B,,ball,Ball,0,0,0,0,0.045,0.0,R,Sinker,95.5,L,R
716367,2023-10-01,2023,2,Top,10,3,1,1,1,BAL,BOS,677800,680694,,,,543510,656811,624428,676059,683002,S,,foul,Foul,0,0,0,0,-0.068,0.0,R,Changeup,88.1,L,R
716367,2023-10-01,2023,2,Top,10,2,1,0,1,BAL,BOS,677800,680694,,,,543510,656811,624428,676059,683002,S,,called_strike,Called Strike,0,0,0,0,-0.05,0.0,R,Curveball,82.2,L,R
716367,2023-10-01,2023,2,Top,10,1,0,0,1,BAL,BOS,677800,680694,,,,543510,656811,624428,676059,683002,B,,ball,Ball,0,0,0,0,0.039,0.0,R,Curveball,84.4,L,R
716367,2023-10-01,2023,2,Top,9,6,2,2,0,BAL,BOS,596115,680694,,,,543510,656811,624428,676059,683002,S,strikeout,swinging_strike,Trevor Story strikes out swinging.,0,0,0,0,-0.239,0.023,R,Sinker,95.6,R,R
716367,2023-10-01,2023,2,Top,9,5,2,2,0,BAL,BOS,596115,680694,,,,543510,656811,624428,676059,683002,S,,foul,Foul,0,0,0,0,0.0,0.0,R,Sinker,95.8,R,R
716367,2023-10-01,2023,2,Top,9,4,2,1,0,BAL,BOS,596115,680694,,,,543510,656811,624428,676059,683002,S,,foul_tip,Foul Tip,0,0,0,0,-0.074,0.0,R,Sinker,94.5,R,R
716367,2023-10-01,2023,2,Top,9,3,1,1,0,BAL,BOS,596115,680694,,,,543510,656811,624428,676059,683002,B,,ball,Ball,0,0,0,0,0.059,0.0,R,Sinker,95.1,R,R
716367,2023-10-01,2023,2,Top,9,2,1,0,0,BAL,BOS,596115,680694,,,,543510,656811,624428,676059,683002,S,,called_strike,Called Strike,0,0,0,0,-0.052,0.0,R,Slider,87.0,R,R
716367,2023-10-01,2023,2,Top,9,1,0,0,0,BAL,BOS,596115,680694,,,,543510,656811,624428,676059,683002,B,,ball,Ball,0,0,0,0,0.04,0.0,R,Sinker,93.6,R,R
716367,2023-10-01,2023,1,Bot,8,1,0,0,2,BAL,BOS,656811,656557,668939,,,657136,666915,665839,646240,596115,X,field_out,hit_into_play,Ryan O'Hearn lines out sharply to center fielder Wilyer Abreu.,0,0,0,0,-0.286,-0.022,R,4-Seam Fastball,95.4,L,R
716367,2023-10-01,2023,1,Bot,7,4,2,1,1,BAL,BOS,623993,656557,668939,,,657136,666915,665839,646240,596115,X,field_out,hit_into_play,Anthony Santander flies out to right fielder Alex Verdugo.,0,0,0,0,-0.286,-0.028,R,Slider,84.2,L,R
716367,2023-10-01,2023,1,Bot,7,3,2,0,1,BAL,BOS,623993,656557,668939,,,657136,666915,665839,646240,596115,S,,called_strike,Called Strike,0,0,0,0,-0.061,0.0,R,4-Seam Fastball,94.4,L,R
716367,2023-10-01,2023,1,Bot,7,2,1,0,1,BAL,BOS,623993,656557,668939,,,657136,666915,665839,646240,596115,B,,ball,Ball,0,0,0,0,0.054,0.0,R,Cutter,90.2,L,R
716367,2023-10-01,2023,1,Bot,7,1,0,0,1,BAL,BOS,623993,656557,668939,,,657136,666915,665839,646240,596115,B,,ball,Ball,0,0,0,0,0.036,0.0,R,Slider,84.5,L,R
716367,2023-10-01,2023,1,Bot,6,4,3,0,1,BAL,BOS,668939,656557,,,,657136,666915,665839,646240,596115,B,walk,ball,Adley Rutschman walks.,0,0,0,0,0.173,0.024,R,4-Seam Fastball,96.0,L,R
716367,2023-10-01,2023,1,Bot,6,3,2,0,1,BAL,BOS,668939,656557,,,,657136,666915,665839,646240,596115,B,,ball,Ball,0,0,0,0,0.142,0.0,R,Sinker,93.9,L,R
716367,2023-10-01,2023,1,Bot,6,2,1,0,1,BAL,BOS,668939,656557,,,,657136,666915,665839,646240,596115,B,,ball,Ball,0,0,0,0,0.066,0.0,R,Slider,84.5,L,R
716367,2023-10-01,2023,1,Bot,6,1,0,0,1,BAL,BOS,668939,656557,,,,657136,666915,665839,646240,596115,B,,ball,Ball,0,0,0,0,0.039,0.0,R,4-Seam Fastball,95.3,L,R
716367,2023-10-01,2023,1,Bot,5,5,2,2,0,BAL,BOS,683002,656557,,,,657136,666915,665839,646240,596115,X,field_out,hit_into_play,"Gunnar Henderson grounds out, shortstop Trevor Story to first baseman Bobby Dalbec.",0,0,0,0,-0.239,-0.021,R,4-Seam Fastball,94.6,L,R
716367,2023-10-01,2023,1,Bot,5,4,1,2,0,BAL,BOS,683002,656557,,,,657136,666915,665839,646240,596115,B,,ball,Ball,0,0,0,0,0.046,0.0,R,Slider,84.3,L,R
716367,2023-10-01,2023,1,Bot,5,3,1,1,0,BAL,BOS,683002,656557,,,,657136,666915,665839,646240,596115,S,,foul,Foul,0,0,0,0,-0.061,0.0,R,Split-Finger,89.4,L,R
716367,2023-10-01,2023,1,Bot,5,2,1,0,0,BAL,BOS,683002,656557,,,,657136,666915,665839,646240,596115,S,,called_strike,Called Strike,0,0,0,0,-0.052,0.0,R,Slider,85.5,L,R
716367,2023-10-01,2023,1,Bot,5,1,0,0,0,BAL,BOS,683002,656557,,,,657136,666915,665839,646240,596115,B,,ball,Ball,0,0,0,0,0.04,0.0,R,Sinker,94.0,L,R
716367,2023-10-01,2023,1,Top,4,5,2,2,2,BAL,BOS,807799,680694,646240,,,543510,656811,624428,676059,683002,S,strikeout,called_strike,Masataka Yoshida called out on strikes.,0,0,0,0,-0.239,0.022,R,4-Seam Fastball,96.2,L,R
716367,2023-10-01,2023,1,Top,4,4,2,1,2,BAL,BOS,807799,680694,646240,,,543510,656811,624428,676059,683002,S,,foul,Foul,0,0,0,0,-0.063,0.0,R,Sinker,96.0,L,R
716367,2023-10-01,2023,1,Top,4,3,1,1,2,BAL,BOS,807799,680694,646240,,,543510,656811,624428,676059,683002,B,,blocked_ball,Ball In Dirt,0,0,0,0,0.036,0.0,R,Curveball,85.4,L,R
716367,2023-10-01,2023,1,Top,4,2,0,1,2,BAL,BOS,807799,680694,646240,,,543510,656811,624428,676059,683002,B,,ball,Ball,0,0,0,0,0.025,0.0,R,Sinker,96.0,L,R
716367,2023-10-01,2023,1,Top,4,1,0,0,2,BAL,BOS,807799,680694,646240,,,543510,656811,624428,676059,683002,S,,called_strike,Called Strike,0,0,0,0,-0.045,0.0,R,4-Seam Fastball,95.0,L,R
716367,2023-10-01,2023,1,Top,3,3,0,2,1,BAL,BOS,457759,680694,646240,,,543510,656811,624428,676059,683002,S,strikeout,swinging_strike_blocked,Justin Turner strikes out swinging.,0,0,0,0,-0.16,0.028,R,Curveball,85.0,R,R
716367,2023-10-01,2023,1,Top,3,2,0,1,1,BAL,BOS,457759,680694,646240,,,543510,656811,624428,676059,683002,S,,foul,Foul,0,0,0,0,-0.053,0.0,R,Sinker,96.9,R,R
716367,2023-10-01,2023,1,Top,3,1,0,0,1,BAL,BOS,457759,680694,646240,,,543510,656811,624428,676059,683002,S,,called_strike,Called Strike,0,0,0,0,-0.042,0.0,R,Sinker,95.2,R,R
716367,2023-10-01,2023,1,Top,2,6,3,2,1,BAL,BOS,646240,680694,,,,543510,656811,624428,676059,683002,B,walk,ball,Rafael Devers walks.,0,0,0,0,0.36,-0.025,R,Slider,88.9,L,R
716367,2023-10-01,2023,1,Top,2,5,3,1,1,BAL,BOS,646240,680694,,,,543510,656811,624428,676059,683002,S,,swinging_strike,Swinging Strike,0,0,0,0,-0.104,0.0,R,Sinker,96.6,L,R
716367,2023-10-01,2023,1,Top,2,4,2,1,1,BAL,BOS,646240,680694,,,,543510,656811,624428,676059,683002,B,,ball,Ball,0,0,0,0,0.122,0.0,R,Slider,88.1,L,R
716367,2023-10-01,2023,1,Top,2,3,1,1,1,BAL,BOS,646240,680694,,,,543510,656811,624428,676059,683002,B,,ball,Ball,0,0,0,0,0.054,0.0,R,Curveball,85.9,L,R
716367,2023-10-01,2023,1,Top,2,2,0,1,1,BAL,BOS,646240,680694,,,,543510,656811,624428,676059,683002,B,,ball,Ball,0,0,0,0,0.03,0.0,R,4-Seam Fastball,95.3,L,R
716367,2023-10-01,2023,1,Top,2,1,0,0,1,BAL,BOS,646240,680694,,,,543510,656811,624428,676059,683002,S,,foul_tip,Foul Tip,0,0,0,0,-0.041,0.0,R,Curveball,85.3,L,R
716367,2023-10-01,2023,1,Top,1,2,1,0,0,BAL,BOS,657077,680694,,,,543510,656811,624428,676059,683002,X,field_out,hit_into_play,Alex Verdugo lines out sharply to center fielder Cedric Mullins.,0,0,0,0,-0.306,0.022,R,Sinker,94.8,L,R
716367,2023-10-01,2023,1,Top,1,1,0,0,0,BAL,BOS,657077,680694,,,,543510,656811,624428,676059,683002,B,,ball,Ball,0,0,0,0,0.04,0.0,R,4-Seam Fastball,94.5,L,R
716365,2023-10-01,2023,9,Top,79,3,0,2,2,LAA,OAK,680869,623474,665923,,,681351,592273,664058,683021,687263,S,strikeout,swinging_strike,Zack Gelof strikes out swinging.,7,3,3,7,-0.186,0.003,R,Curveball,76.9,R,R
716365,2023-10-01,2023,9,Top,79,2,0,1,2,LAA,OAK,680869,623474,665923,,,681351,592273,664058,683021,687263,S,,foul,Foul,7,3,3,7,-0.055,0.0,R,Sinker,91.5,R,R
716365,2023-10-01,2023,9,Top,79,1,0,0,2,LAA,OAK,680869,623474,665923,,,681351,592273,664058,683021,687263,S,,called_strike,Called Strike,7,3,3,7,-0.045,0.0,R,4-Seam Fastball,90.4,R,R
716365,2023-10-01,2023,9,Top,78,2,0,1,2,LAA,OAK,665923,623474,,669397,,681351,592273,664058,683021,687263,X,single,hit_into_play,Esteury Ruiz singles on a fly ball to right fielder Jo Adell. Nick Allen scores.,7,2,2,7,0.721,-0.002,R,Curveball,75.9,R,R
716365,2023-10-01,2023,9,Top,78,1,0,0,2,LAA,OAK,665923,623474,,669397,,681351,592273,664058,683021,687263,S,,called_strike,Called Strike,7,2,2,7,-0.046,0.0,R,Curveball,79.2,R,R
716365,2023-10-01,2023,9,Top,77,5,2,2,2,LAA,OAK,669397,623474,,,,681351,592273,664058,683021,687263,X,double,hit_into_play,Nick Allen doubles (4) on a fly ball to center fielder Brett Phillips.,7,2,2,7,0.617,0.0,R,Slider,85.8,R,R
716365,2023-10-01,2023,9,Top,77,4,1,2,2,LAA,OAK,669397,623474,,,,681351,592273,664058,683021,687263,B,,ball,Ball,7,2,2,7,0.041,0.0,R,Curveball,79.3,R,R
716365,2023-10-01,2023,9,Top,77,3,0,2,2,LAA,OAK,669397,623474,,,,681351,592273,664058,683021,687263,B,,ball,Ball,7,2,2,7,0.022,0.0,R,Curveball,80.4,R,R
716365,2023-10-01,2023,9,Top,77,2,0,1,2,LAA,OAK,669397,623474,,,,681351,592273,664058,683021,687263,S,,called_strike,Called Strike,7,2,2,7,-0.061,0.0,R,Sinker,93.0,R,R
716365,2023-10-01,2023,9,Top,77,1,0,0,2,LAA,OAK,669397,623474,,,,681351,592273,664058,683021,687263,S,,called_strike,Called Strike,7,2,2,7,-0.045,0.0,R,Curveball,78.3,R,R
716365,2023-10-01,2023,9,Top,76,1,0,0,1,LAA,OAK,691016,623474,,,,681351,592273,664058,683021,687263,X,field_out,hit_into_play,"Tyler Soderstrom grounds out sharply, shortstop Zach Neto to first baseman Brandon Drury.",7,2,2,7,-0.267,0.001,R,Slider,87.4,L,R
716365,2023-10-01,2023,9,Top,75,2,1,0,0,LAA,OAK,672478,623474,,,,681351,592273,664058,683021,687263,X,field_out,hit_into_play,Jordan Diaz flies out to right fielder Jo Adell.,7,2,2,7,-0.306,0.003,R,Slider,86.2,R,R
716365,2023-10-01,2023,9,Top,75,1,0,0,0,LAA,OAK,672478,623474,,,,681351,592273,664058,683021,687263,B,,ball,Ball,7,2,2,7,0.04,0.0,R,Slider,87.2,R,R
716365,2023-10-01,2023,8,Bot,74,5,1,2,2,LAA,OAK,666176,594943,681351,,,691016,676116,680869,672478,669397,S,strikeout,swinging_strike,Jo Adell strikes out swinging.,7,2,7,2,-0.206,0.0,R,4-Seam Fastball,90.5,R,R
716365,2023-10-01,2023,8,Bot,74,4,1,2,2,LAA,OAK,666176,594943,681351,,,691016,676116,680869,672478,669397,S,,foul,Foul,7,2,7,2,0.0,0.0,R,4-Seam Fastball,89.3,R,R
716365,2023-10-01,2023,8,Bot,74,3,1,1,2,LAA,OAK,666176,594943,681351,,,691016,676116,680869,672478,669397,S,,called_strike,Called Strike,7,2,7,2,-0.06,0.0,R,Sinker,89.3,R,R
716365,2023-10-01,2023,8,Bot,74,2,0,1,2,LAA,OAK,666176,594943,681351,,,691016,676116,680869,672478,669397,B,,ball,Ball,7,2,7,2,0.025,0.0,R,Cutter,84.7,R,R
716365,2023-10-01,2023,8,Bot,74,1,0,0,2,LAA,OAK,666176,594943,681351,,,691016,676116,680869,672478,669397,S,,swinging_strike,Swinging Strike,7,2,7,2,-0.045,0.0,R,Cutter,84.6,R,R
716365,2023-10-01,2023,8,Bot,73,8,3,2,2,LAA,OAK,681351,594943,,,,691016,676116,680869,672478,669397,B,walk,ball,Logan O'Hoppe walks.,7,2,7,2,0.286,0.0,R,Cutter,85.9,R,R
716365,2023-10-01,2023,8,Bot,73,7,3,2,2,LAA,OAK,681351,594943,,,,691016,676116,680869,672478,669397,S,,foul,Foul,7,2,7,2,0.0,0.0,R,Sinker,89.0,R,R
716365,2023-10-01,2023,8,Bot,73,6,3,2,2,LAA,OAK,681351,594943,,,,691016,676116,680869,672478,669397,S,,foul,Foul,7,2,7,2,0.0,0.0,R,4-Seam Fastball,89.4,R,R
716365,2023-10-01,2023,8,Bot,73,5,2,2,2,LAA,OAK,681351,594943,,,,691016,676116,680869,672478,669397,B,,ball,Ball,7,2,7,2,0.104,0.0,R,Cutter,84.4,R,R
716365,2023-10-01,2023,8,Bot,73,4,2,1,2,LAA,OAK,681351,594943,,,,691016,676116,680869,672478,669397,S,,foul,Foul,7,2,7,2,-0.081,0.0,R,Sinker,90.0,R,R
716365,2023-10-01,2023,8,Bot,73,3,1,1,2,LAA,OAK,681351,594943,,,,691016,676116,680869,672478,669397,B,,ball,Ball,7,2,7,2,0.053,0.0,R,Curveball,67.5,R,R
716365,2023-10-01,2023,8,Bot,73,2,0,1,2,LAA,OAK,681351,594943,,,,691016,676116,680869,672478,669397,B,,ball,Ball,7,2,7,2,0.031,0.0,R,Sinker,89.0,R,R
716365,2023-10-01,2023,8,Bot,73,1,0,0,2,LAA,OAK,681351,594943,,,,691016,676116,680869,672478,669397,S,,called_strike,Called Strike,7,2,7,2,-0.045,0.0,R,Cutter,86.2,R,R
716365,2023-10-01,2023,8,Bot,72,3,1,1,0,LAA,OAK,592273,594943,687263,,,691016,676116,680869,672478,669397,X,grounded_into_double_play,hit_into_play,"Brandon Drury grounds into a double play, pitcher Zach Neal to second baseman Zack Gelof to first baseman Ryan Noda. Zach Neto out at 2nd. Brandon Drury out at 1st.",7,2,7,2,-0.338,-0.001,R,Cutter,85.9,R,R
716365,2023-10-01,2023,8,Bot,72,2,0,1,0,LAA,OAK,592273,594943,687263,,,691016,676116,680869,672478,669397,B,,ball,Ball,7,2,7,2,0.024,0.0,R,Sinker,88.4,R,R
716365,2023-10-01,2023,8,Bot,72,1,0,0,0,LAA,OAK,592273,594943,687263,,,691016,676116,680869,672478,669397,S,,called_strike,Called Strike,7,2,7,2,-0.036,0.0,R,Cutter,85.5,R,R
716365,2023-10-01,2023,8,Bot,71,3,0,2,0,LAA,OAK,687263,594943,,,,691016,676116,680869,672478,669397,B,hit_by_pitch,hit_by_pitch,Zach Neto hit by pitch.,7,2,7,2,0.532,0.0,R,4-Seam Fastball,89.8,R,R
716365,2023-10-01,2023,8,Bot,71,2,0,1,0,LAA,OAK,687263,594943,,,,691016,676116,680869,672478,669397,S,,called_strike,Called Strike,7,2,7,2,-0.054,0.0,R,Curveball,69.5,R,R
716365,2023-10-01,2023,8,Bot,71,1,0,0,0,LAA,OAK,687263,594943,,,,691016,676116,680869,672478,669397,S,,foul,Foul,7,2,7,2,-0.042,0.0,R,4-Seam Fastball,89.7,R,R
716365,2023-10-01,2023,8,Top,70,1,0,0,1,LAA,OAK,671732,660761,668709,,,681351,592273,664058,683021,687263,X,grounded_into_double_play,hit_into_play,"Lawrence Butler grounds into a double play, second baseman David Fletcher to shortstop Zach Neto to first baseman Brandon Drury. JJ Bleday out at 2nd. Lawrence Butler out at 1st.",7,2,2,7,-0.333,0.011,R,Sinker,90.6,L,L
716365,2023-10-01,2023,8,Top,69,5,3,1,1,LAA,OAK,668709,660761,,,,681351,592273,664058,683021,687263,B,walk,ball,JJ Bleday walks.,7,2,2,7,0.255,-0.006,R,Cutter,85.4,L,L
716365,2023-10-01,2023,8,Top,69,4,2,1,1,LAA,OAK,668709,660761,,,,681351,592273,664058,683021,687263,B,,ball,Ball,7,2,2,7,0.122,0.0,R,Sinker,90.6,L,L
716365,2023-10-01,2023,8,Top,69,3,1,1,1,LAA,OAK,668709,660761,,,,681351,592273,664058,683021,687263,B,,ball,Ball,7,2,2,7,0.054,0.0,R,Slider,85.5,L,L
716365,2023-10-01,2023,8,Top,69,2,1,0,1,LAA,OAK,668709,660761,,,,681351,592273,664058,683021,687263,S,,swinging_strike,Swinging Strike,7,2,2,7,-0.05,0.0,R,Slider,85.2,L,L
716365,2023-10-01,2023,8,Top,69,1,0,0,1,LAA,OAK,668709,660761,,,,681351,592273,664058,683021,687263,B,,ball,Ball,7,2,2,7,0.039,0.0,R,Sweeper,76.5,L,L
716365,2023-10-01,2023,8,Top,68,1,0,0,1,LAA,OAK,667670,660761,,,,681351,592273,664058,683021,687263,X,home_run,hit_into_play,Brent Rooker homers (30) on a fly ball to center field.,7,1,1,7,1.583,-0.005,R,4-Seam Fastball,91.7,R,L
716365,2023-10-01,2023,8,Top,67,5,2,2,0,LAA,OAK,676116,660761,,,,681351,592273,664058,683021,687263,S,strikeout,swinging_strike,Ryan Noda strikes out swinging.,7,1,1,7,-0.239,0.003,R,Changeup,79.9,L,L
716365,2023-10-01,2023,8,Top,67,4,1,2,0,LAA,OAK,676116,660761,,,,681351,592273,664058,683021,687263,B,,ball,Ball,7,1,1,7,0.046,0.0,R,Sweeper,76.3,L,L
716365,2023-10-01,2023,8,Top,67,3,1,1,0,LAA,OAK,676116,660761,,,,681351,592273,664058,683021,687263,S,,swinging_strike,Swinging Strike,7,1,1,7,-0.061,0.0,R,Changeup,79.5,L,L
716365,2023-10-01,2023,8,Top,67,2,1,0,0,LAA,OAK,676116,660761,,,,681351,592273,664058,683021,687263,S,,foul,Foul,7,1,1,7,-0.052,0.0,R,Sinker,89.3,L,L
716365,2023-10-01,2023,8,Top,67,1,0,0,0,LAA,OAK,676116,660761,,,,681351,592273,664058,683021,687263,B,,ball,Ball,7,1,1,7,0.04,0.0,R,Sweeper,73.6,L,L
716365,2023-10-01,2023,7,Bot,66,4,0,2,2,LAA,OAK,545341,695243,664058,683021,,691016,676116,680869,672478,669397,S,strikeout,swinging_strike_blocked,Randal Grichuk strikes out swinging.,7,1,7,1,-0.195,-0.001,R,Slider,87.3,R,R
716365,2023-10-01,2023,7,Bot,66,3,0,2,2,LAA,OAK,545341,695243,664058,683021,,691016,676116,680869,672478,669397,S,,foul,Foul,7,1,7,1,0.0,0.0,R,4-Seam Fastball,100.0,R,R
716365,2023-10-01,2023,7,Bot,66,2,0,1,2,LAA,OAK,545341,695243,664058,683021,,691016,676116,680869,672478,669397,S,,swinging_strike,Swinging Strike,7,1,7,1,-0.061,0.0,R,Slider,85.7,R,R
716365,2023-10-01,2023,7,Bot,66,1,0,0,2,LAA,OAK,545341,695243,664058,683021,,691016,676116,680869,672478,669397,S,,foul,Foul,7,1,7,1,-0.04,0.0,R,4-Seam Fastball,98.0,R,R
716365,2023-10-01,2023,7,Bot,65,5,2,2,1,LAA,OAK,621433,695243,664058,683021,,691016,676116,680869,672478,669397,S,strikeout,swinging_strike,Brett Phillips strikes out swinging.,7,1,7,1,-0.201,-0.001,R,4-Seam Fastball,97.7,L,R
716365,2023-10-01,2023,7,Bot,65,4,2,1,1,LAA,OAK,621433,695243,664058,683021,,691016,676116,680869,672478,669397,S,,swinging_strike,Swinging Strike,7,1,7,1,-0.07,0.0,R,4-Seam Fastball,97.0,L,R
716365,2023-10-01,2023,7,Bot,65,3,1,1,1,LAA,OAK,621433,695243,664058,683021,,691016,676116,680869,672478,669397,B,,ball,Ball,7,1,7,1,0.039,0.0,R,4-Seam Fastball,97.8,L,R
716365,2023-10-01,2023,7,Bot,65,2,1,0,1,LAA,OAK,621433,695243,664058,683021,,691016,676116,680869,672478,669397,S,,called_strike,Called Strike,7,1,7,1,-0.051,0.0,R,Slider,83.6,L,R
716365,2023-10-01,2023,7,Bot,65,1,0,0,1,LAA,OAK,621433,695243,664058,683021,,691016,676116,680869,672478,669397,B,,ball,Ball,7,1,7,1,0.042,0.0,R,Slider,85.3,L,R
716365,2023-10-01,2023,7,Bot,64,1,0,0,0,LAA,OAK,664058,695243,683021,500871,,691016,676116,680869,672478,669397,X,force_out,hit_into_play,"David Fletcher grounds into a force out, fielded by third baseman Jordan Diaz. Eduardo Escobar out at 3rd. Michael Stefanic to 2nd. David Fletcher to 1st.",7,1,7,1,-0.307,-0.001,R,4-Seam Fastball,95.8,R,R
716365,2023-10-01,2023,7,Bot,63,3,1,1,0,LAA,OAK,683021,695243,500871,,,691016,676116,680869,672478,669397,X,single,hit_into_play,Michael Stefanic singles on a ground ball to left fielder JJ Bleday. Eduardo Escobar to 2nd.,7,1,7,1,0.465,0.001,R,4-Seam Fastball,96.3,R,R
716365,2023-10-01,2023,7,Bot,63,2,0,1,0,LAA,OAK,683021,695243,500871,,,691016,676116,680869,672478,669397,B,,blocked_ball,Ball In Dirt,7,1,7,1,0.024,0.0,R,Slider,85.9,R,R
716365,2023-10-01,2023,7,Bot,63,1,0,0,0,LAA,OAK,683021,695243,500871,,,691016,676116,680869,672478,669397,S,,called_strike,Called Strike,7,1,7,1,-0.036,0.0,R,Slider,84.5,R,R
716365,2023-10-01,2023,7,Bot,62,1,0,0,0,LAA,OAK,500871,695243,,,,691016,676116,680869,672478,669397,X,single,hit_into_play,Eduardo Escobar singles on a ground ball to shortstop Nick Allen.,7,1,7,1,0.432,0.001,R,4-Seam Fastball,94.5,L,R
716365,2023-10-01,2023,7,Top,61,2,0,1,2,LAA,OAK,680869,660761,669397,691016,,681351,592273,664058,683021,687263,X,field_out,hit_into_play,Zack Gelof flies out to left fielder Randal Grichuk.,7,1,1,7,-0.256,0.007,R,Sweeper,76.8,R,L
716365,2023-10-01,2023,7,Top,61,1,0,0,2,LAA,OAK,680869,660761,669397,691016,,681351,592273,664058,683021,687263,S,,foul,Foul,7,1,1,7,-0.04,0.0,R,Changeup,81.0,R,L
716365,2023-10-01,2023,7,Top,60,2,0,1,1,LAA,OAK,665923,660761,669397,691016,,681351,592273,664058,683021,687263,X,field_out,hit_into_play,Esteury Ruiz pops out to catcher Logan O'Hoppe in foul territory.,7,1,1,7,-0.198,0.011,R,Changeup,82.7,R,L
716365,2023-10-01,2023,7,Top,60,1,0,0,1,LAA,OAK,665923,660761,669397,691016,,681351,592273,664058,683021,687263,S,,foul,Foul,7,1,1,7,-0.04,0.0,R,4-Seam Fastball,90.8,R,L
716365,2023-10-01,2023,7,Top,59,4,2,1,1,LAA,OAK,669397,660761,691016,,671732,681351,592273,664058,683021,687263,X,single,hit_into_play,Nick Allen singles on a line drive to left fielder Randal Grichuk. Lawrence Butler scores. Tyler Soderstrom to 2nd.,7,0,0,7,0.441,-0.011,R,4-Seam Fastball,90.7,R,L
716365,2023-10-01,2023,7,Top,59,3,1,1,1,LAA,OAK,669397,660761,691016,,671732,681351,592273,664058,683021,687263,B,,ball,Ball,7,0,0,7,0.05,0.0,R,Sweeper,80.8,R,L
716365,2023-10-01,2023,7,Top,59,2,0,1,1,LAA,OAK,669397,660761,691016,,671732,681351,592273,664058,683021,687263,B,,ball,Ball,7,0,0,7,0.035,0.0,R,4-Seam Fastball,92.4,R,L
716365,2023-10-01,2023,7,Top,59,1,0,0,1,LAA,OAK,669397,660761,691016,,671732,681351,592273,664058,683021,687263,S,,foul_tip,Foul Tip,7,0,0,7,-0.044,0.0,R,4-Seam Fastball,91.5,R,L
716365,2023-10-01,2023,7,Top,58,1,0,0,0,LAA,OAK,691016,660761,672478,671732,,681351,592273,664058,683021,687263,X,force_out,hit_into_play,"Tyler Soderstrom grounds into a force out, first baseman Brandon Drury to shortstop Zach Neto. Lawrence Butler to 3rd. Jordan Diaz out at 2nd. Tyler Soderstrom to 1st.",7,0,0,7,-0.307,0.009,R,Sinker,90.8,L,L
716365,2023-10-01,2023,7,Top,57,2,0,1,0,LAA,OAK,672478,660761,671732,,,681351,592273,664058,683021,687263,X,single,hit_into_play,Jordan Diaz singles on a sharp line drive to left fielder Randal Grichuk. Lawrence Butler to 2nd.,7,0,0,7,0.489,-0.01,R,Changeup,80.5,R,L
716365,2023-10-01,2023,7,Top,57,1,0,0,0,LAA,OAK,672478,660761,671732,,,681351,592273,664058,683021,687263,S,,called_strike,Called Strike,7,0,0,7,-0.036,0.0,R,4-Seam Fastball,89.8,R,L
716365,2023-10-01,2023,7,Top,56,2,1,0,0,LAA,OAK,671732,660761,,,,681351,592273,664058,683021,687263,X,single,hit_into_play,Lawrence Butler singles on a sharp ground ball to left fielder Randal Grichuk.,7,0,0,7,0.392,-0.005,R,Sinker,87.7,L,L
716365,2023-10-01,2023,7,Top,56,1,0,0,0,LAA,OAK,671732,660761,,,,681351,592273,664058,683021,687263,B,,ball,Ball,7,0,0,7,0.04,0.0,R,Sinker,87.9,L,L
716365,2023-10-01,2023,6,Bot,55,5,2,2,2,LAA,OAK,666176,695243,681351,592273,687263,691016,676116,680869,672478,669397,S,strikeout,swinging_strike,Jo Adell strikes out swinging.,7,0,7,0,-0.221,-0.002,R,Slider,87.4,R,R
716365,2023-10-01,2023,6,Bot,55,4,1,2,2,LAA,OAK,666176,695243,681351,592273,687263,691016,676116,680869,672478,669397,B,,ball,Ball,7,0,7,0,0.051,0.0,R,4-Seam Fastball,99.7,R,R
716365,2023-10-01,2023,6,Bot,55,3,1,1,2,LAA,OAK,666176,695243,681351,592273,687263,691016,676116,680869,672478,669397,S,,swinging_strike,Swinging Strike,7,0,7,0,-0.079,0.0,R,4-Seam Fastball,99.2,R,R
716365,2023-10-01,2023,6,Bot,55,2,1,0,2,LAA,OAK,666176,695243,681351,592273,687263,691016,676116,680869,672478,669397,S,,foul_tip,Foul Tip,7,0,7,0,-0.048,0.0,R,4-Seam Fastball,98.6,R,R
716365,2023-10-01,2023,6,Bot,55,1,0,0,2,LAA,OAK,666176,695243,681351,592273,687263,691016,676116,680869,672478,669397,B,,ball,Ball,7,0,7,0,0.035,0.0,R,4-Seam Fastball,98.2,R,R
716365,2023-10-01,2023,6,Bot,54,5,3,1,2,LAA,OAK,681351,695243,592273,,687263,691016,676116,680869,672478,669397,B,walk,ball,Logan O'Hoppe walks. Brandon Drury to 2nd.,7,0,7,0,0.09,0.001,R,4-Seam Fastball,98.1,R,R
716365,2023-10-01,2023,6,Bot,54,4,2,1,2,LAA,OAK,681351,695243,592273,,687263,691016,676116,680869,672478,669397,B,,ball,Ball,7,0,7,0,0.062,0.0,R,Slider,86.3,R,R
716365,2023-10-01,2023,6,Bot,54,3,2,0,2,LAA,OAK,681351,695243,592273,,687263,691016,676116,680869,672478,669397,S,,called_strike,Called Strike,7,0,7,0,-0.066,0.0,R,4-Seam Fastball,98.0,R,R
716365,2023-10-01,2023,6,Bot,54,2,1,0,2,LAA,OAK,681351,695243,592273,,687263,691016,676116,680869,672478,669397,B,,blocked_ball,Ball In Dirt,7,0,7,0,0.042,0.0,R,4-Seam Fastball,98.9,R,R
716365,2023-10-01,2023,6,Bot,54,1,0,0,2,LAA,OAK,681351,695243,592273,,687263,691016,676116,680869,672478,669397,B,,ball,Ball,7,0,7,0,0.042,0.0,R,4-Seam Fastball,97.4,R,R
716365,2023-10-01,2023,6,Bot,53,4,2,1,2,LAA,OAK,592273,695243,,,687263,691016,676116,680869,672478,669397,B,hit_by_pitch,hit_by_pitch,Brandon Drury hit by pitch.,7,0,7,0,0.117,0.0,R,Slider,85.0,R,R
716365,2023-10-01,2023,6,Bot,53,3,1,1,2,LAA,OAK,592273,695243,,687263,664058,691016,676116,680869,672478,669397,B,,ball,Ball,6,0,6,0,0.038,0.005,R,4-Seam Fastball,99.3,R,R
716365,2023-10-01,2023,6,Bot,53,2,1,0,2,LAA,OAK,592273,695243,,687263,664058,691016,676116,680869,672478,669397,S,,swinging_strike,Swinging Strike,6,0,6,0,-0.053,0.0,R,Slider,87.4,R,R
716365,2023-10-01,2023,6,Bot,53,1,0,0,2,LAA,OAK,592273,695243,,687263,664058,691016,676116,680869,672478,669397,B,,ball,Ball,6,0,6,0,0.018,0.0,R,Slider,86.0,R,R
716365,2023-10-01,2023,6,Bot,52,2,0,1,2,LAA,OAK,687263,695243,664058,,,691016,676116,680869,672478,669397,X,double,hit_into_play,Zach Neto doubles (17) on a sharp fly ball to left fielder JJ Bleday. David Fletcher to 3rd.,6,0,6,0,0.926,0.002,R,4-Seam Fastball,99.4,R,R
716365,2023-10-01,2023,6,Bot,52,1,0,0,2,LAA,OAK,687263,695243,664058,,,691016,676116,680869,672478,669397,S,,called_strike,Called Strike,6,0,6,0,-0.045,0.0,R,Slider,83.5,R,R
716365,2023-10-01,2023,6,Bot,51,3,1,1,1,LAA,OAK,545341,695243,664058,,,691016,676116,680869,672478,669397,X,field_out,hit_into_play,Randal Grichuk flies out to right fielder Esteury Ruiz.,6,0,6,0,-0.24,-0.001,R,4-Seam Fastball,98.0,R,R
716365,2023-10-01,2023,6,Bot,51,2,0,1,1,LAA,OAK,545341,695243,664058,,,691016,676116,680869,672478,669397,B,,ball,Ball,6,0,6,0,0.025,0.0,R,4-Seam Fastball,97.6,R,R
716365,2023-10-01,2023,6,Bot,51,1,0,0,1,LAA,OAK,545341,695243,664058,,,691016,676116,680869,672478,669397,S,,called_strike,Called Strike,6,0,6,0,-0.042,0.0,R,4-Seam Fastball,96.4,R,R
716365,2023-10-01,2023,6,Bot,50,1,0,0,0,LAA,OAK,621433,695243,664058,,,691016,676116,680869,672478,669397,X,field_out,hit_into_play,Brett Phillips flies out to left fielder JJ Bleday.,6,0,6,0,-0.241,-0.002,R,4-Seam Fastball,96.6,L,R
716365,2023-10-01,2023,6,Bot,49,5,3,1,0,LAA,OAK,664058,695243,,,,691016,676116,680869,672478,669397,B,walk,ball,David Fletcher walks.,6,0,6,0,0.259,0.002,R,4-Seam Fastball,97.9,R,R
716365,2023-10-01,2023,6,Bot,49,4,2,1,0,LAA,OAK,664058,695243,,,,691016,676116,680869,672478,669397,B,,ball,Ball,6,0,6,0,0.129,0.0,R,4-Seam Fastball,97.8,R,R
716365,2023-10-01,2023,6,Bot,49,3,1,1,0,LAA,OAK,664058,695243,,,,691016,676116,680869,672478,669397,B,,ball,Ball,6,0,6,0,0.059,0.0,R,Slider,85.5,R,R
716365,2023-10-01,2023,6,Bot,49,2,1,0,0,LAA,OAK,664058,695243,,,,691016,676116,680869,672478,669397,S,,called_strike,Called Strike,6,0,6,0,-0.052,0.0,R,4-Seam Fastball,97.0,R,R
716365,2023-10-01,2023,6,Bot,49,1,0,0,0,LAA,OAK,664058,695243,,,,691016,676116,680869,672478,669397,B,,ball,Ball,6,0,6,0,0.04,0.0,R,4-Seam Fastball,97.0,R,R
716365,2023-10-01,2023,6,Top,48,3,2,0,2,LAA,OAK,668709,660761,,667670,676116,681351,592273,664058,683021,687263,X,field_out,hit_into_play,JJ Bleday flies out to right fielder Jo Adell.,6,0,0,6,-0.348,0.013,R,Sinker,88.9,L,L
716365,2023-10-01,2023,6,Top,48,2,1,0,2,LAA,OAK,668709,660761,,667670,676116,681351,592273,664058,683021,687263,B,,ball,Ball,6,0,0,6,0.037,0.0,R,Sinker,90.0,L,L
716365,2023-10-01,2023,6,Top,48,1,0,0,2,LAA,OAK,668709,660761,667670,676116,,681351,592273,664058,683021,687263,B,,ball,Ball,6,0,0,6,0.03,-0.004,R,Sweeper,76.1,L,L
716365,2023-10-01,2023,6,Top,47,5,2,2,2,LAA,OAK,667670,660761,676116,,,681351,592273,664058,683021,687263,X,single,hit_into_play,Brent Rooker singles on a ground ball to right fielder Jo Adell. Ryan Noda to 2nd.,6,0,0,6,0.414,-0.005,R,4-Seam Fastball,91.4,R,L
716365,2023-10-01,2023,6,Top,47,4,2,1,2,LAA,OAK,667670,660761,676116,,,681351,592273,664058,683021,687263,S,,foul,Foul,6,0,0,6,-0.063,0.0,R,Changeup,81.0,R,L
716365,2023-10-01,2023,6,Top,47,3,2,0,2,LAA,OAK,667670,660761,676116,,,681351,592273,664058,683021,687263,S,,foul,Foul,6,0,0,6,-0.051,0.0,R,4-Seam Fastball,89.9,R,L
716365,2023-10-01,2023,6,Top,47,2,1,0,2,LAA,OAK,667670,660761,676116,,,681351,592273,664058,683021,687263,B,,ball,Ball,6,0,0,6,0.037,0.0,R,Changeup,79.5,R,L
716365,2023-10-01,2023,6,Top,47,1,0,0,2,LAA,OAK,667670,660761,676116,,,681351,592273,664058,683021,687263,B,,ball,Ball,6,0,0,6,0.03,0.0,R,Sweeper,76.3,R,L
716365,2023-10-01,2023,6,Top,46,6,3,2,2,LAA,OAK,676116,660761,,,,681351,592273,664058,683021,687263,X,single,hit_into_play,Ryan Noda singles on a line drive to right fielder Jo Adell.,6,0,0,6,0.282,-0.003,R,4-Seam Fastball,90.1,L,L
716365,2023-10-01,2023,6,Top,46,5,3,1,2,LAA,OAK,676116,660761,,,,681351,592273,664058,683021,687263,S,,called_strike,Called Strike,6,0,0,6,-0.093,0.0,R,4-Seam Fastball,89.2,L,L
716365,2023-10-01,2023,6,Top,46,4,3,0,2,LAA,OAK,676116,660761,,,,681351,592273,664058,683021,687263,S,,called_strike,Called Strike,6,0,0,6,-0.057,0.0,R,4-Seam Fastball,90.0,L,L
716365,2023-10-01,2023,6,Top,46,3,2,0,2,LAA,OAK,676116,660761,,,,681351,592273,664058,683021,687263,B,,ball,Ball,6,0,0,6,0.113,0.0,R,Sinker,88.3,L,L
716365,2023-10-01,2023,6,Top,46,2,1,0,2,LAA,OAK,676116,660761,,,,681351,592273,664058,683021,687263,B,,ball,Ball,6,0,0,6,0.056,0.0,R,4-Seam Fastball,90.2,L,L
716365,2023-10-01,2023,6,Top,46,1,0,0,2,LAA,OAK,676116,660761,,,,681351,592273,664058,683021,687263,B,,ball,Ball,6,0,0,6,0.043,0.0,R,Sweeper,74.3,L,L
716365,2023-10-01,2023,6,Top,45,3,0,2,1,LAA,OAK,680869,660761,,,,681351,592273,664058,683021,687263,S,strikeout,swinging_strike,Zack Gelof strikes out swinging.,6,0,0,6,-0.17,0.004,R,4-Seam Fastball,89.9,R,L
716365,2023-10-01,2023,6,Top,45,2,0,1,1,LAA,OAK,680869,660761,,,,681351,592273,664058,683021,687263,S,,foul,Foul,6,0,0,6,-0.057,0.0,R,Changeup,79.9,R,L
716365,2023-10-01,2023,6,Top,45,1,0,0,1,LAA,OAK,680869,660761,,,,681351,592273,664058,683021,687263,S,,swinging_strike,Swinging Strike,6,0,0,6,-0.041,0.0,R,4-Seam Fastball,90.7,R,L
716365,2023-10-01,2023,6,Top,44,3,0,2,0,LAA,OAK,665923,660761,,,,681351,592273,664058,683021,687263,X,field_out,hit_into_play,"Esteury Ruiz grounds out, second baseman David Fletcher to first baseman Brandon Drury.",6,0,0,6,-0.169,0.006,R,4-Seam Fastball,90.6,R,L
716365,2023-10-01,2023,6,Top,44,2,0,1,0,LAA,OAK,665923,660761,,,,681351,592273,664058,683021,687263,S,,swinging_strike,Swinging Strike,6,0,0,6,-0.054,0.0,R,4-Seam Fastball,91.4,R,L
716365,2023-10-01,2023,6,Top,44,1,0,0,0,LAA,OAK,665923,660761,,,,681351,592273,664058,683021,687263,S,,called_strike,Called Strike,6,0,0,6,-0.042,0.0,R,Changeup,79.7,R,L
716365,2023-10-01,2023,5,Bot,43,5,2,2,2,LAA,OAK,683021,666205,500871,,,691016,676116,680869,672478,669397,S,strikeout,foul_tip,Michael Stefanic strikes out on a foul tip.,6,0,6,0,-0.239,-0.002,R,Slider,87.7,R,L
716365,2023-10-01,2023,5,Bot,43,4,1,2,2,LAA,OAK,683021,666205,500871,,,691016,676116,680869,672478,669397,B,,ball,Ball,6,0,6,0,0.034,0.0,R,Slider,88.0,R,L
716365,2023-10-01,2023,5,Bot,43,3,0,2,2,LAA,OAK,683021,666205,500871,,,691016,676116,680869,672478,669397,B,,ball,Ball,6,0,6,0,0.02,0.0,R,4-Seam Fastball,96.3,R,L
716365,2023-10-01,2023,5,Bot,43,2,0,1,2,LAA,OAK,683021,666205,500871,,,691016,676116,680869,672478,669397,S,,called_strike,Called Strike,6,0,6,0,-0.055,0.0,R,4-Seam Fastball,95.3,R,L
716365,2023-10-01,2023,5,Bot,43,1,0,0,2,LAA,OAK,683021,666205,500871,,,691016,676116,680869,672478,669397,S,,called_strike,Called Strike,6,0,6,0,-0.045,0.0,R,Slider,87.2,R,L
716365,2023-10-01,2023,5,Bot,42,2,0,1,2,LAA,OAK,500871,666205,,681351,,691016,676116,680869,672478,669397,X,single,hit_into_play,Eduardo Escobar singles on a line drive to right fielder Esteury Ruiz. Logan O'Hoppe scores.,5,0,5,0,0.721,0.016,R,4-Seam Fastball,94.9,R,L
716365,2023-10-01,2023,5,Bot,42,1,0,0,2,LAA,OAK,500871,666205,,681351,,691016,676116,680869,672478,669397,S,,swinging_strike,Swinging Strike,5,0,5,0,-0.046,0.0,R,4-Seam Fastball,94.2,R,L
716365,2023-10-01,2023,5,Bot,41,5,1,2,1,LAA,OAK,666176,666205,681351,,,691016,676116,680869,672478,669397,S,strikeout,swinging_strike,Jo Adell strikes out swinging.,5,0,5,0,-0.183,-0.004,R,4-Seam Fastball,95.2,R,L
716365,2023-10-01,2023,5,Bot,41,4,1,2,1,LAA,OAK,666176,666205,681351,,,691016,676116,680869,672478,669397,S,,foul,Foul,5,0,5,0,0.0,0.0,R,Changeup,90.6,R,L
716365,2023-10-01,2023,5,Bot,41,3,1,1,1,LAA,OAK,666176,666205,681351,,,691016,676116,680869,672478,669397,S,,swinging_strike,Swinging Strike,5,0,5,0,-0.055,0.0,R,4-Seam Fastball,93.9,R,L
716365,2023-10-01,2023,5,Bot,41,2,0,1,1,LAA,OAK,666176,666205,681351,,,691016,676116,680869,672478,669397,B,,ball,Ball,5,0,5,0,0.025,0.0,R,4-Seam Fastball,94.8,R,L
716365,2023-10-01,2023,5,Bot,41,1,0,0,1,LAA,OAK,666176,666205,681351,,,691016,676116,680869,672478,669397,S,,swinging_strike,Swinging Strike,5,0,5,0,-0.042,0.0,R,Changeup,89.9,R,L
716365,2023-10-01,2023,5,Bot,40,5,3,1,1,LAA,OAK,681351,666205,,,,691016,676116,680869,672478,669397,B,walk,ball,Logan O'Hoppe walks.,5,0,5,0,0.255,0.003,R,4-Seam Fastball,94.7,R,L
716365,2023-10-01,2023,5,Bot,40,4,2,1,1,LAA,OAK,681351,666205,,,,691016,676116,680869,672478,669397,B,,ball,Ball,5,0,5,0,0.122,0.0,R,Slider,88.2,R,L
716365,2023-10-01,2023,5,Bot,40,3,2,0,1,LAA,OAK,681351,666205,,,,691016,676116,680869,672478,669397,S,,called_strike,Called Strike,5,0,5,0,-0.062,0.0,R,Slider,86.8,R,L
716365,2023-10-01,2023,5,Bot,40,2,1,0,1,LAA,OAK,681351,666205,,,,691016,676116,680869,672478,669397,B,,ball,Ball,5,0,5,0,0.066,0.0,R,4-Seam Fastball,94.0,R,L
716365,2023-10-01,2023,5,Bot,40,1,0,0,1,LAA,OAK,681351,666205,,,,691016,676116,680869,672478,669397,B,,ball,Ball,5,0,5,0,0.039,0.0,R,Slider,87.4,R,L
716365,2023-10-01,2023,5,Bot,39,4,1,2,1,LAA,OAK,592273,666205,687263,,,691016,676116,680869,672478,669397,X,home_run,hit_into_play,Brandon Drury homers (26) on a fly ball to right center field. Zach Neto scores.,3,0,3,0,1.521,0.07,R,4-Seam Fastball,95.3,R,L
716365,2023-10-01,2023,5,Bot,39,3,1,1,1,LAA,OAK,592273,666205,687263,,,691016,676116,680869,672478,669397,S,,called_strike,Called Strike,3,0,3,0,-0.055,0.0,R,Slider,87.7,R,L
716365,2023-10-01,2023,5,Bot,39,2,0,1,1,LAA,OAK,592273,666205,687263,,,691016,676116,680869,672478,669397,B,,ball,Ball,3,0,3,0,0.025,0.0,R,4-Seam Fastball,95.2,R,L
716365,2023-10-01,2023,5,Bot,39,1,0,0,1,LAA,OAK,592273,666205,687263,,,691016,676116,680869,672478,669397,S,,swinging_strike,Swinging Strike,3,0,3,0,-0.042,0.0,R,Slider,87.3,R,L
716365,2023-10-01,2023,5,Bot,38,3,0,2,1,LAA,OAK,687263,666205,,,,691016,676116,680869,672478,669397,X,single,hit_into_play,"Zach Neto singles on a ground ball to shortstop Nick Allen, deflected by third baseman Jordan Diaz.",3,0,3,0,0.514,0.009,R,4-Seam Fastball,96.0,R,L
716365,2023-10-01,2023,5,Bot,38,2,0,1,1,LAA,OAK,687263,666205,,,,691016,676116,680869,672478,669397,S,,called_strike,Called Strike,3,0,3,0,-0.057,0.0,R,4-Seam Fastball,95.0,R,L
716365,2023-10-01,2023,5,Bot,38,1,0,0,1,LAA,OAK,687263,666205,,,,691016,676116,680869,672478,669397,S,,swinging_strike,Swinging Strike,3,0,3,0,-0.041,0.0,R,4-Seam Fastball,94.8,R,L
716365,2023-10-01,2023,5,Bot,37,3,1,1,0,LAA,OAK,545341,666205,,,,691016,676116,680869,672478,669397,X,field_out,hit_into_play,"Randal Grichuk grounds out, third baseman Jordan Diaz to first baseman Ryan Noda.",3,0,3,0,-0.254,-0.009,R,4-Seam Fastball,94.6,R,L
716365,2023-10-01,2023,5,Bot,37,2,0,1,0,LAA,OAK,545341,666205,,,,691016,676116,680869,672478,669397,B,,ball,Ball,3,0,3,0,0.031,0.0,R,4-Seam Fastball,94.4,R,L
716365,2023-10-01,2023,5,Bot,37,1,0,0,0,LAA,OAK,545341,666205,,,,691016,676116,680869,672478,669397,S,,swinging_strike,Swinging Strike,3,0,3,0,-0.042,0.0,R,4-Seam Fastball,93.1,R,L
716365,2023-10-01,2023,5,Top,36,2,0,1,1,LAA,OAK,669397,608334,672478,,,681351,592273,664058,683021,687263,X,grounded_into_double_play,hit_into_play,"Nick Allen grounds into a double play, shortstop Zach Neto to second baseman David Fletcher to first baseman Brandon Drury. Jordan Diaz out at 2nd. Nick Allen out at 1st.",3,0,0,3,-0.291,0.049,R,Sinker,93.1,R,R
716365,2023-10-01,2023,5,Top,36,1,0,0,1,LAA,OAK,669397,608334,672478,,,681351,592273,664058,683021,687263,S,,called_strike,Called Strike,3,0,0,3,-0.042,0.0,R,Curveball,79.9,R,R
716365,2023-10-01,2023,5,Top,35,5,2,2,0,LAA,OAK,691016,608334,672478,,,681351,592273,664058,683021,687263,X,field_out,hit_into_play,Tyler Soderstrom flies out to left fielder Randal Grichuk.,3,0,0,3,-0.215,0.036,R,Curveball,82.0,L,R
716365,2023-10-01,2023,5,Top,35,4,2,1,0,LAA,OAK,691016,608334,672478,,,681351,592273,664058,683021,687263,S,,foul,Foul,3,0,0,3,-0.056,0.0,R,Curveball,80.8,L,R
716365,2023-10-01,2023,5,Top,35,3,1,1,0,LAA,OAK,691016,608334,672478,,,681351,592273,664058,683021,687263,B,,blocked_ball,Ball In Dirt,3,0,0,3,0.042,0.0,R,Changeup,87.6,L,R
716365,2023-10-01,2023,5,Top,35,2,0,1,0,LAA,OAK,691016,608334,672478,,,681351,592273,664058,683021,687263,B,,ball,Ball,3,0,0,3,0.024,0.0,R,Sinker,92.6,L,R
716365,2023-10-01,2023,5,Top,35,1,0,0,0,LAA,OAK,691016,608334,672478,,,681351,592273,664058,683021,687263,S,,called_strike,Called Strike,3,0,0,3,-0.036,0.0,R,Sinker,92.1,L,R
716365,2023-10-01,2023,5,Top,34,5,3,1,0,LAA,OAK,672478,608334,,,,681351,592273,664058,683021,687263,B,walk,ball,Jordan Diaz walks.,3,0,0,3,0.259,-0.039,R,Curveball,80.5,R,R
716365,2023-10-01,2023,5,Top,34,4,2,1,0,LAA,OAK,672478,608334,,,,681351,592273,664058,683021,687263,B,,ball,Ball,3,0,0,3,0.129,0.0,R,Changeup,84.8,R,R
716365,2023-10-01,2023,5,Top,34,3,1,1,0,LAA,OAK,672478,608334,,,,681351,592273,664058,683021,687263,B,,ball,Ball,3,0,0,3,0.059,0.0,R,4-Seam Fastball,92.2,R,R
716365,2023-10-01,2023,5,Top,34,2,0,1,0,LAA,OAK,672478,608334,,,,681351,592273,664058,683021,687263,B,,ball,Ball,3,0,0,3,0.031,0.0,R,Sinker,91.6,R,R
716365,2023-10-01,2023,5,Top,34,1,0,0,0,LAA,OAK,672478,608334,,,,681351,592273,664058,683021,687263,S,,swinging_strike,Swinging Strike,3,0,0,3,-0.042,0.0,R,Curveball,79.9,R,R
716365,2023-10-01,2023,4,Bot,33,5,2,2,2,LAA,OAK,621433,676664,664058,666176,681351,691016,676116,680869,672478,669397,S,strikeout,called_strike,Brett Phillips called out on strikes.,3,0,3,0,-0.221,-0.031,R,4-Seam Fastball,94.0,L,L
716365,2023-10-01,2023,4,Bot,33,4,2,1,2,LAA,OAK,621433,676664,664058,666176,681351,691016,676116,680869,672478,669397,S,,called_strike,Called Strike,3,0,3,0,-0.076,0.0,R,4-Seam Fastball,94.2,L,L
716365,2023-10-01,2023,4,Bot,33,3,1,1,2,LAA,OAK,621433,676664,664058,666176,681351,691016,676116,680869,672478,669397,B,,ball,Ball,3,0,3,0,0.047,0.0,R,Slider,83.4,L,L
716365,2023-10-01,2023,4,Bot,33,2,1,0,2,LAA,OAK,621433,676664,664058,666176,681351,691016,676116,680869,672478,669397,S,,called_strike,Called Strike,3,0,3,0,-0.048,0.0,R,4-Seam Fastball,94.2,L,L
716365,2023-10-01,2023,4,Bot,33,1,0,0,2,LAA,OAK,621433,676664,664058,666176,681351,691016,676116,680869,672478,669397,B,,ball,Ball,3,0,3,0,0.035,0.0,R,4-Seam Fastball,94.6,L,L
716365,2023-10-01,2023,4,Bot,31,1,0,0,1,LAA,OAK,683021,676664,,666176,681351,691016,676116,680869,672478,669397,X,field_out,hit_into_play,Michael Stefanic pops out to first baseman Ryan Noda in foul territory.,3,0,3,0,-0.196,-0.035,R,4-Seam Fastball,93.7,R,L
716365,2023-10-01,2023,4,Bot,30,5,2,2,0,LAA,OAK,500871,676664,,666176,681351,691016,676116,680869,672478,669397,S,strikeout,swinging_strike,Eduardo Escobar strikes out swinging.,3,0,3,0,-0.259,-0.021,R,4-Seam Fastball,93.8,R,L
716365,2023-10-01,2023,4,Bot,30,4,2,1,0,LAA,OAK,500871,676664,,666176,681351,691016,676116,680869,672478,669397,S,,foul,Foul,3,0,3,0,-0.058,0.0,R,Slider,82.6,R,L
716365,2023-10-01,2023,4,Bot,30,3,1,1,0,LAA,OAK,500871,676664,,666176,681351,691016,676116,680869,672478,669397,B,,ball,Ball,3,0,3,0,-0.001,0.0,R,4-Seam Fastball,93.6,R,L
716365,2023-10-01,2023,4,Bot,30,2,0,1,0,LAA,OAK,500871,676664,666176,,681351,691016,676116,680869,672478,669397,B,,ball,Ball,3,0,3,0,0.005,0.0,R,4-Seam Fastball,92.0,R,L
716365,2023-10-01,2023,4,Bot,30,1,0,0,0,LAA,OAK,500871,676664,666176,,681351,691016,676116,680869,672478,669397,S,,swinging_strike,Swinging Strike,3,0,3,0,-0.02,0.0,R,4-Seam Fastball,93.8,R,L
716365,2023-10-01,2023,4,Bot,29,1,0,0,0,LAA,OAK,666176,676664,681351,592273,,691016,676116,680869,672478,669397,X,single,hit_into_play,Jo Adell singles on a ground ball to first baseman Ryan Noda. Brandon Drury scores. Logan O'Hoppe to 3rd. Throwing error by first baseman Ryan Noda.,2,0,2,0,0.46,0.074,R,Changeup,85.1,R,L
716365,2023-10-01,2023,4,Bot,28,6,3,2,0,LAA,OAK,681351,676664,,592273,,691016,676116,680869,672478,669397,B,walk,ball,Logan O'Hoppe walks.,2,0,2,0,0.259,0.013,R,Changeup,85.9,R,L
716365,2023-10-01,2023,4,Bot,28,5,2,2,0,LAA,OAK,681351,676664,,592273,,691016,676116,680869,672478,669397,B,,ball,Ball,2,0,2,0,0.085,0.0,R,4-Seam Fastball,93.2,R,L
716365,2023-10-01,2023,4,Bot,28,4,1,2,0,LAA,OAK,681351,676664,,592273,,691016,676116,680869,672478,669397,B,,ball,Ball,2,0,2,0,0.034,0.0,R,4-Seam Fastball,93.5,R,L
716365,2023-10-01,2023,4,Bot,28,3,1,1,0,LAA,OAK,681351,676664,,592273,,691016,676116,680869,672478,669397,S,,foul,Foul,2,0,2,0,-0.066,0.0,R,4-Seam Fastball,94.0,R,L
716365,2023-10-01,2023,4,Bot,28,2,1,0,0,LAA,OAK,681351,676664,,592273,,691016,676116,680869,672478,669397,S,,foul,Foul,2,0,2,0,-0.061,0.0,R,Sweeper,81.7,R,L
716365,2023-10-01,2023,4,Bot,28,1,0,0,0,LAA,OAK,681351,676664,,592273,,691016,676116,680869,672478,669397,B,,ball,Ball,2,0,2,0,0.036,0.0,R,4-Seam Fastball,93.2,R,L
716365,2023-10-01,2023,4,Bot,27,7,2,2,0,LAA,OAK,592273,676664,,,,691016,676116,680869,672478,669397,X,double,hit_into_play,Brandon Drury doubles (30) on a sharp line drive to center fielder Lawrence Butler.,2,0,2,0,0.732,0.042,R,4-Seam Fastball,94.6,R,L
716365,2023-10-01,2023,4,Bot,27,6,1,2,0,LAA,OAK,592273,676664,,,,691016,676116,680869,672478,669397,B,,ball,Ball,2,0,2,0,0.046,0.0,R,Slider,82.2,R,L
716365,2023-10-01,2023,4,Bot,27,5,1,2,0,LAA,OAK,592273,676664,,,,691016,676116,680869,672478,669397,S,,foul,Foul,2,0,2,0,0.0,0.0,R,4-Seam Fastball,94.9,R,L
716365,2023-10-01,2023,4,Bot,27,4,1,2,0,LAA,OAK,592273,676664,,,,691016,676116,680869,672478,669397,S,,foul,Foul,2,0,2,0,0.0,0.0,R,Changeup,85.4,R,L
716365,2023-10-01,2023,4,Bot,27,3,1,1,0,LAA,OAK,592273,676664,,,,691016,676116,680869,672478,669397,S,,called_strike,Called Strike,2,0,2,0,-0.061,0.0,R,4-Seam Fastball,93.3,R,L
716365,2023-10-01,2023,4,Bot,27,2,0,1,0,LAA,OAK,592273,676664,,,,691016,676116,680869,672478,669397,B,,ball,Ball,2,0,2,0,0.031,0.0,R,4-Seam Fastball,91.3,R,L
716365,2023-10-01,2023,4,Bot,27,1,0,0,0,LAA,OAK,592273,676664,,,,691016,676116,680869,672478,669397,S,,called_strike,Called Strike,2,0,2,0,-0.042,0.0,R,4-Seam Fastball,92.9,R,L
716365,2023-10-01,2023,4,Top,26,6,3,2,2,LAA,OAK,671732,608334,,667670,,681351,592273,664058,683021,687263,S,strikeout,foul_tip,Lawrence Butler strikes out on a foul tip.,2,0,0,2,-0.27,0.035,R,Changeup,87.3,L,R
716365,2023-10-01,2023,4,Top,26,5,2,2,2,LAA,OAK,671732,608334,,667670,,681351,592273,664058,683021,687263,B,,ball,Ball,2,0,0,2,0.051,0.0,R,Changeup,86.4,L,R
716365,2023-10-01,2023,4,Top,26,4,2,1,2,LAA,OAK,671732,608334,,667670,,681351,592273,664058,683021,687263,S,,swinging_strike,Swinging Strike,2,0,0,2,-0.069,0.0,R,Curveball,82.0,L,R
716365,2023-10-01,2023,4,Top,26,3,1,1,2,LAA,OAK,671732,608334,,667670,,681351,592273,664058,683021,687263,B,,blocked_ball,Ball In Dirt,2,0,0,2,0.021,0.0,R,Curveball,82.4,L,R
716365,2023-10-01,2023,4,Top,26,2,1,0,2,LAA,OAK,671732,608334,,667670,,681351,592273,664058,683021,687263,S,,called_strike,Called Strike,2,0,0,2,-0.046,0.0,R,Changeup,87.5,L,R
716365,2023-10-01,2023,4,Top,26,1,0,0,2,LAA,OAK,671732,608334,,667670,,681351,592273,664058,683021,687263,B,,ball,Ball,2,0,0,2,0.02,0.0,R,Sinker,93.6,L,R
716365,2023-10-01,2023,4,Top,25,8,3,2,1,LAA,OAK,668709,608334,,667670,,681351,592273,664058,683021,687263,S,strikeout,foul_tip,JJ Bleday strikes out on a foul tip.,2,0,0,2,-0.336,0.04,R,Curveball,82.7,L,R
716365,2023-10-01,2023,4,Top,25,7,3,2,1,LAA,OAK,668709,608334,,667670,,681351,592273,664058,683021,687263,S,,foul,Foul,2,0,0,2,0.0,0.0,R,Curveball,83.2,L,R
716365,2023-10-01,2023,4,Top,25,6,2,2,1,LAA,OAK,668709,608334,,667670,,681351,592273,664058,683021,687263,B,,blocked_ball,Ball In Dirt,2,0,0,2,0.09,0.0,R,Curveball,82.9,L,R
716365,2023-10-01,2023,4,Top,25,5,1,2,1,LAA,OAK,668709,608334,,667670,,681351,592273,664058,683021,687263,B,,ball,Ball,2,0,0,2,0.04,0.0,R,Changeup,86.8,L,R
716365,2023-10-01,2023,4,Top,25,4,1,2,1,LAA,OAK,668709,608334,,667670,,681351,592273,664058,683021,687263,S,,foul,Foul,2,0,0,2,0.0,0.0,R,Curveball,81.8,L,R
716365,2023-10-01,2023,4,Top,25,3,1,1,1,LAA,OAK,668709,608334,,667670,,681351,592273,664058,683021,687263,S,,called_strike,Called Strike,2,0,0,2,-0.078,0.0,R,Curveball,81.7,L,R
716365,2023-10-01,2023,4,Top,25,2,1,0,1,LAA,OAK,668709,608334,,667670,,681351,592273,664058,683021,687263,S,,foul,Foul,2,0,0,2,-0.049,0.0,R,Changeup,87.3,L,R
716365,2023-10-01,2023,4,Top,25,1,0,0,1,LAA,OAK,668709,608334,,667670,,681351,592273,664058,683021,687263,B,,ball,Ball,2,0,0,2,0.034,0.0,R,Changeup,88.1,L,R
716365,2023-10-01,2023,4,Top,24,5,3,1,1,LAA,OAK,667670,608334,,,,681351,592273,664058,683021,687263,X,double,hit_into_play,Brent Rooker doubles (20) on a ground ball to left fielder Randal Grichuk.,2,0,0,2,0.497,-0.046,R,Sinker,93.1,R,R
716365,2023-10-01,2023,4,Top,24,4,2,1,1,LAA,OAK,667670,608334,,,,681351,592273,664058,683021,687263,B,,ball,Ball,2,0,0,2,0.122,0.0,R,Curveball,82.3,R,R
716365,2023-10-01,2023,4,Top,24,3,1,1,1,LAA,OAK,667670,608334,,,,681351,592273,664058,683021,687263,B,,ball,Ball,2,0,0,2,0.054,0.0,R,Changeup,86.1,R,R
716365,2023-10-01,2023,4,Top,24,2,0,1,1,LAA,OAK,667670,608334,,,,681351,592273,664058,683021,687263,B,,ball,Ball,2,0,0,2,0.03,0.0,R,Curveball,80.2,R,R
716365,2023-10-01,2023,4,Top,24,1,0,0,1,LAA,OAK,667670,608334,,,,681351,592273,664058,683021,687263,S,,called_strike,Called Strike,2,0,0,2,-0.041,0.0,R,Curveball,82.4,R,R
716365,2023-10-01,2023,4,Top,23,4,2,1,0,LAA,OAK,676116,608334,,,,681351,592273,664058,683021,687263,X,field_out,hit_into_play,"Ryan Noda grounds out, second baseman David Fletcher to first baseman Brandon Drury.",2,0,0,2,-0.313,0.026,R,Changeup,86.3,L,R
716365,2023-10-01,2023,4,Top,23,3,2,0,0,LAA,OAK,676116,608334,,,,681351,592273,664058,683021,687263,S,,called_strike,Called Strike,2,0,0,2,-0.065,0.0,R,Sinker,92.0,L,R
716365,2023-10-01,2023,4,Top,23,2,1,0,0,LAA,OAK,676116,608334,,,,681351,592273,664058,683021,687263,B,,ball,Ball,2,0,0,2,0.071,0.0,R,Curveball,79.6,L,R
716365,2023-10-01,2023,4,Top,23,1,0,0,0,LAA,OAK,676116,608334,,,,681351,592273,664058,683021,687263,B,,ball,Ball,2,0,0,2,0.04,0.0,R,Curveball,79.7,L,R
716365,2023-10-01,2023,3,Bot,22,4,2,1,2,LAA,OAK,687263,676664,,,,691016,676116,680869,672478,669397,X,field_out,hit_into_play,Zach Neto flies out to center fielder Lawrence Butler.,2,0,2,0,-0.314,-0.008,R,4-Seam Fastball,93.8,R,L
716365,2023-10-01,2023,3,Bot,22,3,1,1,2,LAA,OAK,687263,676664,,,,691016,676116,680869,672478,669397,B,,ball,Ball,2,0,2,0,0.053,0.0,R,Slider,83.2,R,L
716365,2023-10-01,2023,3,Bot,22,2,1,0,2,LAA,OAK,687263,676664,,,,691016,676116,680869,672478,669397,S,,foul,Foul,2,0,2,0,-0.056,0.0,R,4-Seam Fastball,93.2,R,L
716365,2023-10-01,2023,3,Bot,22,1,0,0,2,LAA,OAK,687263,676664,,,,691016,676116,680869,672478,669397,B,,ball,Ball,2,0,2,0,0.043,0.0,R,Sweeper,82.0,R,L
716365,2023-10-01,2023,3,Bot,21,2,0,1,2,LAA,OAK,545341,676664,,,,691016,676116,680869,672478,669397,X,home_run,hit_into_play,Randal Grichuk homers (16) on a fly ball to left center field.,1,0,1,0,2.64,0.108,R,Changeup,85.0,R,L
716365,2023-10-01,2023,3,Bot,21,1,0,0,2,LAA,OAK,545341,676664,,,,691016,676116,680869,672478,669397,S,,called_strike,Called Strike,1,0,1,0,-0.045,0.0,R,Sweeper,82.3,R,L
716365,2023-10-01,2023,3,Bot,20,7,3,2,1,LAA,OAK,621433,676664,,,,691016,676116,680869,672478,669397,X,field_out,hit_into_play,Brett Phillips pops out to shortstop Nick Allen.,1,0,1,0,-0.328,-0.015,R,4-Seam Fastball,94.5,L,L
716365,2023-10-01,2023,3,Bot,20,6,2,2,1,LAA,OAK,621433,676664,,,,691016,676116,680869,672478,669397,B,,ball,Ball,1,0,1,0,0.094,0.0,R,Slider,84.4,L,L
716365,2023-10-01,2023,3,Bot,20,5,2,2,1,LAA,OAK,621433,676664,,,,691016,676116,680869,672478,669397,S,,foul,Foul,1,0,1,0,0.0,0.0,R,4-Seam Fastball,94.4,L,L
716365,2023-10-01,2023,3,Bot,20,4,1,2,1,LAA,OAK,621433,676664,,,,691016,676116,680869,672478,669397,B,,ball,Ball,1,0,1,0,0.045,0.0,R,Sweeper,82.5,L,L
716365,2023-10-01,2023,3,Bot,20,3,0,2,1,LAA,OAK,621433,676664,,,,691016,676116,680869,672478,669397,B,,ball,Ball,1,0,1,0,0.019,0.0,R,Slider,83.3,L,L
716365,2023-10-01,2023,3,Bot,20,2,0,1,1,LAA,OAK,621433,676664,,,,691016,676116,680869,672478,669397,S,,called_strike,Called Strike,1,0,1,0,-0.057,0.0,R,Slider,82.6,L,L
716365,2023-10-01,2023,3,Bot,20,1,0,0,1,LAA,OAK,621433,676664,,,,691016,676116,680869,672478,669397,S,,swinging_strike,Swinging Strike,1,0,1,0,-0.041,0.0,R,4-Seam Fastball,94.1,L,L
716365,2023-10-01,2023,3,Bot,19,2,0,1,0,LAA,OAK,664058,676664,,,,691016,676116,680869,672478,669397,X,field_out,hit_into_play,"David Fletcher grounds out, second baseman Zack Gelof to first baseman Ryan Noda.",1,0,1,0,-0.223,-0.02,R,Changeup,84.9,R,L
716365,2023-10-01,2023,3,Bot,19,1,0,0,0,LAA,OAK,664058,676664,,,,691016,676116,680869,672478,669397,S,,called_strike,Called Strike,1,0,1,0,-0.042,0.0,R,4-Seam Fastball,92.8,R,L
716365,2023-10-01,2023,3,Top,18,3,1,1,2,LAA,OAK,680869,608334,,,665923,681351,592273,664058,683021,687263,X,field_out,hit_into_play,Zack Gelof lines out to center fielder Brett Phillips.,1,0,0,1,-0.286,0.042,R,Changeup,87.1,R,R
716365,2023-10-01,2023,3,Top,18,2,0,1,2,LAA,OAK,680869,608334,,665923,,681351,592273,664058,683021,687263,B,,ball,Ball,1,0,0,1,0.02,-0.004,R,Slider,87.5,R,R
716365,2023-10-01,2023,3,Top,18,1,0,0,2,LAA,OAK,680869,608334,,665923,,681351,592273,664058,683021,687263,S,,called_strike,Called Strike,1,0,0,1,-0.046,0.0,R,Changeup,87.4,R,R
716365,2023-10-01,2023,3,Top,17,5,1,2,1,LAA,OAK,665923,608334,669397,,,681351,592273,664058,683021,687263,X,force_out,hit_into_play,"Esteury Ruiz grounds into a force out, third baseman Michael Stefanic to second baseman David Fletcher. Nick Allen out at 2nd. Esteury Ruiz to 1st.",1,0,0,1,-0.261,0.033,R,Sinker,92.8,R,R
716365,2023-10-01,2023,3,Top,17,4,0,2,1,LAA,OAK,665923,608334,669397,,,681351,592273,664058,683021,687263,B,,blocked_ball,Ball In Dirt,1,0,0,1,0.023,0.0,R,Slider,86.1,R,R
716365,2023-10-01,2023,3,Top,17,3,0,2,1,LAA,OAK,665923,608334,669397,,,681351,592273,664058,683021,687263,S,,foul,Foul,1,0,0,1,0.0,0.0,R,Changeup,85.9,R,R
716365,2023-10-01,2023,3,Top,17,2,0,1,1,LAA,OAK,665923,608334,669397,,,681351,592273,664058,683021,687263,S,,called_strike,Called Strike,1,0,0,1,-0.053,0.0,R,Slider,86.0,R,R
716365,2023-10-01,2023,3,Top,17,1,0,0,1,LAA,OAK,665923,608334,669397,,,681351,592273,664058,683021,687263,S,,foul,Foul,1,0,0,1,-0.042,0.0,R,Sinker,93.4,R,R
716365,2023-10-01,2023,3,Top,16,3,1,1,1,LAA,OAK,669397,608334,,,,681351,592273,664058,683021,687263,X,single,hit_into_play,Nick Allen singles on a sharp ground ball to center fielder Brett Phillips.,1,0,0,1,0.427,-0.029,R,Sinker,93.9,R,R
716365,2023-10-01,2023,3,Top,16,2,1,0,1,LAA,OAK,669397,608334,,,,681351,592273,664058,683021,687263,S,,called_strike,Called Strike,1,0,0,1,-0.05,0.0,R,Sinker,92.4,R,R
716365,2023-10-01,2023,3,Top,16,1,0,0,1,LAA,OAK,669397,608334,,,,681351,592273,664058,683021,687263,B,,ball,Ball,1,0,0,1,0.039,0.0,R,Changeup,86.7,R,R
716365,2023-10-01,2023,3,Top,15,4,0,2,0,LAA,OAK,691016,608334,,,,681351,592273,664058,683021,687263,S,strikeout,swinging_strike,Tyler Soderstrom strikes out swinging.,1,0,0,1,-0.169,0.026,R,Curveball,80.9,L,R
716365,2023-10-01,2023,3,Top,15,3,0,2,0,LAA,OAK,691016,608334,,,,681351,592273,664058,683021,687263,S,,foul,Foul,1,0,0,1,0.0,0.0,R,Changeup,86.9,L,R
716365,2023-10-01,2023,3,Top,15,2,0,1,0,LAA,OAK,691016,608334,,,,681351,592273,664058,683021,687263,S,,called_strike,Called Strike,1,0,0,1,-0.054,0.0,R,Sinker,92.2,L,R
716365,2023-10-01,2023,3,Top,15,1,0,0,0,LAA,OAK,691016,608334,,,,681351,592273,664058,683021,687263,S,,called_strike,Called Strike,1,0,0,1,-0.042,0.0,R,Curveball,79.2,L,R
716365,2023-10-01,2023,2,Bot,14,2,1,0,2,LAA,OAK,683021,676664,,,,691016,676116,680869,672478,669397,X,field_out,hit_into_play,"Michael Stefanic grounds out, shortstop Nick Allen to first baseman Ryan Noda.",1,0,1,0,-0.317,-0.009,R,4-Seam Fastball,94.0,R,L
716365,2023-10-01,2023,2,Bot,14,1,0,0,2,LAA,OAK,683021,676664,,,,691016,676116,680869,672478,669397,B,,ball,Ball,1,0,1,0,0.043,0.0,R,4-Seam Fastball,94.9,R,L
716365,2023-10-01,2023,2,Bot,13,5,2,2,1,LAA,OAK,500871,676664,,,,691016,676116,680869,672478,669397,S,strikeout,swinging_strike,Eduardo Escobar strikes out swinging.,1,0,1,0,-0.234,-0.014,R,4-Seam Fastball,94.4,R,L
716365,2023-10-01,2023,2,Bot,13,4,1,2,1,LAA,OAK,500871,676664,,,,691016,676116,680869,672478,669397,B,,ball,Ball,1,0,1,0,0.045,0.0,R,4-Seam Fastball,94.3,R,L
716365,2023-10-01,2023,2,Bot,13,3,1,1,1,LAA,OAK,500871,676664,,,,691016,676116,680869,672478,669397,S,,swinging_strike,Swinging Strike,1,0,1,0,-0.068,0.0,R,4-Seam Fastball,94.3,R,L
716365,2023-10-01,2023,2,Bot,13,2,0,1,1,LAA,OAK,500871,676664,,,,691016,676116,680869,672478,669397,B,,ball,Ball,1,0,1,0,0.03,0.0,R,Sweeper,81.7,R,L
716365,2023-10-01,2023,2,Bot,13,1,0,0,1,LAA,OAK,500871,676664,,,,691016,676116,680869,672478,669397,S,,called_strike,Called Strike,1,0,1,0,-0.041,0.0,R,Sweeper,81.8,R,L
716365,2023-10-01,2023,2,Bot,12,2,0,1,0,LAA,OAK,666176,676664,,,,691016,676116,680869,672478,669397,X,field_out,hit_into_play,Jo Adell flies out to center fielder Lawrence Butler.,1,0,1,0,-0.223,-0.02,R,Changeup,84.7,R,L
716365,2023-10-01,2023,2,Bot,12,1,0,0,0,LAA,OAK,666176,676664,,,,691016,676116,680869,672478,669397,S,,foul,Foul,1,0,1,0,-0.042,0.0,R,4-Seam Fastball,93.6,R,L
716365,2023-10-01,2023,2,Top,11,5,3,1,2,LAA,OAK,672478,608334,671732,,,681351,592273,664058,683021,687263,X,field_out,hit_into_play,"Jordan Diaz grounds out, third baseman Michael Stefanic to first baseman Brandon Drury.",1,0,0,1,-0.399,0.025,R,Changeup,86.4,R,R
716365,2023-10-01,2023,2,Top,11,4,3,0,2,LAA,OAK,672478,608334,671732,,,681351,592273,664058,683021,687263,S,,called_strike,Called Strike,1,0,0,1,-0.058,0.0,R,Sinker,93.6,R,R
716365,2023-10-01,2023,2,Top,11,3,2,0,2,LAA,OAK,672478,608334,671732,,,681351,592273,664058,683021,687263,B,,ball,Ball,1,0,0,1,0.104,0.0,R,Sinker,92.7,R,R
716365,2023-10-01,2023,2,Top,11,2,1,0,2,LAA,OAK,672478,608334,671732,,,681351,592273,664058,683021,687263,B,,blocked_ball,Ball In Dirt,1,0,0,1,0.037,0.0,R,Changeup,86.9,R,R
716365,2023-10-01,2023,2,Top,11,1,0,0,2,LAA,OAK,672478,608334,671732,,,681351,592273,664058,683021,687263,B,,ball,Ball,1,0,0,1,0.03,0.0,R,Sinker,92.8,R,R
716365,2023-10-01,2023,2,Top,10,1,0,0,1,LAA,OAK,671732,608334,,668709,,681351,592273,664058,683021,687263,X,fielders_choice_out,hit_into_play,"Lawrence Butler reaches on a fielder's choice out, shortstop Zach Neto to third baseman Michael Stefanic. JJ Bleday out at 3rd.",1,0,0,1,-0.276,0.047,R,Sinker,94.0,L,R
716365,2023-10-01,2023,2,Top,9,1,0,0,0,LAA,OAK,668709,608334,667670,,,681351,592273,664058,683021,687263,X,force_out,hit_into_play,"JJ Bleday grounds into a force out, fielded by shortstop Zach Neto. Brent Rooker out at 2nd. JJ Bleday advances to 2nd, on a throwing error by shortstop Zach Neto.",1,0,0,1,-0.35,0.02,R,Changeup,87.5,L,R
716365,2023-10-01,2023,2,Top,8,5,3,1,0,LAA,OAK,667670,608334,,,,681351,592273,664058,683021,687263,B,walk,blocked_ball,Brent Rooker walks.,1,0,0,1,0.259,-0.04,R,Sinker,92.9,R,R
716365,2023-10-01,2023,2,Top,8,4,2,1,0,LAA,OAK,667670,608334,,,,681351,592273,664058,683021,687263,B,,ball,Ball,1,0,0,1,0.129,0.0,R,Changeup,85.3,R,R
716365,2023-10-01,2023,2,Top,8,3,2,0,0,LAA,OAK,667670,608334,,,,681351,592273,664058,683021,687263,S,,foul,Foul,1,0,0,1,-0.065,0.0,R,Sinker,92.5,R,R
716365,2023-10-01,2023,2,Top,8,2,1,0,0,LAA,OAK,667670,608334,,,,681351,592273,664058,683021,687263,B,,ball,Ball,1,0,0,1,0.071,0.0,R,Changeup,86.1,R,R
716365,2023-10-01,2023,2,Top,8,1,0,0,0,LAA,OAK,667670,608334,,,,681351,592273,664058,683021,687263,B,,ball,Ball,1,0,0,1,0.04,0.0,R,Slider,86.4,R,R
716365,2023-10-01,2023,1,Bot,7,1,0,0,2,LAA,OAK,681351,676664,,,,691016,676116,680869,672478,669397,X,field_out,hit_into_play,Logan O'Hoppe pops out to shortstop Nick Allen.,1,0,1,0,-0.275,-0.009,R,Slider,82.6,R,L
716365,2023-10-01,2023,1,Bot,6,5,3,1,2,LAA,OAK,592273,676664,,,,691016,676116,680869,672478,669397,X,home_run,hit_into_play,Brandon Drury homers (25) on a fly ball to left field.,0,0,0,0,2.441,0.107,R,4-Seam Fastball,93.7,R,L
716365,2023-10-01,2023,1,Bot,6,4,2,1,2,LAA,OAK,592273,676664,,,,691016,676116,680869,672478,669397,B,,ball,Ball,0,0,0,0,0.116,0.0,R,Slider,82.5,R,L
716365,2023-10-01,2023,1,Bot,6,3,1,1,2,LAA,OAK,592273,676664,,,,691016,676116,680869,672478,669397,B,,ball,Ball,0,0,0,0,0.053,0.0,R,4-Seam Fastball,94.5,R,L
716365,2023-10-01,2023,1,Bot,6,2,1,0,2,LAA,OAK,592273,676664,,,,691016,676116,680869,672478,669397,S,,foul,Foul,0,0,0,0,-0.056,0.0,R,4-Seam Fastball,94.3,R,L
716365,2023-10-01,2023,1,Bot,6,1,0,0,2,LAA,OAK,592273,676664,,,,691016,676116,680869,672478,669397,B,,ball,Ball,0,0,0,0,0.043,0.0,R,4-Seam Fastball,93.8,R,L
716365,2023-10-01,2023,1,Bot,5,5,1,2,1,LAA,OAK,687263,676664,,,,691016,676116,680869,672478,669397,S,strikeout,swinging_strike,"Zach Neto strikes out swinging, catcher Tyler Soderstrom to first baseman Ryan Noda.",0,0,0,0,-0.189,-0.016,R,Sweeper,83.6,R,L
716365,2023-10-01,2023,1,Bot,5,4,1,2,1,LAA,OAK,687263,676664,,,,691016,676116,680869,672478,669397,S,,foul,Foul,0,0,0,0,0.0,0.0,R,4-Seam Fastball,95.0,R,L
716365,2023-10-01,2023,1,Bot,5,3,1,1,1,LAA,OAK,687263,676664,,,,691016,676116,680869,672478,669397,S,,foul,Foul,0,0,0,0,-0.068,0.0,R,4-Seam Fastball,94.5,R,L
716365,2023-10-01,2023,1,Bot,5,2,1,0,1,LAA,OAK,687263,676664,,,,691016,676116,680869,672478,669397,S,,called_strike,Called Strike,0,0,0,0,-0.05,0.0,R,Slider,81.7,R,L
716365,2023-10-01,2023,1,Bot,5,1,0,0,1,LAA,OAK,687263,676664,,,,691016,676116,680869,672478,669397,B,,ball,Ball,0,0,0,0,0.039,0.0,R,4-Seam Fastball,94.0,R,L
716365,2023-10-01,2023,1,Bot,4,5,2,2,0,LAA,OAK,545341,676664,,,,691016,676116,680869,672478,669397,X,field_out,hit_into_play,Randal Grichuk lines out sharply to shortstop Nick Allen.,0,0,0,0,-0.239,-0.021,R,4-Seam Fastball,93.9,R,L
716365,2023-10-01,2023,1,Bot,4,4,2,1,0,LAA,OAK,545341,676664,,,,691016,676116,680869,672478,669397,S,,foul,Foul,0,0,0,0,-0.074,0.0,R,4-Seam Fastball,94.0,R,L
716365,2023-10-01,2023,1,Bot,4,3,1,1,0,LAA,OAK,545341,676664,,,,691016,676116,680869,672478,669397,B,,ball,Ball,0,0,0,0,0.059,0.0,R,4-Seam Fastball,93.7,R,L
716365,2023-10-01,2023,1,Bot,4,2,0,1,0,LAA,OAK,545341,676664,,,,691016,676116,680869,672478,669397,B,,ball,Ball,0,0,0,0,0.031,0.0,R,4-Seam Fastball,92.5,R,L
716365,2023-10-01,2023,1,Bot,4,1,0,0,0,LAA,OAK,545341,676664,,,,691016,676116,680869,672478,669397,S,,swinging_strike,Swinging Strike,0,0,0,0,-0.042,0.0,R,4-Seam Fastball,93.7,R,L
716365,2023-10-01,2023,1,Top,3,6,2,2,2,LAA,OAK,676116,608334,,,,681351,592273,664058,683021,687263,X,field_out,hit_into_play,"Ryan Noda grounds out, first baseman Brandon Drury to pitcher Carson Fulmer.",0,0,0,0,-0.233,0.01,R,Sinker,94.0,L,R
716365,2023-10-01,2023,1,Top,3,5,2,2,2,LAA,OAK,676116,608334,,,,681351,592273,664058,683021,687263,S,,foul,Foul,0,0,0,0,0.0,0.0,R,Sinker,93.8,L,R
716365,2023-10-01,2023,1,Top,3,4,2,1,2,LAA,OAK,676116,608334,,,,681351,592273,664058,683021,687263,S,,foul_tip,Foul Tip,0,0,0,0,-0.081,0.0,R,Changeup,86.4,L,R
716365,2023-10-01,2023,1,Top,3,3,2,0,2,LAA,OAK,676116,608334,,,,681351,592273,664058,683021,687263,S,,called_strike,Called Strike,0,0,0,0,-0.06,0.0,R,Changeup,86.6,L,R
716365,2023-10-01,2023,1,Top,3,2,1,0,2,LAA,OAK,676116,608334,,,,681351,592273,664058,683021,687263,B,,ball,Ball,0,0,0,0,0.056,0.0,R,Sinker,93.1,L,R
716365,2023-10-01,2023,1,Top,3,1,0,0,2,LAA,OAK,676116,608334,,,,681351,592273,664058,683021,687263,B,,ball,Ball,0,0,0,0,0.043,0.0,R,Changeup,86.9,L,R
716365,2023-10-01,2023,1,Top,2,2,0,1,1,LAA,OAK,680869,608334,,,,681351,592273,664058,683021,687263,X,field_out,hit_into_play,"Zack Gelof grounds out softly, second baseman David Fletcher to first baseman Brandon Drury.",0,0,0,0,-0.227,0.015,R,Changeup,86.0,R,R
716365,2023-10-01,2023,1,Top,2,1,0,0,1,LAA,OAK,680869,608334,,,,681351,592273,664058,683021,687263,S,,foul,Foul,0,0,0,0,-0.041,0.0,R,Changeup,86.2,R,R
716365,2023-10-01,2023,1,Top,1,5,3,1,0,LAA,OAK,665923,608334,,,,681351,592273,664058,683021,687263,B,walk,ball,Esteury Ruiz walks.,0,0,0,0,0.259,-0.036,R,Sinker,93.1,R,R
716365,2023-10-01,2023,1,Top,1,4,2,1,0,LAA,OAK,665923,608334,,,,681351,592273,664058,683021,687263,B,,ball,Ball,0,0,0,0,0.129,0.0,R,Changeup,85.6,R,R
716365,2023-10-01,2023,1,Top,1,3,2,0,0,LAA,OAK,665923,608334,,,,681351,592273,664058,683021,687263,S,,called_strike,Called Strike,0,0,0,0,-0.065,0.0,R,Changeup,85.5,R,R
716365,2023-10-01,2023,1,Top,1,2,1,0,0,LAA,OAK,665923,608334,,,,681351,592273,664058,683021,687263,B,,ball,Ball,0,0,0,0,0.071,0.0,R,Sinker,92.4,R,R
716365,2023-10-01,2023,1,Top,1,1,0,0,0,LAA,OAK,665923,608334,,,,681351,592273,664058,683021,687263,B,,ball,Ball,0,0,0,0,0.04,0.0,R,Sinker,91.9,R,R
716364,2023-10-01,2023,9,Top,69,5,2,2,2,MIL,CHC,676724,676083,,,,605170,642133,655316,518626,668930,S,strikeout,swinging_strike,Jared Young strikes out swinging.,4,0,0,4,-0.233,0.001,R,Curveball,83.6,L,R
716364,2023-10-01,2023,9,Top,69,4,1,2,2,MIL,CHC,676724,676083,,,,605170,642133,655316,518626,668930,B,,ball,Ball,4,0,0,4,0.041,0.0,R,4-Seam Fastball,95.7,L,R
716364,2023-10-01,2023,9,Top,69,3,1,1,2,MIL,CHC,676724,676083,,,,605170,642133,655316,518626,668930,S,,foul,Foul,4,0,0,4,-0.069,0.0,R,4-Seam Fastball,93.9,L,R
716364,2023-10-01,2023,9,Top,69,2,1,0,2,MIL,CHC,676724,676083,,,,605170,642133,655316,518626,668930,S,,foul_tip,Foul Tip,4,0,0,4,-0.056,0.0,R,4-Seam Fastball,93.8,L,R
716364,2023-10-01,2023,9,Top,69,1,0,0,2,MIL,CHC,676724,676083,,,,605170,642133,655316,518626,668930,B,,ball,Ball,4,0,0,4,0.043,0.0,R,4-Seam Fastball,94.7,L,R
716364,2023-10-01,2023,9,Top,68,4,0,2,1,MIL,CHC,621550,676083,,,,605170,642133,655316,518626,668930,S,strikeout,swinging_strike,Patrick Wisdom strikes out swinging.,4,0,0,4,-0.17,0.004,R,4-Seam Fastball,95.8,R,R
716364,2023-10-01,2023,9,Top,68,3,0,2,1,MIL,CHC,621550,676083,,,,605170,642133,655316,518626,668930,S,,foul,Foul,4,0,0,4,0.0,0.0,R,Curveball,83.1,R,R
716364,2023-10-01,2023,9,Top,68,2,0,1,1,MIL,CHC,621550,676083,,,,605170,642133,655316,518626,668930,S,,foul,Foul,4,0,0,4,-0.057,0.0,R,Curveball,81.8,R,R
716364,2023-10-01,2023,9,Top,68,1,0,0,1,MIL,CHC,621550,676083,,,,605170,642133,655316,518626,668930,S,,called_strike,Called Strike,4,0,0,4,-0.041,0.0,R,Slider,83.2,R,R
716364,2023-10-01,2023,9,Top,67,4,0,2,0,MIL,CHC,643565,676083,,,,605170,642133,655316,518626,668930,S,strikeout,called_strike,Mike Tauchman called out on strikes.,4,0,0,4,-0.169,0.008,R,Curveball,83.5,L,R
716364,2023-10-01,2023,9,Top,67,3,0,2,0,MIL,CHC,643565,676083,,,,605170,642133,655316,518626,668930,S,,foul,Foul,4,0,0,4,0.0,0.0,R,4-Seam Fastball,95.1,L,R
716364,2023-10-01,2023,9,Top,67,2,0,1,0,MIL,CHC,643565,676083,,,,605170,642133,655316,518626,668930,S,,swinging_strike,Swinging Strike,4,0,0,4,-0.054,0.0,R,4-Seam Fastball,94.0,L,R
716364,2023-10-01,2023,9,Top,67,1,0,0,0,MIL,CHC,643565,676083,,,,605170,642133,655316,518626,668930,S,,swinging_strike,Swinging Strike,4,0,0,4,-0.042,0.0,R,4-Seam Fastball,92.9,L,R
716364,2023-10-01,2023,8,Bot,66,3,0,2,2,MIL,CHC,621438,572888,,,,665804,676724,670156,621550,666624,S,strikeout,swinging_strike,Tyrone Taylor strikes out swinging.,4,0,4,0,-0.169,-0.001,R,Sweeper,82.2,R,R
716364,2023-10-01,2023,8,Bot,66,2,0,1,2,MIL,CHC,621438,572888,,,,665804,676724,670156,621550,666624,S,,called_strike,Called Strike,4,0,4,0,-0.061,0.0,R,Sweeper,81.7,R,R
716364,2023-10-01,2023,8,Bot,66,1,0,0,2,MIL,CHC,621438,572888,,,,665804,676724,670156,621550,666624,S,,swinging_strike,Swinging Strike,4,0,4,0,-0.045,0.0,R,Sweeper,80.3,R,R
716364,2023-10-01,2023,8,Bot,65,5,2,2,1,MIL,CHC,669003,572888,,,,665804,676724,670156,621550,666624,X,field_out,hit_into_play,"Garrett Mitchell grounds out, pitcher Shane Greene to first baseman Jared Young.",4,0,4,0,-0.234,0.0,R,Cutter,89.8,L,R
716364,2023-10-01,2023,8,Bot,65,4,1,2,1,MIL,CHC,669003,572888,,,,665804,676724,670156,621550,666624,B,,ball,Ball,4,0,4,0,0.045,0.0,R,Changeup,85.8,L,R
716364,2023-10-01,2023,8,Bot,65,3,1,1,1,MIL,CHC,669003,572888,,,,665804,676724,670156,621550,666624,S,,foul,Foul,4,0,4,0,-0.068,0.0,R,4-Seam Fastball,92.2,L,R
716364,2023-10-01,2023,8,Bot,65,2,0,1,1,MIL,CHC,669003,572888,,,,665804,676724,670156,621550,666624,B,,ball,Ball,4,0,4,0,0.03,0.0,R,Changeup,84.0,L,R
716364,2023-10-01,2023,8,Bot,65,1,0,0,1,MIL,CHC,669003,572888,,,,665804,676724,670156,621550,666624,S,,called_strike,Called Strike,4,0,4,0,-0.041,0.0,R,Cutter,85.8,L,R
716364,2023-10-01,2023,8,Bot,64,4,1,2,0,MIL,CHC,518626,572888,,,,665804,676724,670156,621550,666624,X,field_out,hit_into_play,"Josh Donaldson grounds out, second baseman Miles Mastrobuoni to first baseman Jared Young.",4,0,4,0,-0.193,-0.001,R,Sweeper,82.6,R,R
716364,2023-10-01,2023,8,Bot,64,3,1,1,0,MIL,CHC,518626,572888,,,,665804,676724,670156,621550,666624,S,,called_strike,Called Strike,4,0,4,0,-0.061,0.0,R,Sweeper,81.6,R,R
716364,2023-10-01,2023,8,Bot,64,2,1,0,0,MIL,CHC,518626,572888,,,,665804,676724,670156,621550,666624,S,,called_strike,Called Strike,4,0,4,0,-0.052,0.0,R,Sweeper,79.9,R,R
716364,2023-10-01,2023,8,Bot,64,1,0,0,0,MIL,CHC,518626,572888,,,,665804,676724,670156,621550,666624,B,,ball,Ball,4,0,4,0,0.04,0.0,R,Sweeper,79.6,R,R
716364,2023-10-01,2023,8,Top,63,2,0,1,2,MIL,CHC,672744,676083,666624,,,605170,642133,655316,518626,668930,X,force_out,hit_into_play,"Alexander Canario grounds into a force out, shortstop Brice Turang to second baseman Andruw Monasterio.   Christopher Morel out at 2nd.",4,0,0,4,-0.241,0.008,R,4-Seam Fastball,95.0,R,R
716364,2023-10-01,2023,8,Top,63,1,0,0,2,MIL,CHC,672744,676083,666624,,,605170,642133,655316,518626,668930,S,,foul,Foul,4,0,0,4,-0.045,0.0,R,Curveball,82.0,R,R
716364,2023-10-01,2023,8,Top,62,1,0,0,1,MIL,CHC,600869,676083,666624,,,605170,642133,655316,518626,668930,X,field_out,hit_into_play,Jeimer Candelario pops out to third baseman Josh Donaldson in foul territory.,4,0,0,4,-0.257,0.014,R,4-Seam Fastball,93.8,L,R
716364,2023-10-01,2023,8,Top,61,2,0,1,1,MIL,CHC,666624,676083,,,,605170,642133,655316,518626,668930,X,single,hit_into_play,Christopher Morel singles on a sharp line drive to center fielder Garrett Mitchell.,4,0,0,4,0.457,-0.013,R,Sinker,94.8,R,R
716364,2023-10-01,2023,8,Top,61,1,0,0,1,MIL,CHC,666624,676083,,,,605170,642133,655316,518626,668930,S,,foul,Foul,4,0,0,4,-0.041,0.0,R,4-Seam Fastball,94.5,R,R
716364,2023-10-01,2023,8,Top,60,8,3,2,0,MIL,CHC,691718,676083,,,,605170,642133,655316,518626,668930,X,field_out,hit_into_play,Pete Crow-Armstrong pops out to shortstop Brice Turang.,4,0,0,4,-0.353,0.012,R,4-Seam Fastball,93.4,L,R
716364,2023-10-01,2023,8,Top,60,7,2,2,0,MIL,CHC,691718,676083,,,,605170,642133,655316,518626,668930,B,,ball,Ball,4,0,0,4,0.115,0.0,R,Slider,84.0,L,R
716364,2023-10-01,2023,8,Top,60,6,2,2,0,MIL,CHC,691718,676083,,,,605170,642133,655316,518626,668930,S,,foul,Foul,4,0,0,4,0.0,0.0,R,4-Seam Fastball,94.9,L,R
716364,2023-10-01,2023,8,Top,60,5,2,2,0,MIL,CHC,691718,676083,,,,605170,642133,655316,518626,668930,S,,foul,Foul,4,0,0,4,0.0,0.0,R,Curveball,82.6,L,R
716364,2023-10-01,2023,8,Top,60,4,1,2,0,MIL,CHC,691718,676083,,,,605170,642133,655316,518626,668930,B,,ball,Ball,4,0,0,4,0.046,0.0,R,Curveball,84.5,L,R
716364,2023-10-01,2023,8,Top,60,3,1,1,0,MIL,CHC,691718,676083,,,,605170,642133,655316,518626,668930,S,,foul,Foul,4,0,0,4,-0.061,0.0,R,4-Seam Fastball,93.8,L,R
716364,2023-10-01,2023,8,Top,60,2,0,1,0,MIL,CHC,691718,676083,,,,605170,642133,655316,518626,668930,B,,ball,Ball,4,0,0,4,0.031,0.0,R,Curveball,83.4,L,R
716364,2023-10-01,2023,8,Top,60,1,0,0,0,MIL,CHC,691718,676083,,,,605170,642133,655316,518626,668930,S,,foul,Foul,4,0,0,4,-0.042,0.0,R,Curveball,81.8,L,R
716364,2023-10-01,2023,7,Bot,59,4,2,1,1,MIL,CHC,655316,572888,642133,686217,605170,665804,676724,670156,621550,666624,X,grounded_into_double_play,hit_into_play,"Andruw Monasterio grounds into a double play, third baseman Patrick Wisdom to first baseman Jared Young.   Sal Frelick out at 3rd.    Andruw Monasterio out at 1st.",4,0,4,0,-0.293,-0.016,R,Sinker,93.3,R,R
716364,2023-10-01,2023,7,Bot,59,3,1,1,1,MIL,CHC,655316,572888,642133,686217,605170,665804,676724,670156,621550,666624,B,,ball,Ball,4,0,4,0,0.022,0.0,R,Sweeper,80.4,R,R
716364,2023-10-01,2023,7,Bot,59,2,1,0,1,MIL,CHC,655316,572888,642133,686217,605170,665804,676724,670156,621550,666624,S,,called_strike,Called Strike,4,0,4,0,-0.056,0.0,R,Sweeper,80.2,R,R
716364,2023-10-01,2023,7,Bot,59,1,0,0,1,MIL,CHC,655316,572888,642133,686217,605170,665804,676724,670156,621550,666624,B,,ball,Ball,4,0,4,0,0.032,0.0,R,Cutter,88.1,R,R
716364,2023-10-01,2023,7,Bot,58,6,3,2,1,MIL,CHC,642133,572888,686217,605170,,665804,676724,670156,621550,666624,B,walk,ball,Rowdy Tellez walks.   Victor Caratini to 3rd.    Sal Frelick to 2nd.,4,0,4,0,0.318,0.006,R,Cutter,89.5,L,R
716364,2023-10-01,2023,7,Bot,58,5,2,2,1,MIL,CHC,642133,572888,686217,605170,,665804,676724,670156,621550,666624,B,,ball,Ball,4,0,4,0,0.062,0.0,R,Changeup,84.0,L,R
716364,2023-10-01,2023,7,Bot,58,4,1,2,1,MIL,CHC,642133,572888,686217,605170,,665804,676724,670156,621550,666624,B,,ball,Ball,4,0,4,0,0.028,0.0,R,4-Seam Fastball,94.2,L,R
716364,2023-10-01,2023,7,Bot,58,3,1,1,1,MIL,CHC,642133,572888,686217,605170,,665804,676724,670156,621550,666624,S,,swinging_strike,Swinging Strike,4,0,4,0,-0.059,0.0,R,Changeup,85.0,L,R
716364,2023-10-01,2023,7,Bot,58,2,0,1,1,MIL,CHC,642133,572888,686217,605170,,665804,676724,670156,621550,666624,B,,ball,Ball,4,0,4,0,0.031,0.0,R,Sweeper,80.1,L,R
716364,2023-10-01,2023,7,Bot,58,1,0,0,1,MIL,CHC,642133,572888,686217,605170,,665804,676724,670156,621550,666624,S,,called_strike,Called Strike,4,0,4,0,-0.04,0.0,R,Cutter,89.2,L,R
716364,2023-10-01,2023,7,Bot,57,4,3,0,1,MIL,CHC,686217,572888,,605170,,665804,676724,670156,621550,666624,B,walk,ball,Sal Frelick walks.,4,0,4,0,0.081,0.002,R,4-Seam Fastball,93.6,L,R
716364,2023-10-01,2023,7,Bot,57,3,2,0,1,MIL,CHC,686217,572888,,605170,,665804,676724,670156,621550,666624,B,,ball,Ball,4,0,4,0,0.072,0.0,R,Sinker,92.7,L,R
716364,2023-10-01,2023,7,Bot,57,2,1,0,1,MIL,CHC,686217,572888,,605170,,665804,676724,670156,621550,666624,B,,ball,Ball,4,0,4,0,0.036,0.0,R,Cutter,87.6,L,R
716364,2023-10-01,2023,7,Bot,57,1,0,0,1,MIL,CHC,686217,572888,,605170,,665804,676724,670156,621550,666624,B,,ball,Ball,4,0,4,0,0.034,0.0,R,Cutter,86.7,L,R
716364,2023-10-01,2023,7,Bot,56,2,1,0,1,MIL,CHC,605170,572888,,,,665804,676724,670156,621550,666624,X,double,hit_into_play,Victor Caratini doubles (4) on a ground ball to right fielder Alexander Canario.,4,0,4,0,0.623,0.005,R,4-Seam Fastball,92.9,L,R
716364,2023-10-01,2023,7,Bot,56,1,0,0,1,MIL,CHC,605170,572888,,,,665804,676724,670156,621550,666624,B,,ball,Ball,4,0,4,0,0.039,0.0,R,Cutter,88.3,L,R
716364,2023-10-01,2023,7,Bot,55,5,2,2,0,MIL,CHC,663368,572888,,,,665804,676724,670156,621550,666624,S,strikeout,called_strike,Blake Perkins called out on strikes.,4,0,4,0,-0.239,-0.003,R,Cutter,89.0,L,R
716364,2023-10-01,2023,7,Bot,55,4,1,2,0,MIL,CHC,663368,572888,,,,665804,676724,670156,621550,666624,B,,ball,Ball,4,0,4,0,0.046,0.0,R,4-Seam Fastball,94.9,L,R
716364,2023-10-01,2023,7,Bot,55,3,1,1,0,MIL,CHC,663368,572888,,,,665804,676724,670156,621550,666624,S,,called_strike,Called Strike,4,0,4,0,-0.061,0.0,R,Cutter,89.3,L,R
716364,2023-10-01,2023,7,Bot,55,2,0,1,0,MIL,CHC,663368,572888,,,,665804,676724,670156,621550,666624,B,,ball,Ball,4,0,4,0,0.031,0.0,R,Changeup,85.3,L,R
716364,2023-10-01,2023,7,Bot,55,1,0,0,0,MIL,CHC,663368,572888,,,,665804,676724,670156,621550,666624,S,,called_strike,Called Strike,4,0,4,0,-0.042,0.0,R,4-Seam Fastball,92.2,L,R
716364,2023-10-01,2023,7,Top,54,2,0,1,2,MIL,CHC,670156,676083,,,,605170,642133,655316,518626,668930,X,field_out,hit_into_play,"Miles Mastrobuoni grounds out, first baseman Rowdy Tellez to pitcher Janson Junk.",4,0,0,4,-0.23,0.004,R,Curveball,83.5,L,R
716364,2023-10-01,2023,7,Top,54,1,0,0,2,MIL,CHC,670156,676083,,,,605170,642133,655316,518626,668930,S,,called_strike,Called Strike,4,0,0,4,-0.045,0.0,R,4-Seam Fastball,94.5,L,R
716364,2023-10-01,2023,7,Top,53,3,0,2,1,MIL,CHC,665804,676083,,,,605170,642133,655316,518626,668930,X,field_out,hit_into_play,"Miguel Amaya grounds out, third baseman Josh Donaldson to first baseman Rowdy Tellez.",4,0,0,4,-0.17,0.009,R,Curveball,82.9,R,R
716364,2023-10-01,2023,7,Top,53,2,0,1,1,MIL,CHC,665804,676083,,,,605170,642133,655316,518626,668930,S,,foul,Foul,4,0,0,4,-0.057,0.0,R,4-Seam Fastball,94.2,R,R
716364,2023-10-01,2023,7,Top,53,1,0,0,1,MIL,CHC,665804,676083,,,,605170,642133,655316,518626,668930,S,,foul,Foul,4,0,0,4,-0.041,0.0,R,4-Seam Fastball,94.8,R,R
716364,2023-10-01,2023,7,Top,52,1,0,0,0,MIL,CHC,676724,605177,,,,605170,642133,655316,518626,668930,X,field_out,hit_into_play,Jared Young flies out to center fielder Garrett Mitchell.,4,0,0,4,-0.265,0.014,R,4-Seam Fastball,92.6,L,L
716364,2023-10-01,2023,6,Bot,51,6,3,2,2,MIL,CHC,668930,608648,,,,665804,676724,670156,621550,666624,S,strikeout,swinging_strike,Brice Turang strikes out swinging.,4,0,4,0,-0.336,-0.002,R,Knuckle Curve,82.2,L,R
716364,2023-10-01,2023,6,Bot,51,5,3,1,2,MIL,CHC,668930,608648,,,,665804,676724,670156,621550,666624,S,,foul,Foul,4,0,4,0,-0.093,0.0,R,4-Seam Fastball,91.3,L,R
716364,2023-10-01,2023,6,Bot,51,4,2,1,2,MIL,CHC,668930,608648,,,,665804,676724,670156,621550,666624,B,,ball,Ball,4,0,4,0,0.116,0.0,R,4-Seam Fastball,91.3,L,R
716364,2023-10-01,2023,6,Bot,51,3,2,0,2,MIL,CHC,668930,608648,,,,665804,676724,670156,621550,666624,S,,foul,Foul,4,0,4,0,-0.06,0.0,R,4-Seam Fastball,91.3,L,R
716364,2023-10-01,2023,6,Bot,51,2,1,0,2,MIL,CHC,668930,608648,,,,665804,676724,670156,621550,666624,B,,ball,Ball,4,0,4,0,0.056,0.0,R,Slider,82.1,L,R
716364,2023-10-01,2023,6,Bot,51,1,0,0,2,MIL,CHC,668930,608648,,,,665804,676724,670156,621550,666624,B,,ball,Ball,4,0,4,0,0.043,0.0,R,Slider,81.5,L,R
716364,2023-10-01,2023,6,Bot,50,2,1,0,2,MIL,CHC,621438,608648,,,,665804,676724,670156,621550,666624,X,home_run,hit_into_play,Tyrone Taylor homers (10) on a fly ball to left center field.,3,0,3,0,2.553,0.044,R,Sinker,92.7,R,R
716364,2023-10-01,2023,6,Bot,50,1,0,0,2,MIL,CHC,621438,608648,,,,665804,676724,670156,621550,666624,B,,ball,Ball,3,0,3,0,0.043,0.0,R,4-Seam Fastball,92.5,R,R
716364,2023-10-01,2023,6,Bot,49,6,3,2,1,MIL,CHC,669003,608648,,,,665804,676724,670156,621550,666624,X,field_out,hit_into_play,Garrett Mitchell flies out to right fielder Alexander Canario.,3,0,3,0,-0.328,-0.006,R,4-Seam Fastball,92.8,L,R
716364,2023-10-01,2023,6,Bot,49,5,3,1,1,MIL,CHC,669003,608648,,,,665804,676724,670156,621550,666624,S,,foul,Foul,3,0,3,0,-0.104,0.0,R,Slider,79.7,L,R
716364,2023-10-01,2023,6,Bot,49,4,3,0,1,MIL,CHC,669003,608648,,,,665804,676724,670156,621550,666624,S,,called_strike,Called Strike,3,0,3,0,-0.083,0.0,R,4-Seam Fastball,91.4,L,R
716364,2023-10-01,2023,6,Bot,49,3,2,0,1,MIL,CHC,669003,608648,,,,665804,676724,670156,621550,666624,B,,ball,Ball,3,0,3,0,0.142,0.0,R,4-Seam Fastball,92.2,L,R
716364,2023-10-01,2023,6,Bot,49,2,1,0,1,MIL,CHC,669003,608648,,,,665804,676724,670156,621550,666624,B,,ball,Ball,3,0,3,0,0.066,0.0,R,Changeup,82.3,L,R
716364,2023-10-01,2023,6,Bot,49,1,0,0,1,MIL,CHC,669003,608648,,,,665804,676724,670156,621550,666624,B,,ball,Ball,3,0,3,0,0.039,0.0,R,Slider,79.9,L,R
716364,2023-10-01,2023,6,Bot,48,3,2,0,0,MIL,CHC,518626,608648,,,,665804,676724,670156,621550,666624,X,field_out,hit_into_play,Josh Donaldson pops out to first baseman Jared Young in foul territory.,3,0,3,0,-0.377,-0.007,R,4-Seam Fastball,92.3,R,R
716364,2023-10-01,2023,6,Bot,48,2,1,0,0,MIL,CHC,518626,608648,,,,665804,676724,670156,621550,666624,B,,ball,Ball,3,0,3,0,0.071,0.0,R,Slider,80.4,R,R
716364,2023-10-01,2023,6,Bot,48,1,0,0,0,MIL,CHC,518626,608648,,,,665804,676724,670156,621550,666624,B,,ball,Ball,3,0,3,0,0.04,0.0,R,Sinker,91.3,R,R
716364,2023-10-01,2023,6,Top,47,2,0,1,2,MIL,CHC,621550,605177,,643565,,605170,642133,655316,518626,668930,X,field_out,hit_into_play,Patrick Wisdom flies out to right fielder Blake Perkins.,3,0,0,3,-0.249,0.028,R,Sinker,92.7,R,L
716364,2023-10-01,2023,6,Top,47,1,0,0,2,MIL,CHC,621550,605177,,643565,,605170,642133,655316,518626,668930,S,,foul,Foul,3,0,0,3,-0.046,0.0,R,Sinker,93.8,R,L
716364,2023-10-01,2023,6,Top,46,4,1,2,2,MIL,CHC,643565,605177,,,,605170,642133,655316,518626,668930,X,double,hit_into_play,Mike Tauchman doubles (18) on a ground ball to left fielder Tyrone Taylor.,3,0,0,3,0.658,-0.019,R,4-Seam Fastball,93.7,L,L
716364,2023-10-01,2023,6,Top,46,3,1,1,2,MIL,CHC,643565,605177,,,,605170,642133,655316,518626,668930,S,,called_strike,Called Strike,3,0,0,3,-0.069,0.0,R,Slider,84.5,L,L
716364,2023-10-01,2023,6,Top,46,2,1,0,2,MIL,CHC,643565,605177,,,,605170,642133,655316,518626,668930,S,,called_strike,Called Strike,3,0,0,3,-0.056,0.0,R,4-Seam Fastball,93.8,L,L
716364,2023-10-01,2023,6,Top,46,1,0,0,2,MIL,CHC,643565,605177,,,,605170,642133,655316,518626,668930,B,,ball,Ball,3,0,0,3,0.043,0.0,R,4-Seam Fastball,93.6,L,L
716364,2023-10-01,2023,6,Top,45,3,1,1,1,MIL,CHC,672744,605177,,,,605170,642133,655316,518626,668930,X,field_out,hit_into_play,"Alexander Canario grounds out, shortstop Brice Turang to first baseman Rowdy Tellez.",3,0,0,3,-0.257,0.014,R,Sinker,93.9,R,L
716364,2023-10-01,2023,6,Top,45,2,0,1,1,MIL,CHC,672744,605177,,,,605170,642133,655316,518626,668930,B,,ball,Ball,3,0,0,3,0.03,0.0,R,Slider,85.8,R,L
716364,2023-10-01,2023,6,Top,45,1,0,0,1,MIL,CHC,672744,605177,,,,605170,642133,655316,518626,668930,S,,called_strike,Called Strike,3,0,0,3,-0.041,0.0,R,4-Seam Fastball,93.2,R,L
716364,2023-10-01,2023,6,Top,44,4,2,1,0,MIL,CHC,600869,605177,,,,605170,642133,655316,518626,668930,X,field_out,hit_into_play,Jeimer Candelario flies out to center fielder Garrett Mitchell.,3,0,0,3,-0.313,0.023,R,Sinker,92.6,R,L
716364,2023-10-01,2023,6,Top,44,3,1,1,0,MIL,CHC,600869,605177,,,,605170,642133,655316,518626,668930,B,,ball,Ball,3,0,0,3,0.059,0.0,R,4-Seam Fastball,93.6,R,L
716364,2023-10-01,2023,6,Top,44,2,1,0,0,MIL,CHC,600869,605177,,,,605170,642133,655316,518626,668930,S,,called_strike,Called Strike,3,0,0,3,-0.052,0.0,R,Sinker,91.5,R,L
716364,2023-10-01,2023,6,Top,44,1,0,0,0,MIL,CHC,600869,605177,,,,605170,642133,655316,518626,668930,B,,ball,Ball,3,0,0,3,0.04,0.0,R,Slider,83.6,R,L
716364,2023-10-01,2023,5,Bot,43,4,1,2,2,MIL,CHC,642715,608648,,,,665804,676724,670156,621550,666624,S,strikeout,swinging_strike,Willy Adames strikes out swinging.,3,0,3,0,-0.191,-0.004,R,Slider,82.8,R,R
716364,2023-10-01,2023,5,Bot,43,3,1,1,2,MIL,CHC,642715,608648,,,,665804,676724,670156,621550,666624,S,,swinging_strike,Swinging Strike,3,0,3,0,-0.069,0.0,R,Slider,81.5,R,R
716364,2023-10-01,2023,5,Bot,43,2,1,0,2,MIL,CHC,642715,608648,,,,665804,676724,670156,621550,666624,S,,foul,Foul,3,0,3,0,-0.056,0.0,R,Sinker,94.0,R,R
716364,2023-10-01,2023,5,Bot,43,1,0,0,2,MIL,CHC,642715,608648,,,,665804,676724,670156,621550,666624,B,,ball,Ball,3,0,3,0,0.043,0.0,R,Slider,82.5,R,R
716364,2023-10-01,2023,5,Bot,42,5,0,2,1,MIL,CHC,592192,608648,,,,665804,676724,670156,621550,666624,X,field_out,hit_into_play,Mark Canha pops out to third baseman Patrick Wisdom.,3,0,3,0,-0.17,-0.007,R,Slider,82.0,R,R
716364,2023-10-01,2023,5,Bot,42,4,0,2,1,MIL,CHC,592192,608648,,,,665804,676724,670156,621550,666624,S,,foul,Foul,3,0,3,0,0.0,0.0,R,4-Seam Fastball,93.9,R,R
716364,2023-10-01,2023,5,Bot,42,3,0,2,1,MIL,CHC,592192,608648,,,,665804,676724,670156,621550,666624,S,,foul,Foul,3,0,3,0,0.0,0.0,R,Slider,82.6,R,R
716364,2023-10-01,2023,5,Bot,42,2,0,1,1,MIL,CHC,592192,608648,,,,665804,676724,670156,621550,666624,S,,called_strike,Called Strike,3,0,3,0,-0.057,0.0,R,Sinker,94.4,R,R
716364,2023-10-01,2023,5,Bot,42,1,0,0,1,MIL,CHC,592192,608648,,,,665804,676724,670156,621550,666624,S,,called_strike,Called Strike,3,0,3,0,-0.041,0.0,R,Slider,82.2,R,R
716364,2023-10-01,2023,5,Bot,41,5,2,2,0,MIL,CHC,467793,608648,,,,665804,676724,670156,621550,666624,S,strikeout,called_strike,Carlos Santana called out on strikes.,3,0,3,0,-0.239,-0.009,R,4-Seam Fastball,94.2,L,R
716364,2023-10-01,2023,5,Bot,41,4,2,1,0,MIL,CHC,467793,608648,,,,665804,676724,670156,621550,666624,S,,foul,Foul,3,0,3,0,-0.074,0.0,R,Slider,82.2,L,R
716364,2023-10-01,2023,5,Bot,41,3,2,0,0,MIL,CHC,467793,608648,,,,665804,676724,670156,621550,666624,S,,called_strike,Called Strike,3,0,3,0,-0.065,0.0,R,Slider,80.6,L,R
716364,2023-10-01,2023,5,Bot,41,2,1,0,0,MIL,CHC,467793,608648,,,,665804,676724,670156,621550,666624,B,,ball,Ball,3,0,3,0,0.071,0.0,R,4-Seam Fastball,93.5,L,R
716364,2023-10-01,2023,5,Bot,41,1,0,0,0,MIL,CHC,467793,608648,,,,665804,676724,670156,621550,666624,B,,ball,Ball,3,0,3,0,0.04,0.0,R,4-Seam Fastball,93.4,L,R
716364,2023-10-01,2023,5,Top,40,5,2,2,2,MIL,CHC,666624,605288,,691718,,661388,592192,668930,518626,642715,X,field_out,hit_into_play,"Christopher Morel grounds out, third baseman Josh Donaldson to first baseman Mark Canha.",3,0,0,3,-0.22,0.028,R,Sinker,91.4,R,R
716364,2023-10-01,2023,5,Top,40,4,2,1,2,MIL,CHC,666624,605288,,691718,,661388,592192,668930,518626,642715,S,,called_strike,Called Strike,3,0,0,3,-0.069,0.0,R,Sinker,92.0,R,R
716364,2023-10-01,2023,5,Top,40,3,2,0,2,MIL,CHC,666624,605288,,691718,,661388,592192,668930,518626,642715,S,,foul,Foul,3,0,0,3,-0.055,0.0,R,Sinker,91.5,R,R
716364,2023-10-01,2023,5,Top,40,2,1,0,2,MIL,CHC,666624,605288,691718,,,661388,592192,668930,518626,642715,B,,ball,Ball,3,0,0,3,0.037,-0.007,R,Sinker,91.2,R,R
716364,2023-10-01,2023,5,Top,40,1,0,0,2,MIL,CHC,666624,605288,691718,,,661388,592192,668930,518626,642715,B,,ball,Ball,3,0,0,3,0.03,0.0,R,4-Seam Fastball,92.0,R,R
716364,2023-10-01,2023,5,Top,39,6,3,2,2,MIL,CHC,691718,605288,,,,661388,592192,668930,518626,642715,B,walk,ball,Pete Crow-Armstrong walks.,3,0,0,3,0.286,-0.012,R,4-Seam Fastball,92.4,L,R
716364,2023-10-01,2023,5,Top,39,5,2,2,2,MIL,CHC,691718,605288,,,,661388,592192,668930,518626,642715,B,,ball,Ball,3,0,0,3,0.104,0.0,R,4-Seam Fastball,93.1,L,R
716364,2023-10-01,2023,5,Top,39,4,2,1,2,MIL,CHC,691718,605288,,,,661388,592192,668930,518626,642715,S,,swinging_strike,Swinging Strike,3,0,0,3,-0.081,0.0,R,4-Seam Fastball,92.4,L,R
716364,2023-10-01,2023,5,Top,39,3,1,1,2,MIL,CHC,691718,605288,,,,661388,592192,668930,518626,642715,B,,ball,Ball,3,0,0,3,0.053,0.0,R,4-Seam Fastball,93.1,L,R
716364,2023-10-01,2023,5,Top,39,2,1,0,2,MIL,CHC,691718,605288,,,,661388,592192,668930,518626,642715,S,,swinging_strike,Swinging Strike,3,0,0,3,-0.056,0.0,R,4-Seam Fastball,93.0,L,R
716364,2023-10-01,2023,5,Top,39,1,0,0,2,MIL,CHC,691718,605288,,,,661388,592192,668930,518626,642715,B,,ball,Ball,3,0,0,3,0.043,0.0,R,4-Seam Fastball,92.4,L,R
716364,2023-10-01,2023,5,Top,38,2,0,1,1,MIL,CHC,670156,605288,,,,661388,592192,668930,518626,642715,X,field_out,hit_into_play,"Miles Mastrobuoni grounds out, second baseman Brice Turang to first baseman Mark Canha.",3,0,0,3,-0.227,0.015,R,Sinker,91.2,L,R
716364,2023-10-01,2023,5,Top,38,1,0,0,1,MIL,CHC,670156,605288,,,,661388,592192,668930,518626,642715,S,,called_strike,Called Strike,3,0,0,3,-0.041,0.0,R,4-Seam Fastball,92.6,L,R
716364,2023-10-01,2023,5,Top,37,6,3,2,0,MIL,CHC,665804,605288,,,,661388,592192,668930,518626,642715,X,field_out,hit_into_play,Miguel Amaya pops out to shortstop Willy Adames.,3,0,0,3,-0.353,0.022,R,Sinker,90.8,R,R
716364,2023-10-01,2023,5,Top,37,5,3,1,0,MIL,CHC,665804,605288,,,,661388,592192,668930,518626,642715,S,,foul,Foul,3,0,0,3,-0.088,0.0,R,4-Seam Fastball,92.8,R,R
716364,2023-10-01,2023,5,Top,37,4,3,0,0,MIL,CHC,665804,605288,,,,661388,592192,668930,518626,642715,S,,foul,Foul,3,0,0,3,-0.086,0.0,R,4-Seam Fastball,91.3,R,R
716364,2023-10-01,2023,5,Top,37,3,2,0,0,MIL,CHC,665804,605288,,,,661388,592192,668930,518626,642715,B,,ball,Ball,3,0,0,3,0.151,0.0,R,4-Seam Fastball,92.1,R,R
716364,2023-10-01,2023,5,Top,37,2,1,0,0,MIL,CHC,665804,605288,,,,661388,592192,668930,518626,642715,B,,ball,Ball,3,0,0,3,0.071,0.0,R,Curveball,76.7,R,R
716364,2023-10-01,2023,5,Top,37,1,0,0,0,MIL,CHC,665804,605288,,,,661388,592192,668930,518626,642715,B,,ball,Ball,3,0,0,3,0.04,0.0,R,Sinker,90.9,R,R
716364,2023-10-01,2023,4,Bot,36,6,3,2,2,MIL,CHC,661388,694037,,663368,,665804,676724,670156,621550,666624,S,strikeout,swinging_strike,William Contreras strikes out swinging.,3,0,3,0,-0.27,-0.016,R,Sinker,100.5,R,R
716364,2023-10-01,2023,4,Bot,36,5,3,1,2,MIL,CHC,661388,694037,,663368,,665804,676724,670156,621550,666624,S,,foul,Foul,3,0,3,0,-0.087,0.0,R,Sinker,100.6,R,R
716364,2023-10-01,2023,4,Bot,36,4,2,1,2,MIL,CHC,661388,694037,,663368,,665804,676724,670156,621550,666624,B,,ball,Ball,3,0,3,0,0.069,0.0,R,Slider,88.5,R,R
716364,2023-10-01,2023,4,Bot,36,3,1,1,2,MIL,CHC,661388,694037,,663368,,665804,676724,670156,621550,666624,B,,blocked_ball,Ball In Dirt,3,0,3,0,0.021,0.0,R,Slider,88.6,R,R
716364,2023-10-01,2023,4,Bot,36,2,1,0,2,MIL,CHC,661388,694037,,663368,,665804,676724,670156,621550,666624,S,,called_strike,Called Strike,3,0,3,0,-0.046,0.0,R,4-Seam Fastball,98.3,R,R
716364,2023-10-01,2023,4,Bot,36,1,0,0,2,MIL,CHC,661388,694037,663368,,,665804,676724,670156,621550,666624,B,,ball,Ball,3,0,3,0,0.03,0.005,R,4-Seam Fastball,99.1,R,R
716364,2023-10-01,2023,4,Bot,35,4,1,2,2,MIL,CHC,592885,694037,,,,665804,676724,670156,621550,666624,X,single,hit_into_play,Christian Yelich singles on a ground ball to right fielder Alexander Canario.,3,0,3,0,0.427,0.006,R,Slider,91.0,L,R
716364,2023-10-01,2023,4,Bot,35,3,1,1,2,MIL,CHC,592885,694037,,,,665804,676724,670156,621550,666624,S,,foul,Foul,3,0,3,0,-0.069,0.0,R,Slider,89.1,L,R
716364,2023-10-01,2023,4,Bot,35,2,0,1,2,MIL,CHC,592885,694037,,,,665804,676724,670156,621550,666624,B,,ball,Ball,3,0,3,0,0.031,0.0,R,Slider,89.9,L,R
716364,2023-10-01,2023,4,Bot,35,1,0,0,2,MIL,CHC,592885,694037,,,,665804,676724,670156,621550,666624,S,,called_strike,Called Strike,3,0,3,0,-0.045,0.0,R,4-Seam Fastball,99.1,L,R
716364,2023-10-01,2023,4,Bot,34,5,0,2,1,MIL,CHC,668930,694037,,,,665804,676724,670156,621550,666624,X,field_out,hit_into_play,"Brice Turang grounds out, shortstop Christopher Morel to first baseman Jared Young.",3,0,3,0,-0.17,-0.007,R,4-Seam Fastball,100.0,L,R
716364,2023-10-01,2023,4,Bot,34,4,0,2,1,MIL,CHC,668930,694037,,,,665804,676724,670156,621550,666624,S,,foul,Foul,3,0,3,0,0.0,0.0,R,4-Seam Fastball,99.3,L,R
716364,2023-10-01,2023,4,Bot,34,3,0,2,1,MIL,CHC,668930,694037,,,,665804,676724,670156,621550,666624,S,,foul,Foul,3,0,3,0,0.0,0.0,R,4-Seam Fastball,99.9,L,R
716364,2023-10-01,2023,4,Bot,34,2,0,1,1,MIL,CHC,668930,694037,,,,665804,676724,670156,621550,666624,S,,swinging_strike,Swinging Strike,3,0,3,0,-0.057,0.0,R,4-Seam Fastball,99.8,L,R
716364,2023-10-01,2023,4,Bot,34,1,0,0,1,MIL,CHC,668930,694037,,,,665804,676724,670156,621550,666624,S,,swinging_strike,Swinging Strike,3,0,3,0,-0.041,0.0,R,4-Seam Fastball,98.6,L,R
716364,2023-10-01,2023,4,Bot,33,3,1,1,0,MIL,CHC,621438,694037,,,,665804,676724,670156,621550,666624,X,field_out,hit_into_play,"Tyrone Taylor grounds out, shortstop Christopher Morel to first baseman Jared Young.",3,0,3,0,-0.254,-0.01,R,4-Seam Fastball,98.5,R,R
716364,2023-10-01,2023,4,Bot,33,2,1,0,0,MIL,CHC,621438,694037,,,,665804,676724,670156,621550,666624,S,,foul,Foul,3,0,3,0,-0.052,0.0,R,4-Seam Fastball,97.7,R,R
716364,2023-10-01,2023,4,Bot,33,1,0,0,0,MIL,CHC,621438,694037,,,,665804,676724,670156,621550,666624,B,,ball,Ball,3,0,3,0,0.04,0.0,R,Slider,88.1,R,R
716364,2023-10-01,2023,4,Top,32,2,1,0,2,MIL,CHC,676724,605288,621550,,,661388,592192,668930,518626,642715,X,field_out,hit_into_play,Jared Young flies out to left fielder Christian Yelich.,3,0,0,3,-0.316,0.02,R,4-Seam Fastball,91.9,L,R
716364,2023-10-01,2023,4,Top,32,1,0,0,2,MIL,CHC,676724,605288,621550,,,661388,592192,668930,518626,642715,B,,ball,Ball,3,0,0,3,0.03,0.0,R,Sinker,91.5,L,R
716364,2023-10-01,2023,4,Top,31,6,1,2,2,MIL,CHC,621550,605288,,,,661388,592192,668930,518626,642715,X,single,hit_into_play,Patrick Wisdom singles on a ground ball to left fielder Christian Yelich.,3,0,0,3,0.427,-0.012,R,Sinker,92.1,R,R
716364,2023-10-01,2023,4,Top,31,5,0,2,2,MIL,CHC,621550,605288,,,,661388,592192,668930,518626,642715,B,,ball,Ball,3,0,0,3,0.022,0.0,R,Curveball,78.6,R,R
716364,2023-10-01,2023,4,Top,31,4,0,2,2,MIL,CHC,621550,605288,,,,661388,592192,668930,518626,642715,S,,foul,Foul,3,0,0,3,0.0,0.0,R,Sinker,92.7,R,R
716364,2023-10-01,2023,4,Top,31,3,0,2,2,MIL,CHC,621550,605288,,,,661388,592192,668930,518626,642715,S,,foul,Foul,3,0,0,3,0.0,0.0,R,4-Seam Fastball,93.1,R,R
716364,2023-10-01,2023,4,Top,31,2,0,1,2,MIL,CHC,621550,605288,,,,661388,592192,668930,518626,642715,S,,foul,Foul,3,0,0,3,-0.061,0.0,R,Sinker,92.2,R,R
716364,2023-10-01,2023,4,Top,31,1,0,0,2,MIL,CHC,621550,605288,,,,661388,592192,668930,518626,642715,S,,swinging_strike,Swinging Strike,3,0,0,3,-0.045,0.0,R,Curveball,78.2,R,R
716364,2023-10-01,2023,4,Top,30,6,3,2,1,MIL,CHC,643565,605288,,,,661388,592192,668930,518626,642715,S,strikeout,swinging_strike,Mike Tauchman strikes out swinging.,3,0,0,3,-0.328,0.015,R,4-Seam Fastball,93.3,L,R
716364,2023-10-01,2023,4,Top,30,5,3,1,1,MIL,CHC,643565,605288,,,,661388,592192,668930,518626,642715,S,,called_strike,Called Strike,3,0,0,3,-0.104,0.0,R,Sinker,92.1,L,R
716364,2023-10-01,2023,4,Top,30,4,2,1,1,MIL,CHC,643565,605288,,,,661388,592192,668930,518626,642715,B,,ball,Ball,3,0,0,3,0.122,0.0,R,4-Seam Fastball,92.8,L,R
716364,2023-10-01,2023,4,Top,30,3,1,1,1,MIL,CHC,643565,605288,,,,661388,592192,668930,518626,642715,B,,ball,Ball,3,0,0,3,0.054,0.0,R,Slider,80.2,L,R
716364,2023-10-01,2023,4,Top,30,2,1,0,1,MIL,CHC,643565,605288,,,,661388,592192,668930,518626,642715,S,,called_strike,Called Strike,3,0,0,3,-0.05,0.0,R,Sinker,90.8,L,R
716364,2023-10-01,2023,4,Top,30,1,0,0,1,MIL,CHC,643565,605288,,,,661388,592192,668930,518626,642715,B,,ball,Ball,3,0,0,3,0.039,0.0,R,Curveball,77.8,L,R
716364,2023-10-01,2023,4,Top,29,3,0,2,0,MIL,CHC,672744,605288,,,,661388,592192,668930,518626,642715,S,strikeout,called_strike,Alexander Canario called out on strikes.,3,0,0,3,-0.169,0.021,R,4-Seam Fastball,92.9,R,R
716364,2023-10-01,2023,4,Top,29,2,0,1,0,MIL,CHC,672744,605288,,,,661388,592192,668930,518626,642715,S,,foul,Foul,3,0,0,3,-0.054,0.0,R,Slider,78.7,R,R
716364,2023-10-01,2023,4,Top,29,1,0,0,0,MIL,CHC,672744,605288,,,,661388,592192,668930,518626,642715,S,,foul,Foul,3,0,0,3,-0.042,0.0,R,Sinker,90.6,R,R
716364,2023-10-01,2023,3,Bot,28,4,1,2,2,MIL,CHC,669003,694037,642715,,,665804,676724,670156,621550,666624,S,strikeout,swinging_strike,Garrett Mitchell strikes out swinging.,3,0,3,0,-0.206,-0.011,R,4-Seam Fastball,100.4,L,R
716364,2023-10-01,2023,3,Bot,28,3,1,1,2,MIL,CHC,669003,694037,642715,,,665804,676724,670156,621550,666624,S,,foul,Foul,3,0,3,0,-0.06,0.0,R,4-Seam Fastball,100.0,L,R
716364,2023-10-01,2023,3,Bot,28,2,0,1,2,MIL,CHC,669003,694037,642715,,,665804,676724,670156,621550,666624,B,,ball,Ball,3,0,3,0,0.025,0.0,R,4-Seam Fastball,99.2,L,R
716364,2023-10-01,2023,3,Bot,28,1,0,0,2,MIL,CHC,669003,694037,642715,,,665804,676724,670156,621550,666624,S,,foul_tip,Foul Tip,3,0,3,0,-0.045,0.0,R,4-Seam Fastball,99.1,L,R
716364,2023-10-01,2023,3,Bot,27,4,1,2,1,MIL,CHC,518626,694037,642715,,,665804,676724,670156,621550,666624,S,strikeout,swinging_strike,Josh Donaldson strikes out swinging.,3,0,3,0,-0.183,-0.014,R,Slider,90.5,R,R
716364,2023-10-01,2023,3,Bot,27,3,0,2,1,MIL,CHC,518626,694037,642715,,,665804,676724,670156,621550,666624,B,,ball,Ball,3,0,3,0,0.023,0.0,R,4-Seam Fastball,99.4,R,R
716364,2023-10-01,2023,3,Bot,27,2,0,1,1,MIL,CHC,518626,694037,642715,,,665804,676724,670156,621550,666624,S,,foul,Foul,3,0,3,0,-0.053,0.0,R,4-Seam Fastball,100.1,R,R
716364,2023-10-01,2023,3,Bot,27,1,0,0,1,MIL,CHC,518626,694037,642715,,,665804,676724,670156,621550,666624,S,,foul,Foul,3,0,3,0,-0.042,0.0,R,4-Seam Fastball,99.6,R,R
716364,2023-10-01,2023,3,Bot,26,5,2,2,1,MIL,CHC,642715,694037,,,,665804,676724,670156,621550,666624,X,single,hit_into_play,Willy Adames singles on a line drive to right fielder Alexander Canario.,3,0,3,0,0.449,0.012,R,Slider,88.7,R,R
716364,2023-10-01,2023,3,Bot,26,4,2,1,1,MIL,CHC,642715,694037,,,,665804,676724,670156,621550,666624,S,,foul,Foul,3,0,3,0,-0.076,0.0,R,4-Seam Fastball,96.3,R,R
716364,2023-10-01,2023,3,Bot,26,3,2,0,1,MIL,CHC,642715,694037,,,,665804,676724,670156,621550,666624,S,,called_strike,Called Strike,3,0,3,0,-0.062,0.0,R,4-Seam Fastball,97.6,R,R
716364,2023-10-01,2023,3,Bot,26,2,1,0,1,MIL,CHC,642715,694037,,,,665804,676724,670156,621550,666624,B,,ball,Ball,3,0,3,0,0.066,0.0,R,4-Seam Fastball,97.5,R,R
716364,2023-10-01,2023,3,Bot,26,1,0,0,1,MIL,CHC,642715,694037,,,,665804,676724,670156,621550,666624,B,,ball,Ball,3,0,3,0,0.039,0.0,R,Curveball,83.4,R,R
716364,2023-10-01,2023,3,Bot,25,6,2,2,0,MIL,CHC,592192,694037,,,,665804,676724,670156,621550,666624,S,strikeout,called_strike,Mark Canha called out on strikes.,3,0,3,0,-0.239,-0.011,R,Slider,87.9,R,R
716364,2023-10-01,2023,3,Bot,25,5,1,2,0,MIL,CHC,592192,694037,,,,665804,676724,670156,621550,666624,B,,ball,Ball,3,0,3,0,0.046,0.0,R,4-Seam Fastball,98.6,R,R
716364,2023-10-01,2023,3,Bot,25,4,1,2,0,MIL,CHC,592192,694037,,,,665804,676724,670156,621550,666624,S,,foul,Foul,3,0,3,0,0.0,0.0,R,4-Seam Fastball,98.1,R,R
716364,2023-10-01,2023,3,Bot,25,3,0,2,0,MIL,CHC,592192,694037,,,,665804,676724,670156,621550,666624,B,,ball,Ball,3,0,3,0,0.024,0.0,R,Slider,88.3,R,R
716364,2023-10-01,2023,3,Bot,25,2,0,1,0,MIL,CHC,592192,694037,,,,665804,676724,670156,621550,666624,S,,swinging_strike,Swinging Strike,3,0,3,0,-0.054,0.0,R,Curveball,85.1,R,R
716364,2023-10-01,2023,3,Bot,25,1,0,0,0,MIL,CHC,592192,694037,,,,665804,676724,670156,621550,666624,S,,foul,Foul,3,0,3,0,-0.042,0.0,R,4-Seam Fastball,96.2,R,R
716364,2023-10-01,2023,3,Top,24,3,1,1,2,MIL,CHC,600869,605288,,,,661388,592192,668930,518626,642715,X,field_out,hit_into_play,Jeimer Candelario flies out to center fielder Garrett Mitchell.,3,0,0,3,-0.261,0.009,R,Changeup,82.7,L,R
716364,2023-10-01,2023,3,Top,24,2,0,1,2,MIL,CHC,600869,605288,,,,661388,592192,668930,518626,642715,B,,ball,Ball,3,0,0,3,0.031,0.0,R,Sinker,90.7,L,R
716364,2023-10-01,2023,3,Top,24,1,0,0,2,MIL,CHC,600869,605288,,,,661388,592192,668930,518626,642715,S,,called_strike,Called Strike,3,0,0,3,-0.045,0.0,R,Curveball,77.6,L,R
716364,2023-10-01,2023,3,Top,23,2,0,1,1,MIL,CHC,666624,605288,,,,661388,592192,668930,518626,642715,X,field_out,hit_into_play,Christopher Morel flies out to left fielder Christian Yelich.,3,0,0,3,-0.227,0.014,R,Slider,82.5,R,R
716364,2023-10-01,2023,3,Top,23,1,0,0,1,MIL,CHC,666624,605288,,,,661388,592192,668930,518626,642715,S,,called_strike,Called Strike,3,0,0,3,-0.041,0.0,R,Sinker,91.7,R,R
716364,2023-10-01,2023,3,Top,22,2,1,0,0,MIL,CHC,691718,605288,,,,661388,592192,668930,518626,642715,X,field_out,hit_into_play,Pete Crow-Armstrong flies out sharply to left fielder Christian Yelich.,3,0,0,3,-0.306,0.02,R,4-Seam Fastball,90.9,L,R
716364,2023-10-01,2023,3,Top,22,1,0,0,0,MIL,CHC,691718,605288,,,,661388,592192,668930,518626,642715,B,,ball,Ball,3,0,0,3,0.04,0.0,R,Sinker,89.3,L,R
716364,2023-10-01,2023,2,Bot,21,5,2,2,2,MIL,CHC,467793,681432,661388,,,665804,676724,670156,621550,666624,S,strikeout,swinging_strike,Carlos Santana strikes out swinging.,3,0,3,0,-0.239,-0.012,R,Sweeper,81.2,R,L
716364,2023-10-01,2023,2,Bot,21,4,1,2,2,MIL,CHC,467793,681432,661388,,,665804,676724,670156,621550,666624,B,,ball,Ball,3,0,3,0,0.034,0.0,R,4-Seam Fastball,94.7,R,L
716364,2023-10-01,2023,2,Bot,21,3,0,2,2,MIL,CHC,467793,681432,661388,,,665804,676724,670156,621550,666624,B,,ball,Ball,3,0,3,0,0.02,0.0,R,Sweeper,79.5,R,L
716364,2023-10-01,2023,2,Bot,21,2,0,1,2,MIL,CHC,467793,681432,661388,,,665804,676724,670156,621550,666624,S,,foul,Foul,3,0,3,0,-0.055,0.0,R,4-Seam Fastball,96.1,R,L
716364,2023-10-01,2023,2,Bot,21,1,0,0,2,MIL,CHC,467793,681432,661388,,,665804,676724,670156,621550,666624,S,,called_strike,Called Strike,3,0,3,0,-0.045,0.0,R,Sweeper,79.5,R,L
716364,2023-10-01,2023,2,Bot,20,4,3,0,2,MIL,CHC,661388,681432,,,,665804,676724,670156,621550,666624,B,walk,ball,William Contreras walks.,3,0,3,0,0.136,0.007,R,4-Seam Fastball,94.4,R,L
716364,2023-10-01,2023,2,Bot,20,3,2,0,2,MIL,CHC,661388,681432,,,,665804,676724,670156,621550,666624,B,,ball,Ball,3,0,3,0,0.113,0.0,R,4-Seam Fastball,96.7,R,L
716364,2023-10-01,2023,2,Bot,20,2,1,0,2,MIL,CHC,661388,681432,,,,665804,676724,670156,621550,666624,B,,ball,Ball,3,0,3,0,0.056,0.0,R,Sweeper,82.2,R,L
716364,2023-10-01,2023,2,Bot,20,1,0,0,2,MIL,CHC,661388,681432,,,,665804,676724,670156,621550,666624,B,,ball,Ball,3,0,3,0,0.043,0.0,R,4-Seam Fastball,97.6,R,L
716364,2023-10-01,2023,2,Bot,19,5,1,2,1,MIL,CHC,592885,681432,,,,665804,676724,670156,621550,666624,S,strikeout,swinging_strike,Christian Yelich strikes out swinging.,3,0,3,0,-0.189,-0.008,R,Sweeper,81.2,L,L
716364,2023-10-01,2023,2,Bot,19,4,1,2,1,MIL,CHC,592885,681432,,,,665804,676724,670156,621550,666624,S,,foul,Foul,3,0,3,0,0.0,0.0,R,4-Seam Fastball,96.6,L,L
716364,2023-10-01,2023,2,Bot,19,3,1,1,1,MIL,CHC,592885,681432,,,,665804,676724,670156,621550,666624,S,,foul_tip,Foul Tip,3,0,3,0,-0.068,0.0,R,4-Seam Fastball,95.7,L,L
716364,2023-10-01,2023,2,Bot,19,2,1,0,1,MIL,CHC,592885,681432,,,,665804,676724,670156,621550,666624,S,,swinging_strike,Swinging Strike,3,0,3,0,-0.05,0.0,R,4-Seam Fastball,96.8,L,L
716364,2023-10-01,2023,2,Bot,19,1,0,0,1,MIL,CHC,592885,681432,,,,665804,676724,670156,621550,666624,B,,ball,Ball,3,0,3,0,0.039,0.0,R,Sweeper,79.4,L,L
716364,2023-10-01,2023,2,Bot,18,5,2,2,0,MIL,CHC,668930,681432,,,,665804,676724,670156,621550,666624,S,strikeout,called_strike,Brice Turang called out on strikes.,3,0,3,0,-0.239,-0.012,R,Sweeper,80.2,L,L
716364,2023-10-01,2023,2,Bot,18,4,2,1,0,MIL,CHC,668930,681432,,,,665804,676724,670156,621550,666624,S,,foul,Foul,3,0,3,0,-0.074,0.0,R,4-Seam Fastball,95.6,L,L
716364,2023-10-01,2023,2,Bot,18,3,2,0,0,MIL,CHC,668930,681432,,,,665804,676724,670156,621550,666624,S,,called_strike,Called Strike,3,0,3,0,-0.065,0.0,R,4-Seam Fastball,96.4,L,L
716364,2023-10-01,2023,2,Bot,18,2,1,0,0,MIL,CHC,668930,681432,,,,665804,676724,670156,621550,666624,B,,ball,Ball,3,0,3,0,0.071,0.0,R,4-Seam Fastball,95.9,L,L
716364,2023-10-01,2023,2,Bot,18,1,0,0,0,MIL,CHC,668930,681432,,,,665804,676724,670156,621550,666624,B,,ball,Ball,3,0,3,0,0.04,0.0,R,4-Seam Fastball,95.1,L,L
716364,2023-10-01,2023,2,Top,17,2,0,1,2,MIL,CHC,670156,605288,,,,661388,592192,668930,518626,642715,X,field_out,hit_into_play,Miles Mastrobuoni grounds out to first baseman Mark Canha.,3,0,0,3,-0.23,0.009,R,Curveball,77.3,L,R
716364,2023-10-01,2023,2,Top,17,1,0,0,2,MIL,CHC,670156,605288,,,,661388,592192,668930,518626,642715,S,,called_strike,Called Strike,3,0,0,3,-0.045,0.0,R,Sinker,89.9,L,R
716364,2023-10-01,2023,2,Top,16,2,0,1,1,MIL,CHC,665804,605288,,,,661388,592192,668930,518626,642715,X,field_out,hit_into_play,"Miguel Amaya grounds out, second baseman Brice Turang to first baseman Mark Canha.",3,0,0,3,-0.227,0.013,R,4-Seam Fastball,91.8,R,R
716364,2023-10-01,2023,2,Top,16,1,0,0,1,MIL,CHC,665804,605288,,,,661388,592192,668930,518626,642715,S,,called_strike,Called Strike,3,0,0,3,-0.041,0.0,R,4-Seam Fastball,91.0,R,R
716364,2023-10-01,2023,2,Top,15,1,0,0,0,MIL,CHC,676724,605288,,,,661388,592192,668930,518626,642715,X,field_out,hit_into_play,Jared Young flies out to right fielder Tyrone Taylor.,3,0,0,3,-0.265,0.02,R,4-Seam Fastball,90.5,L,R
716364,2023-10-01,2023,1,Bot,14,4,1,2,2,MIL,CHC,621438,681432,518626,642715,,665804,676724,670156,621550,666624,S,strikeout,swinging_strike,Tyrone Taylor strikes out swinging.,3,0,3,0,-0.213,-0.023,R,4-Seam Fastball,96.6,R,L
716364,2023-10-01,2023,1,Bot,14,3,0,2,2,MIL,CHC,621438,681432,518626,642715,,665804,676724,670156,621550,666624,B,,blocked_ball,Ball In Dirt,3,0,3,0,0.018,0.0,R,Sweeper,79.1,R,L
716364,2023-10-01,2023,1,Bot,14,2,0,1,2,MIL,CHC,621438,681432,518626,642715,,665804,676724,670156,621550,666624,S,,called_strike,Called Strike,3,0,3,0,-0.061,0.0,R,Sweeper,78.8,R,L
716364,2023-10-01,2023,1,Bot,14,1,0,0,2,MIL,CHC,621438,681432,518626,642715,,665804,676724,670156,621550,666624,S,,called_strike,Called Strike,3,0,3,0,-0.04,0.0,R,4-Seam Fastball,95.9,R,L
716364,2023-10-01,2023,1,Bot,13,5,1,2,1,MIL,CHC,669003,681432,518626,642715,592192,665804,676724,670156,621550,666624,X,sac_fly,hit_into_play,Garrett Mitchell out on a sacrifice fly to left fielder Mike Tauchman.   Mark Canha scores.,2,0,2,0,-0.067,0.007,R,4-Seam Fastball,95.3,L,L
716364,2023-10-01,2023,1,Bot,13,4,1,2,1,MIL,CHC,669003,681432,518626,642715,592192,665804,676724,670156,621550,666624,S,,foul,Foul,2,0,2,0,0.0,0.0,R,Sweeper,80.5,L,L
716364,2023-10-01,2023,1,Bot,13,3,1,1,1,MIL,CHC,669003,681432,518626,642715,592192,665804,676724,670156,621550,666624,S,,called_strike,Called Strike,2,0,2,0,-0.071,0.0,R,4-Seam Fastball,96.4,L,L
716364,2023-10-01,2023,1,Bot,13,2,0,1,1,MIL,CHC,669003,681432,518626,642715,592192,665804,676724,670156,621550,666624,B,,ball,Ball,2,0,2,0,0.027,0.0,R,4-Seam Fastball,95.9,L,L
716364,2023-10-01,2023,1,Bot,13,1,0,0,1,MIL,CHC,669003,681432,518626,642715,592192,665804,676724,670156,621550,666624,S,,swinging_strike,Swinging Strike,2,0,2,0,-0.05,0.0,R,4-Seam Fastball,94.6,L,L
716364,2023-10-01,2023,1,Bot,12,4,3,0,1,MIL,CHC,518626,592767,642715,592192,661388,665804,676724,670156,621550,666624,B,walk,ball,Josh Donaldson walks.   William Contreras scores.    Mark Canha to 3rd.    Willy Adames to 2nd.,1,0,1,0,0.117,0.073,R,Sinker,91.6,R,L
716364,2023-10-01,2023,1,Bot,12,3,2,0,1,MIL,CHC,518626,592767,642715,592192,661388,665804,676724,670156,621550,666624,B,,ball,Ball,1,0,1,0,0.142,0.0,R,Sinker,91.4,R,L
716364,2023-10-01,2023,1,Bot,12,2,1,0,1,MIL,CHC,518626,592767,642715,592192,661388,665804,676724,670156,621550,666624,B,,ball,Ball,1,0,1,0,0.068,0.0,R,Sinker,91.6,R,L
716364,2023-10-01,2023,1,Bot,12,1,0,0,1,MIL,CHC,518626,592767,642715,592192,661388,665804,676724,670156,621550,666624,B,,ball,Ball,1,0,1,0,0.032,0.0,R,Sinker,92.4,R,L
716364,2023-10-01,2023,1,Bot,11,6,3,2,1,MIL,CHC,642715,592767,592192,,661388,665804,676724,670156,621550,666624,B,walk,ball,Willy Adames walks.   Mark Canha to 2nd.,1,0,1,0,0.241,0.027,R,Knuckle Curve,78.7,R,L
716364,2023-10-01,2023,1,Bot,11,5,3,1,1,MIL,CHC,642715,592767,592192,,661388,665804,676724,670156,621550,666624,S,,foul,Foul,1,0,1,0,-0.13,0.0,R,Sinker,92.0,R,L
716364,2023-10-01,2023,1,Bot,11,4,3,0,1,MIL,CHC,642715,592767,592192,,661388,665804,676724,670156,621550,666624,S,,called_strike,Called Strike,1,0,1,0,-0.068,0.0,R,Knuckle Curve,78.0,R,L
716364,2023-10-01,2023,1,Bot,11,3,2,0,1,MIL,CHC,642715,592767,592192,,661388,665804,676724,670156,621550,666624,B,,ball,Ball,1,0,1,0,0.098,0.0,R,Cutter,86.3,R,L
716364,2023-10-01,2023,1,Bot,11,2,1,0,1,MIL,CHC,642715,592767,592192,,661388,665804,676724,670156,621550,666624,B,,blocked_ball,Ball In Dirt,1,0,1,0,0.064,0.0,R,Knuckle Curve,78.7,R,L
716364,2023-10-01,2023,1,Bot,11,1,0,0,1,MIL,CHC,642715,592767,592192,,661388,665804,676724,670156,621550,666624,B,,ball,Ball,1,0,1,0,0.041,0.0,R,Cutter,89.1,R,L
716364,2023-10-01,2023,1,Bot,10,6,3,2,1,MIL,CHC,592192,592767,,661388,592885,665804,676724,670156,621550,666624,X,single,hit_into_play,Mark Canha singles on a fly ball to right fielder Alexander Canario.   Christian Yelich scores.    William Contreras to 3rd.,0,0,0,0,0.532,0.071,R,Knuckle Curve,78.2,R,L
716364,2023-10-01,2023,1,Bot,10,5,2,2,1,MIL,CHC,592192,592767,,661388,592885,665804,676724,670156,621550,666624,B,,blocked_ball,Ball In Dirt,0,0,0,0,0.066,0.0,R,Knuckle Curve,80.4,R,L
716364,2023-10-01,2023,1,Bot,10,4,2,1,1,MIL,CHC,592192,592767,,661388,592885,665804,676724,670156,621550,666624,S,,swinging_strike,Swinging Strike,0,0,0,0,-0.09,0.0,R,Knuckle Curve,77.9,R,L
716364,2023-10-01,2023,1,Bot,10,3,2,0,1,MIL,CHC,592192,592767,,661388,592885,665804,676724,670156,621550,666624,S,,called_strike,Called Strike,0,0,0,0,-0.042,0.0,R,Knuckle Curve,77.9,R,L
716364,2023-10-01,2023,1,Bot,10,2,1,0,1,MIL,CHC,592192,592767,,661388,592885,665804,676724,670156,621550,666624,B,,ball,Ball,0,0,0,0,0.024,0.0,R,Cutter,88.5,R,L
716364,2023-10-01,2023,1,Bot,10,1,0,0,1,MIL,CHC,592192,592767,,661388,592885,665804,676724,670156,621550,666624,B,,blocked_ball,Ball In Dirt,0,0,0,0,0.017,0.0,R,Knuckle Curve,77.3,R,L
716364,2023-10-01,2023,1,Bot,9,5,2,2,0,MIL,CHC,467793,592767,,661388,592885,665804,676724,670156,621550,666624,X,field_out,hit_into_play,Carlos Santana pops out to second baseman Miles Mastrobuoni.,0,0,0,0,-0.153,-0.053,R,Knuckle Curve,77.3,R,L
716364,2023-10-01,2023,1,Bot,9,4,2,1,0,MIL,CHC,467793,592767,,661388,592885,665804,676724,670156,621550,666624,S,,swinging_strike,Swinging Strike,0,0,0,0,-0.058,0.0,R,Knuckle Curve,78.7,R,L
716364,2023-10-01,2023,1,Bot,9,3,2,0,0,MIL,CHC,467793,592767,,661388,592885,665804,676724,670156,621550,666624,S,,swinging_strike,Swinging Strike,0,0,0,0,-0.105,0.0,R,Knuckle Curve,78.3,R,L
716364,2023-10-01,2023,1,Bot,9,2,1,0,0,MIL,CHC,467793,592767,661388,592885,,665804,676724,670156,621550,666624,B,,ball,Ball,0,0,0,0,0.078,0.052,R,Cutter,88.6,R,L
716364,2023-10-01,2023,1,Bot,9,1,0,0,0,MIL,CHC,467793,592767,661388,592885,,665804,676724,670156,621550,666624,B,,blocked_ball,Ball In Dirt,0,0,0,0,0.042,0.0,R,Cutter,86.6,R,L
716364,2023-10-01,2023,1,Bot,8,1,0,0,0,MIL,CHC,661388,592767,592885,,,665804,676724,670156,621550,666624,X,single,hit_into_play,"Brewers challenged (play at 1st), call on the field was overturned: William Contreras singles on a ground ball to second baseman Miles Mastrobuoni.   Christian Yelich to 2nd.",0,0,0,0,0.452,0.051,R,Knuckle Curve,76.3,R,L
716364,2023-10-01,2023,1,Bot,7,6,3,2,0,MIL,CHC,592885,592767,,,,665804,676724,670156,621550,666624,B,walk,ball,Christian Yelich walks.,0,0,0,0,0.347,0.036,R,Sinker,91.5,L,L
716364,2023-10-01,2023,1,Bot,7,5,2,2,0,MIL,CHC,592885,592767,,,,665804,676724,670156,621550,666624,B,,ball,Ball,0,0,0,0,0.115,0.0,R,Sinker,91.9,L,L
716364,2023-10-01,2023,1,Bot,7,4,2,1,0,MIL,CHC,592885,592767,,,,665804,676724,670156,621550,666624,S,,foul,Foul,0,0,0,0,-0.074,0.0,R,Knuckle Curve,76.0,L,L
716364,2023-10-01,2023,1,Bot,7,3,1,1,0,MIL,CHC,592885,592767,,,,665804,676724,670156,621550,666624,B,,ball,Ball,0,0,0,0,0.059,0.0,R,Sinker,91.7,L,L
716364,2023-10-01,2023,1,Bot,7,2,1,0,0,MIL,CHC,592885,592767,,,,665804,676724,670156,621550,666624,S,,called_strike,Called Strike,0,0,0,0,-0.052,0.0,R,Sinker,91.5,L,L
716364,2023-10-01,2023,1,Bot,7,1,0,0,0,MIL,CHC,592885,592767,,,,665804,676724,670156,621550,666624,B,,ball,Ball,0,0,0,0,0.04,0.0,R,Sinker,91.6,L,L
716364,2023-10-01,2023,1,Top,6,6,2,2,2,MIL,CHC,621550,605288,643565,600869,666624,661388,592192,668930,518626,642715,S,strikeout,swinging_strike,Patrick Wisdom strikes out swinging.,0,0,0,0,-0.221,0.072,R,Curveball,79.9,R,R
716364,2023-10-01,2023,1,Top,6,5,1,2,2,MIL,CHC,621550,605288,643565,600869,666624,661388,592192,668930,518626,642715,B,,ball,Ball,0,0,0,0,0.051,0.0,R,Sinker,93.3,R,R
716364,2023-10-01,2023,1,Top,6,4,1,2,2,MIL,CHC,621550,605288,643565,600869,666624,661388,592192,668930,518626,642715,S,,foul,Foul,0,0,0,0,0.0,0.0,R,4-Seam Fastball,93.7,R,R
716364,2023-10-01,2023,1,Top,6,3,0,2,2,MIL,CHC,621550,605288,643565,600869,666624,661388,592192,668930,518626,642715,B,,ball,Ball,0,0,0,0,0.011,0.0,R,4-Seam Fastball,93.1,R,R
716364,2023-10-01,2023,1,Top,6,2,0,1,2,MIL,CHC,621550,605288,643565,600869,666624,661388,592192,668930,518626,642715,S,,called_strike,Called Strike,0,0,0,0,-0.057,0.0,R,Sinker,91.5,R,R
716364,2023-10-01,2023,1,Top,6,1,0,0,2,MIL,CHC,621550,605288,643565,600869,666624,661388,592192,668930,518626,642715,S,,swinging_strike,Swinging Strike,0,0,0,0,-0.047,0.0,R,Sinker,91.7,R,R
716364,2023-10-01,2023,1,Top,5,5,3,1,2,MIL,CHC,643565,605288,600869,,666624,661388,592192,668930,518626,642715,B,walk,ball,Mike Tauchman walks.   Jeimer Candelario to 2nd.,0,0,0,0,0.09,-0.025,R,Sinker,92.2,L,R
716364,2023-10-01,2023,1,Top,5,4,2,1,2,MIL,CHC,643565,605288,600869,,666624,661388,592192,668930,518626,642715,B,,ball,Ball,0,0,0,0,0.062,0.0,R,4-Seam Fastball,93.0,L,R
716364,2023-10-01,2023,1,Top,5,3,1,1,2,MIL,CHC,643565,605288,600869,,666624,661388,592192,668930,518626,642715,B,,ball,Ball,0,0,0,0,0.031,0.0,R,Sinker,91.5,L,R
716364,2023-10-01,2023,1,Top,5,2,0,1,2,MIL,CHC,643565,605288,600869,,666624,661388,592192,668930,518626,642715,B,,ball,Ball,0,0,0,0,0.039,0.0,R,4-Seam Fastball,93.4,L,R
716364,2023-10-01,2023,1,Top,5,1,0,0,2,MIL,CHC,643565,605288,600869,,666624,661388,592192,668930,518626,642715,S,,swinging_strike,Swinging Strike,0,0,0,0,-0.052,0.0,R,4-Seam Fastball,93.0,L,R
716364,2023-10-01,2023,1,Top,4,6,2,2,1,MIL,CHC,672744,605288,600869,,666624,661388,592192,668930,518626,642715,S,strikeout,swinging_strike,Alexander Canario strikes out swinging.,0,0,0,0,-0.288,0.064,R,Sinker,92.1,R,R
716364,2023-10-01,2023,1,Top,4,5,2,2,1,MIL,CHC,672744,605288,600869,,666624,661388,592192,668930,518626,642715,S,,foul,Foul,0,0,0,0,0.0,0.0,R,4-Seam Fastball,93.2,R,R
716364,2023-10-01,2023,1,Top,4,4,2,1,1,MIL,CHC,672744,605288,600869,,666624,661388,592192,668930,518626,642715,S,,called_strike,Called Strike,0,0,0,0,-0.108,0.0,R,Sinker,92.0,R,R
716364,2023-10-01,2023,1,Top,4,3,1,1,1,MIL,CHC,672744,605288,600869,,666624,661388,592192,668930,518626,642715,B,,ball,Ball,0,0,0,0,0.05,0.0,R,Sinker,92.1,R,R
716364,2023-10-01,2023,1,Top,4,2,0,1,1,MIL,CHC,672744,605288,600869,,666624,661388,592192,668930,518626,642715,B,,ball,Ball,0,0,0,0,0.035,0.0,R,Sinker,91.5,R,R
716364,2023-10-01,2023,1,Top,4,1,0,0,1,MIL,CHC,672744,605288,600869,,666624,661388,592192,668930,518626,642715,S,,swinging_strike,Swinging Strike,0,0,0,0,-0.044,0.0,R,Sinker,92.5,R,R
716364,2023-10-01,2023,1,Top,3,3,1,1,1,MIL,CHC,600869,605288,666624,,,661388,592192,668930,518626,642715,X,single,hit_into_play,Jeimer Candelario singles on a sharp line drive to center fielder Garrett Mitchell.   Christopher Morel to 3rd.,0,0,0,0,0.432,-0.061,R,Sinker,91.9,L,R
716364,2023-10-01,2023,1,Top,3,2,0,1,1,MIL,CHC,600869,605288,666624,,,661388,592192,668930,518626,642715,B,,ball,Ball,0,0,0,0,0.025,0.0,R,Sinker,91.2,L,R
716364,2023-10-01,2023,1,Top,3,1,0,0,1,MIL,CHC,600869,605288,666624,,,661388,592192,668930,518626,642715,S,,called_strike,Called Strike,0,0,0,0,-0.042,0.0,R,Slider,80.5,L,R
716364,2023-10-01,2023,1,Top,2,1,0,0,1,MIL,CHC,666624,605288,,,,661388,592192,668930,518626,642715,X,single,hit_into_play,Christopher Morel singles on a ground ball to right fielder Tyrone Taylor.,0,0,0,0,0.416,-0.025,R,Sinker,93.2,R,R
716364,2023-10-01,2023,1,Top,1,3,0,2,0,MIL,CHC,691718,605288,,,,661388,592192,668930,518626,642715,S,strikeout,swinging_strike,Pete Crow-Armstrong strikes out swinging.,0,0,0,0,-0.169,0.022,R,4-Seam Fastball,92.9,L,R
716364,2023-10-01,2023,1,Top,1,2,0,1,0,MIL,CHC,691718,605288,,,,661388,592192,668930,518626,642715,S,,called_strike,Called Strike,0,0,0,0,-0.054,0.0,R,4-Seam Fastball,92.1,L,R
716364,2023-10-01,2023,1,Top,1,1,0,0,0,MIL,CHC,691718,605288,,,,661388,592192,668930,518626,642715,S,,swinging_strike,Swinging Strike,0,0,0,0,-0.042,0.0,R,4-Seam Fastball,92.4,L,R
716363,2023-10-01,2023,9,Bot,74,4,2,1,2,SF,LAD,666149,623465,,,,669257,518692,543939,571970,642708,X,field_out,hit_into_play,Tyler Fitzgerald lines out to second baseman Kolten Wong.,2,5,2,5,-0.314,-0.005,R,Sinker,96.2,R,R
716363,2023-10-01,2023,9,Bot,74,3,1,1,2,SF,LAD,666149,623465,,,,669257,518692,543939,571970,642708,B,,ball,Ball,2,5,2,5,0.053,0.0,R,Sinker,96.7,R,R
716363,2023-10-01,2023,9,Bot,74,2,1,0,2,SF,LAD,666149,623465,,,,669257,518692,543939,571970,642708,S,,foul,Foul,2,5,2,5,-0.056,0.0,R,Sweeper,84.4,R,R
716363,2023-10-01,2023,9,Bot,74,1,0,0,2,SF,LAD,666149,623465,,,,669257,518692,543939,571970,642708,B,,ball,Ball,2,5,2,5,0.043,0.0,R,Sweeper,86.5,R,R
716363,2023-10-01,2023,9,Bot,73,9,3,2,1,SF,LAD,573262,623465,,,,669257,518692,543939,571970,642708,S,strikeout,swinging_strike,Mike Yastrzemski strikes out swinging.,2,5,2,5,-0.328,-0.012,R,Cutter,93.4,L,R
716363,2023-10-01,2023,9,Bot,73,8,3,2,1,SF,LAD,573262,623465,,,,669257,518692,543939,571970,642708,S,,foul,Foul,2,5,2,5,0.0,0.0,R,Cutter,94.4,L,R
716363,2023-10-01,2023,9,Bot,73,7,3,2,1,SF,LAD,573262,623465,,,,669257,518692,543939,571970,642708,S,,foul,Foul,2,5,2,5,0.0,0.0,R,Cutter,94.7,L,R
716363,2023-10-01,2023,9,Bot,73,6,2,2,1,SF,LAD,573262,623465,,,,669257,518692,543939,571970,642708,B,,ball,Ball,2,5,2,5,0.094,0.0,R,4-Seam Fastball,96.9,L,R
716363,2023-10-01,2023,9,Bot,73,5,2,2,1,SF,LAD,573262,623465,,,,669257,518692,543939,571970,642708,S,,foul,Foul,2,5,2,5,0.0,0.0,R,Cutter,95.0,L,R
716363,2023-10-01,2023,9,Bot,73,4,1,2,1,SF,LAD,573262,623465,,,,669257,518692,543939,571970,642708,B,,ball,Ball,2,5,2,5,0.045,0.0,R,4-Seam Fastball,96.5,L,R
716363,2023-10-01,2023,9,Bot,73,3,1,1,1,SF,LAD,573262,623465,,,,669257,518692,543939,571970,642708,S,,swinging_strike,Swinging Strike,2,5,2,5,-0.068,0.0,R,Cutter,93.8,L,R
716363,2023-10-01,2023,9,Bot,73,2,0,1,1,SF,LAD,573262,623465,,,,669257,518692,543939,571970,642708,B,,ball,Ball,2,5,2,5,0.03,0.0,R,4-Seam Fastball,97.7,L,R
716363,2023-10-01,2023,9,Bot,73,1,0,0,1,SF,LAD,573262,623465,,,,669257,518692,543939,571970,642708,S,,foul_tip,Foul Tip,2,5,2,5,-0.041,0.0,R,4-Seam Fastball,96.5,L,R
716363,2023-10-01,2023,9,Bot,72,2,0,1,0,SF,LAD,592626,623465,,,,669257,518692,543939,571970,642708,X,field_out,hit_into_play,"Joc Pederson grounds out sharply, second baseman Kolten Wong to first baseman Freddie Freeman.",2,5,2,5,-0.223,-0.021,R,Cutter,93.6,L,R
716363,2023-10-01,2023,9,Bot,72,1,0,0,0,SF,LAD,592626,623465,,,,669257,518692,543939,571970,642708,S,,called_strike,Called Strike,2,5,2,5,-0.042,0.0,R,Sweeper,84.3,L,R
716363,2023-10-01,2023,9,Top,71,3,1,1,2,SF,LAD,502110,548389,444482,,,666165,664774,642731,669477,682617,X,field_out,hit_into_play,J.D. Martinez flies out to right fielder Mike Yastrzemski.,2,5,5,2,-0.266,0.003,R,4-Seam Fastball,93.1,R,R
716363,2023-10-01,2023,9,Top,71,2,1,0,2,SF,LAD,502110,548389,444482,,,666165,664774,642731,669477,682617,S,,foul_tip,Foul Tip,2,5,5,2,-0.05,0.0,R,4-Seam Fastball,93.2,R,R
716363,2023-10-01,2023,9,Top,71,1,0,0,2,SF,LAD,502110,548389,444482,,,666165,664774,642731,669477,682617,B,,ball,Ball,2,5,5,2,0.03,0.0,R,Slider,88.6,R,R
716363,2023-10-01,2023,9,Top,70,2,1,0,1,SF,LAD,669257,548389,444482,,,666165,664774,642731,669477,682617,X,field_out,hit_into_play,Will Smith lines out sharply to center fielder Tyler Fitzgerald.,2,5,5,2,-0.293,0.004,R,Slider,88.4,R,R
716363,2023-10-01,2023,9,Top,70,1,0,0,1,SF,LAD,669257,548389,444482,,,666165,664774,642731,669477,682617,B,,ball,Ball,2,5,5,2,0.036,0.0,R,4-Seam Fastball,92.4,R,R
716363,2023-10-01,2023,9,Top,69,4,2,1,0,SF,LAD,518692,548389,444482,,,666165,664774,642731,669477,682617,X,field_out,hit_into_play,Freddie Freeman flies out to left fielder Michael Conforto.,2,5,5,2,-0.271,0.005,R,4-Seam Fastball,93.2,L,R
716363,2023-10-01,2023,9,Top,69,3,1,1,0,SF,LAD,518692,548389,444482,,,666165,664774,642731,669477,682617,B,,blocked_ball,Ball In Dirt,2,5,5,2,0.042,0.0,R,Changeup,84.4,L,R
716363,2023-10-01,2023,9,Top,69,2,0,1,0,SF,LAD,518692,548389,444482,,,666165,664774,642731,669477,682617,B,,ball,Ball,2,5,5,2,0.024,0.0,R,Sinker,92.2,L,R
716363,2023-10-01,2023,9,Top,69,1,0,0,0,SF,LAD,518692,548389,444482,,,666165,664774,642731,669477,682617,S,,swinging_strike,Swinging Strike,2,5,5,2,-0.036,0.0,R,Sinker,92.4,L,R
716363,2023-10-01,2023,9,Top,68,1,0,0,0,SF,LAD,444482,548389,,,,666165,664774,642731,669477,682617,X,single,hit_into_play,David Peralta singles on a ground ball to right fielder Mike Yastrzemski.,2,5,5,2,0.432,-0.005,R,Sinker,89.7,L,R
716363,2023-10-01,2023,8,Bot,67,6,3,2,2,SF,LAD,624424,686752,642731,,,669257,518692,543939,571970,642708,S,strikeout,called_strike,Michael Conforto called out on strikes.,2,5,2,5,-0.304,-0.021,R,4-Seam Fastball,93.7,L,R
716363,2023-10-01,2023,8,Bot,67,5,3,1,2,SF,LAD,624424,686752,642731,,,669257,518692,543939,571970,642708,S,,foul,Foul,2,5,2,5,-0.094,0.0,R,Slider,89.9,L,R
716363,2023-10-01,2023,8,Bot,67,4,2,1,2,SF,LAD,624424,686752,642731,,,669257,518692,543939,571970,642708,B,,ball,Ball,2,5,2,5,0.097,0.0,R,4-Seam Fastball,94.5,L,R
716363,2023-10-01,2023,8,Bot,67,3,2,0,2,SF,LAD,624424,686752,642731,,,669257,518692,543939,571970,642708,S,,called_strike,Called Strike,2,5,2,5,-0.051,0.0,R,4-Seam Fastball,94.9,L,R
716363,2023-10-01,2023,8,Bot,67,2,1,0,2,SF,LAD,624424,686752,642731,,,669257,518692,543939,571970,642708,B,,ball,Ball,2,5,2,5,0.037,0.0,R,4-Seam Fastball,94.3,L,R
716363,2023-10-01,2023,8,Bot,67,1,0,0,2,SF,LAD,624424,686752,642731,,,669257,518692,543939,571970,642708,B,,ball,Ball,2,5,2,5,0.03,0.0,R,Changeup,86.1,L,R
716363,2023-10-01,2023,8,Bot,66,2,0,1,2,SF,LAD,642731,686752,,,,669257,518692,543939,571970,642708,B,hit_by_pitch,hit_by_pitch,Thairo Estrada hit by pitch.,2,5,2,5,0.393,0.013,R,4-Seam Fastball,95.7,R,R
716363,2023-10-01,2023,8,Bot,66,1,0,0,2,SF,LAD,642731,686752,,,,669257,518692,543939,571970,642708,S,,foul,Foul,2,5,2,5,-0.045,0.0,R,4-Seam Fastball,94.1,R,R
716363,2023-10-01,2023,8,Bot,65,3,2,0,1,SF,LAD,664774,686752,,,,669257,518692,543939,571970,642708,X,field_out,hit_into_play,LaMonte Wade Jr. flies out to left fielder David Peralta.,2,5,2,5,-0.373,-0.015,R,Slider,90.0,L,R
716363,2023-10-01,2023,8,Bot,65,2,1,0,1,SF,LAD,664774,686752,,,,669257,518692,543939,571970,642708,B,,ball,Ball,2,5,2,5,0.066,0.0,R,Changeup,88.7,L,R
716363,2023-10-01,2023,8,Bot,65,1,0,0,1,SF,LAD,664774,686752,,,,669257,518692,543939,571970,642708,B,,ball,Ball,2,5,2,5,0.039,0.0,R,Changeup,87.7,L,R
716363,2023-10-01,2023,8,Bot,64,4,1,2,0,SF,LAD,543063,686752,,,,669257,518692,543939,571970,642708,X,field_out,hit_into_play,"Brandon Crawford grounds out, shortstop Amed Rosario to first baseman Freddie Freeman.",2,5,2,5,-0.193,-0.025,R,Changeup,88.2,L,R
716363,2023-10-01,2023,8,Bot,64,3,0,2,0,SF,LAD,543063,686752,,,,669257,518692,543939,571970,642708,B,,ball,Ball,2,5,2,5,0.024,0.0,R,Changeup,88.6,L,R
716363,2023-10-01,2023,8,Bot,64,2,0,1,0,SF,LAD,543063,686752,,,,669257,518692,543939,571970,642708,S,,foul,Foul,2,5,2,5,-0.054,0.0,R,Changeup,87.7,L,R
716363,2023-10-01,2023,8,Bot,64,1,0,0,0,SF,LAD,543063,686752,,,,669257,518692,543939,571970,642708,S,,called_strike,Called Strike,2,5,2,5,-0.042,0.0,R,4-Seam Fastball,94.2,L,R
716363,2023-10-01,2023,8,Bot,63,2,1,0,0,SF,LAD,669477,686752,,,,669257,518692,543939,571970,642708,X,home_run,hit_into_play,Casey Schmitt homers (5) on a fly ball to left center field.,1,5,1,5,1.074,0.04,R,Slider,88.3,R,R
716363,2023-10-01,2023,8,Bot,63,1,0,0,0,SF,LAD,669477,686752,,,,669257,518692,543939,571970,642708,B,,ball,Ball,1,5,1,5,0.04,0.0,R,4-Seam Fastball,93.8,R,R
716363,2023-10-01,2023,8,Top,62,5,2,2,2,SF,LAD,571771,548389,,,,666165,664774,642731,669477,543063,X,field_out,hit_into_play,"Enrique Hernandez grounds out, pitcher Ross Stripling to first baseman LaMonte Wade Jr.",1,5,5,1,-0.233,0.002,R,4-Seam Fastball,95.3,R,R
716363,2023-10-01,2023,8,Top,62,4,1,2,2,SF,LAD,571771,548389,,,,666165,664774,642731,669477,543063,B,,ball,Ball,1,5,5,1,0.041,0.0,R,Slider,88.4,R,R
716363,2023-10-01,2023,8,Top,62,3,0,2,2,SF,LAD,571771,548389,,,,666165,664774,642731,669477,543063,B,,ball,Ball,1,5,5,1,0.022,0.0,R,4-Seam Fastball,93.6,R,R
716363,2023-10-01,2023,8,Top,62,2,0,1,2,SF,LAD,571771,548389,,,,666165,664774,642731,669477,543063,S,,called_strike,Called Strike,1,5,5,1,-0.061,0.0,R,Knuckle Curve,78.3,R,R
716363,2023-10-01,2023,8,Top,62,1,0,0,2,SF,LAD,571771,548389,,,,666165,664774,642731,669477,543063,S,,foul,Foul,1,5,5,1,-0.045,0.0,R,4-Seam Fastball,94.3,R,R
716363,2023-10-01,2023,8,Top,61,5,3,1,1,SF,LAD,681546,548389,,,,666165,664774,642731,669477,543063,X,field_out,hit_into_play,James Outman flies out to center fielder Tyler Fitzgerald.,1,5,5,1,-0.432,0.002,R,4-Seam Fastball,93.7,L,R
716363,2023-10-01,2023,8,Top,61,4,3,0,1,SF,LAD,681546,548389,,,,666165,664774,642731,669477,543063,S,,swinging_strike,Swinging Strike,1,5,5,1,-0.083,0.0,R,4-Seam Fastball,93.9,L,R
716363,2023-10-01,2023,8,Top,61,3,2,0,1,SF,LAD,681546,548389,,,,666165,664774,642731,669477,543063,B,,ball,Ball,1,5,5,1,0.142,0.0,R,4-Seam Fastball,94.5,L,R
716363,2023-10-01,2023,8,Top,61,2,1,0,1,SF,LAD,681546,548389,,,,666165,664774,642731,669477,543063,B,,ball,Ball,1,5,5,1,0.066,0.0,R,Knuckle Curve,77.5,L,R
716363,2023-10-01,2023,8,Top,61,1,0,0,1,SF,LAD,681546,548389,,,,666165,664774,642731,669477,543063,B,,ball,Ball,1,5,5,1,0.039,0.0,R,4-Seam Fastball,93.7,L,R
716363,2023-10-01,2023,8,Top,60,5,2,2,0,SF,LAD,642708,548389,,,,666165,664774,642731,669477,543063,X,field_out,hit_into_play,"Amed Rosario grounds out, second baseman Thairo Estrada to first baseman LaMonte Wade Jr.",1,5,5,1,-0.239,0.003,R,4-Seam Fastball,93.8,R,R
716363,2023-10-01,2023,8,Top,60,4,1,2,0,SF,LAD,642708,548389,,,,666165,664774,642731,669477,543063,B,,ball,Ball,1,5,5,1,0.046,0.0,R,Slider,88.1,R,R
716363,2023-10-01,2023,8,Top,60,3,0,2,0,SF,LAD,642708,548389,,,,666165,664774,642731,669477,543063,B,,ball,Ball,1,5,5,1,0.024,0.0,R,4-Seam Fastball,93.9,R,R
716363,2023-10-01,2023,8,Top,60,2,0,1,0,SF,LAD,642708,548389,,,,666165,664774,642731,669477,543063,S,,foul,Foul,1,5,5,1,-0.054,0.0,R,Slider,86.5,R,R
716363,2023-10-01,2023,8,Top,60,1,0,0,0,SF,LAD,642708,548389,,,,666165,664774,642731,669477,543063,S,,called_strike,Called Strike,1,5,5,1,-0.042,0.0,R,Slider,86.1,R,R
716363,2023-10-01,2023,7,Bot,59,2,0,1,2,SF,LAD,666165,686752,573262,,,669257,518692,543939,571970,642708,X,field_out,hit_into_play,"Blake Sabol bunt grounds out, pitcher Ryan Pepiot to first baseman Freddie Freeman.",1,5,1,5,0.128,-0.013,R,Changeup,87.1,L,R
716363,2023-10-01,2023,7,Bot,59,1,0,0,2,SF,LAD,666165,686752,573262,,,669257,518692,543939,571970,642708,S,,swinging_strike,Swinging Strike,1,5,1,5,-0.045,0.0,R,Changeup,87.6,L,R
716363,2023-10-01,2023,7,Bot,58,3,0,2,1,SF,LAD,666149,686752,573262,,,669257,518692,543939,571970,642708,S,strikeout,foul_tip,Tyler Fitzgerald strikes out on a foul tip.,1,5,1,5,-0.16,-0.021,R,Slider,88.7,R,R
716363,2023-10-01,2023,7,Bot,58,2,0,1,1,SF,LAD,666149,686752,573262,,,669257,518692,543939,571970,642708,S,,foul,Foul,1,5,1,5,-0.053,0.0,R,Slider,87.9,R,R
716363,2023-10-01,2023,7,Bot,58,1,0,0,1,SF,LAD,666149,686752,573262,,,669257,518692,543939,571970,642708,S,,called_strike,Called Strike,1,5,1,5,-0.042,0.0,R,4-Seam Fastball,94.7,R,R
716363,2023-10-01,2023,7,Bot,57,7,3,2,1,SF,LAD,573262,686752,,,,669257,518692,543939,571970,642708,B,walk,ball,Mike Yastrzemski walks.,1,5,1,5,0.36,0.019,R,Changeup,87.6,L,R
716363,2023-10-01,2023,7,Bot,57,6,3,2,1,SF,LAD,573262,686752,,,,669257,518692,543939,571970,642708,S,,foul,Foul,1,5,1,5,0.0,0.0,R,Changeup,88.5,L,R
716363,2023-10-01,2023,7,Bot,57,5,3,1,1,SF,LAD,573262,686752,,,,669257,518692,543939,571970,642708,S,,foul,Foul,1,5,1,5,-0.104,0.0,R,4-Seam Fastball,93.1,L,R
716363,2023-10-01,2023,7,Bot,57,4,3,0,1,SF,LAD,573262,686752,,,,669257,518692,543939,571970,642708,S,,called_strike,Called Strike,1,5,1,5,-0.083,0.0,R,4-Seam Fastball,94.4,L,R
716363,2023-10-01,2023,7,Bot,57,3,2,0,1,SF,LAD,573262,686752,,,,669257,518692,543939,571970,642708,B,,ball,Ball,1,5,1,5,0.142,0.0,R,4-Seam Fastball,93.9,L,R
716363,2023-10-01,2023,7,Bot,57,2,1,0,1,SF,LAD,573262,686752,,,,669257,518692,543939,571970,642708,B,,ball,Ball,1,5,1,5,0.066,0.0,R,4-Seam Fastball,94.2,L,R
716363,2023-10-01,2023,7,Bot,57,1,0,0,1,SF,LAD,573262,686752,,,,669257,518692,543939,571970,642708,B,,ball,Ball,1,5,1,5,0.039,0.0,R,Changeup,86.7,L,R
716363,2023-10-01,2023,7,Bot,56,2,0,1,0,SF,LAD,592626,686752,,,,669257,518692,543939,571970,642708,X,field_out,hit_into_play,"Joc Pederson grounds out, second baseman Kolten Wong to first baseman Freddie Freeman.",1,5,1,5,-0.223,-0.017,R,Changeup,86.6,L,R
716363,2023-10-01,2023,7,Bot,56,1,0,0,0,SF,LAD,592626,686752,,,,669257,518692,543939,571970,642708,S,,foul,Foul,1,5,1,5,-0.042,0.0,R,Changeup,87.3,L,R
716363,2023-10-01,2023,7,Top,55,6,2,2,2,SF,LAD,543939,548389,,669257,,666165,664774,642731,669477,543063,X,field_out,hit_into_play,Kolten Wong flies out to left fielder Michael Conforto.,1,5,5,1,-0.22,0.008,R,4-Seam Fastball,94.4,L,R
716363,2023-10-01,2023,7,Top,55,5,2,2,2,SF,LAD,543939,548389,,669257,,666165,664774,642731,669477,543063,S,,foul,Foul,1,5,5,1,0.0,0.0,R,Knuckle Curve,78.7,L,R
716363,2023-10-01,2023,7,Top,55,4,2,1,2,SF,LAD,543939,548389,,669257,,666165,664774,642731,669477,543063,S,,foul,Foul,1,5,5,1,-0.069,0.0,R,4-Seam Fastball,94.9,L,R
716363,2023-10-01,2023,7,Top,55,3,1,1,2,SF,LAD,543939,548389,,669257,,666165,664774,642731,669477,543063,B,,ball,Ball,1,5,5,1,0.021,0.0,R,4-Seam Fastball,93.2,L,R
716363,2023-10-01,2023,7,Top,55,2,0,1,2,SF,LAD,543939,548389,,669257,,666165,664774,642731,669477,543063,B,,ball,Ball,1,5,5,1,0.02,0.0,R,Knuckle Curve,77.9,L,R
716363,2023-10-01,2023,7,Top,55,1,0,0,2,SF,LAD,543939,548389,,669257,,666165,664774,642731,669477,543063,S,,foul,Foul,1,5,5,1,-0.046,0.0,R,Slider,88.9,L,R
716363,2023-10-01,2023,7,Top,54,4,1,2,1,SF,LAD,571970,548389,,669257,,666165,664774,642731,669477,543063,X,field_out,hit_into_play,Max Muncy pops out to shortstop Brandon Crawford.,1,5,5,1,-0.198,0.008,R,4-Seam Fastball,94.8,L,R
716363,2023-10-01,2023,7,Top,54,3,1,1,1,SF,LAD,571970,548389,,669257,,666165,664774,642731,669477,543063,S,,called_strike,Called Strike,1,5,5,1,-0.078,0.0,R,4-Seam Fastball,93.9,L,R
716363,2023-10-01,2023,7,Top,54,2,0,1,1,SF,LAD,571970,548389,669257,,,666165,664774,642731,669477,543063,B,,ball,Ball,1,5,5,1,0.025,-0.005,R,Knuckle Curve,78.6,L,R
716363,2023-10-01,2023,7,Top,54,1,0,0,1,SF,LAD,571970,548389,669257,,,666165,664774,642731,669477,543063,S,,called_strike,Called Strike,1,5,5,1,-0.042,0.0,R,Knuckle Curve,79.0,L,R
716363,2023-10-01,2023,7,Top,53,6,3,2,0,SF,LAD,502110,548389,669257,,,666165,664774,642731,669477,543063,S,strikeout,swinging_strike,J.D. Martinez strikes out swinging.,1,5,5,1,-0.298,0.007,R,4-Seam Fastball,95.0,R,R
716363,2023-10-01,2023,7,Top,53,5,2,2,0,SF,LAD,502110,548389,669257,,,666165,664774,642731,669477,543063,B,,ball,Ball,1,5,5,1,0.088,0.0,R,4-Seam Fastball,94.8,R,R
716363,2023-10-01,2023,7,Top,53,4,2,1,0,SF,LAD,502110,548389,669257,,,666165,664774,642731,669477,543063,S,,called_strike,Called Strike,1,5,5,1,-0.056,0.0,R,4-Seam Fastball,93.8,R,R
716363,2023-10-01,2023,7,Top,53,3,1,1,0,SF,LAD,502110,548389,669257,,,666165,664774,642731,669477,543063,B,,blocked_ball,Ball In Dirt,1,5,5,1,0.042,0.0,R,Changeup,84.9,R,R
716363,2023-10-01,2023,7,Top,53,2,0,1,0,SF,LAD,502110,548389,669257,,,666165,664774,642731,669477,543063,B,,ball,Ball,1,5,5,1,0.024,0.0,R,Sinker,90.6,R,R
716363,2023-10-01,2023,7,Top,53,1,0,0,0,SF,LAD,502110,548389,669257,,,666165,664774,642731,669477,543063,S,,foul,Foul,1,5,5,1,-0.036,0.0,R,Slider,89.0,R,R
716363,2023-10-01,2023,7,Top,52,8,3,2,0,SF,LAD,669257,548389,,,,666165,664774,642731,669477,543063,X,single,hit_into_play,Will Smith singles on a soft ground ball to third baseman Casey Schmitt.,1,5,5,1,0.344,-0.007,R,Slider,89.8,R,R
716363,2023-10-01,2023,7,Top,52,7,2,2,0,SF,LAD,669257,548389,,,,666165,664774,642731,669477,543063,B,,ball,Ball,1,5,5,1,0.115,0.0,R,4-Seam Fastball,95.1,R,R
716363,2023-10-01,2023,7,Top,52,6,2,2,0,SF,LAD,669257,548389,,,,666165,664774,642731,669477,543063,S,,foul,Foul,1,5,5,1,0.0,0.0,R,Changeup,85.2,R,R
716363,2023-10-01,2023,7,Top,52,5,2,2,0,SF,LAD,669257,548389,,,,666165,664774,642731,669477,543063,S,,foul,Foul,1,5,5,1,0.0,0.0,R,4-Seam Fastball,94.2,R,R
716363,2023-10-01,2023,7,Top,52,4,1,2,0,SF,LAD,669257,548389,,,,666165,664774,642731,669477,543063,B,,ball,Ball,1,5,5,1,0.046,0.0,R,Slider,87.8,R,R
716363,2023-10-01,2023,7,Top,52,3,0,2,0,SF,LAD,669257,548389,,,,666165,664774,642731,669477,543063,B,,ball,Ball,1,5,5,1,0.024,0.0,R,4-Seam Fastball,93.5,R,R
716363,2023-10-01,2023,7,Top,52,2,0,1,0,SF,LAD,669257,548389,,,,666165,664774,642731,669477,543063,S,,swinging_strike,Swinging Strike,1,5,5,1,-0.054,0.0,R,4-Seam Fastball,91.0,R,R
716363,2023-10-01,2023,7,Top,52,1,0,0,0,SF,LAD,669257,548389,,,,666165,664774,642731,669477,543063,S,,called_strike,Called Strike,1,5,5,1,-0.042,0.0,R,Slider,86.6,R,R
716363,2023-10-01,2023,6,Bot,51,5,2,2,2,SF,LAD,624424,686752,642731,,,669257,518692,543939,571970,642708,S,strikeout,called_strike,Michael Conforto called out on strikes.,1,5,1,5,-0.239,-0.015,R,Slider,89.3,L,R
716363,2023-10-01,2023,6,Bot,51,4,1,2,2,SF,LAD,624424,686752,642731,,,669257,518692,543939,571970,642708,B,,ball,Ball,1,5,1,5,0.034,0.0,R,4-Seam Fastball,94.6,L,R
716363,2023-10-01,2023,6,Bot,51,3,0,2,2,SF,LAD,624424,686752,642731,,,669257,518692,543939,571970,642708,B,,ball,Ball,1,5,1,5,0.02,0.0,R,Changeup,87.0,L,R
716363,2023-10-01,2023,6,Bot,51,2,0,1,2,SF,LAD,624424,686752,642731,,,669257,518692,543939,571970,642708,S,,foul,Foul,1,5,1,5,-0.055,0.0,R,Changeup,87.9,L,R
716363,2023-10-01,2023,6,Bot,51,1,0,0,2,SF,LAD,624424,686752,642731,,,669257,518692,543939,571970,642708,S,,foul,Foul,1,5,1,5,-0.045,0.0,R,4-Seam Fastball,94.0,L,R
716363,2023-10-01,2023,6,Bot,50,7,3,2,2,SF,LAD,642731,686752,,,,669257,518692,543939,571970,642708,X,field_error,hit_into_play,Thairo Estrada reaches on a throwing error by shortstop Amed Rosario.,1,5,1,5,0.321,0.009,R,4-Seam Fastball,96.1,R,R
716363,2023-10-01,2023,6,Bot,50,6,3,2,2,SF,LAD,642731,686752,,,,669257,518692,543939,571970,642708,S,,foul,Foul,1,5,1,5,0.0,0.0,R,4-Seam Fastball,95.8,R,R
716363,2023-10-01,2023,6,Bot,50,5,3,1,2,SF,LAD,642731,686752,,,,669257,518692,543939,571970,642708,S,,foul,Foul,1,5,1,5,-0.093,0.0,R,4-Seam Fastball,95.2,R,R
716363,2023-10-01,2023,6,Bot,50,4,2,1,2,SF,LAD,642731,686752,,,,669257,518692,543939,571970,642708,B,,ball,Ball,1,5,1,5,0.116,0.0,R,4-Seam Fastball,94.7,R,R
716363,2023-10-01,2023,6,Bot,50,3,1,1,2,SF,LAD,642731,686752,,,,669257,518692,543939,571970,642708,B,,ball,Ball,1,5,1,5,0.053,0.0,R,Slider,90.3,R,R
716363,2023-10-01,2023,6,Bot,50,2,0,1,2,SF,LAD,642731,686752,,,,669257,518692,543939,571970,642708,B,,ball,Ball,1,5,1,5,0.031,0.0,R,4-Seam Fastball,95.5,R,R
716363,2023-10-01,2023,6,Bot,50,1,0,0,2,SF,LAD,642731,686752,,,,669257,518692,543939,571970,642708,S,,called_strike,Called Strike,1,5,1,5,-0.045,0.0,R,Slider,88.5,R,R
716363,2023-10-01,2023,6,Bot,49,5,3,1,1,SF,LAD,664774,686752,,,,669257,518692,543939,571970,642708,X,field_out,hit_into_play,LaMonte Wade Jr. pops out to catcher Will Smith in foul territory.,1,5,1,5,-0.432,-0.011,R,4-Seam Fastball,94.6,L,R
716363,2023-10-01,2023,6,Bot,49,4,3,0,1,SF,LAD,664774,686752,,,,669257,518692,543939,571970,642708,S,,called_strike,Called Strike,1,5,1,5,-0.083,0.0,R,4-Seam Fastball,94.7,L,R
716363,2023-10-01,2023,6,Bot,49,3,2,0,1,SF,LAD,664774,686752,,,,669257,518692,543939,571970,642708,B,,ball,Ball,1,5,1,5,0.142,0.0,R,4-Seam Fastball,95.1,L,R
716363,2023-10-01,2023,6,Bot,49,2,1,0,1,SF,LAD,664774,686752,,,,669257,518692,543939,571970,642708,B,,ball,Ball,1,5,1,5,0.066,0.0,R,Changeup,86.8,L,R
716363,2023-10-01,2023,6,Bot,49,1,0,0,1,SF,LAD,664774,686752,,,,669257,518692,543939,571970,642708,B,,ball,Ball,1,5,1,5,0.039,0.0,R,4-Seam Fastball,95.3,L,R
716363,2023-10-01,2023,6,Bot,48,2,0,1,0,SF,LAD,543063,686752,,,,669257,518692,543939,571970,642708,X,field_out,hit_into_play,Brandon Crawford flies out to left fielder David Peralta.,1,5,1,5,-0.223,-0.018,R,4-Seam Fastball,94.1,L,R
716363,2023-10-01,2023,6,Bot,48,1,0,0,0,SF,LAD,543063,686752,,,,669257,518692,543939,571970,642708,S,,called_strike,Called Strike,1,5,1,5,-0.042,0.0,R,Changeup,87.6,L,R
716363,2023-10-01,2023,6,Bot,47,3,1,1,0,SF,LAD,669477,686752,,,,669257,518692,543939,571970,642708,X,home_run,hit_into_play,Casey Schmitt homers (4) on a fly ball to left center field.,0,5,0,5,1.126,0.038,R,Changeup,87.6,R,R
716363,2023-10-01,2023,6,Bot,47,2,0,1,0,SF,LAD,669477,686752,,,,669257,518692,543939,571970,642708,B,,ball,Ball,0,5,0,5,0.031,0.0,R,Changeup,86.8,R,R
716363,2023-10-01,2023,6,Bot,47,1,0,0,0,SF,LAD,669477,686752,,,,669257,518692,543939,571970,642708,S,,called_strike,Called Strike,0,5,0,5,-0.042,0.0,R,4-Seam Fastball,93.7,R,R
716363,2023-10-01,2023,6,Top,46,6,3,2,2,SF,LAD,518692,548389,605141,,,666165,664774,642731,669477,543063,S,strikeout,swinging_strike,Freddie Freeman strikes out swinging.,0,5,5,0,-0.304,0.004,R,4-Seam Fastball,95.0,L,R
716363,2023-10-01,2023,6,Top,46,5,2,2,2,SF,LAD,518692,548389,605141,,,666165,664774,642731,669477,543063,B,,ball,Ball,0,5,5,0,0.065,0.0,R,Slider,88.6,L,R
716363,2023-10-01,2023,6,Top,46,4,1,2,2,SF,LAD,518692,548389,605141,,,666165,664774,642731,669477,543063,B,,ball,Ball,0,5,5,0,0.034,0.0,R,4-Seam Fastball,92.7,L,R
716363,2023-10-01,2023,6,Top,46,3,0,2,2,SF,LAD,518692,548389,605141,,,666165,664774,642731,669477,543063,B,,blocked_ball,Ball In Dirt,0,5,5,0,0.02,0.0,R,Changeup,83.4,L,R
716363,2023-10-01,2023,6,Top,46,2,0,1,2,SF,LAD,518692,548389,605141,,,666165,664774,642731,669477,543063,S,,foul,Foul,0,5,5,0,-0.055,0.0,R,Changeup,82.1,L,R
716363,2023-10-01,2023,6,Top,46,1,0,0,2,SF,LAD,518692,548389,605141,,,666165,664774,642731,669477,543063,S,,swinging_strike,Swinging Strike,0,5,5,0,-0.045,0.0,R,Knuckle Curve,76.0,L,R
716363,2023-10-01,2023,6,Top,45,2,0,1,2,SF,LAD,605141,573124,,,,666165,664774,642731,669477,543063,X,single,hit_into_play,Mookie Betts singles on a sharp ground ball to center fielder Tyler Fitzgerald.,0,5,5,0,0.388,-0.002,R,Sinker,94.2,R,L
716363,2023-10-01,2023,6,Top,45,1,0,0,2,SF,LAD,605141,573124,,,,666165,664774,642731,669477,543063,S,,called_strike,Called Strike,0,5,5,0,-0.045,0.0,R,Sinker,94.3,R,L
716363,2023-10-01,2023,6,Top,44,2,0,1,2,SF,LAD,571771,573124,681546,642708,,666165,664774,642731,669477,543063,X,home_run,hit_into_play,Enrique Hernandez homers (11) on a fly ball to left field. Amed Rosario scores. James Outman scores.,0,2,2,0,1.692,-0.168,R,Sweeper,81.1,R,L
716363,2023-10-01,2023,6,Top,44,1,0,0,2,SF,LAD,571771,573124,681546,642708,,666165,664774,642731,669477,543063,S,,called_strike,Called Strike,0,2,2,0,-0.04,0.0,R,Sweeper,80.5,R,L
716363,2023-10-01,2023,6,Top,43,3,1,1,2,SF,LAD,681546,573124,642708,571970,,666165,664774,642731,669477,543063,X,single,hit_into_play,James Outman singles on a line drive to center fielder Tyler Fitzgerald. Max Muncy scores. Amed Rosario to 2nd.,0,1,1,0,0.563,-0.124,R,Sweeper,79.2,L,L
716363,2023-10-01,2023,6,Top,43,2,0,1,2,SF,LAD,681546,573124,642708,571970,,666165,664774,642731,669477,543063,B,,ball,Ball,0,1,1,0,0.025,0.0,R,Sweeper,80.1,L,L
716363,2023-10-01,2023,6,Top,43,1,0,0,2,SF,LAD,681546,573124,642708,571970,,666165,664774,642731,669477,543063,S,,called_strike,Called Strike,0,1,1,0,-0.04,0.0,R,Sweeper,77.7,L,L
716363,2023-10-01,2023,6,Top,42,1,0,0,2,SF,LAD,642708,573124,571970,669257,,666165,664774,642731,669477,543063,X,single,hit_into_play,Amed Rosario singles on a sharp ground ball to center fielder Tyler Fitzgerald. Will Smith scores. Max Muncy to 2nd.,0,0,0,0,0.549,-0.169,R,Sinker,93.5,R,L
716363,2023-10-01,2023,6,Top,41,6,2,2,1,SF,LAD,543939,573124,571970,669257,,666165,664774,642731,669477,543063,S,strikeout,called_strike,Kolten Wong called out on strikes.,0,0,0,0,-0.201,0.063,R,Sweeper,79.3,L,L
716363,2023-10-01,2023,6,Top,41,5,1,2,1,SF,LAD,543939,573124,571970,669257,,666165,664774,642731,669477,543063,B,,ball,Ball,0,0,0,0,0.028,0.0,R,Sinker,94.1,L,L
716363,2023-10-01,2023,6,Top,41,4,1,2,1,SF,LAD,543939,573124,571970,669257,,666165,664774,642731,669477,543063,S,,foul,Foul,0,0,0,0,0.0,0.0,R,Sinker,93.8,L,L
716363,2023-10-01,2023,6,Top,41,3,1,1,1,SF,LAD,543939,573124,571970,669257,,666165,664774,642731,669477,543063,S,,called_strike,Called Strike,0,0,0,0,-0.059,0.0,R,Sinker,92.9,L,L
716363,2023-10-01,2023,6,Top,41,2,0,1,1,SF,LAD,543939,573124,571970,669257,,666165,664774,642731,669477,543063,B,,ball,Ball,0,0,0,0,0.031,0.0,R,Sinker,93.1,L,L
716363,2023-10-01,2023,6,Top,41,1,0,0,1,SF,LAD,543939,573124,571970,669257,,666165,664774,642731,669477,543063,S,,foul,Foul,0,0,0,0,-0.04,0.0,R,Sweeper,79.4,L,L
716363,2023-10-01,2023,6,Top,40,5,3,1,1,SF,LAD,571970,605154,669257,,,666165,664774,642731,669477,543063,B,walk,ball,Max Muncy walks. Will Smith to 2nd.,0,0,0,0,0.197,-0.05,R,Slider,81.7,L,R
716363,2023-10-01,2023,6,Top,40,4,2,1,1,SF,LAD,571970,605154,669257,,,666165,664774,642731,669477,543063,B,,ball,Ball,0,0,0,0,0.1,0.0,R,4-Seam Fastball,95.2,L,R
716363,2023-10-01,2023,6,Top,40,3,2,0,1,SF,LAD,571970,605154,669257,,,666165,664774,642731,669477,543063,S,,swinging_strike,Swinging Strike,0,0,0,0,-0.061,0.0,R,Slider,84.3,L,R
716363,2023-10-01,2023,6,Top,40,2,1,0,1,SF,LAD,571970,605154,669257,,,666165,664774,642731,669477,543063,B,,ball,Ball,0,0,0,0,0.054,0.0,R,Slider,85.5,L,R
716363,2023-10-01,2023,6,Top,40,1,0,0,1,SF,LAD,571970,605154,669257,,,666165,664774,642731,669477,543063,B,,ball,Ball,0,0,0,0,0.036,0.0,R,4-Seam Fastball,95.7,L,R
716363,2023-10-01,2023,6,Top,39,3,0,2,0,SF,LAD,502110,605154,669257,,,666165,664774,642731,669477,543063,S,strikeout,swinging_strike,J.D. Martinez strikes out swinging.,0,0,0,0,-0.156,0.049,R,4-Seam Fastball,95.7,R,R
716363,2023-10-01,2023,6,Top,39,2,0,1,0,SF,LAD,502110,605154,669257,,,666165,664774,642731,669477,543063,S,,called_strike,Called Strike,0,0,0,0,-0.043,0.0,R,4-Seam Fastball,94.9,R,R
716363,2023-10-01,2023,6,Top,39,1,0,0,0,SF,LAD,502110,605154,669257,,,666165,664774,642731,669477,543063,S,,swinging_strike,Swinging Strike,0,0,0,0,-0.036,0.0,R,Slider,82.4,R,R
716363,2023-10-01,2023,6,Top,38,2,1,0,0,SF,LAD,669257,605154,,,,666165,664774,642731,669477,543063,X,single,hit_into_play,Will Smith singles on a sharp ground ball to left fielder Michael Conforto.,0,0,0,0,0.392,-0.053,R,Slider,85.6,R,R
716363,2023-10-01,2023,6,Top,38,1,0,0,0,SF,LAD,669257,605154,,,,666165,664774,642731,669477,543063,B,,ball,Ball,0,0,0,0,0.04,0.0,R,Slider,83.4,R,R
716363,2023-10-01,2023,5,Bot,37,2,1,0,2,SF,LAD,666165,624647,,,,669257,518692,543939,571970,642708,X,field_out,hit_into_play,"Blake Sabol grounds out, second baseman Kolten Wong to first baseman Freddie Freeman.",0,0,0,0,-0.317,-0.014,R,Sinker,94.1,L,L
716363,2023-10-01,2023,5,Bot,37,1,0,0,2,SF,LAD,666165,624647,,,,669257,518692,543939,571970,642708,B,,ball,Ball,0,0,0,0,0.043,0.0,R,Sinker,93.6,L,L
716363,2023-10-01,2023,5,Bot,36,5,3,1,1,SF,LAD,666149,624647,,,,669257,518692,543939,571970,642708,X,field_out,hit_into_play,"Tyler Fitzgerald grounds out, shortstop Amed Rosario to first baseman Freddie Freeman.",0,0,0,0,-0.432,-0.022,R,Sinker,93.5,R,L
716363,2023-10-01,2023,5,Bot,36,4,2,1,1,SF,LAD,666149,624647,,,,669257,518692,543939,571970,642708,B,,ball,Ball,0,0,0,0,0.122,0.0,R,Sinker,94.2,R,L
716363,2023-10-01,2023,5,Bot,36,3,1,1,1,SF,LAD,666149,624647,,,,669257,518692,543939,571970,642708,B,,ball,Ball,0,0,0,0,0.054,0.0,R,Sinker,94.1,R,L
716363,2023-10-01,2023,5,Bot,36,2,0,1,1,SF,LAD,666149,624647,,,,669257,518692,543939,571970,642708,B,,ball,Ball,0,0,0,0,0.03,0.0,R,Changeup,86.2,R,L
716363,2023-10-01,2023,5,Bot,36,1,0,0,1,SF,LAD,666149,624647,,,,669257,518692,543939,571970,642708,S,,called_strike,Called Strike,0,0,0,0,-0.041,0.0,R,Sinker,92.5,R,L
716363,2023-10-01,2023,5,Bot,35,5,2,2,0,SF,LAD,573262,624647,,,,669257,518692,543939,571970,642708,S,strikeout,swinging_strike,Mike Yastrzemski strikes out swinging.,0,0,0,0,-0.239,-0.029,R,Slider,84.6,L,L
716363,2023-10-01,2023,5,Bot,35,4,1,2,0,SF,LAD,573262,624647,,,,669257,518692,543939,571970,642708,B,,ball,Ball,0,0,0,0,0.046,0.0,R,Sinker,94.9,L,L
716363,2023-10-01,2023,5,Bot,35,3,1,1,0,SF,LAD,573262,624647,,,,669257,518692,543939,571970,642708,S,,foul,Foul,0,0,0,0,-0.061,0.0,R,Sinker,94.2,L,L
716363,2023-10-01,2023,5,Bot,35,2,0,1,0,SF,LAD,573262,624647,,,,669257,518692,543939,571970,642708,B,,ball,Ball,0,0,0,0,0.031,0.0,R,Slider,84.8,L,L
716363,2023-10-01,2023,5,Bot,35,1,0,0,0,SF,LAD,573262,624647,,,,669257,518692,543939,571970,642708,S,,called_strike,Called Strike,0,0,0,0,-0.042,0.0,R,Sinker,93.3,L,L
716363,2023-10-01,2023,5,Top,34,4,2,1,2,SF,LAD,518692,690986,,681546,,666165,664774,642731,669477,543063,X,field_out,hit_into_play,Freddie Freeman flies out to left fielder Michael Conforto.,0,0,0,0,-0.29,0.046,R,4-Seam Fastball,92.4,L,L
716363,2023-10-01,2023,5,Top,34,3,1,1,2,SF,LAD,518692,690986,681546,,,666165,664774,642731,669477,543063,B,,ball,Ball,0,0,0,0,0.036,-0.015,R,Slurve,82.9,L,L
716363,2023-10-01,2023,5,Top,34,2,1,0,2,SF,LAD,518692,690986,681546,,,666165,664774,642731,669477,543063,S,,called_strike,Called Strike,0,0,0,0,-0.05,0.0,R,Cutter,87.2,L,L
716363,2023-10-01,2023,5,Top,34,1,0,0,2,SF,LAD,518692,690986,681546,,,666165,664774,642731,669477,543063,B,,ball,Ball,0,0,0,0,0.03,0.0,R,Slurve,83.1,L,L
716363,2023-10-01,2023,5,Top,33,11,3,2,1,SF,LAD,605141,690986,681546,,,666165,664774,642731,669477,543063,X,field_out,hit_into_play,Mookie Betts pops out to first baseman LaMonte Wade Jr. in foul territory.,0,0,0,0,-0.316,0.037,R,4-Seam Fastball,93.4,R,L
716363,2023-10-01,2023,5,Top,33,10,3,2,1,SF,LAD,605141,690986,681546,,,666165,664774,642731,669477,543063,S,,foul,Foul,0,0,0,0,0.0,0.0,R,4-Seam Fastball,92.8,R,L
716363,2023-10-01,2023,5,Top,33,9,3,2,1,SF,LAD,605141,690986,681546,,,666165,664774,642731,669477,543063,S,,foul,Foul,0,0,0,0,0.0,0.0,R,Changeup,85.8,R,L
716363,2023-10-01,2023,5,Top,33,8,3,2,1,SF,LAD,605141,690986,681546,,,666165,664774,642731,669477,543063,S,,foul,Foul,0,0,0,0,0.0,0.0,R,4-Seam Fastball,93.6,R,L
716363,2023-10-01,2023,5,Top,33,7,2,2,1,SF,LAD,605141,690986,681546,,,666165,664774,642731,669477,543063,B,,ball,Ball,0,0,0,0,0.084,0.0,R,4-Seam Fastball,93.9,R,L
716363,2023-10-01,2023,5,Top,33,6,2,2,1,SF,LAD,605141,690986,681546,,,666165,664774,642731,669477,543063,S,,foul,Foul,0,0,0,0,0.0,0.0,R,4-Seam Fastball,93.1,R,L
716363,2023-10-01,2023,5,Top,33,5,2,2,1,SF,LAD,605141,690986,681546,,,666165,664774,642731,669477,543063,S,,foul,Foul,0,0,0,0,0.0,0.0,R,Changeup,87.1,R,L
716363,2023-10-01,2023,5,Top,33,4,1,2,1,SF,LAD,605141,690986,681546,,,666165,664774,642731,669477,543063,B,,ball,Ball,0,0,0,0,0.047,0.0,R,4-Seam Fastball,93.9,R,L
716363,2023-10-01,2023,5,Top,33,3,1,1,1,SF,LAD,605141,690986,681546,,,666165,664774,642731,669477,543063,S,,foul,Foul,0,0,0,0,-0.055,0.0,R,Changeup,86.3,R,L
716363,2023-10-01,2023,5,Top,33,2,1,0,1,SF,LAD,605141,690986,681546,,,666165,664774,642731,669477,543063,S,,called_strike,Called Strike,0,0,0,0,-0.053,0.0,R,4-Seam Fastball,92.1,R,L
716363,2023-10-01,2023,5,Top,33,1,0,0,1,SF,LAD,605141,690986,681546,,,666165,664774,642731,669477,543063,B,,ball,Ball,0,0,0,0,0.036,0.0,R,4-Seam Fastball,92.3,R,L
716363,2023-10-01,2023,5,Top,32,5,2,2,0,SF,LAD,571771,690986,681546,,,666165,664774,642731,669477,543063,X,field_out,hit_into_play,Enrique Hernandez pops out to first baseman LaMonte Wade Jr. in foul territory.,0,0,0,0,-0.215,0.044,R,Changeup,87.0,R,L
716363,2023-10-01,2023,5,Top,32,4,1,2,0,SF,LAD,571771,690986,681546,,,666165,664774,642731,669477,543063,B,,ball,Ball,0,0,0,0,0.045,0.0,R,4-Seam Fastball,92.5,R,L
716363,2023-10-01,2023,5,Top,32,3,1,1,0,SF,LAD,571771,690986,681546,,,666165,664774,642731,669477,543063,S,,swinging_strike,Swinging Strike,0,0,0,0,-0.059,0.0,R,Changeup,85.3,R,L
716363,2023-10-01,2023,5,Top,32,2,0,1,0,SF,LAD,571771,690986,681546,,,666165,664774,642731,669477,543063,B,,blocked_ball,Ball In Dirt,0,0,0,0,0.024,0.0,R,Slurve,82.3,R,L
716363,2023-10-01,2023,5,Top,32,1,0,0,0,SF,LAD,571771,690986,681546,,,666165,664774,642731,669477,543063,S,,called_strike,Called Strike,0,0,0,0,-0.036,0.0,R,4-Seam Fastball,91.8,R,L
716363,2023-10-01,2023,5,Top,31,4,3,0,0,SF,LAD,681546,690986,,,,666165,664774,642731,669477,543063,B,walk,ball,James Outman walks.,0,0,0,0,0.173,-0.047,R,4-Seam Fastball,91.2,L,L
716363,2023-10-01,2023,5,Top,31,3,2,0,0,SF,LAD,681546,690986,,,,666165,664774,642731,669477,543063,B,,ball,Ball,0,0,0,0,0.151,0.0,R,4-Seam Fastball,91.4,L,L
716363,2023-10-01,2023,5,Top,31,2,1,0,0,SF,LAD,681546,690986,,,,666165,664774,642731,669477,543063,B,,ball,Ball,0,0,0,0,0.071,0.0,R,4-Seam Fastball,91.7,L,L
716363,2023-10-01,2023,5,Top,31,1,0,0,0,SF,LAD,681546,690986,,,,666165,664774,642731,669477,543063,B,,ball,Ball,0,0,0,0,0.04,0.0,R,Slurve,80.4,L,L
716363,2023-10-01,2023,4,Bot,30,4,1,2,2,SF,LAD,592626,676272,,624424,,669257,518692,642708,571970,571771,S,strikeout,swinging_strike,Joc Pederson strikes out swinging.,0,0,0,0,-0.203,-0.042,R,Changeup,88.2,L,R
716363,2023-10-01,2023,4,Bot,30,3,1,1,2,SF,LAD,592626,676272,,624424,,669257,518692,642708,571970,571771,S,,swinging_strike,Swinging Strike,0,0,0,0,-0.064,0.0,R,Curveball,81.1,L,R
716363,2023-10-01,2023,4,Bot,30,2,0,1,2,SF,LAD,592626,676272,624424,,,669257,518692,642708,571970,571771,B,,ball,Ball,0,0,0,0,0.025,0.014,R,Changeup,89.5,L,R
716363,2023-10-01,2023,4,Bot,30,1,0,0,2,SF,LAD,592626,676272,624424,,,669257,518692,642708,571970,571771,S,,called_strike,Called Strike,0,0,0,0,-0.045,0.0,R,Sinker,99.1,L,R
716363,2023-10-01,2023,4,Bot,29,6,3,2,2,SF,LAD,624424,676272,,,,669257,518692,642708,571970,571771,B,walk,ball,Michael Conforto walks.,0,0,0,0,0.286,0.015,R,Sinker,98.9,L,R
716363,2023-10-01,2023,4,Bot,29,5,2,2,2,SF,LAD,624424,676272,,,,669257,518692,642708,571970,571771,B,,ball,Ball,0,0,0,0,0.104,0.0,R,Sinker,99.0,L,R
716363,2023-10-01,2023,4,Bot,29,4,1,2,2,SF,LAD,624424,676272,,,,669257,518692,642708,571970,571771,B,,ball,Ball,0,0,0,0,0.041,0.0,R,Curveball,82.8,L,R
716363,2023-10-01,2023,4,Bot,29,3,1,1,2,SF,LAD,624424,676272,,,,669257,518692,642708,571970,571771,S,,swinging_strike,Swinging Strike,0,0,0,0,-0.069,0.0,R,Changeup,88.0,L,R
716363,2023-10-01,2023,4,Bot,29,2,0,1,2,SF,LAD,624424,676272,,,,669257,518692,642708,571970,571771,B,,ball,Ball,0,0,0,0,0.031,0.0,R,Changeup,89.1,L,R
716363,2023-10-01,2023,4,Bot,29,1,0,0,2,SF,LAD,624424,676272,,,,669257,518692,642708,571970,571771,S,,foul,Foul,0,0,0,0,-0.045,0.0,R,4-Seam Fastball,99.7,L,R
716363,2023-10-01,2023,4,Bot,28,5,2,2,1,SF,LAD,642731,676272,,,,669257,518692,642708,571970,571771,X,field_out,hit_into_play,"Thairo Estrada grounds out, shortstop Enrique Hernandez to first baseman Freddie Freeman.",0,0,0,0,-0.234,-0.019,R,Slider,88.1,R,R
716363,2023-10-01,2023,4,Bot,28,4,1,2,1,SF,LAD,642731,676272,,,,669257,518692,642708,571970,571771,B,,ball,Ball,0,0,0,0,0.045,0.0,R,Slider,89.9,R,R
716363,2023-10-01,2023,4,Bot,28,3,1,1,1,SF,LAD,642731,676272,,,,669257,518692,642708,571970,571771,S,,called_strike,Called Strike,0,0,0,0,-0.068,0.0,R,4-Seam Fastball,99.2,R,R
716363,2023-10-01,2023,4,Bot,28,2,0,1,1,SF,LAD,642731,676272,,,,669257,518692,642708,571970,571771,B,,ball,Ball,0,0,0,0,0.03,0.0,R,Curveball,81.9,R,R
716363,2023-10-01,2023,4,Bot,28,1,0,0,1,SF,LAD,642731,676272,,,,669257,518692,642708,571970,571771,S,,called_strike,Called Strike,0,0,0,0,-0.041,0.0,R,Sinker,97.7,R,R
716363,2023-10-01,2023,4,Bot,27,1,0,0,0,SF,LAD,664774,676272,,,,669257,518692,642708,571970,571771,X,field_out,hit_into_play,LaMonte Wade Jr. pops out to shortstop Enrique Hernandez.,0,0,0,0,-0.265,-0.027,R,4-Seam Fastball,98.2,L,R
716363,2023-10-01,2023,4,Top,26,4,1,2,2,SF,LAD,642708,690986,621035,,,666165,664774,642731,669477,543063,S,strikeout,called_strike,Amed Rosario called out on strikes.,0,0,0,0,-0.206,0.028,R,4-Seam Fastball,93.9,R,L
716363,2023-10-01,2023,4,Top,26,3,0,2,2,SF,LAD,642708,690986,621035,,,666165,664774,642731,669477,543063,B,,ball,Ball,0,0,0,0,0.02,0.0,R,4-Seam Fastball,93.7,R,L
716363,2023-10-01,2023,4,Top,26,2,0,1,2,SF,LAD,642708,690986,621035,,,666165,664774,642731,669477,543063,S,,foul,Foul,0,0,0,0,-0.055,0.0,R,Changeup,86.3,R,L
716363,2023-10-01,2023,4,Top,26,1,0,0,2,SF,LAD,642708,690986,621035,,,666165,664774,642731,669477,543063,S,,called_strike,Called Strike,0,0,0,0,-0.045,0.0,R,4-Seam Fastball,91.5,R,L
716363,2023-10-01,2023,4,Top,25,2,1,0,2,SF,LAD,621035,690986,,,,666165,664774,642731,669477,543063,B,hit_by_pitch,hit_by_pitch,Chris Taylor hit by pitch.,0,0,0,0,0.306,-0.015,R,Slurve,81.3,R,L
716363,2023-10-01,2023,4,Top,25,1,0,0,2,SF,LAD,621035,690986,,,,666165,664774,642731,669477,543063,B,,ball,Ball,0,0,0,0,0.043,0.0,R,4-Seam Fastball,93.9,R,L
716363,2023-10-01,2023,4,Top,24,3,0,2,1,SF,LAD,571970,690986,,,,666165,664774,642731,669477,543063,X,field_out,hit_into_play,"Max Muncy grounds out, second baseman Thairo Estrada to first baseman LaMonte Wade Jr.",0,0,0,0,-0.17,0.019,R,4-Seam Fastball,94.4,L,L
716363,2023-10-01,2023,4,Top,24,2,0,1,1,SF,LAD,571970,690986,,,,666165,664774,642731,669477,543063,S,,foul,Foul,0,0,0,0,-0.057,0.0,R,Cutter,86.8,L,L
716363,2023-10-01,2023,4,Top,24,1,0,0,1,SF,LAD,571970,690986,,,,666165,664774,642731,669477,543063,S,,called_strike,Called Strike,0,0,0,0,-0.041,0.0,R,Slurve,82.6,L,L
716363,2023-10-01,2023,4,Top,23,5,0,2,0,SF,LAD,502110,690986,,,,666165,664774,642731,669477,543063,S,strikeout,swinging_strike,J.D. Martinez strikes out swinging.,0,0,0,0,-0.169,0.027,R,Changeup,87.4,R,L
716363,2023-10-01,2023,4,Top,23,4,0,2,0,SF,LAD,502110,690986,,,,666165,664774,642731,669477,543063,S,,foul,Foul,0,0,0,0,0.0,0.0,R,4-Seam Fastball,93.8,R,L
716363,2023-10-01,2023,4,Top,23,3,0,2,0,SF,LAD,502110,690986,,,,666165,664774,642731,669477,543063,S,,foul,Foul,0,0,0,0,0.0,0.0,R,Slurve,81.5,R,L
716363,2023-10-01,2023,4,Top,23,2,0,1,0,SF,LAD,502110,690986,,,,666165,664774,642731,669477,543063,S,,foul,Foul,0,0,0,0,-0.054,0.0,R,4-Seam Fastball,92.6,R,L
716363,2023-10-01,2023,4,Top,23,1,0,0,0,SF,LAD,502110,690986,,,,666165,664774,642731,669477,543063,S,,swinging_strike,Swinging Strike,0,0,0,0,-0.042,0.0,R,Slurve,81.2,R,L
716363,2023-10-01,2023,3,Bot,22,6,0,2,2,SF,LAD,543063,676272,666165,,,669257,518692,642708,571970,571771,S,strikeout,swinging_strike_blocked,Brandon Crawford strikes out swinging.,0,0,0,0,-0.186,-0.026,R,Curveball,81.7,L,R
716363,2023-10-01,2023,3,Bot,22,5,0,2,2,SF,LAD,543063,676272,666165,,,669257,518692,642708,571970,571771,S,,foul,Foul,0,0,0,0,0.0,0.0,R,Changeup,87.6,L,R
716363,2023-10-01,2023,3,Bot,22,4,0,2,2,SF,LAD,543063,676272,666165,,,669257,518692,642708,571970,571771,S,,foul,Foul,0,0,0,0,0.0,0.0,R,Changeup,88.9,L,R
716363,2023-10-01,2023,3,Bot,22,3,0,2,2,SF,LAD,543063,676272,666165,,,669257,518692,642708,571970,571771,S,,foul,Foul,0,0,0,0,0.0,0.0,R,Sinker,99.0,L,R
716363,2023-10-01,2023,3,Bot,22,2,0,1,2,SF,LAD,543063,676272,666165,,,669257,518692,642708,571970,571771,S,,foul,Foul,0,0,0,0,-0.055,0.0,R,4-Seam Fastball,99.9,L,R
716363,2023-10-01,2023,3,Bot,22,1,0,0,2,SF,LAD,543063,676272,666165,,,669257,518692,642708,571970,571771,S,,called_strike,Called Strike,0,0,0,0,-0.045,0.0,R,Changeup,86.7,L,R
716363,2023-10-01,2023,3,Bot,21,5,2,2,1,SF,LAD,669477,676272,666165,,,669257,518692,642708,571970,571771,X,field_out,hit_into_play,Casey Schmitt flies out to right fielder Mookie Betts.,0,0,0,0,-0.232,-0.031,R,Sinker,99.0,R,R
716363,2023-10-01,2023,3,Bot,21,4,1,2,1,SF,LAD,669477,676272,666165,,,669257,518692,642708,571970,571771,B,,blocked_ball,Ball In Dirt,0,0,0,0,0.047,0.0,R,Curveball,81.4,R,R
716363,2023-10-01,2023,3,Bot,21,3,1,1,1,SF,LAD,669477,676272,666165,,,669257,518692,642708,571970,571771,S,,foul,Foul,0,0,0,0,-0.055,0.0,R,Sinker,98.1,R,R
716363,2023-10-01,2023,3,Bot,21,2,1,0,1,SF,LAD,669477,676272,666165,,,669257,518692,642708,571970,571771,S,,swinging_strike,Swinging Strike,0,0,0,0,-0.053,0.0,R,Curveball,79.1,R,R
716363,2023-10-01,2023,3,Bot,21,1,0,0,1,SF,LAD,669477,676272,666165,,,669257,518692,642708,571970,571771,B,,ball,Ball,0,0,0,0,0.036,0.0,R,Curveball,77.5,R,R
716363,2023-10-01,2023,3,Bot,20,1,0,0,1,SF,LAD,666165,676272,,,,669257,518692,642708,571970,571771,X,single,hit_into_play,Blake Sabol singles on a ground ball to center fielder James Outman.,0,0,0,0,0.416,0.028,R,Sinker,98.9,L,R
716363,2023-10-01,2023,3,Bot,19,6,3,2,0,SF,LAD,666149,676272,,,,669257,518692,642708,571970,571771,X,field_out,hit_into_play,"Tyler Fitzgerald grounds out, shortstop Enrique Hernandez to first baseman Freddie Freeman.",0,0,0,0,-0.353,-0.025,R,Sinker,98.8,R,R
716363,2023-10-01,2023,3,Bot,19,5,2,2,0,SF,LAD,666149,676272,,,,669257,518692,642708,571970,571771,B,,ball,Ball,0,0,0,0,0.115,0.0,R,Changeup,86.8,R,R
716363,2023-10-01,2023,3,Bot,19,4,2,1,0,SF,LAD,666149,676272,,,,669257,518692,642708,571970,571771,S,,swinging_strike,Swinging Strike,0,0,0,0,-0.074,0.0,R,Changeup,87.5,R,R
716363,2023-10-01,2023,3,Bot,19,3,2,0,0,SF,LAD,666149,676272,,,,669257,518692,642708,571970,571771,S,,called_strike,Called Strike,0,0,0,0,-0.065,0.0,R,Sinker,99.0,R,R
716363,2023-10-01,2023,3,Bot,19,2,1,0,0,SF,LAD,666149,676272,,,,669257,518692,642708,571970,571771,B,,ball,Ball,0,0,0,0,0.071,0.0,R,4-Seam Fastball,98.7,R,R
716363,2023-10-01,2023,3,Bot,19,1,0,0,0,SF,LAD,666149,676272,,,,669257,518692,642708,571970,571771,B,,ball,Ball,0,0,0,0,0.04,0.0,R,4-Seam Fastball,97.9,R,R
716363,2023-10-01,2023,3,Top,18,9,2,2,2,SF,LAD,669257,690986,605141,,,666165,664774,642731,669477,543063,X,field_out,hit_into_play,Will Smith flies out to right fielder Mike Yastrzemski.,0,0,0,0,-0.24,0.026,R,4-Seam Fastball,92.9,R,L
716363,2023-10-01,2023,3,Top,18,8,2,2,2,SF,LAD,669257,690986,605141,,,666165,664774,642731,669477,543063,S,,foul,Foul,0,0,0,0,0.0,0.0,R,Changeup,85.9,R,L
716363,2023-10-01,2023,3,Top,18,7,2,2,2,SF,LAD,669257,690986,605141,,,666165,664774,642731,669477,543063,S,,foul,Foul,0,0,0,0,0.0,0.0,R,Slurve,82.1,R,L
716363,2023-10-01,2023,3,Top,18,6,2,2,2,SF,LAD,669257,690986,605141,,,666165,664774,642731,669477,543063,S,,foul,Foul,0,0,0,0,0.0,0.0,R,4-Seam Fastball,93.3,R,L
716363,2023-10-01,2023,3,Top,18,5,1,2,2,SF,LAD,669257,690986,605141,,,666165,664774,642731,669477,543063,B,,ball,Ball,0,0,0,0,0.034,0.0,R,4-Seam Fastball,94.3,R,L
716363,2023-10-01,2023,3,Top,18,4,1,2,2,SF,LAD,669257,690986,605141,,,666165,664774,642731,669477,543063,S,,foul,Foul,0,0,0,0,0.0,0.0,R,Slurve,83.2,R,L
716363,2023-10-01,2023,3,Top,18,3,0,2,2,SF,LAD,669257,690986,605141,,,666165,664774,642731,669477,543063,B,,ball,Ball,0,0,0,0,0.02,0.0,R,4-Seam Fastball,93.7,R,L
716363,2023-10-01,2023,3,Top,18,2,0,1,2,SF,LAD,669257,690986,605141,,,666165,664774,642731,669477,543063,S,,foul,Foul,0,0,0,0,-0.055,0.0,R,4-Seam Fastball,93.9,R,L
716363,2023-10-01,2023,3,Top,18,1,0,0,2,SF,LAD,669257,690986,605141,,,666165,664774,642731,669477,543063,S,,called_strike,Called Strike,0,0,0,0,-0.045,0.0,R,Slurve,83.4,R,L
716363,2023-10-01,2023,3,Top,17,2,1,0,1,SF,LAD,518692,690986,605141,,,666165,664774,642731,669477,543063,X,field_out,hit_into_play,Freddie Freeman flies out to center fielder Tyler Fitzgerald.,0,0,0,0,-0.293,0.031,R,Slurve,82.2,L,L
716363,2023-10-01,2023,3,Top,17,1,0,0,1,SF,LAD,518692,690986,605141,,,666165,664774,642731,669477,543063,B,,ball,Ball,0,0,0,0,0.036,0.0,R,Cutter,86.4,L,L
716363,2023-10-01,2023,3,Top,16,9,3,2,1,SF,LAD,605141,690986,,,,666165,664774,642731,669477,543063,B,walk,ball,Mookie Betts walks.,0,0,0,0,0.36,-0.028,R,4-Seam Fastball,93.2,R,L
716363,2023-10-01,2023,3,Top,16,8,3,2,1,SF,LAD,605141,690986,,,,666165,664774,642731,669477,543063,S,,foul,Foul,0,0,0,0,0.0,0.0,R,4-Seam Fastball,93.0,R,L
716363,2023-10-01,2023,3,Top,16,7,3,2,1,SF,LAD,605141,690986,,,,666165,664774,642731,669477,543063,S,,foul,Foul,0,0,0,0,0.0,0.0,R,Changeup,87.4,R,L
716363,2023-10-01,2023,3,Top,16,6,3,2,1,SF,LAD,605141,690986,,,,666165,664774,642731,669477,543063,S,,foul,Foul,0,0,0,0,0.0,0.0,R,4-Seam Fastball,92.5,R,L
716363,2023-10-01,2023,3,Top,16,5,2,2,1,SF,LAD,605141,690986,,,,666165,664774,642731,669477,543063,B,,ball,Ball,0,0,0,0,0.094,0.0,R,Changeup,86.2,R,L
716363,2023-10-01,2023,3,Top,16,4,1,2,1,SF,LAD,605141,690986,,,,666165,664774,642731,669477,543063,B,,ball,Ball,0,0,0,0,0.045,0.0,R,Slurve,83.3,R,L
716363,2023-10-01,2023,3,Top,16,3,0,2,1,SF,LAD,605141,690986,,,,666165,664774,642731,669477,543063,B,,ball,Ball,0,0,0,0,0.019,0.0,R,4-Seam Fastball,93.5,R,L
716363,2023-10-01,2023,3,Top,16,2,0,1,1,SF,LAD,605141,690986,,,,666165,664774,642731,669477,543063,S,,foul,Foul,0,0,0,0,-0.057,0.0,R,Changeup,86.4,R,L
716363,2023-10-01,2023,3,Top,16,1,0,0,1,SF,LAD,605141,690986,,,,666165,664774,642731,669477,543063,S,,called_strike,Called Strike,0,0,0,0,-0.041,0.0,R,4-Seam Fastball,92.3,R,L
716363,2023-10-01,2023,3,Top,15,1,0,0,0,SF,LAD,571771,690986,,,,666165,664774,642731,669477,543063,X,field_out,hit_into_play,Enrique Hernandez flies out to center fielder Tyler Fitzgerald.,0,0,0,0,-0.265,0.025,R,4-Seam Fastball,91.8,R,L
716363,2023-10-01,2023,2,Bot,14,2,0,1,2,SF,LAD,573262,676272,,,,669257,518692,642708,571970,571771,X,field_out,hit_into_play,"Mike Yastrzemski grounds out, second baseman Amed Rosario to first baseman Freddie Freeman.",0,0,0,0,-0.23,-0.011,R,Changeup,87.9,L,R
716363,2023-10-01,2023,2,Bot,14,1,0,0,2,SF,LAD,573262,676272,,,,669257,518692,642708,571970,571771,S,,called_strike,Called Strike,0,0,0,0,-0.045,0.0,R,4-Seam Fastball,98.9,L,R
716363,2023-10-01,2023,2,Bot,13,1,0,0,1,SF,LAD,592626,676272,,,,669257,518692,642708,571970,571771,X,field_out,hit_into_play,Joc Pederson flies out to left fielder Chris Taylor.,0,0,0,0,-0.267,-0.016,R,4-Seam Fastball,99.7,L,R
716363,2023-10-01,2023,2,Bot,12,6,2,2,0,SF,LAD,624424,676272,,,,669257,518692,642708,571970,571771,S,strikeout,called_strike,Michael Conforto called out on strikes.,0,0,0,0,-0.239,-0.023,R,Curveball,81.0,L,R
716363,2023-10-01,2023,2,Bot,12,5,2,2,0,SF,LAD,624424,676272,,,,669257,518692,642708,571970,571771,S,,foul,Foul,0,0,0,0,0.0,0.0,R,Sinker,99.3,L,R
716363,2023-10-01,2023,2,Bot,12,4,2,1,0,SF,LAD,624424,676272,,,,669257,518692,642708,571970,571771,S,,foul,Foul,0,0,0,0,-0.074,0.0,R,4-Seam Fastball,98.8,L,R
716363,2023-10-01,2023,2,Bot,12,3,1,1,0,SF,LAD,624424,676272,,,,669257,518692,642708,571970,571771,B,,ball,Ball,0,0,0,0,0.059,0.0,R,Changeup,88.6,L,R
716363,2023-10-01,2023,2,Bot,12,2,0,1,0,SF,LAD,624424,676272,,,,669257,518692,642708,571970,571771,B,,ball,Ball,0,0,0,0,0.031,0.0,R,Sinker,98.6,L,R
716363,2023-10-01,2023,2,Bot,12,1,0,0,0,SF,LAD,624424,676272,,,,669257,518692,642708,571970,571771,S,,swinging_strike,Swinging Strike,0,0,0,0,-0.042,0.0,R,Sinker,98.5,L,R
716363,2023-10-01,2023,2,Top,11,6,1,2,2,SF,LAD,681546,690986,,,,666165,664774,642731,669477,543063,X,field_out,hit_into_play,James Outman flies out to right fielder Mike Yastrzemski.,0,0,0,0,-0.191,0.01,R,4-Seam Fastball,94.2,L,L
716363,2023-10-01,2023,2,Top,11,5,1,2,2,SF,LAD,681546,690986,,,,666165,664774,642731,669477,543063,S,,foul,Foul,0,0,0,0,0.0,0.0,R,4-Seam Fastball,93.5,L,L
716363,2023-10-01,2023,2,Top,11,4,0,2,2,SF,LAD,681546,690986,,,,666165,664774,642731,669477,543063,B,,ball,Ball,0,0,0,0,0.022,0.0,R,Changeup,87.2,L,L
716363,2023-10-01,2023,2,Top,11,3,0,2,2,SF,LAD,681546,690986,,,,666165,664774,642731,669477,543063,S,,foul,Foul,0,0,0,0,0.0,0.0,R,4-Seam Fastball,93.4,L,L
716363,2023-10-01,2023,2,Top,11,2,0,1,2,SF,LAD,681546,690986,,,,666165,664774,642731,669477,543063,S,,foul,Foul,0,0,0,0,-0.061,0.0,R,Slurve,83.0,L,L
716363,2023-10-01,2023,2,Top,11,1,0,0,2,SF,LAD,681546,690986,,,,666165,664774,642731,669477,543063,S,,foul,Foul,0,0,0,0,-0.045,0.0,R,4-Seam Fastball,92.1,L,L
716363,2023-10-01,2023,2,Top,10,4,2,1,1,SF,LAD,642708,690986,,,,666165,664774,642731,669477,543063,X,field_out,hit_into_play,Amed Rosario lines out to center fielder Tyler Fitzgerald.,0,0,0,0,-0.31,0.017,R,4-Seam Fastball,91.8,R,L
716363,2023-10-01,2023,2,Top,10,3,2,0,1,SF,LAD,642708,690986,,,,666165,664774,642731,669477,543063,S,,swinging_strike,Swinging Strike,0,0,0,0,-0.062,0.0,R,4-Seam Fastball,92.3,R,L
716363,2023-10-01,2023,2,Top,10,2,1,0,1,SF,LAD,642708,690986,,,,666165,664774,642731,669477,543063,B,,ball,Ball,0,0,0,0,0.066,0.0,R,Slurve,81.8,R,L
716363,2023-10-01,2023,2,Top,10,1,0,0,1,SF,LAD,642708,690986,,,,666165,664774,642731,669477,543063,B,,ball,Ball,0,0,0,0,0.039,0.0,R,Slurve,82.2,R,L
716363,2023-10-01,2023,2,Top,9,5,2,2,0,SF,LAD,621035,690986,,,,666165,664774,642731,669477,543063,S,strikeout,called_strike,Chris Taylor called out on strikes.,0,0,0,0,-0.239,0.023,R,Slurve,82.1,R,L
716363,2023-10-01,2023,2,Top,9,4,1,2,0,SF,LAD,621035,690986,,,,666165,664774,642731,669477,543063,B,,ball,Ball,0,0,0,0,0.046,0.0,R,4-Seam Fastball,93.3,R,L
716363,2023-10-01,2023,2,Top,9,3,0,2,0,SF,LAD,621035,690986,,,,666165,664774,642731,669477,543063,B,,ball,Ball,0,0,0,0,0.024,0.0,R,4-Seam Fastball,94.6,R,L
716363,2023-10-01,2023,2,Top,9,2,0,1,0,SF,LAD,621035,690986,,,,666165,664774,642731,669477,543063,S,,foul,Foul,0,0,0,0,-0.054,0.0,R,4-Seam Fastball,92.7,R,L
716363,2023-10-01,2023,2,Top,9,1,0,0,0,SF,LAD,621035,690986,,,,666165,664774,642731,669477,543063,S,,called_strike,Called Strike,0,0,0,0,-0.042,0.0,R,Slurve,81.7,R,L
716363,2023-10-01,2023,1,Bot,8,3,1,1,2,SF,LAD,642731,676272,,,,669257,518692,642708,571970,571771,X,field_out,hit_into_play,"Thairo Estrada grounds out softly, pitcher Bobby Miller to first baseman Freddie Freeman.",0,0,0,0,-0.261,-0.01,R,Curveball,79.8,R,R
716363,2023-10-01,2023,1,Bot,8,2,0,1,2,SF,LAD,642731,676272,,,,669257,518692,642708,571970,571771,B,,ball,Ball,0,0,0,0,0.031,0.0,R,Sinker,99.0,R,R
716363,2023-10-01,2023,1,Bot,8,1,0,0,2,SF,LAD,642731,676272,,,,669257,518692,642708,571970,571771,S,,foul,Foul,0,0,0,0,-0.045,0.0,R,4-Seam Fastball,99.1,R,R
716363,2023-10-01,2023,1,Bot,7,7,3,2,1,SF,LAD,664774,676272,,,,669257,518692,642708,571970,571771,X,field_out,hit_into_play,LaMonte Wade Jr. flies out to center fielder James Outman.,0,0,0,0,-0.328,-0.016,R,4-Seam Fastball,99.3,L,R
716363,2023-10-01,2023,1,Bot,7,6,2,2,1,SF,LAD,664774,676272,,,,669257,518692,642708,571970,571771,B,,ball,Ball,0,0,0,0,0.094,0.0,R,Changeup,88.0,L,R
716363,2023-10-01,2023,1,Bot,7,5,1,2,1,SF,LAD,664774,676272,,,,669257,518692,642708,571970,571771,B,,ball,Ball,0,0,0,0,0.045,0.0,R,Slider,89.2,L,R
716363,2023-10-01,2023,1,Bot,7,4,1,2,1,SF,LAD,664774,676272,,,,669257,518692,642708,571970,571771,S,,foul,Foul,0,0,0,0,0.0,0.0,R,4-Seam Fastball,99.1,L,R
716363,2023-10-01,2023,1,Bot,7,3,1,1,1,SF,LAD,664774,676272,,,,669257,518692,642708,571970,571771,S,,foul,Foul,0,0,0,0,-0.068,0.0,R,Changeup,87.8,L,R
716363,2023-10-01,2023,1,Bot,7,2,0,1,1,SF,LAD,664774,676272,,,,669257,518692,642708,571970,571771,B,,ball,Ball,0,0,0,0,0.03,0.0,R,Changeup,87.9,L,R
716363,2023-10-01,2023,1,Bot,7,1,0,0,1,SF,LAD,664774,676272,,,,669257,518692,642708,571970,571771,S,,called_strike,Called Strike,0,0,0,0,-0.041,0.0,R,4-Seam Fastball,97.9,L,R
716363,2023-10-01,2023,1,Bot,6,4,1,2,0,SF,LAD,543063,676272,,,,669257,518692,642708,571970,571771,S,strikeout,swinging_strike,Brandon Crawford strikes out swinging.,0,0,0,0,-0.193,-0.021,R,Slider,88.2,L,R
716363,2023-10-01,2023,1,Bot,6,3,0,2,0,SF,LAD,543063,676272,,,,669257,518692,642708,571970,571771,B,,ball,Ball,0,0,0,0,0.024,0.0,R,Changeup,87.3,L,R
716363,2023-10-01,2023,1,Bot,6,2,0,1,0,SF,LAD,543063,676272,,,,669257,518692,642708,571970,571771,S,,swinging_strike,Swinging Strike,0,0,0,0,-0.054,0.0,R,Changeup,86.7,L,R
716363,2023-10-01,2023,1,Bot,6,1,0,0,0,SF,LAD,543063,676272,,,,669257,518692,642708,571970,571771,S,,called_strike,Called Strike,0,0,0,0,-0.042,0.0,R,Sinker,97.7,L,R
716363,2023-10-01,2023,1,Top,5,4,1,2,2,SF,LAD,571970,690986,669257,518692,,666165,664774,642731,669477,543063,S,strikeout,swinging_strike,Max Muncy strikes out swinging.,0,0,0,0,-0.213,0.042,R,Slurve,84.3,L,L
716363,2023-10-01,2023,1,Top,5,3,1,1,2,SF,LAD,571970,690986,669257,518692,,666165,664774,642731,669477,543063,S,,called_strike,Called Strike,0,0,0,0,-0.069,0.0,R,4-Seam Fastball,93.8,L,L
716363,2023-10-01,2023,1,Top,5,2,1,0,2,SF,LAD,571970,690986,669257,518692,,666165,664774,642731,669477,543063,S,,called_strike,Called Strike,0,0,0,0,-0.045,0.0,R,Cutter,86.5,L,L
716363,2023-10-01,2023,1,Top,5,1,0,0,2,SF,LAD,571970,690986,669257,518692,,666165,664774,642731,669477,543063,B,,ball,Ball,0,0,0,0,0.03,0.0,R,Slurve,81.5,L,L
716363,2023-10-01,2023,1,Top,4,4,1,2,1,SF,LAD,502110,690986,669257,518692,,666165,664774,642731,669477,543063,X,field_out,hit_into_play,J.D. Martinez lines out to left fielder Michael Conforto.,0,0,0,0,-0.17,0.043,R,Slurve,83.2,R,L
716363,2023-10-01,2023,1,Top,4,3,1,1,1,SF,LAD,502110,690986,669257,518692,,666165,664774,642731,669477,543063,S,,foul,Foul,0,0,0,0,-0.059,0.0,R,4-Seam Fastball,92.5,R,L
716363,2023-10-01,2023,1,Top,4,2,1,0,1,SF,LAD,502110,690986,669257,518692,,666165,664774,642731,669477,543063,S,,called_strike,Called Strike,0,0,0,0,-0.051,0.0,R,Slurve,81.9,R,L
716363,2023-10-01,2023,1,Top,4,1,0,0,1,SF,LAD,502110,690986,669257,518692,,666165,664774,642731,669477,543063,B,,blocked_ball,Ball In Dirt,0,0,0,0,0.042,0.0,R,Slurve,83.0,R,L
716363,2023-10-01,2023,1,Top,3,2,0,1,1,SF,LAD,669257,690986,518692,,,666165,664774,642731,669477,543063,B,hit_by_pitch,hit_by_pitch,Will Smith hit by pitch. Freddie Freeman to 2nd.,0,0,0,0,0.378,-0.035,R,4-Seam Fastball,93.4,R,L
716363,2023-10-01,2023,1,Top,3,1,0,0,1,SF,LAD,669257,690986,518692,,,666165,664774,642731,669477,543063,S,,swinging_strike,Swinging Strike,0,0,0,0,-0.042,0.0,R,4-Seam Fastball,93.2,R,L
716363,2023-10-01,2023,1,Top,2,4,1,2,1,SF,LAD,518692,690986,,,,666165,664774,642731,669477,543063,B,hit_by_pitch,hit_by_pitch,Freddie Freeman hit by pitch.,0,0,0,0,0.499,-0.025,R,Slurve,83.1,L,L
716363,2023-10-01,2023,1,Top,2,3,0,2,1,SF,LAD,518692,690986,,,,666165,664774,642731,669477,543063,B,,ball,Ball,0,0,0,0,0.019,0.0,R,4-Seam Fastball,94.5,L,L
716363,2023-10-01,2023,1,Top,2,2,0,1,1,SF,LAD,518692,690986,,,,666165,664774,642731,669477,543063,S,,foul,Foul,0,0,0,0,-0.057,0.0,R,Changeup,86.7,L,L
716363,2023-10-01,2023,1,Top,2,1,0,0,1,SF,LAD,518692,690986,,,,666165,664774,642731,669477,543063,S,,foul,Foul,0,0,0,0,-0.041,0.0,R,4-Seam Fastball,92.8,L,L
716363,2023-10-01,2023,1,Top,1,6,2,2,0,SF,LAD,605141,690986,,,,666165,664774,642731,669477,543063,X,field_out,hit_into_play,Mookie Betts flies out to center fielder Tyler Fitzgerald.,0,0,0,0,-0.239,0.022,R,Changeup,87.7,R,L
716363,2023-10-01,2023,1,Top,1,5,2,2,0,SF,LAD,605141,690986,,,,666165,664774,642731,669477,543063,S,,foul,Foul,0,0,0,0,0.0,0.0,R,4-Seam Fastball,93.9,R,L
716363,2023-10-01,2023,1,Top,1,4,2,1,0,SF,LAD,605141,690986,,,,666165,664774,642731,669477,543063,S,,foul,Foul,0,0,0,0,-0.074,0.0,R,4-Seam Fastball,93.9,R,L
716363,2023-10-01,2023,1,Top,1,3,1,1,0,SF,LAD,605141,690986,,,,666165,664774,642731,669477,543063,B,,ball,Ball,0,0,0,0,0.059,0.0,R,Changeup,87.5,R,L
716363,2023-10-01,2023,1,Top,1,2,0,1,0,SF,LAD,605141,690986,,,,666165,664774,642731,669477,543063,B,,ball,Ball,0,0,0,0,0.031,0.0,R,4-Seam Fastball,93.6,R,L
716363,2023-10-01,2023,1,Top,1,1,0,0,0,SF,LAD,605141,690986,,,,666165,664774,642731,669477,543063,S,,called_strike,Called Strike,0,0,0,0,-0.042,0.0,R,4-Seam Fastball,92.8,R,L
716362,2023-10-01,2023,9,Top,65,6,1,2,2,PIT,MIA,660821,670280,,,,641511,663845,693304,669707,678894,S,strikeout,swinging_strike,Jesus Sanchez strikes out swinging.,3,0,0,3,-0.191,0.004,R,Curveball,79.2,L,R
716362,2023-10-01,2023,9,Top,65,5,1,2,2,PIT,MIA,660821,670280,,,,641511,663845,693304,669707,678894,S,,foul,Foul,3,0,0,3,0.0,0.0,R,4-Seam Fastball,98.5,L,R
716362,2023-10-01,2023,9,Top,65,4,1,2,2,PIT,MIA,660821,670280,,,,641511,663845,693304,669707,678894,S,,foul,Foul,3,0,0,3,0.0,0.0,R,4-Seam Fastball,98.1,L,R
716362,2023-10-01,2023,9,Top,65,3,1,1,2,PIT,MIA,660821,670280,,,,641511,663845,693304,669707,678894,S,,called_strike,Called Strike,3,0,0,3,-0.069,0.0,R,Curveball,78.9,L,R
716362,2023-10-01,2023,9,Top,65,2,1,0,2,PIT,MIA,660821,670280,,,,641511,663845,693304,669707,678894,S,,called_strike,Called Strike,3,0,0,3,-0.056,0.0,R,4-Seam Fastball,97.9,L,R
716362,2023-10-01,2023,9,Top,65,1,0,0,2,PIT,MIA,660821,670280,,,,641511,663845,693304,669707,678894,B,,ball,Ball,3,0,0,3,0.043,0.0,R,4-Seam Fastball,97.5,L,R
716362,2023-10-01,2023,9,Top,64,3,0,2,1,PIT,MIA,650559,670280,,,,641511,663845,693304,669707,678894,S,strikeout,swinging_strike,Bryan De La Cruz strikes out swinging.,3,0,0,3,-0.17,0.009,R,4-Seam Fastball,98.1,R,R
716362,2023-10-01,2023,9,Top,64,2,0,1,1,PIT,MIA,650559,670280,,,,641511,663845,693304,669707,678894,S,,swinging_strike,Swinging Strike,3,0,0,3,-0.057,0.0,R,Curveball,78.3,R,R
716362,2023-10-01,2023,9,Top,64,1,0,0,1,PIT,MIA,650559,670280,,,,641511,663845,693304,669707,678894,S,,called_strike,Called Strike,3,0,0,3,-0.041,0.0,R,Curveball,78.7,R,R
716362,2023-10-01,2023,9,Top,63,6,3,2,0,PIT,MIA,669364,670280,,,,641511,663845,693304,669707,678894,X,field_out,hit_into_play,"Xavier Edwards grounds out, second baseman Nick Gonzales to first baseman Alfonso Rivas.",3,0,0,3,-0.353,0.018,R,4-Seam Fastball,97.0,L,R
716362,2023-10-01,2023,9,Top,63,5,2,2,0,PIT,MIA,669364,670280,,,,641511,663845,693304,669707,678894,B,,ball,Ball,3,0,0,3,0.115,0.0,R,Curveball,77.4,L,R
716362,2023-10-01,2023,9,Top,63,4,1,2,0,PIT,MIA,669364,670280,,,,641511,663845,693304,669707,678894,B,,ball,Ball,3,0,0,3,0.046,0.0,R,4-Seam Fastball,97.1,L,R
716362,2023-10-01,2023,9,Top,63,3,0,2,0,PIT,MIA,669364,670280,,,,641511,663845,693304,669707,678894,B,,ball,Ball,3,0,0,3,0.024,0.0,R,Split-Finger,92.1,L,R
716362,2023-10-01,2023,9,Top,63,2,0,1,0,PIT,MIA,669364,670280,,,,641511,663845,693304,669707,678894,S,,foul_tip,Foul Tip,3,0,0,3,-0.054,0.0,R,Split-Finger,92.9,L,R
716362,2023-10-01,2023,9,Top,63,1,0,0,0,PIT,MIA,669364,670280,,,,641511,663845,693304,669707,678894,S,,called_strike,Called Strike,3,0,0,3,-0.042,0.0,R,Split-Finger,91.9,L,R
716362,2023-10-01,2023,8,Bot,62,1,0,0,2,PIT,MIA,693304,663773,678894,669261,,663743,493329,669364,542932,621563,X,force_out,hit_into_play,"Nick Gonzales grounds into a force out, pitcher Bryan Hoeing to second baseman Xavier Edwards.   Liover Peguero out at 2nd.",3,0,3,0,-0.296,-0.005,R,Sinker,94.3,R,R
716362,2023-10-01,2023,8,Bot,61,5,3,1,2,PIT,MIA,678894,663773,,669261,,663743,493329,669364,542932,621563,B,walk,ball,Liover Peguero walks.,3,0,3,0,0.075,0.001,R,Sinker,93.9,R,R
716362,2023-10-01,2023,8,Bot,61,4,3,0,2,PIT,MIA,678894,663773,,669261,,663743,493329,669364,542932,621563,S,,called_strike,Called Strike,3,0,3,0,-0.023,0.0,R,Sinker,93.5,R,R
716362,2023-10-01,2023,8,Bot,61,3,2,0,2,PIT,MIA,678894,663773,,669261,,663743,493329,669364,542932,621563,B,,ball,Ball,3,0,3,0,0.037,0.0,R,Sinker,93.4,R,R
716362,2023-10-01,2023,8,Bot,61,2,1,0,2,PIT,MIA,678894,663773,,669261,,663743,493329,669364,542932,621563,B,,ball,Ball,3,0,3,0,0.029,0.0,R,Slider,81.3,R,R
716362,2023-10-01,2023,8,Bot,61,1,0,0,2,PIT,MIA,678894,663773,,669261,,663743,493329,669364,542932,621563,B,,ball,Ball,3,0,3,0,0.02,0.0,R,Sinker,95.0,R,R
716362,2023-10-01,2023,8,Bot,60,4,1,2,1,PIT,MIA,680779,663773,,669261,,663743,493329,669364,542932,621563,X,field_out,hit_into_play,"Henry Davis grounds out, third baseman Jon Berti to first baseman Yuli Gurriel.",3,0,3,0,-0.183,-0.005,R,Slider,81.6,R,R
716362,2023-10-01,2023,8,Bot,60,3,1,1,1,PIT,MIA,680779,663773,,669261,,663743,493329,669364,542932,621563,S,,swinging_strike,Swinging Strike,3,0,3,0,-0.078,0.0,R,Slider,81.6,R,R
716362,2023-10-01,2023,8,Bot,60,2,1,0,1,PIT,MIA,680779,663773,,669261,,663743,493329,669364,542932,621563,S,,called_strike,Called Strike,3,0,3,0,-0.049,0.0,R,Sinker,94.2,R,R
716362,2023-10-01,2023,8,Bot,60,1,0,0,1,PIT,MIA,680779,663773,,669261,,663743,493329,669364,542932,621563,B,,ball,Ball,3,0,3,0,0.034,0.0,R,Sinker,94.6,R,R
716362,2023-10-01,2023,8,Bot,59,6,3,2,1,PIT,MIA,669261,663773,,641943,669707,663743,493329,669364,542932,621563,X,double,hit_into_play,Jack Suwinski doubles (21) on a line drive to left fielder Bryan De La Cruz.   Jared Triolo scores.    Joshua Palacios scores.,1,0,1,0,0.725,0.058,R,Sinker,94.7,L,R
716362,2023-10-01,2023,8,Bot,59,5,2,2,1,PIT,MIA,669261,663773,,641943,669707,663743,493329,669364,542932,621563,B,,ball,Ball,1,0,1,0,0.066,0.0,R,Split-Finger,84.3,L,R
716362,2023-10-01,2023,8,Bot,59,4,1,2,1,PIT,MIA,669261,663773,,641943,669707,663743,493329,669364,542932,621563,B,,ball,Ball,1,0,1,0,0.008,0.0,R,Split-Finger,84.4,L,R
716362,2023-10-01,2023,8,Bot,59,3,1,1,1,PIT,MIA,669261,663773,,641943,669707,663743,493329,669364,542932,621563,S,,foul,Foul,1,0,1,0,-0.08,0.0,R,Split-Finger,82.8,L,R
716362,2023-10-01,2023,8,Bot,59,2,1,0,1,PIT,MIA,669261,663773,,641943,669707,663743,493329,669364,542932,621563,S,,foul,Foul,1,0,1,0,-0.036,0.0,R,Sinker,95.0,L,R
716362,2023-10-01,2023,8,Bot,59,1,0,0,1,PIT,MIA,669261,663773,,641943,669707,663743,493329,669364,542932,621563,B,,ball,Ball,1,0,1,0,0.017,0.0,R,Sinker,94.9,L,R
716362,2023-10-01,2023,8,Bot,58,4,1,2,1,PIT,MIA,609280,663773,669707,656582,,663743,493329,669364,542932,621563,X,double,hit_into_play,Miguel Andujar doubles (7) on a sharp line drive to left fielder Bryan De La Cruz.   Connor Joe scores.    Jared Triolo to 3rd.,0,0,0,0,0.866,0.253,R,Slider,82.8,R,R
716362,2023-10-01,2023,8,Bot,58,3,0,2,1,PIT,MIA,609280,663773,669707,656582,,663743,493329,669364,542932,621563,B,,ball,Ball,0,0,0,0,0.022,0.0,R,Slider,83.2,R,R
716362,2023-10-01,2023,8,Bot,58,2,0,1,1,PIT,MIA,609280,663773,669707,656582,,663743,493329,669364,542932,621563,S,,swinging_strike,Swinging Strike,0,0,0,0,-0.05,0.0,R,Slider,83.1,R,R
716362,2023-10-01,2023,8,Bot,58,1,0,0,1,PIT,MIA,609280,663773,669707,656582,,663743,493329,669364,542932,621563,S,,foul,Foul,0,0,0,0,-0.04,0.0,R,Sinker,94.4,R,R
716362,2023-10-01,2023,8,Bot,57,4,3,0,1,PIT,MIA,669707,663773,,656582,,663743,493329,669364,542932,621563,B,walk,ball,Jared Triolo walks.,0,0,0,0,0.081,0.014,R,Sinker,95.3,R,R
716362,2023-10-01,2023,8,Bot,57,3,2,0,1,PIT,MIA,669707,663773,,656582,,663743,493329,669364,542932,621563,B,,ball,Ball,0,0,0,0,0.072,0.0,R,Sinker,95.6,R,R
716362,2023-10-01,2023,8,Bot,57,2,1,0,1,PIT,MIA,669707,663773,,656582,,663743,493329,669364,542932,621563,B,,blocked_ball,Ball In Dirt,0,0,0,0,0.036,0.0,R,Slider,82.9,R,R
716362,2023-10-01,2023,8,Bot,57,1,0,0,1,PIT,MIA,669707,663773,,656582,,663743,493329,669364,542932,621563,B,,ball,Ball,0,0,0,0,0.034,0.0,R,Slider,83.7,R,R
716362,2023-10-01,2023,8,Bot,56,4,2,1,1,PIT,MIA,656582,663773,,,,663743,493329,669364,542932,621563,X,double,hit_into_play,Connor Joe doubles (31) on a line drive to left fielder Bryan De La Cruz.,0,0,0,0,0.619,0.094,R,Sinker,95.3,R,R
716362,2023-10-01,2023,8,Bot,56,3,2,0,1,PIT,MIA,656582,663773,,,,663743,493329,669364,542932,621563,S,,called_strike,Called Strike,0,0,0,0,-0.062,0.0,R,Sinker,94.6,R,R
716362,2023-10-01,2023,8,Bot,56,2,1,0,1,PIT,MIA,656582,663773,,,,663743,493329,669364,542932,621563,B,,ball,Ball,0,0,0,0,0.066,0.0,R,Sinker,94.6,R,R
716362,2023-10-01,2023,8,Bot,56,1,0,0,1,PIT,MIA,656582,663773,,,,663743,493329,669364,542932,621563,B,,ball,Ball,0,0,0,0,0.039,0.0,R,Sinker,95.2,R,R
716362,2023-10-01,2023,8,Bot,55,6,2,2,0,PIT,MIA,641511,663773,,,,663743,493329,669364,542932,621563,S,strikeout,called_strike,Jason Delay called out on strikes.,0,0,0,0,-0.239,-0.046,R,Sinker,95.1,R,R
716362,2023-10-01,2023,8,Bot,55,5,1,2,0,PIT,MIA,641511,663773,,,,663743,493329,669364,542932,621563,B,,ball,Ball,0,0,0,0,0.046,0.0,R,Sinker,95.3,R,R
716362,2023-10-01,2023,8,Bot,55,4,0,2,0,PIT,MIA,641511,663773,,,,663743,493329,669364,542932,621563,B,,ball,Ball,0,0,0,0,0.024,0.0,R,Slider,83.0,R,R
716362,2023-10-01,2023,8,Bot,55,3,0,2,0,PIT,MIA,641511,663773,,,,663743,493329,669364,542932,621563,S,,foul,Foul,0,0,0,0,0.0,0.0,R,Slider,81.9,R,R
716362,2023-10-01,2023,8,Bot,55,2,0,1,0,PIT,MIA,641511,663773,,,,663743,493329,669364,542932,621563,S,,swinging_strike,Swinging Strike,0,0,0,0,-0.054,0.0,R,Slider,82.4,R,R
716362,2023-10-01,2023,8,Bot,55,1,0,0,0,PIT,MIA,641511,663773,,,,663743,493329,669364,542932,621563,S,,called_strike,Called Strike,0,0,0,0,-0.042,0.0,R,Sinker,94.4,R,R
716362,2023-10-01,2023,8,Top,54,4,1,2,2,PIT,MIA,542932,664294,,,,641511,656582,693304,669707,678894,S,strikeout,swinging_strike,Jon Berti strikes out swinging.,0,0,0,0,-0.191,0.025,R,Slider,86.2,R,R
716362,2023-10-01,2023,8,Top,54,3,0,2,2,PIT,MIA,542932,664294,,,,641511,656582,693304,669707,678894,B,,ball,Ball,0,0,0,0,0.022,0.0,R,Slider,87.3,R,R
716362,2023-10-01,2023,8,Top,54,2,0,1,2,PIT,MIA,542932,664294,,,,641511,656582,693304,669707,678894,S,,called_strike,Called Strike,0,0,0,0,-0.061,0.0,R,Slider,86.1,R,R
716362,2023-10-01,2023,8,Top,54,1,0,0,2,PIT,MIA,542932,664294,,,,641511,656582,693304,669707,678894,S,,foul,Foul,0,0,0,0,-0.045,0.0,R,Slider,85.7,R,R
716362,2023-10-01,2023,8,Top,53,6,2,2,1,PIT,MIA,663743,664294,,,,641511,656582,693304,669707,678894,S,strikeout,swinging_strike_blocked,Nick Fortes strikes out swinging.,0,0,0,0,-0.234,0.034,R,Slider,85.6,R,R
716362,2023-10-01,2023,8,Top,53,5,2,2,1,PIT,MIA,663743,664294,,,,641511,656582,693304,669707,678894,S,,foul,Foul,0,0,0,0,0.0,0.0,R,Slider,85.9,R,R
716362,2023-10-01,2023,8,Top,53,4,2,1,1,PIT,MIA,663743,664294,,,,641511,656582,693304,669707,678894,S,,foul,Foul,0,0,0,0,-0.076,0.0,R,4-Seam Fastball,95.6,R,R
716362,2023-10-01,2023,8,Top,53,3,2,0,1,PIT,MIA,663743,664294,,,,641511,656582,693304,669707,678894,S,,foul,Foul,0,0,0,0,-0.062,0.0,R,Slider,85.7,R,R
716362,2023-10-01,2023,8,Top,53,2,1,0,1,PIT,MIA,663743,664294,,,,641511,656582,693304,669707,678894,B,,ball,Ball,0,0,0,0,0.066,0.0,R,Slider,85.4,R,R
716362,2023-10-01,2023,8,Top,53,1,0,0,1,PIT,MIA,663743,664294,,,,641511,656582,693304,669707,678894,B,,ball,Ball,0,0,0,0,0.039,0.0,R,4-Seam Fastball,96.4,R,R
716362,2023-10-01,2023,8,Top,52,3,0,2,0,PIT,MIA,607732,664294,,,,641511,656582,693304,669707,678894,S,strikeout,swinging_strike,Jacob Stallings strikes out swinging.,0,0,0,0,-0.169,0.046,R,Slider,86.5,R,R
716362,2023-10-01,2023,8,Top,52,2,0,1,0,PIT,MIA,607732,664294,,,,641511,656582,693304,669707,678894,S,,called_strike,Called Strike,0,0,0,0,-0.054,0.0,R,Slider,85.0,R,R
716362,2023-10-01,2023,8,Top,52,1,0,0,0,PIT,MIA,607732,664294,,,,641511,656582,693304,669707,678894,S,,called_strike,Called Strike,0,0,0,0,-0.042,0.0,R,Slider,84.1,R,R
716362,2023-10-01,2023,7,Bot,51,3,0,2,2,PIT,MIA,678225,623211,,693304,,663743,493329,669364,542932,621563,S,strikeout,swinging_strike_blocked,Ji Hwan Bae strikes out swinging.,0,0,0,0,-0.185,-0.064,R,Changeup,90.5,L,R
716362,2023-10-01,2023,7,Bot,51,2,0,1,2,PIT,MIA,678225,623211,,693304,,663743,493329,669364,542932,621563,S,,swinging_strike,Swinging Strike,0,0,0,0,-0.061,0.0,R,Changeup,89.6,L,R
716362,2023-10-01,2023,7,Bot,51,1,0,0,2,PIT,MIA,678225,623211,,693304,,663743,493329,669364,542932,621563,S,,swinging_strike,Swinging Strike,0,0,0,0,-0.046,0.0,R,Changeup,89.4,L,R
716362,2023-10-01,2023,7,Bot,50,6,2,2,2,PIT,MIA,693304,623211,,,,663743,493329,669364,542932,621563,X,double,hit_into_play,Nick Gonzales doubles (8) on a line drive to center fielder Garrett Hampson.,0,0,0,0,0.617,0.044,R,Changeup,89.5,R,R
716362,2023-10-01,2023,7,Bot,50,5,1,2,2,PIT,MIA,693304,623211,,,,663743,493329,669364,542932,621563,B,,ball,Ball,0,0,0,0,0.041,0.0,R,Changeup,88.7,R,R
716362,2023-10-01,2023,7,Bot,50,4,1,2,2,PIT,MIA,693304,623211,,,,663743,493329,669364,542932,621563,S,,foul,Foul,0,0,0,0,0.0,0.0,R,4-Seam Fastball,96.0,R,R
716362,2023-10-01,2023,7,Bot,50,3,1,1,2,PIT,MIA,693304,623211,,,,663743,493329,669364,542932,621563,S,,foul,Foul,0,0,0,0,-0.069,0.0,R,Cutter,85.6,R,R
716362,2023-10-01,2023,7,Bot,50,2,0,1,2,PIT,MIA,693304,623211,,,,663743,493329,669364,542932,621563,B,,ball,Ball,0,0,0,0,0.031,0.0,R,Sinker,96.8,R,R
716362,2023-10-01,2023,7,Bot,50,1,0,0,2,PIT,MIA,693304,623211,,,,663743,493329,669364,542932,621563,S,,foul,Foul,0,0,0,0,-0.045,0.0,R,Changeup,88.1,R,R
716362,2023-10-01,2023,7,Bot,49,5,2,2,1,PIT,MIA,678894,623211,,,,663743,493329,669364,542932,621563,S,strikeout,swinging_strike,Liover Peguero strikes out swinging.,0,0,0,0,-0.234,-0.028,R,Changeup,89.4,R,R
716362,2023-10-01,2023,7,Bot,49,4,1,2,1,PIT,MIA,678894,623211,,,,663743,493329,669364,542932,621563,B,,ball,Ball,0,0,0,0,0.045,0.0,R,4-Seam Fastball,97.0,R,R
716362,2023-10-01,2023,7,Bot,49,3,1,1,1,PIT,MIA,678894,623211,,,,663743,493329,669364,542932,621563,S,,foul,Foul,0,0,0,0,-0.068,0.0,R,Cutter,87.2,R,R
716362,2023-10-01,2023,7,Bot,49,2,0,1,1,PIT,MIA,678894,623211,,,,663743,493329,669364,542932,621563,B,,ball,Ball,0,0,0,0,0.03,0.0,R,Sinker,96.6,R,R
716362,2023-10-01,2023,7,Bot,49,1,0,0,1,PIT,MIA,678894,623211,,,,663743,493329,669364,542932,621563,S,,swinging_strike,Swinging Strike,0,0,0,0,-0.041,0.0,R,Cutter,87.8,R,R
716362,2023-10-01,2023,7,Bot,48,4,0,2,0,PIT,MIA,680779,623211,,,,663743,493329,669364,542932,621563,S,strikeout,swinging_strike,Henry Davis strikes out swinging.,0,0,0,0,-0.169,-0.038,R,Changeup,89.0,R,R
716362,2023-10-01,2023,7,Bot,48,3,0,2,0,PIT,MIA,680779,623211,,,,663743,493329,669364,542932,621563,S,,foul,Foul,0,0,0,0,0.0,0.0,R,Cutter,87.2,R,R
716362,2023-10-01,2023,7,Bot,48,2,0,1,0,PIT,MIA,680779,623211,,,,663743,493329,669364,542932,621563,S,,swinging_strike,Swinging Strike,0,0,0,0,-0.054,0.0,R,Cutter,86.6,R,R
716362,2023-10-01,2023,7,Bot,48,1,0,0,0,PIT,MIA,680779,623211,,,,663743,493329,669364,542932,621563,S,,called_strike,Called Strike,0,0,0,0,-0.042,0.0,R,Sinker,94.2,R,R
716362,2023-10-01,2023,7,Top,47,6,3,2,2,PIT,MIA,621563,693312,,641658,,641511,656582,693304,669707,678894,S,strikeout,swinging_strike,Joey Wendle strikes out swinging.,0,0,0,0,-0.27,0.063,R,Slider,92.3,L,R
716362,2023-10-01,2023,7,Top,47,5,2,2,2,PIT,MIA,621563,693312,,641658,,641511,656582,693304,669707,678894,B,,blocked_ball,Ball In Dirt,0,0,0,0,0.051,0.0,R,Slider,92.0,L,R
716362,2023-10-01,2023,7,Top,47,4,1,2,2,PIT,MIA,621563,693312,641658,,,641511,656582,693304,669707,678894,B,,ball,Ball,0,0,0,0,0.034,-0.022,R,Curveball,85.9,L,R
716362,2023-10-01,2023,7,Top,47,3,0,2,2,PIT,MIA,621563,693312,641658,,,641511,656582,693304,669707,678894,B,,ball,Ball,0,0,0,0,0.02,0.0,R,4-Seam Fastball,97.9,L,R
716362,2023-10-01,2023,7,Top,47,2,0,1,2,PIT,MIA,621563,693312,641658,,,641511,656582,693304,669707,678894,S,,called_strike,Called Strike,0,0,0,0,-0.055,0.0,R,4-Seam Fastball,97.7,L,R
716362,2023-10-01,2023,7,Top,47,1,0,0,2,PIT,MIA,621563,693312,641658,,,641511,656582,693304,669707,678894,S,,called_strike,Called Strike,0,0,0,0,-0.045,0.0,R,4-Seam Fastball,95.4,L,R
716362,2023-10-01,2023,7,Top,46,5,2,2,2,PIT,MIA,641658,693312,,,,641511,656582,693304,669707,678894,X,single,hit_into_play,Garrett Hampson singles on a line drive to left fielder Jack Suwinski.,0,0,0,0,0.385,-0.022,R,Slider,90.2,R,R
716362,2023-10-01,2023,7,Top,46,4,2,1,2,PIT,MIA,641658,693312,,,,641511,656582,693304,669707,678894,S,,foul,Foul,0,0,0,0,-0.081,0.0,R,4-Seam Fastball,97.0,R,R
716362,2023-10-01,2023,7,Top,46,3,1,1,2,PIT,MIA,641658,693312,,,,641511,656582,693304,669707,678894,B,,ball,Ball,0,0,0,0,0.053,0.0,R,Slider,89.1,R,R
716362,2023-10-01,2023,7,Top,46,2,0,1,2,PIT,MIA,641658,693312,,,,641511,656582,693304,669707,678894,B,,ball,Ball,0,0,0,0,0.031,0.0,R,Slider,89.0,R,R
716362,2023-10-01,2023,7,Top,46,1,0,0,2,PIT,MIA,641658,693312,,,,641511,656582,693304,669707,678894,S,,called_strike,Called Strike,0,0,0,0,-0.045,0.0,R,4-Seam Fastball,95.8,R,R
716362,2023-10-01,2023,7,Top,45,1,0,0,1,PIT,MIA,493329,693312,,,,641511,656582,693304,669707,678894,X,field_out,hit_into_play,"Yuli Gurriel grounds out, shortstop Liover Peguero to first baseman Connor Joe.",0,0,0,0,-0.267,0.028,R,4-Seam Fastball,96.5,R,R
716362,2023-10-01,2023,7,Top,44,4,1,2,0,PIT,MIA,660821,693312,,,,641511,656582,693304,669707,678894,S,strikeout,swinging_strike_blocked,"Jesus Sanchez strikes out swinging, catcher Jason Delay to first baseman Connor Joe.",0,0,0,0,-0.193,0.039,R,Curveball,86.9,L,R
716362,2023-10-01,2023,7,Top,44,3,1,1,0,PIT,MIA,660821,693312,,,,641511,656582,693304,669707,678894,S,,foul,Foul,0,0,0,0,-0.061,0.0,R,4-Seam Fastball,94.9,L,R
716362,2023-10-01,2023,7,Top,44,2,0,1,0,PIT,MIA,660821,693312,,,,641511,656582,693304,669707,678894,B,,ball,Ball,0,0,0,0,0.031,0.0,R,Curveball,80.8,L,R
716362,2023-10-01,2023,7,Top,44,1,0,0,0,PIT,MIA,660821,693312,,,,641511,656582,693304,669707,678894,S,,foul,Foul,0,0,0,0,-0.042,0.0,R,4-Seam Fastball,96.5,L,R
716362,2023-10-01,2023,6,Bot,43,4,2,1,2,PIT,MIA,669261,677960,656582,,,663743,493329,669364,542932,621563,X,field_out,hit_into_play,Jack Suwinski flies out to right fielder Jesus Sanchez.,0,0,0,0,-0.302,-0.036,R,Sweeper,81.4,L,L
716362,2023-10-01,2023,6,Bot,43,3,1,1,2,PIT,MIA,669261,677960,656582,,,663743,493329,669364,542932,621563,B,,ball,Ball,0,0,0,0,0.036,0.0,R,4-Seam Fastball,94.8,L,L
716362,2023-10-01,2023,6,Bot,43,2,0,1,2,PIT,MIA,669261,677960,656582,,,663743,493329,669364,542932,621563,B,,ball,Ball,0,0,0,0,0.025,0.0,R,4-Seam Fastball,93.9,L,L
716362,2023-10-01,2023,6,Bot,43,1,0,0,2,PIT,MIA,669261,677960,656582,,,663743,493329,669364,542932,621563,S,,swinging_strike,Swinging Strike,0,0,0,0,-0.045,0.0,R,Sweeper,80.4,L,L
716362,2023-10-01,2023,6,Bot,42,7,2,2,1,PIT,MIA,609280,677960,656582,,,663743,493329,669364,542932,621563,S,strikeout,swinging_strike,Miguel Andujar strikes out swinging.,0,0,0,0,-0.23,-0.041,R,4-Seam Fastball,95.2,R,L
716362,2023-10-01,2023,6,Bot,42,6,2,2,1,PIT,MIA,609280,677960,656582,,,663743,493329,669364,542932,621563,S,,foul,Foul,0,0,0,0,0.0,0.0,R,Sinker,94.4,R,L
716362,2023-10-01,2023,6,Bot,42,5,1,2,1,PIT,MIA,609280,677960,656582,,,663743,493329,669364,542932,621563,B,,blocked_ball,Ball In Dirt,0,0,0,0,0.047,0.0,R,Changeup,87.0,R,L
716362,2023-10-01,2023,6,Bot,42,4,1,2,1,PIT,MIA,609280,677960,656582,,,663743,493329,669364,542932,621563,S,,foul,Foul,0,0,0,0,0.0,0.0,R,Sweeper,82.2,R,L
716362,2023-10-01,2023,6,Bot,42,3,1,1,1,PIT,MIA,609280,677960,656582,,,663743,493329,669364,542932,621563,S,,swinging_strike,Swinging Strike,0,0,0,0,-0.055,0.0,R,Changeup,86.3,R,L
716362,2023-10-01,2023,6,Bot,42,2,1,0,1,PIT,MIA,609280,677960,656582,,,663743,493329,669364,542932,621563,S,,foul,Foul,0,0,0,0,-0.053,0.0,R,4-Seam Fastball,95.0,R,L
716362,2023-10-01,2023,6,Bot,42,1,0,0,1,PIT,MIA,609280,677960,656582,,,663743,493329,669364,542932,621563,B,,ball,Ball,0,0,0,0,0.036,0.0,R,Sweeper,79.3,R,L
716362,2023-10-01,2023,6,Bot,41,9,3,2,0,PIT,MIA,669707,677960,656582,,,663743,493329,669364,542932,621563,S,strikeout,called_strike,Jared Triolo called out on strikes.,0,0,0,0,-0.298,-0.048,R,Sinker,94.9,R,L
716362,2023-10-01,2023,6,Bot,41,8,2,2,0,PIT,MIA,669707,677960,656582,,,663743,493329,669364,542932,621563,B,,ball,Ball,0,0,0,0,0.088,0.0,R,Sinker,95.0,R,L
716362,2023-10-01,2023,6,Bot,41,7,2,2,0,PIT,MIA,669707,677960,656582,,,663743,493329,669364,542932,621563,S,,foul,Foul,0,0,0,0,0.0,0.0,R,Changeup,85.9,R,L
716362,2023-10-01,2023,6,Bot,41,6,1,2,0,PIT,MIA,669707,677960,656582,,,663743,493329,669364,542932,621563,B,,ball,Ball,0,0,0,0,0.045,0.0,R,4-Seam Fastball,94.9,R,L
716362,2023-10-01,2023,6,Bot,41,5,1,2,0,PIT,MIA,669707,677960,656582,,,663743,493329,669364,542932,621563,S,,foul,Foul,0,0,0,0,0.0,0.0,R,Changeup,86.5,R,L
716362,2023-10-01,2023,6,Bot,41,4,1,2,0,PIT,MIA,669707,677960,656582,,,663743,493329,669364,542932,621563,S,,foul,Foul,0,0,0,0,0.0,0.0,R,Sweeper,81.4,R,L
716362,2023-10-01,2023,6,Bot,41,3,0,2,0,PIT,MIA,669707,677960,656582,,,663743,493329,669364,542932,621563,B,,ball,Ball,0,0,0,0,0.008,0.0,R,4-Seam Fastball,93.4,R,L
716362,2023-10-01,2023,6,Bot,41,2,0,1,0,PIT,MIA,669707,677960,656582,,,663743,493329,669364,542932,621563,S,,swinging_strike,Swinging Strike,0,0,0,0,-0.043,0.0,R,Changeup,85.4,R,L
716362,2023-10-01,2023,6,Bot,41,1,0,0,0,PIT,MIA,669707,677960,656582,,,663743,493329,669364,542932,621563,S,,foul,Foul,0,0,0,0,-0.036,0.0,R,Sinker,92.8,R,L
716362,2023-10-01,2023,6,Bot,40,3,1,1,0,PIT,MIA,656582,677960,,,,663743,493329,669364,542932,621563,X,single,hit_into_play,Connor Joe singles on a line drive to left fielder Bryan De La Cruz.,0,0,0,0,0.443,0.051,R,Changeup,86.5,R,L
716362,2023-10-01,2023,6,Bot,40,2,0,1,0,PIT,MIA,656582,677960,,,,663743,493329,669364,542932,621563,B,,ball,Ball,0,0,0,0,0.031,0.0,R,Changeup,85.7,R,L
716362,2023-10-01,2023,6,Bot,40,1,0,0,0,PIT,MIA,656582,677960,,,,663743,493329,669364,542932,621563,S,,called_strike,Called Strike,0,0,0,0,-0.042,0.0,R,Sinker,92.0,R,L
716362,2023-10-01,2023,6,Top,39,4,0,2,2,PIT,MIA,650559,674370,669364,,,641511,656582,693304,669707,678894,S,strikeout,swinging_strike,Bryan De La Cruz strikes out swinging.,0,0,0,0,-0.186,0.035,R,4-Seam Fastball,96.5,R,R
716362,2023-10-01,2023,6,Top,39,3,0,2,2,PIT,MIA,650559,674370,669364,,,641511,656582,693304,669707,678894,S,,foul,Foul,0,0,0,0,0.0,0.0,R,4-Seam Fastball,94.0,R,R
716362,2023-10-01,2023,6,Top,39,2,0,1,2,PIT,MIA,650559,674370,669364,,,641511,656582,693304,669707,678894,S,,swinging_strike,Swinging Strike,0,0,0,0,-0.055,0.0,R,4-Seam Fastball,95.0,R,R
716362,2023-10-01,2023,6,Top,39,1,0,0,2,PIT,MIA,650559,674370,669364,,,641511,656582,693304,669707,678894,S,,foul,Foul,0,0,0,0,-0.045,0.0,R,Slider,84.7,R,R
716362,2023-10-01,2023,6,Top,38,6,2,2,2,PIT,MIA,669364,674370,,,,641511,656582,693304,669707,678894,X,single,hit_into_play,Xavier Edwards singles on a line drive to center fielder Ji Hwan Bae.,0,0,0,0,0.385,-0.019,R,4-Seam Fastball,93.8,L,R
716362,2023-10-01,2023,6,Top,38,5,2,2,2,PIT,MIA,669364,674370,,,,641511,656582,693304,669707,678894,S,,foul,Foul,0,0,0,0,0.0,0.0,R,Slider,82.6,L,R
716362,2023-10-01,2023,6,Top,38,4,1,2,2,PIT,MIA,669364,674370,,,,641511,656582,693304,669707,678894,B,,ball,Ball,0,0,0,0,0.041,0.0,R,4-Seam Fastball,93.8,L,R
716362,2023-10-01,2023,6,Top,38,3,1,1,2,PIT,MIA,669364,674370,,,,641511,656582,693304,669707,678894,S,,foul_tip,Foul Tip,0,0,0,0,-0.069,0.0,R,Changeup,88.8,L,R
716362,2023-10-01,2023,6,Top,38,2,0,1,2,PIT,MIA,669364,674370,,,,641511,656582,693304,669707,678894,B,,ball,Ball,0,0,0,0,0.031,0.0,R,Slider,83.5,L,R
716362,2023-10-01,2023,6,Top,38,1,0,0,2,PIT,MIA,669364,674370,,,,641511,656582,693304,669707,678894,S,,foul_bunt,Foul Bunt,0,0,0,0,-0.045,0.0,R,Slider,86.3,L,R
716362,2023-10-01,2023,6,Top,37,2,1,0,1,PIT,MIA,542932,674370,,,,641511,656582,693304,669707,678894,X,field_out,hit_into_play,"Jon Berti grounds out, third baseman Jared Triolo to first baseman Connor Joe.",0,0,0,0,-0.306,0.025,R,Sinker,95.0,R,R
716362,2023-10-01,2023,6,Top,37,1,0,0,1,PIT,MIA,542932,674370,,,,641511,656582,693304,669707,678894,B,,ball,Ball,0,0,0,0,0.039,0.0,R,Sinker,95.1,R,R
716362,2023-10-01,2023,6,Top,36,2,0,1,0,PIT,MIA,663743,674370,,,,641511,656582,693304,669707,678894,X,field_out,hit_into_play,"Nick Fortes grounds out, shortstop Liover Peguero to first baseman Connor Joe.",0,0,0,0,-0.223,0.033,R,Slider,84.6,R,R
716362,2023-10-01,2023,6,Top,36,1,0,0,0,PIT,MIA,663743,674370,,,,641511,656582,693304,669707,678894,S,,called_strike,Called Strike,0,0,0,0,-0.042,0.0,R,Sinker,94.4,R,R
716362,2023-10-01,2023,5,Bot,35,3,1,1,2,PIT,MIA,641511,677960,,,,663743,493329,669364,542932,621563,X,field_out,hit_into_play,Jason Delay flies out to right fielder Jesus Sanchez.,0,0,0,0,-0.261,-0.014,R,4-Seam Fastball,94.0,R,L
716362,2023-10-01,2023,5,Bot,35,2,0,1,2,PIT,MIA,641511,677960,,,,663743,493329,669364,542932,621563,B,,ball,Ball,0,0,0,0,0.031,0.0,R,Changeup,87.6,R,L
716362,2023-10-01,2023,5,Bot,35,1,0,0,2,PIT,MIA,641511,677960,,,,663743,493329,669364,542932,621563,S,,swinging_strike,Swinging Strike,0,0,0,0,-0.045,0.0,R,Changeup,86.3,R,L
716362,2023-10-01,2023,5,Bot,34,4,1,2,1,PIT,MIA,678225,677960,,,,663743,493329,669364,542932,621563,S,strikeout,swinging_strike,Ji Hwan Bae strikes out swinging.,0,0,0,0,-0.189,-0.022,R,Sweeper,81.2,L,L
716362,2023-10-01,2023,5,Bot,34,3,0,2,1,PIT,MIA,678225,677960,,,,663743,493329,669364,542932,621563,B,,ball,Ball,0,0,0,0,0.019,0.0,R,Sweeper,80.4,L,L
716362,2023-10-01,2023,5,Bot,34,2,0,1,1,PIT,MIA,678225,677960,,,,663743,493329,669364,542932,621563,S,,called_strike,Called Strike,0,0,0,0,-0.057,0.0,R,4-Seam Fastball,93.9,L,L
716362,2023-10-01,2023,5,Bot,34,1,0,0,1,PIT,MIA,678225,677960,,,,663743,493329,669364,542932,621563,S,,swinging_strike,Swinging Strike,0,0,0,0,-0.041,0.0,R,Sweeper,79.7,L,L
716362,2023-10-01,2023,5,Bot,33,4,1,2,0,PIT,MIA,693304,677960,,,,663743,493329,669364,542932,621563,X,field_out,hit_into_play,"Nick Gonzales grounds out, third baseman Jon Berti to first baseman Yuli Gurriel.",0,0,0,0,-0.193,-0.029,R,Changeup,86.0,R,L
716362,2023-10-01,2023,5,Bot,33,3,1,1,0,PIT,MIA,693304,677960,,,,663743,493329,669364,542932,621563,S,,foul,Foul,0,0,0,0,-0.061,0.0,R,4-Seam Fastball,94.0,R,L
716362,2023-10-01,2023,5,Bot,33,2,1,0,0,PIT,MIA,693304,677960,,,,663743,493329,669364,542932,621563,S,,foul,Foul,0,0,0,0,-0.052,0.0,R,Changeup,86.0,R,L
716362,2023-10-01,2023,5,Bot,33,1,0,0,0,PIT,MIA,693304,677960,,,,663743,493329,669364,542932,621563,B,,ball,Ball,0,0,0,0,0.04,0.0,R,Sinker,91.3,R,L
716362,2023-10-01,2023,5,Top,32,3,0,2,2,PIT,MIA,607732,674370,,,,641511,656582,693304,669707,678894,S,strikeout,swinging_strike,Jacob Stallings strikes out swinging.,0,0,0,0,-0.169,0.014,R,Slider,83.7,R,R
716362,2023-10-01,2023,5,Top,32,2,0,1,2,PIT,MIA,607732,674370,,,,641511,656582,693304,669707,678894,S,,foul,Foul,0,0,0,0,-0.061,0.0,R,Slider,85.2,R,R
716362,2023-10-01,2023,5,Top,32,1,0,0,2,PIT,MIA,607732,674370,,,,641511,656582,693304,669707,678894,S,,called_strike,Called Strike,0,0,0,0,-0.045,0.0,R,Sinker,95.0,R,R
716362,2023-10-01,2023,5,Top,31,6,3,2,1,PIT,MIA,621563,674370,,,,641511,656582,693304,669707,678894,X,field_out,hit_into_play,Joey Wendle lines out to right fielder Miguel Andujar.,0,0,0,0,-0.328,0.021,R,Slider,83.8,L,R
716362,2023-10-01,2023,5,Top,31,5,2,2,1,PIT,MIA,621563,674370,,,,641511,656582,693304,669707,678894,B,,ball,Ball,0,0,0,0,0.094,0.0,R,4-Seam Fastball,94.8,L,R
716362,2023-10-01,2023,5,Top,31,4,1,2,1,PIT,MIA,621563,674370,,,,641511,656582,693304,669707,678894,B,,ball,Ball,0,0,0,0,0.045,0.0,R,Changeup,87.9,L,R
716362,2023-10-01,2023,5,Top,31,3,1,1,1,PIT,MIA,621563,674370,,,,641511,656582,693304,669707,678894,S,,foul,Foul,0,0,0,0,-0.068,0.0,R,4-Seam Fastball,94.8,L,R
716362,2023-10-01,2023,5,Top,31,2,1,0,1,PIT,MIA,621563,674370,,,,641511,656582,693304,669707,678894,S,,called_strike,Called Strike,0,0,0,0,-0.05,0.0,R,4-Seam Fastball,93.0,L,R
716362,2023-10-01,2023,5,Top,31,1,0,0,1,PIT,MIA,621563,674370,,,,641511,656582,693304,669707,678894,B,,ball,Ball,0,0,0,0,0.039,0.0,R,4-Seam Fastball,94.3,L,R
716362,2023-10-01,2023,5,Top,30,1,0,0,0,PIT,MIA,641658,674370,,,,641511,656582,693304,669707,678894,X,field_out,hit_into_play,"Garrett Hampson grounds out, third baseman Jared Triolo to first baseman Connor Joe.",0,0,0,0,-0.265,0.03,R,Sinker,94.3,R,R
716362,2023-10-01,2023,4,Bot,29,3,1,1,2,PIT,MIA,678894,677960,,,,663743,493329,669364,542932,621563,X,field_out,hit_into_play,Liover Peguero pops out to first baseman Yuli Gurriel in foul territory.,0,0,0,0,-0.261,-0.013,R,4-Seam Fastball,94.5,R,L
716362,2023-10-01,2023,4,Bot,29,2,0,1,2,PIT,MIA,678894,677960,,,,663743,493329,669364,542932,621563,B,,ball,Ball,0,0,0,0,0.031,0.0,R,4-Seam Fastball,94.1,R,L
716362,2023-10-01,2023,4,Bot,29,1,0,0,2,PIT,MIA,678894,677960,,,,663743,493329,669364,542932,621563,S,,called_strike,Called Strike,0,0,0,0,-0.045,0.0,R,Sweeper,79.1,R,L
716362,2023-10-01,2023,4,Bot,28,4,1,2,1,PIT,MIA,680779,677960,,,,663743,493329,669364,542932,621563,X,field_out,hit_into_play,"Henry Davis grounds out, third baseman Jon Berti to first baseman Yuli Gurriel.",0,0,0,0,-0.189,-0.019,R,Sweeper,82.3,R,L
716362,2023-10-01,2023,4,Bot,28,3,1,1,1,PIT,MIA,680779,677960,,,,663743,493329,669364,542932,621563,S,,foul,Foul,0,0,0,0,-0.068,0.0,R,4-Seam Fastball,93.6,R,L
716362,2023-10-01,2023,4,Bot,28,2,0,1,1,PIT,MIA,680779,677960,,,,663743,493329,669364,542932,621563,B,,ball,Ball,0,0,0,0,0.03,0.0,R,Changeup,86.0,R,L
716362,2023-10-01,2023,4,Bot,28,1,0,0,1,PIT,MIA,680779,677960,,,,663743,493329,669364,542932,621563,S,,called_strike,Called Strike,0,0,0,0,-0.041,0.0,R,Sinker,94.4,R,L
716362,2023-10-01,2023,4,Bot,27,5,2,2,0,PIT,MIA,669261,677960,,,,663743,493329,669364,542932,621563,X,field_out,hit_into_play,Jack Suwinski lines out to shortstop Joey Wendle.,0,0,0,0,-0.239,-0.027,R,4-Seam Fastball,94.5,L,L
716362,2023-10-01,2023,4,Bot,27,4,1,2,0,PIT,MIA,669261,677960,,,,663743,493329,669364,542932,621563,B,,ball,Ball,0,0,0,0,0.046,0.0,R,Sweeper,81.4,L,L
716362,2023-10-01,2023,4,Bot,27,3,1,1,0,PIT,MIA,669261,677960,,,,663743,493329,669364,542932,621563,S,,called_strike,Called Strike,0,0,0,0,-0.061,0.0,R,Sweeper,79.7,L,L
716362,2023-10-01,2023,4,Bot,27,2,1,0,0,PIT,MIA,669261,677960,,,,663743,493329,669364,542932,621563,S,,called_strike,Called Strike,0,0,0,0,-0.052,0.0,R,4-Seam Fastball,92.3,L,L
716362,2023-10-01,2023,4,Bot,27,1,0,0,0,PIT,MIA,669261,677960,,,,663743,493329,669364,542932,621563,B,,ball,Ball,0,0,0,0,0.04,0.0,R,4-Seam Fastball,92.8,L,L
716362,2023-10-01,2023,4,Top,26,3,1,1,1,PIT,MIA,493329,656578,660821,,,641511,656582,693304,669707,678894,X,grounded_into_double_play,hit_into_play,"Yuli Gurriel grounds into a double play, shortstop Liover Peguero to second baseman Nick Gonzales to first baseman Connor Joe.   Jesus Sanchez out at 2nd.    Yuli Gurriel out at 1st.",0,0,0,0,-0.316,0.062,R,4-Seam Fastball,92.6,R,R
716362,2023-10-01,2023,4,Top,26,2,1,0,1,PIT,MIA,493329,656578,660821,,,641511,656582,693304,669707,678894,S,,called_strike,Called Strike,0,0,0,0,-0.053,0.0,R,4-Seam Fastball,92.6,R,R
716362,2023-10-01,2023,4,Top,26,1,0,0,1,PIT,MIA,493329,656578,660821,,,641511,656582,693304,669707,678894,B,,blocked_ball,Ball In Dirt,0,0,0,0,0.036,0.0,R,Slider,87.4,R,R
716362,2023-10-01,2023,4,Top,25,1,0,0,1,PIT,MIA,660821,656578,,,,641511,656582,693304,669707,678894,X,field_error,hit_into_play,Jesus Sanchez reaches on a fielding error by second baseman Nick Gonzales.,0,0,0,0,0.451,-0.03,R,Changeup,87.0,L,R
716362,2023-10-01,2023,4,Top,24,5,2,2,0,PIT,MIA,650559,656578,,,,641511,656582,693304,669707,678894,X,field_out,hit_into_play,Bryan De La Cruz flies out to center fielder Ji Hwan Bae.,0,0,0,0,-0.239,0.027,R,Changeup,85.8,R,R
716362,2023-10-01,2023,4,Top,24,4,2,1,0,PIT,MIA,650559,656578,,,,641511,656582,693304,669707,678894,S,,swinging_strike,Swinging Strike,0,0,0,0,-0.074,0.0,R,Changeup,86.1,R,R
716362,2023-10-01,2023,4,Top,24,3,2,0,0,PIT,MIA,650559,656578,,,,641511,656582,693304,669707,678894,S,,foul,Foul,0,0,0,0,-0.065,0.0,R,4-Seam Fastball,93.2,R,R
716362,2023-10-01,2023,4,Top,24,2,1,0,0,PIT,MIA,650559,656578,,,,641511,656582,693304,669707,678894,B,,ball,Ball,0,0,0,0,0.071,0.0,R,Slider,86.9,R,R
716362,2023-10-01,2023,4,Top,24,1,0,0,0,PIT,MIA,650559,656578,,,,641511,656582,693304,669707,678894,B,,ball,Ball,0,0,0,0,0.04,0.0,R,Slider,85.5,R,R
716362,2023-10-01,2023,3,Bot,23,3,0,2,2,PIT,MIA,609280,677960,656582,641511,,663743,493329,669364,542932,621563,X,field_out,hit_into_play,"Miguel Andujar grounds out, third baseman Jon Berti to first baseman Yuli Gurriel.",0,0,0,0,-0.195,-0.048,R,Sweeper,82.6,R,L
716362,2023-10-01,2023,3,Bot,23,2,0,1,2,PIT,MIA,609280,677960,656582,641511,,663743,493329,669364,542932,621563,S,,swinging_strike_blocked,Swinging Strike (Blocked),0,0,0,0,-0.061,0.0,R,Sweeper,81.3,R,L
716362,2023-10-01,2023,3,Bot,23,1,0,0,2,PIT,MIA,609280,677960,656582,641511,,663743,493329,669364,542932,621563,S,,called_strike,Called Strike,0,0,0,0,-0.04,0.0,R,4-Seam Fastball,95.4,R,L
716362,2023-10-01,2023,3,Bot,22,1,0,0,1,PIT,MIA,669707,677960,656582,641511,,663743,493329,669364,542932,621563,X,field_out,hit_into_play,Jared Triolo pops out to third baseman Jon Berti on the infield fly rule.,0,0,0,0,-0.238,-0.048,R,Sweeper,79.5,R,L
716362,2023-10-01,2023,3,Bot,21,5,3,1,1,PIT,MIA,656582,677960,,641511,,663743,493329,669364,542932,621563,B,walk,ball,Connor Joe walks.,0,0,0,0,0.123,0.02,R,Changeup,85.7,R,L
716362,2023-10-01,2023,3,Bot,21,4,2,1,1,PIT,MIA,656582,677960,,641511,,663743,493329,669364,542932,621563,B,,ball,Ball,0,0,0,0,0.062,0.0,R,4-Seam Fastball,95.7,R,L
716362,2023-10-01,2023,3,Bot,21,3,1,1,1,PIT,MIA,656582,677960,,641511,,663743,493329,669364,542932,621563,B,,ball,Ball,0,0,0,0,0.052,0.0,R,Changeup,86.1,R,L
716362,2023-10-01,2023,3,Bot,21,2,0,1,0,PIT,MIA,656582,677960,641511,678225,,663743,493329,669364,542932,621563,B,,ball,Ball,0,0,0,0,0.034,0.0,R,4-Seam Fastball,95.3,R,L
716362,2023-10-01,2023,3,Bot,21,1,0,0,0,PIT,MIA,656582,677960,641511,678225,,663743,493329,669364,542932,621563,S,,foul,Foul,0,0,0,0,-0.048,0.0,R,Sweeper,79.7,R,L
716362,2023-10-01,2023,3,Bot,20,4,2,1,0,PIT,MIA,641511,677960,678225,,,663743,493329,669364,542932,621563,X,fielders_choice,hit_into_play,"Jason Delay reaches on a fielder's choice, fielded by third baseman Jon Berti.   Ji Hwan Bae to 2nd.  Ji Hwan Bae advances to 2nd, on a fielding error by third baseman Jon Berti.",0,0,0,0,0.443,0.057,R,Sinker,94.0,R,L
716362,2023-10-01,2023,3,Bot,20,3,2,0,0,PIT,MIA,641511,677960,678225,,,663743,493329,669364,542932,621563,S,,called_strike,Called Strike,0,0,0,0,-0.055,0.0,R,Sinker,95.2,R,L
716362,2023-10-01,2023,3,Bot,20,2,1,0,0,PIT,MIA,641511,677960,678225,,,663743,493329,669364,542932,621563,B,,ball,Ball,0,0,0,0,0.055,0.0,R,Changeup,86.9,R,L
716362,2023-10-01,2023,3,Bot,20,1,0,0,0,PIT,MIA,641511,677960,678225,,,663743,493329,669364,542932,621563,B,,ball,Ball,0,0,0,0,0.03,0.0,R,4-Seam Fastball,95.2,R,L
716362,2023-10-01,2023,3,Bot,19,6,3,2,0,PIT,MIA,678225,677960,,,,663743,493329,669364,542932,621563,B,walk,ball,Ji Hwan Bae walks.,0,0,0,0,0.347,0.04,R,4-Seam Fastball,95.1,L,L
716362,2023-10-01,2023,3,Bot,19,5,2,2,0,PIT,MIA,678225,677960,,,,663743,493329,669364,542932,621563,B,,ball,Ball,0,0,0,0,0.115,0.0,R,4-Seam Fastball,95.2,L,L
716362,2023-10-01,2023,3,Bot,19,4,1,2,0,PIT,MIA,678225,677960,,,,663743,493329,669364,542932,621563,B,,ball,Ball,0,0,0,0,0.046,0.0,R,Sweeper,82.7,L,L
716362,2023-10-01,2023,3,Bot,19,3,1,1,0,PIT,MIA,678225,677960,,,,663743,493329,669364,542932,621563,S,,called_strike,Called Strike,0,0,0,0,-0.061,0.0,R,4-Seam Fastball,95.3,L,L
716362,2023-10-01,2023,3,Bot,19,2,1,0,0,PIT,MIA,678225,677960,,,,663743,493329,669364,542932,621563,S,,swinging_strike,Swinging Strike,0,0,0,0,-0.052,0.0,R,4-Seam Fastball,93.9,L,L
716362,2023-10-01,2023,3,Bot,19,1,0,0,0,PIT,MIA,678225,677960,,,,663743,493329,669364,542932,621563,B,,ball,Ball,0,0,0,0,0.04,0.0,R,4-Seam Fastball,93.8,L,L
716362,2023-10-01,2023,3,Top,18,3,0,2,2,PIT,MIA,669364,656578,,,,641511,656582,693304,669707,678894,S,strikeout,swinging_strike_blocked,Xavier Edwards strikes out swinging.,0,0,0,0,-0.169,0.011,R,Curveball,81.5,L,R
716362,2023-10-01,2023,3,Top,18,2,0,1,2,PIT,MIA,669364,656578,,,,641511,656582,693304,669707,678894,S,,swinging_strike,Swinging Strike,0,0,0,0,-0.061,0.0,R,Slider,86.6,L,R
716362,2023-10-01,2023,3,Top,18,1,0,0,2,PIT,MIA,669364,656578,,,,641511,656582,693304,669707,678894,S,,called_strike,Called Strike,0,0,0,0,-0.045,0.0,R,Changeup,86.0,L,R
716362,2023-10-01,2023,3,Top,17,2,1,0,1,PIT,MIA,542932,656578,,,,641511,656582,693304,669707,678894,X,field_out,hit_into_play,Jon Berti lines out to right fielder Miguel Andujar.,0,0,0,0,-0.306,0.018,R,4-Seam Fastball,93.6,R,R
716362,2023-10-01,2023,3,Top,17,1,0,0,1,PIT,MIA,542932,656578,,,,641511,656582,693304,669707,678894,B,,ball,Ball,0,0,0,0,0.039,0.0,R,Slider,87.8,R,R
716362,2023-10-01,2023,3,Top,16,2,1,0,0,PIT,MIA,663743,656578,,,,641511,656582,693304,669707,678894,X,field_out,hit_into_play,Nick Fortes pops out to catcher Jason Delay in foul territory.,0,0,0,0,-0.306,0.025,R,Changeup,85.3,R,R
716362,2023-10-01,2023,3,Top,16,1,0,0,0,PIT,MIA,663743,656578,,,,641511,656582,693304,669707,678894,B,,ball,Ball,0,0,0,0,0.04,0.0,R,4-Seam Fastball,91.3,R,R
716362,2023-10-01,2023,2,Bot,15,4,2,1,2,PIT,MIA,693304,677960,,,678894,663743,493329,669364,542932,621563,X,field_out,hit_into_play,"Nick Gonzales grounds out, third baseman Jon Berti to first baseman Yuli Gurriel.",0,0,0,0,-0.324,-0.039,R,4-Seam Fastball,96.7,R,L
716362,2023-10-01,2023,2,Bot,15,3,1,1,2,PIT,MIA,693304,677960,,,678894,663743,493329,669364,542932,621563,B,,ball,Ball,0,0,0,0,0.039,0.0,R,4-Seam Fastball,95.3,R,L
716362,2023-10-01,2023,2,Bot,15,2,1,0,2,PIT,MIA,693304,677960,,,678894,663743,493329,669364,542932,621563,S,,foul,Foul,0,0,0,0,-0.035,0.0,R,Changeup,86.5,R,L
716362,2023-10-01,2023,2,Bot,15,1,0,0,2,PIT,MIA,693304,677960,,,678894,663743,493329,669364,542932,621563,B,,ball,Ball,0,0,0,0,0.028,0.0,R,4-Seam Fastball,95.4,R,L
716362,2023-10-01,2023,2,Bot,14,3,0,2,2,PIT,MIA,678894,677960,,,,663743,493329,669364,542932,621563,X,triple,hit_into_play,Liover Peguero triples (1) on a fly ball to right fielder Jesus Sanchez.,0,0,0,0,0.81,0.028,R,Changeup,89.0,R,L
716362,2023-10-01,2023,2,Bot,14,2,0,1,1,PIT,MIA,678894,677960,680779,,,663743,493329,669364,542932,621563,S,,called_strike,Called Strike,0,0,0,0,-0.053,0.0,R,4-Seam Fastball,95.7,R,L
716362,2023-10-01,2023,2,Bot,14,1,0,0,1,PIT,MIA,678894,677960,680779,,,663743,493329,669364,542932,621563,S,,called_strike,Called Strike,0,0,0,0,-0.042,0.0,R,4-Seam Fastball,93.9,R,L
716362,2023-10-01,2023,2,Bot,13,8,3,2,1,PIT,MIA,680779,677960,,,,663743,493329,669364,542932,621563,B,walk,ball,Henry Davis walks.,0,0,0,0,0.36,0.026,R,4-Seam Fastball,96.3,R,L
716362,2023-10-01,2023,2,Bot,13,7,2,2,1,PIT,MIA,680779,677960,,,,663743,493329,669364,542932,621563,B,,ball,Ball,0,0,0,0,0.094,0.0,R,4-Seam Fastball,96.0,R,L
716362,2023-10-01,2023,2,Bot,13,6,2,2,1,PIT,MIA,680779,677960,,,,663743,493329,669364,542932,621563,S,,foul,Foul,0,0,0,0,0.0,0.0,R,Sweeper,81.4,R,L
716362,2023-10-01,2023,2,Bot,13,5,2,2,1,PIT,MIA,680779,677960,,,,663743,493329,669364,542932,621563,S,,foul,Foul,0,0,0,0,0.0,0.0,R,Changeup,88.2,R,L
716362,2023-10-01,2023,2,Bot,13,4,2,1,1,PIT,MIA,680779,677960,,,,663743,493329,669364,542932,621563,S,,foul,Foul,0,0,0,0,-0.076,0.0,R,Sinker,96.7,R,L
716362,2023-10-01,2023,2,Bot,13,3,1,1,1,PIT,MIA,680779,677960,,,,663743,493329,669364,542932,621563,B,,ball,Ball,0,0,0,0,0.054,0.0,R,Changeup,89.4,R,L
716362,2023-10-01,2023,2,Bot,13,2,1,0,1,PIT,MIA,680779,677960,,,,663743,493329,669364,542932,621563,S,,called_strike,Called Strike,0,0,0,0,-0.05,0.0,R,Changeup,87.4,R,L
716362,2023-10-01,2023,2,Bot,13,1,0,0,1,PIT,MIA,680779,677960,,,,663743,493329,669364,542932,621563,B,,ball,Ball,0,0,0,0,0.039,0.0,R,Sweeper,79.4,R,L
716362,2023-10-01,2023,2,Bot,12,6,3,2,0,PIT,MIA,669261,677960,,,,663743,493329,669364,542932,621563,S,strikeout,called_strike,Jack Suwinski called out on strikes.,0,0,0,0,-0.353,-0.023,R,4-Seam Fastball,95.3,L,L
716362,2023-10-01,2023,2,Bot,12,5,2,2,0,PIT,MIA,669261,677960,,,,663743,493329,669364,542932,621563,B,,ball,Ball,0,0,0,0,0.115,0.0,R,4-Seam Fastball,94.9,L,L
716362,2023-10-01,2023,2,Bot,12,4,1,2,0,PIT,MIA,669261,677960,,,,663743,493329,669364,542932,621563,B,,ball,Ball,0,0,0,0,0.046,0.0,R,Sweeper,81.3,L,L
716362,2023-10-01,2023,2,Bot,12,3,1,1,0,PIT,MIA,669261,677960,,,,663743,493329,669364,542932,621563,S,,swinging_strike,Swinging Strike,0,0,0,0,-0.061,0.0,R,Sweeper,78.7,L,L
716362,2023-10-01,2023,2,Bot,12,2,0,1,0,PIT,MIA,669261,677960,,,,663743,493329,669364,542932,621563,B,,ball,Ball,0,0,0,0,0.031,0.0,R,Sweeper,79.4,L,L
716362,2023-10-01,2023,2,Bot,12,1,0,0,0,PIT,MIA,669261,677960,,,,663743,493329,669364,542932,621563,S,,swinging_strike,Swinging Strike,0,0,0,0,-0.042,0.0,R,4-Seam Fastball,92.9,L,L
716362,2023-10-01,2023,2,Top,11,2,0,1,2,PIT,MIA,663743,656578,621563,,,641511,656582,693304,669707,678894,B,truncated_pa,ball,"With Nick Fortes batting, Joey Wendle picked off and caught stealing 2nd base, first baseman Connor Joe.",0,0,0,0,-0.241,0.024,R,Slider,87.0,R,R
716362,2023-10-01,2023,2,Top,11,1,0,0,2,PIT,MIA,663743,656578,621563,,,641511,656582,693304,669707,678894,S,,foul,Foul,0,0,0,0,-0.045,0.0,R,Slider,87.6,R,R
716362,2023-10-01,2023,2,Top,10,5,3,1,1,PIT,MIA,607732,656578,621563,,,641511,656582,693304,669707,678894,X,field_out,hit_into_play,Jacob Stallings lines out to left fielder Jack Suwinski.,0,0,0,0,-0.386,0.029,R,4-Seam Fastball,94.8,R,R
716362,2023-10-01,2023,2,Top,10,4,3,0,1,PIT,MIA,607732,656578,621563,,,641511,656582,693304,669707,678894,S,,called_strike,Called Strike,0,0,0,0,-0.072,0.0,R,4-Seam Fastball,94.9,R,R
716362,2023-10-01,2023,2,Top,10,3,2,0,1,PIT,MIA,607732,656578,621563,,,641511,656582,693304,669707,678894,B,,ball,Ball,0,0,0,0,0.11,0.0,R,4-Seam Fastball,94.6,R,R
716362,2023-10-01,2023,2,Top,10,2,1,0,1,PIT,MIA,607732,656578,621563,,,641511,656582,693304,669707,678894,B,,ball,Ball,0,0,0,0,0.054,0.0,R,Slider,88.4,R,R
716362,2023-10-01,2023,2,Top,10,1,0,0,1,PIT,MIA,607732,656578,621563,,,641511,656582,693304,669707,678894,B,,ball,Ball,0,0,0,0,0.036,0.0,R,4-Seam Fastball,94.9,R,R
716362,2023-10-01,2023,2,Top,9,6,3,2,1,PIT,MIA,621563,656578,,,,641511,656582,693304,669707,678894,B,walk,ball,Joey Wendle walks.,0,0,0,0,0.36,-0.026,R,4-Seam Fastball,94.9,L,R
716362,2023-10-01,2023,2,Top,9,5,2,2,1,PIT,MIA,621563,656578,,,,641511,656582,693304,669707,678894,B,,ball,Ball,0,0,0,0,0.094,0.0,R,Curveball,81.1,L,R
716362,2023-10-01,2023,2,Top,9,4,2,1,1,PIT,MIA,621563,656578,,,,641511,656582,693304,669707,678894,S,,swinging_strike,Swinging Strike,0,0,0,0,-0.076,0.0,R,Slider,86.9,L,R
716362,2023-10-01,2023,2,Top,9,3,2,0,1,PIT,MIA,621563,656578,,,,641511,656582,693304,669707,678894,S,,called_strike,Called Strike,0,0,0,0,-0.062,0.0,R,Changeup,86.6,L,R
716362,2023-10-01,2023,2,Top,9,2,1,0,1,PIT,MIA,621563,656578,,,,641511,656582,693304,669707,678894,B,,ball,Ball,0,0,0,0,0.066,0.0,R,Changeup,86.0,L,R
716362,2023-10-01,2023,2,Top,9,1,0,0,1,PIT,MIA,621563,656578,,,,641511,656582,693304,669707,678894,B,,ball,Ball,0,0,0,0,0.039,0.0,R,4-Seam Fastball,94.6,L,R
716362,2023-10-01,2023,2,Top,8,6,3,2,0,PIT,MIA,641658,656578,,,,641511,656582,693304,669707,678894,S,strikeout,swinging_strike,Garrett Hampson strikes out swinging.,0,0,0,0,-0.353,0.023,R,Changeup,87.3,R,R
716362,2023-10-01,2023,2,Top,8,5,3,1,0,PIT,MIA,641658,656578,,,,641511,656582,693304,669707,678894,S,,called_strike,Called Strike,0,0,0,0,-0.088,0.0,R,4-Seam Fastball,93.8,R,R
716362,2023-10-01,2023,2,Top,8,4,3,0,0,PIT,MIA,641658,656578,,,,641511,656582,693304,669707,678894,S,,called_strike,Called Strike,0,0,0,0,-0.086,0.0,R,4-Seam Fastball,94.5,R,R
716362,2023-10-01,2023,2,Top,8,3,2,0,0,PIT,MIA,641658,656578,,,,641511,656582,693304,669707,678894,B,,ball,Ball,0,0,0,0,0.151,0.0,R,4-Seam Fastball,94.3,R,R
716362,2023-10-01,2023,2,Top,8,2,1,0,0,PIT,MIA,641658,656578,,,,641511,656582,693304,669707,678894,B,,ball,Ball,0,0,0,0,0.071,0.0,R,4-Seam Fastball,94.0,R,R
716362,2023-10-01,2023,2,Top,8,1,0,0,0,PIT,MIA,641658,656578,,,,641511,656582,693304,669707,678894,B,,ball,Ball,0,0,0,0,0.04,0.0,R,4-Seam Fastball,94.1,R,R
716362,2023-10-01,2023,1,Bot,7,5,1,2,2,PIT,MIA,609280,677960,,,,663743,493329,669364,542932,621563,X,field_out,hit_into_play,Miguel Andujar flies out to right fielder Jesus Sanchez.,0,0,0,0,-0.191,-0.01,R,4-Seam Fastball,96.2,R,L
716362,2023-10-01,2023,1,Bot,7,4,0,2,2,PIT,MIA,609280,677960,,,,663743,493329,669364,542932,621563,B,,ball,Ball,0,0,0,0,0.022,0.0,R,Changeup,87.6,R,L
716362,2023-10-01,2023,1,Bot,7,3,0,2,2,PIT,MIA,609280,677960,,,,663743,493329,669364,542932,621563,S,,foul,Foul,0,0,0,0,0.0,0.0,R,4-Seam Fastball,95.3,R,L
716362,2023-10-01,2023,1,Bot,7,2,0,1,2,PIT,MIA,609280,677960,,,,663743,493329,669364,542932,621563,S,,swinging_strike,Swinging Strike,0,0,0,0,-0.061,0.0,R,Sweeper,81.9,R,L
716362,2023-10-01,2023,1,Bot,7,1,0,0,2,PIT,MIA,609280,677960,,,,663743,493329,669364,542932,621563,S,,called_strike,Called Strike,0,0,0,0,-0.045,0.0,R,4-Seam Fastball,94.9,R,L
716362,2023-10-01,2023,1,Bot,6,6,3,2,1,PIT,MIA,669707,677960,,,,663743,493329,669364,542932,621563,S,strikeout,swinging_strike,Jared Triolo strikes out swinging.,0,0,0,0,-0.328,-0.016,R,4-Seam Fastball,95.3,R,L
716362,2023-10-01,2023,1,Bot,6,5,2,2,1,PIT,MIA,669707,677960,,,,663743,493329,669364,542932,621563,B,,ball,Ball,0,0,0,0,0.094,0.0,R,Changeup,87.6,R,L
716362,2023-10-01,2023,1,Bot,6,4,2,1,1,PIT,MIA,669707,677960,,,,663743,493329,669364,542932,621563,S,,called_strike,Called Strike,0,0,0,0,-0.076,0.0,R,4-Seam Fastball,94.5,R,L
716362,2023-10-01,2023,1,Bot,6,3,2,0,1,PIT,MIA,669707,677960,,,,663743,493329,669364,542932,621563,S,,foul_tip,Foul Tip,0,0,0,0,-0.062,0.0,R,4-Seam Fastball,94.1,R,L
716362,2023-10-01,2023,1,Bot,6,2,1,0,1,PIT,MIA,669707,677960,,,,663743,493329,669364,542932,621563,B,,ball,Ball,0,0,0,0,0.066,0.0,R,4-Seam Fastball,94.9,R,L
716362,2023-10-01,2023,1,Bot,6,1,0,0,1,PIT,MIA,669707,677960,,,,663743,493329,669364,542932,621563,B,,ball,Ball,0,0,0,0,0.039,0.0,R,Sinker,93.1,R,L
716362,2023-10-01,2023,1,Bot,5,2,0,1,0,PIT,MIA,656582,677960,,,,663743,493329,669364,542932,621563,X,field_out,hit_into_play,Connor Joe flies out to center fielder Garrett Hampson.,0,0,0,0,-0.223,-0.021,R,4-Seam Fastball,93.5,R,L
716362,2023-10-01,2023,1,Bot,5,1,0,0,0,PIT,MIA,656582,677960,,,,663743,493329,669364,542932,621563,S,,called_strike,Called Strike,0,0,0,0,-0.042,0.0,R,4-Seam Fastball,93.9,R,L
716362,2023-10-01,2023,1,Top,4,5,3,1,2,PIT,MIA,493329,656578,660821,,,641511,656582,693304,669707,678894,X,field_out,hit_into_play,Yuli Gurriel pops out to second baseman Nick Gonzales.,0,0,0,0,-0.399,0.022,R,4-Seam Fastball,95.0,R,R
716362,2023-10-01,2023,1,Top,4,4,2,1,2,PIT,MIA,493329,656578,660821,,,641511,656582,693304,669707,678894,B,,ball,Ball,0,0,0,0,0.097,0.0,R,4-Seam Fastball,95.2,R,R
716362,2023-10-01,2023,1,Top,4,3,2,0,2,PIT,MIA,493329,656578,660821,,,641511,656582,693304,669707,678894,S,,foul,Foul,0,0,0,0,-0.051,0.0,R,Slider,86.6,R,R
716362,2023-10-01,2023,1,Top,4,2,1,0,2,PIT,MIA,493329,656578,660821,,,641511,656582,693304,669707,678894,B,,blocked_ball,Ball In Dirt,0,0,0,0,0.037,0.0,R,4-Seam Fastball,94.2,R,R
716362,2023-10-01,2023,1,Top,4,1,0,0,2,PIT,MIA,493329,656578,660821,,,641511,656582,693304,669707,678894,B,,ball,Ball,0,0,0,0,0.03,0.0,R,4-Seam Fastball,95.4,R,R
716362,2023-10-01,2023,1,Top,3,3,0,2,2,PIT,MIA,660821,656578,,,,641511,656582,693304,669707,678894,X,single,hit_into_play,Jesus Sanchez singles on a sharp line drive to right fielder Miguel Andujar.,0,0,0,0,0.449,-0.012,R,4-Seam Fastball,95.1,L,R
716362,2023-10-01,2023,1,Top,3,2,0,1,2,PIT,MIA,660821,656578,,,,641511,656582,693304,669707,678894,S,,foul_tip,Foul Tip,0,0,0,0,-0.061,0.0,R,4-Seam Fastball,95.3,L,R
716362,2023-10-01,2023,1,Top,3,1,0,0,2,PIT,MIA,660821,656578,,,,641511,656582,693304,669707,678894,S,,swinging_strike,Swinging Strike,0,0,0,0,-0.045,0.0,R,4-Seam Fastball,95.1,L,R
716362,2023-10-01,2023,1,Top,2,4,1,2,1,PIT,MIA,650559,656578,,,,641511,656582,693304,669707,678894,X,field_out,hit_into_play,Bryan De La Cruz flies out to right fielder Miguel Andujar.,0,0,0,0,-0.189,0.015,R,4-Seam Fastball,95.4,R,R
716362,2023-10-01,2023,1,Top,2,3,0,2,1,PIT,MIA,650559,656578,,,,641511,656582,693304,669707,678894,B,,ball,Ball,0,0,0,0,0.019,0.0,R,Slider,85.6,R,R
716362,2023-10-01,2023,1,Top,2,2,0,1,1,PIT,MIA,650559,656578,,,,641511,656582,693304,669707,678894,S,,swinging_strike,Swinging Strike,0,0,0,0,-0.057,0.0,R,Slider,87.1,R,R
716362,2023-10-01,2023,1,Top,2,1,0,0,1,PIT,MIA,650559,656578,,,,641511,656582,693304,669707,678894,S,,foul,Foul,0,0,0,0,-0.041,0.0,R,4-Seam Fastball,94.9,R,R
716362,2023-10-01,2023,1,Top,1,2,1,0,0,PIT,MIA,669364,656578,,,,641511,656582,693304,669707,678894,X,field_out,hit_into_play,Xavier Edwards flies out to left fielder Jack Suwinski.,0,0,0,0,-0.306,0.022,R,4-Seam Fastball,94.6,L,R
716362,2023-10-01,2023,1,Top,1,1,0,0,0,PIT,MIA,669364,656578,,,,641511,656582,693304,669707,678894,B,,ball,Ball,0,0,0,0,0.04,0.0,R,4-Seam Fastball,94.9,L,R
716361,2023-10-01,2023,9,Top,72,5,2,2,2,DET,CLE,666310,656638,,686823,,668670,628451,670097,663837,595879,S,strikeout,swinging_strike,Bo Naylor strikes out swinging.,5,2,2,5,-0.218,0.012,R,Changeup,89.8,L,R
716361,2023-10-01,2023,9,Top,72,4,1,2,2,DET,CLE,666310,656638,,686823,,668670,628451,670097,663837,595879,B,,blocked_ball,Ball In Dirt,5,2,2,5,0.015,0.0,R,Knuckle Curve,88.4,L,R
716361,2023-10-01,2023,9,Top,72,3,1,1,2,DET,CLE,666310,656638,,686823,,668670,628451,670097,663837,595879,S,,swinging_strike_blocked,Swinging Strike (Blocked),5,2,2,5,-0.064,0.0,R,Knuckle Curve,86.9,L,R
716361,2023-10-01,2023,9,Top,72,2,0,1,2,DET,CLE,666310,656638,,686823,,668670,628451,670097,663837,595879,B,,blocked_ball,Ball In Dirt,5,2,2,5,0.02,0.0,R,Changeup,90.3,L,R
716361,2023-10-01,2023,9,Top,72,1,0,0,2,DET,CLE,666310,656638,,686823,,668670,628451,670097,663837,595879,S,,swinging_strike,Swinging Strike,5,2,2,5,-0.046,0.0,R,Changeup,89.1,L,R
716361,2023-10-01,2023,9,Top,71,4,1,2,1,DET,CLE,677587,656638,686823,,,668670,628451,670097,663837,595879,S,strikeout,swinging_strike_blocked,Brayan Rocchio strikes out swinging.   Will Brennan to 2nd.  Wild pitch by pitcher Alex Lange.,5,2,2,5,-0.183,0.021,R,Knuckle Curve,87.6,L,R
716361,2023-10-01,2023,9,Top,71,3,1,1,1,DET,CLE,677587,656638,686823,,,668670,628451,670097,663837,595879,S,,foul,Foul,5,2,2,5,-0.055,0.0,R,Knuckle Curve,86.7,L,R
716361,2023-10-01,2023,9,Top,71,2,1,0,1,DET,CLE,677587,656638,686823,,,668670,628451,670097,663837,595879,S,,swinging_strike,Swinging Strike,5,2,2,5,-0.053,0.0,R,Knuckle Curve,86.5,L,R
716361,2023-10-01,2023,9,Top,71,1,0,0,1,DET,CLE,677587,656638,686823,,,668670,628451,670097,663837,595879,B,,ball,Ball,5,2,2,5,0.036,0.0,R,Knuckle Curve,87.0,L,R
716361,2023-10-01,2023,9,Top,70,2,0,1,1,DET,CLE,686823,656638,,,,668670,628451,670097,663837,595879,X,single,hit_into_play,Will Brennan singles on a ground ball to right fielder Kerry Carpenter.,5,2,2,5,0.457,-0.02,R,Changeup,90.3,L,R
716361,2023-10-01,2023,9,Top,70,1,0,0,1,DET,CLE,686823,656638,,,,668670,628451,670097,663837,595879,S,,foul,Foul,5,2,2,5,-0.041,0.0,R,Knuckle Curve,87.1,L,R
716361,2023-10-01,2023,9,Top,69,1,0,0,0,DET,CLE,657656,656638,,,,668670,628451,670097,663837,595879,X,field_out,hit_into_play,Ramon Laureano pops out to second baseman Zack Short.,5,2,2,5,-0.265,0.018,R,Sinker,94.9,R,R
716361,2023-10-01,2023,8,Bot,68,7,2,2,2,DET,CLE,663527,663986,595879,668731,,666310,647304,677588,671289,677587,S,strikeout,swinging_strike,Tyler Nevin strikes out swinging.,5,2,5,2,-0.246,-0.005,R,4-Seam Fastball,95.8,R,R
716361,2023-10-01,2023,8,Bot,68,6,2,2,2,DET,CLE,663527,663986,595879,668731,,666310,647304,677588,671289,677587,S,,foul,Foul,5,2,5,2,0.0,0.0,R,Split-Finger,86.1,R,R
716361,2023-10-01,2023,8,Bot,68,5,2,2,2,DET,CLE,663527,663986,595879,668731,,666310,647304,677588,671289,677587,S,,foul,Foul,5,2,5,2,0.0,0.0,R,Split-Finger,86.8,R,R
716361,2023-10-01,2023,8,Bot,68,4,2,1,2,DET,CLE,663527,663986,595879,668731,,666310,647304,677588,671289,677587,S,,called_strike,Called Strike,5,2,5,2,-0.06,0.0,R,Slider,86.6,R,R
716361,2023-10-01,2023,8,Bot,68,3,1,1,2,DET,CLE,663527,663986,595879,668731,,666310,647304,677588,671289,677587,B,,ball,Ball,5,2,5,2,0.025,0.0,R,Slider,84.6,R,R
716361,2023-10-01,2023,8,Bot,68,2,1,0,2,DET,CLE,663527,663986,595879,668731,,666310,647304,677588,671289,677587,S,,foul,Foul,5,2,5,2,-0.045,0.0,R,4-Seam Fastball,95.1,R,R
716361,2023-10-01,2023,8,Bot,68,1,0,0,2,DET,CLE,663527,663986,595879,668731,,666310,647304,677588,671289,677587,B,,blocked_ball,Ball In Dirt,5,2,5,2,0.03,0.0,R,Slider,85.3,R,R
716361,2023-10-01,2023,8,Bot,67,1,0,0,1,DET,CLE,678009,663986,595879,668731,,666310,647304,677588,671289,677587,X,field_out,hit_into_play,Parker Meadows flies out to center fielder Ramon Laureano.,5,2,5,2,-0.238,-0.005,R,4-Seam Fastball,95.6,L,R
716361,2023-10-01,2023,8,Bot,66,5,2,2,0,DET,CLE,668670,663986,595879,668731,,666310,647304,677588,671289,677587,S,strikeout,swinging_strike_blocked,Jake Rogers strikes out swinging.,5,2,5,2,-0.202,-0.005,R,Slider,84.4,R,R
716361,2023-10-01,2023,8,Bot,66,4,1,2,0,DET,CLE,668670,663986,595879,668731,,666310,647304,677588,671289,677587,B,,ball,Ball,5,2,5,2,0.034,0.0,R,4-Seam Fastball,95.1,R,R
716361,2023-10-01,2023,8,Bot,66,3,1,1,0,DET,CLE,668670,663986,595879,668731,,666310,647304,677588,671289,677587,S,,foul,Foul,5,2,5,2,-0.076,0.0,R,Slider,84.8,R,R
716361,2023-10-01,2023,8,Bot,66,2,1,0,0,DET,CLE,668670,663986,595879,668731,,666310,647304,677588,671289,677587,S,,foul,Foul,5,2,5,2,-0.055,0.0,R,4-Seam Fastball,94.7,R,R
716361,2023-10-01,2023,8,Bot,66,1,0,0,0,DET,CLE,668670,663986,595879,668731,,666310,647304,677588,671289,677587,B,,ball,Ball,5,2,5,2,0.042,0.0,R,4-Seam Fastball,95.2,R,R
716361,2023-10-01,2023,8,Bot,65,2,0,1,0,DET,CLE,595879,663986,,668731,,666310,647304,677588,671289,677587,X,single,hit_into_play,Javier Baez singles on a ground ball to third baseman Tyler Freeman.,5,2,5,2,0.55,0.001,R,Slider,87.7,R,R
716361,2023-10-01,2023,8,Bot,65,1,0,0,0,DET,CLE,595879,663986,668731,,,666310,647304,677588,671289,677587,S,,called_strike,Called Strike,5,2,5,2,-0.036,0.004,R,Slider,86.7,R,R
716361,2023-10-01,2023,8,Bot,64,7,3,2,0,DET,CLE,668731,663986,,,,666310,647304,677588,671289,677587,B,walk,ball,Akil Baddoo walks.,5,2,5,2,0.347,0.004,R,Split-Finger,85.6,L,R
716361,2023-10-01,2023,8,Bot,64,6,3,2,0,DET,CLE,668731,663986,,,,666310,647304,677588,671289,677587,S,,foul,Foul,5,2,5,2,0.0,0.0,R,4-Seam Fastball,95.3,L,R
716361,2023-10-01,2023,8,Bot,64,5,2,2,0,DET,CLE,668731,663986,,,,666310,647304,677588,671289,677587,B,,ball,Ball,5,2,5,2,0.115,0.0,R,Split-Finger,86.5,L,R
716361,2023-10-01,2023,8,Bot,64,4,2,1,0,DET,CLE,668731,663986,,,,666310,647304,677588,671289,677587,S,,foul,Foul,5,2,5,2,-0.074,0.0,R,4-Seam Fastball,95.7,L,R
716361,2023-10-01,2023,8,Bot,64,3,2,0,0,DET,CLE,668731,663986,,,,666310,647304,677588,671289,677587,S,,swinging_strike,Swinging Strike,5,2,5,2,-0.065,0.0,R,4-Seam Fastball,94.9,L,R
716361,2023-10-01,2023,8,Bot,64,2,1,0,0,DET,CLE,668731,663986,,,,666310,647304,677588,671289,677587,B,,ball,Ball,5,2,5,2,0.071,0.0,R,4-Seam Fastball,95.5,L,R
716361,2023-10-01,2023,8,Bot,64,1,0,0,0,DET,CLE,668731,663986,,,,666310,647304,677588,671289,677587,B,,ball,Ball,5,2,5,2,0.04,0.0,R,4-Seam Fastball,95.3,L,R
716361,2023-10-01,2023,8,Top,63,2,1,0,2,DET,CLE,647304,676684,,,,668670,628451,670097,663837,595879,X,field_out,hit_into_play,Josh Naylor flies out to left fielder Akil Baddoo.,5,2,2,5,-0.317,0.006,R,Changeup,88.1,L,R
716361,2023-10-01,2023,8,Top,63,1,0,0,2,DET,CLE,647304,676684,,,,668670,628451,670097,663837,595879,B,,ball,Ball,5,2,2,5,0.043,0.0,R,Slider,87.0,L,R
716361,2023-10-01,2023,8,Top,62,8,3,2,1,DET,CLE,608070,676684,,,,668670,628451,670097,663837,595879,S,strikeout,swinging_strike,Jose Ramirez strikes out swinging.,5,2,2,5,-0.328,0.013,R,4-Seam Fastball,96.4,L,R
716361,2023-10-01,2023,8,Top,62,7,3,2,1,DET,CLE,608070,676684,,,,668670,628451,670097,663837,595879,S,,foul,Foul,5,2,2,5,0.0,0.0,R,Changeup,89.0,L,R
716361,2023-10-01,2023,8,Top,62,6,3,2,1,DET,CLE,608070,676684,,,,668670,628451,670097,663837,595879,S,,foul,Foul,5,2,2,5,0.0,0.0,R,4-Seam Fastball,96.2,L,R
716361,2023-10-01,2023,8,Top,62,5,3,1,1,DET,CLE,608070,676684,,,,668670,628451,670097,663837,595879,S,,foul,Foul,5,2,2,5,-0.104,0.0,R,4-Seam Fastball,96.0,L,R
716361,2023-10-01,2023,8,Top,62,4,2,1,1,DET,CLE,608070,676684,,,,668670,628451,670097,663837,595879,B,,ball,Ball,5,2,2,5,0.122,0.0,R,Slider,87.2,L,R
716361,2023-10-01,2023,8,Top,62,3,1,1,1,DET,CLE,608070,676684,,,,668670,628451,670097,663837,595879,B,,ball,Ball,5,2,2,5,0.054,0.0,R,4-Seam Fastball,95.5,L,R
716361,2023-10-01,2023,8,Top,62,2,0,1,1,DET,CLE,608070,676684,,,,668670,628451,670097,663837,595879,B,,ball,Ball,5,2,2,5,0.03,0.0,R,Changeup,88.0,L,R
716361,2023-10-01,2023,8,Top,62,1,0,0,1,DET,CLE,608070,676684,,,,668670,628451,670097,663837,595879,S,,called_strike,Called Strike,5,2,2,5,-0.041,0.0,R,4-Seam Fastball,96.7,L,R
716361,2023-10-01,2023,8,Top,61,2,0,1,0,DET,CLE,680757,676684,,,,668670,408234,628451,663837,595879,X,field_out,hit_into_play,Steven Kwan grounds out to first baseman Miguel Cabrera.,5,2,2,5,-0.223,0.021,R,Slider,88.0,L,R
716361,2023-10-01,2023,8,Top,61,1,0,0,0,DET,CLE,680757,676684,,,,668670,408234,628451,663837,595879,S,,called_strike,Called Strike,5,2,2,5,-0.042,0.0,R,4-Seam Fastball,96.0,L,R
716361,2023-10-01,2023,7,Bot,60,3,0,2,2,DET,CLE,628451,660853,,663837,,666310,647304,677588,671289,677587,X,field_error,hit_into_play,"Andy Ibanez reaches on a fielding error by third baseman Tyler Freeman.  Matt Vierling out at home, third baseman Tyler Freeman to catcher Bo Naylor.",5,2,5,2,0.571,-0.008,R,Slider,84.5,R,R
716361,2023-10-01,2023,7,Bot,60,2,0,1,2,DET,CLE,628451,660853,,663837,,666310,647304,677588,671289,677587,S,,called_strike,Called Strike,5,2,5,2,-0.061,0.0,R,Slider,85.0,R,R
716361,2023-10-01,2023,7,Bot,60,1,0,0,2,DET,CLE,628451,660853,,663837,,666310,647304,677588,671289,677587,S,,swinging_strike_blocked,Swinging Strike (Blocked),5,2,5,2,-0.046,0.0,R,Slider,84.6,R,R
716361,2023-10-01,2023,7,Bot,59,8,2,2,2,DET,CLE,663837,660853,,,,666310,647304,677588,671289,677587,X,double,hit_into_play,Matt Vierling doubles (21) on a ground ball to center fielder Ramon Laureano.,5,2,5,2,0.617,0.006,R,Slider,83.7,R,R
716361,2023-10-01,2023,7,Bot,59,7,2,2,2,DET,CLE,663837,660853,,,,666310,647304,677588,671289,677587,S,,foul,Foul,5,2,5,2,0.0,0.0,R,Slider,84.9,R,R
716361,2023-10-01,2023,7,Bot,59,6,2,2,2,DET,CLE,663837,660853,,,,666310,647304,677588,671289,677587,S,,foul,Foul,5,2,5,2,0.0,0.0,R,4-Seam Fastball,95.9,R,R
716361,2023-10-01,2023,7,Bot,59,5,2,2,2,DET,CLE,663837,660853,,,,666310,647304,677588,671289,677587,S,,foul,Foul,5,2,5,2,0.0,0.0,R,Slider,83.6,R,R
716361,2023-10-01,2023,7,Bot,59,4,2,1,2,DET,CLE,663837,660853,,,,666310,647304,677588,671289,677587,S,,foul,Foul,5,2,5,2,-0.081,0.0,R,Slider,82.5,R,R
716361,2023-10-01,2023,7,Bot,59,3,1,1,2,DET,CLE,663837,660853,,,,666310,647304,677588,671289,677587,B,,ball,Ball,5,2,5,2,0.053,0.0,R,4-Seam Fastball,95.5,R,R
716361,2023-10-01,2023,7,Bot,59,2,0,1,2,DET,CLE,663837,660853,,,,666310,647304,677588,671289,677587,B,,ball,Ball,5,2,5,2,0.031,0.0,R,4-Seam Fastball,94.9,R,R
716361,2023-10-01,2023,7,Bot,59,1,0,0,2,DET,CLE,663837,660853,,,,666310,647304,677588,671289,677587,S,,called_strike,Called Strike,5,2,5,2,-0.045,0.0,R,4-Seam Fastball,95.4,R,R
716361,2023-10-01,2023,7,Bot,58,4,2,1,0,DET,CLE,681481,660853,408234,,,666310,647304,677588,671289,677587,X,grounded_into_double_play,hit_into_play,"Kerry Carpenter grounds into a double play, shortstop Brayan Rocchio to first baseman Josh Naylor.   Miguel Cabrera out at 2nd.    Kerry Carpenter out at 1st.",5,2,5,2,-0.38,-0.017,R,Slider,81.3,L,R
716361,2023-10-01,2023,7,Bot,58,3,1,1,0,DET,CLE,681481,660853,408234,,,666310,647304,677588,671289,677587,B,,ball,Ball,5,2,5,2,0.042,0.0,R,Slider,81.1,L,R
716361,2023-10-01,2023,7,Bot,58,2,1,0,0,DET,CLE,681481,660853,408234,,,666310,647304,677588,671289,677587,S,,called_strike,Called Strike,5,2,5,2,-0.042,0.0,R,4-Seam Fastball,95.0,L,R
716361,2023-10-01,2023,7,Bot,58,1,0,0,0,DET,CLE,681481,660853,408234,,,666310,647304,677588,671289,677587,B,,ball,Ball,5,2,5,2,0.03,0.0,R,Slider,83.0,L,R
716361,2023-10-01,2023,7,Bot,57,4,3,0,0,DET,CLE,408234,660853,,,,666310,647304,677588,671289,677587,B,walk,ball,Miguel Cabrera walks.,5,2,5,2,0.173,0.008,R,4-Seam Fastball,94.9,R,R
716361,2023-10-01,2023,7,Bot,57,3,2,0,0,DET,CLE,408234,660853,,,,666310,647304,677588,671289,677587,B,,ball,Ball,5,2,5,2,0.151,0.0,R,4-Seam Fastball,95.2,R,R
716361,2023-10-01,2023,7,Bot,57,2,1,0,0,DET,CLE,408234,660853,,,,666310,647304,677588,671289,677587,B,,ball,Ball,5,2,5,2,0.071,0.0,R,4-Seam Fastball,94.7,R,R
716361,2023-10-01,2023,7,Bot,57,1,0,0,0,DET,CLE,408234,660853,,,,666310,647304,677588,671289,677587,B,,ball,Ball,5,2,5,2,0.04,0.0,R,4-Seam Fastball,95.9,R,R
716361,2023-10-01,2023,7,Top,56,5,2,2,2,DET,CLE,677588,593958,,,,668670,679529,628451,663837,595879,X,field_out,hit_into_play,"Jose Tena grounds out, shortstop Javier Baez to first baseman Spencer Torkelson.",5,2,2,5,-0.233,0.008,R,Slider,85.2,L,L
716361,2023-10-01,2023,7,Top,56,4,2,1,2,DET,CLE,677588,593958,,,,668670,679529,628451,663837,595879,S,,foul,Foul,5,2,2,5,-0.081,0.0,R,4-Seam Fastball,92.1,L,L
716361,2023-10-01,2023,7,Top,56,3,2,0,2,DET,CLE,677588,593958,,,,668670,679529,628451,663837,595879,S,,called_strike,Called Strike,5,2,2,5,-0.06,0.0,R,4-Seam Fastball,92.5,L,L
716361,2023-10-01,2023,7,Top,56,2,1,0,2,DET,CLE,677588,593958,,,,668670,679529,628451,663837,595879,B,,ball,Ball,5,2,2,5,0.056,0.0,R,4-Seam Fastball,92.9,L,L
716361,2023-10-01,2023,7,Top,56,1,0,0,2,DET,CLE,677588,593958,,,,668670,679529,628451,663837,595879,B,,ball,Ball,5,2,2,5,0.043,0.0,R,4-Seam Fastball,92.8,L,L
716361,2023-10-01,2023,7,Top,55,3,1,1,1,DET,CLE,671289,593958,,,,668670,679529,628451,663837,595879,X,field_out,hit_into_play,Tyler Freeman grounds out to first baseman Spencer Torkelson.,5,2,2,5,-0.257,0.014,R,Changeup,86.5,R,L
716361,2023-10-01,2023,7,Top,55,2,0,1,1,DET,CLE,671289,593958,,,,668670,679529,628451,663837,595879,B,,ball,Ball,5,2,2,5,0.03,0.0,R,Cutter,90.0,R,L
716361,2023-10-01,2023,7,Top,55,1,0,0,1,DET,CLE,671289,593958,,,,668670,679529,628451,663837,595879,S,,called_strike,Called Strike,5,2,2,5,-0.041,0.0,R,Cutter,88.0,R,L
716361,2023-10-01,2023,7,Top,54,3,1,1,0,DET,CLE,666310,593958,,,,668670,679529,628451,663837,595879,X,field_out,hit_into_play,Bo Naylor flies out to right fielder Kerry Carpenter.,5,2,2,5,-0.254,0.022,R,Slider,84.4,L,L
716361,2023-10-01,2023,7,Top,54,2,0,1,0,DET,CLE,666310,593958,,,,668670,679529,628451,663837,595879,B,,ball,Ball,5,2,2,5,0.031,0.0,R,Slider,85.7,L,L
716361,2023-10-01,2023,7,Top,54,1,0,0,0,DET,CLE,666310,593958,,,,668670,679529,628451,663837,595879,S,,foul,Foul,5,2,2,5,-0.042,0.0,R,Slider,81.4,L,L
716361,2023-10-01,2023,6,Bot,53,3,1,1,2,DET,CLE,679529,680704,,,,666310,647304,677588,671289,677587,X,field_out,hit_into_play,Spencer Torkelson pops out to first baseman Josh Naylor in foul territory.,5,2,5,2,-0.261,-0.003,R,Slider,77.3,R,R
716361,2023-10-01,2023,6,Bot,53,2,0,1,2,DET,CLE,679529,680704,,,,666310,647304,677588,671289,677587,B,,ball,Ball,5,2,5,2,0.031,0.0,R,4-Seam Fastball,93.2,R,R
716361,2023-10-01,2023,6,Bot,53,1,0,0,2,DET,CLE,679529,680704,,,,666310,647304,677588,671289,677587,S,,called_strike,Called Strike,5,2,5,2,-0.045,0.0,R,Sinker,92.9,R,R
716361,2023-10-01,2023,6,Bot,52,3,0,2,1,DET,CLE,678009,680704,,,,666310,647304,677588,671289,677587,X,field_out,hit_into_play,Parker Meadows lines out to left fielder Steven Kwan.,5,2,5,2,-0.17,-0.006,R,4-Seam Fastball,93.0,L,R
716361,2023-10-01,2023,6,Bot,52,2,0,1,1,DET,CLE,678009,680704,,,,666310,647304,677588,671289,677587,S,,foul,Foul,5,2,5,2,-0.057,0.0,R,4-Seam Fastball,92.8,L,R
716361,2023-10-01,2023,6,Bot,52,1,0,0,1,DET,CLE,678009,680704,,,,666310,647304,677588,671289,677587,S,,swinging_strike,Swinging Strike,5,2,5,2,-0.041,0.0,R,Slider,79.9,L,R
716361,2023-10-01,2023,6,Bot,51,3,0,2,0,DET,CLE,668670,680704,,,,666310,647304,677588,671289,677587,S,strikeout,swinging_strike,Jake Rogers strikes out swinging.,5,2,5,2,-0.169,-0.007,R,Slider,75.5,R,R
716361,2023-10-01,2023,6,Bot,51,2,0,1,0,DET,CLE,668670,680704,,,,666310,647304,677588,671289,677587,S,,foul,Foul,5,2,5,2,-0.054,0.0,R,Slider,76.9,R,R
716361,2023-10-01,2023,6,Bot,51,1,0,0,0,DET,CLE,668670,680704,,,,666310,647304,677588,671289,677587,S,,called_strike,Called Strike,5,2,5,2,-0.042,0.0,R,Slider,78.9,R,R
716361,2023-10-01,2023,6,Top,50,5,1,2,2,DET,CLE,677587,593958,,,647304,668670,679529,628451,663837,595879,S,strikeout,swinging_strike,Brayan Rocchio strikes out swinging.,5,2,2,5,-0.208,0.029,R,4-Seam Fastball,92.8,R,L
716361,2023-10-01,2023,6,Top,50,4,1,2,2,DET,CLE,677587,593958,,,647304,668670,679529,628451,663837,595879,S,,foul,Foul,5,2,2,5,0.0,0.0,R,4-Seam Fastball,93.0,R,L
716361,2023-10-01,2023,6,Top,50,3,0,2,2,DET,CLE,677587,593958,,,647304,668670,679529,628451,663837,595879,B,,ball,Ball,5,2,2,5,0.018,0.0,R,4-Seam Fastball,92.0,R,L
716361,2023-10-01,2023,6,Top,50,2,0,1,2,DET,CLE,677587,593958,,,647304,668670,679529,628451,663837,595879,S,,called_strike,Called Strike,5,2,2,5,-0.051,0.0,R,4-Seam Fastball,93.5,R,L
716361,2023-10-01,2023,6,Top,50,1,0,0,2,DET,CLE,677587,593958,,,647304,668670,679529,628451,663837,595879,S,,called_strike,Called Strike,5,2,2,5,-0.036,0.0,R,Cutter,88.9,R,L
716361,2023-10-01,2023,6,Top,49,1,0,0,1,DET,CLE,660757,593958,,,647304,668670,679529,628451,663837,595879,X,field_out,hit_into_play,Oscar Gonzalez lines out to shortstop Javier Baez.,5,2,2,5,-0.149,0.053,R,Cutter,90.0,R,L
716361,2023-10-01,2023,6,Top,48,2,0,1,0,DET,CLE,657656,593958,,647304,,668670,679529,628451,663837,595879,X,field_out,hit_into_play,Ramon Laureano flies out to center fielder Parker Meadows.   Josh Naylor to 3rd.,5,2,2,5,-0.221,0.023,R,4-Seam Fastball,90.0,R,L
716361,2023-10-01,2023,6,Top,48,1,0,0,0,DET,CLE,657656,593958,,647304,,668670,679529,628451,663837,595879,S,,called_strike,Called Strike,5,2,2,5,-0.046,0.0,R,Cutter,86.7,R,L
716361,2023-10-01,2023,6,Top,47,3,1,1,0,DET,CLE,647304,593958,,,,668670,679529,628451,663837,595879,X,double,hit_into_play,Josh Naylor doubles (31) on a sharp line drive to right fielder Kerry Carpenter.,5,2,2,5,0.717,-0.059,R,4-Seam Fastball,92.2,L,L
716361,2023-10-01,2023,6,Top,47,2,1,0,0,DET,CLE,647304,593958,,,,668670,679529,628451,663837,595879,S,,foul,Foul,5,2,2,5,-0.052,0.0,R,4-Seam Fastball,89.9,L,L
716361,2023-10-01,2023,6,Top,47,1,0,0,0,DET,CLE,647304,593958,,,,668670,679529,628451,663837,595879,B,,ball,Ball,5,2,2,5,0.04,0.0,R,Slider,82.6,L,L
716361,2023-10-01,2023,5,Bot,46,4,2,1,2,DET,CLE,595879,608337,,,,666310,647304,677588,671289,677587,X,field_out,hit_into_play,Javier Baez flies out sharply to left fielder Steven Kwan.,5,2,5,2,-0.314,-0.004,R,Slider,82.9,R,R
716361,2023-10-01,2023,5,Bot,46,3,2,0,2,DET,CLE,595879,608337,,,,666310,647304,677588,671289,677587,S,,swinging_strike,Swinging Strike,5,2,5,2,-0.06,0.0,R,Slider,83.7,R,R
716361,2023-10-01,2023,5,Bot,46,2,1,0,2,DET,CLE,595879,608337,,,,666310,647304,677588,671289,677587,B,,ball,Ball,5,2,5,2,0.056,0.0,R,Changeup,82.0,R,R
716361,2023-10-01,2023,5,Bot,46,1,0,0,2,DET,CLE,595879,608337,,,,666310,647304,677588,671289,677587,B,,ball,Ball,5,2,5,2,0.043,0.0,R,Changeup,82.9,R,R
716361,2023-10-01,2023,5,Bot,45,6,2,2,1,DET,CLE,668731,608337,,,,666310,647304,677588,671289,677587,X,field_out,hit_into_play,Akil Baddoo pops out to third baseman Tyler Freeman in foul territory.,5,2,5,2,-0.234,-0.007,R,Curveball,77.3,L,R
716361,2023-10-01,2023,5,Bot,45,5,2,2,1,DET,CLE,668731,608337,,,,666310,647304,677588,671289,677587,S,,foul,Foul,5,2,5,2,0.0,0.0,R,4-Seam Fastball,93.5,L,R
716361,2023-10-01,2023,5,Bot,45,4,1,2,1,DET,CLE,668731,608337,,,,666310,647304,677588,671289,677587,B,,ball,Ball,5,2,5,2,0.045,0.0,R,Changeup,81.9,L,R
716361,2023-10-01,2023,5,Bot,45,3,1,1,1,DET,CLE,668731,608337,,,,666310,647304,677588,671289,677587,S,,foul,Foul,5,2,5,2,-0.068,0.0,R,4-Seam Fastball,92.8,L,R
716361,2023-10-01,2023,5,Bot,45,2,1,0,1,DET,CLE,668731,608337,,,,666310,647304,677588,671289,677587,S,,foul,Foul,5,2,5,2,-0.05,0.0,R,4-Seam Fastball,92.8,L,R
716361,2023-10-01,2023,5,Bot,45,1,0,0,1,DET,CLE,668731,608337,,,,666310,647304,677588,671289,677587,B,,ball,Ball,5,2,5,2,0.039,0.0,R,Slider,83.5,L,R
716361,2023-10-01,2023,5,Bot,44,3,1,1,0,DET,CLE,628451,608337,,,,666310,647304,677588,671289,677587,X,field_out,hit_into_play,Andy Ibanez pops out to first baseman Josh Naylor in foul territory.,5,2,5,2,-0.254,-0.009,R,Changeup,80.7,R,R
716361,2023-10-01,2023,5,Bot,44,2,0,1,0,DET,CLE,628451,608337,,,,666310,647304,677588,671289,677587,B,,ball,Ball,5,2,5,2,0.031,0.0,R,4-Seam Fastball,93.1,R,R
716361,2023-10-01,2023,5,Bot,44,1,0,0,0,DET,CLE,628451,608337,,,,666310,647304,677588,671289,677587,S,,called_strike,Called Strike,5,2,5,2,-0.042,0.0,R,4-Seam Fastball,93.6,R,R
716361,2023-10-01,2023,5,Bot,43,6,3,2,0,DET,CLE,663837,608337,681481,,,666310,647304,677588,671289,677587,X,home_run,hit_into_play,Matt Vierling homers (10) on a fly ball to left field.   Kerry Carpenter scores.,3,2,3,2,0.998,0.146,R,Changeup,80.1,R,R
716361,2023-10-01,2023,5,Bot,43,5,3,1,0,DET,CLE,663837,608337,681481,,,666310,647304,677588,671289,677587,S,,swinging_strike,Swinging Strike,3,2,3,2,-0.068,0.0,R,Changeup,81.7,R,R
716361,2023-10-01,2023,5,Bot,43,4,2,1,0,DET,CLE,663837,608337,681481,,,666310,647304,677588,671289,677587,B,,ball,Ball,3,2,3,2,0.101,0.0,R,Changeup,79.7,R,R
716361,2023-10-01,2023,5,Bot,43,3,1,1,0,DET,CLE,663837,608337,681481,,,666310,647304,677588,671289,677587,B,,ball,Ball,3,2,3,2,0.042,0.0,R,4-Seam Fastball,93.4,R,R
716361,2023-10-01,2023,5,Bot,43,2,0,1,0,DET,CLE,663837,608337,681481,,,666310,647304,677588,671289,677587,B,,ball,Ball,3,2,3,2,0.024,0.0,R,Changeup,79.9,R,R
716361,2023-10-01,2023,5,Bot,43,1,0,0,0,DET,CLE,663837,608337,681481,,,666310,647304,677588,671289,677587,S,,called_strike,Called Strike,3,2,3,2,-0.036,0.0,R,Changeup,80.7,R,R
716361,2023-10-01,2023,5,Bot,42,7,3,2,0,DET,CLE,681481,608337,,,,666310,647304,677588,671289,677587,B,walk,blocked_ball,Kerry Carpenter walks.,3,2,3,2,0.347,0.033,R,Slider,82.7,L,R
716361,2023-10-01,2023,5,Bot,42,6,2,2,0,DET,CLE,681481,608337,,,,666310,647304,677588,671289,677587,B,,ball,Ball,3,2,3,2,0.115,0.0,R,Slider,83.7,L,R
716361,2023-10-01,2023,5,Bot,42,5,2,2,0,DET,CLE,681481,608337,,,,666310,647304,677588,671289,677587,S,,foul,Foul,3,2,3,2,0.0,0.0,R,Changeup,79.8,L,R
716361,2023-10-01,2023,5,Bot,42,4,2,1,0,DET,CLE,681481,608337,,,,666310,647304,677588,671289,677587,S,,foul,Foul,3,2,3,2,-0.074,0.0,R,Slider,80.3,L,R
716361,2023-10-01,2023,5,Bot,42,3,1,1,0,DET,CLE,681481,608337,,,,666310,647304,677588,671289,677587,B,,ball,Ball,3,2,3,2,0.059,0.0,R,4-Seam Fastball,93.9,L,R
716361,2023-10-01,2023,5,Bot,42,2,1,0,0,DET,CLE,681481,608337,,,,666310,647304,677588,671289,677587,S,,foul,Foul,3,2,3,2,-0.052,0.0,R,Changeup,79.7,L,R
716361,2023-10-01,2023,5,Bot,42,1,0,0,0,DET,CLE,681481,608337,,,,666310,647304,677588,671289,677587,B,,ball,Ball,3,2,3,2,0.04,0.0,R,Changeup,78.3,L,R
716361,2023-10-01,2023,5,Top,41,2,0,1,2,DET,CLE,608070,593958,,,,668670,679529,628451,663837,595879,X,field_out,hit_into_play,Jose Ramirez lines out to third baseman Matt Vierling.,3,2,2,3,-0.23,0.014,R,Changeup,86.1,R,L
716361,2023-10-01,2023,5,Top,41,1,0,0,2,DET,CLE,608070,593958,,,,668670,679529,628451,663837,595879,S,,foul,Foul,3,2,2,3,-0.045,0.0,R,Changeup,87.1,R,L
716361,2023-10-01,2023,5,Top,40,3,0,2,1,DET,CLE,680757,593958,,,,668670,679529,628451,663837,595879,X,field_out,hit_into_play,"Steven Kwan grounds out, third baseman Matt Vierling to first baseman Spencer Torkelson.",3,2,2,3,-0.17,0.023,R,Sinker,92.6,L,L
716361,2023-10-01,2023,5,Top,40,2,0,1,1,DET,CLE,680757,593958,,,,668670,679529,628451,663837,595879,S,,swinging_strike,Swinging Strike,3,2,2,3,-0.057,0.0,R,Sinker,90.6,L,L
716361,2023-10-01,2023,5,Top,40,1,0,0,1,DET,CLE,680757,593958,,,,668670,679529,628451,663837,595879,S,,called_strike,Called Strike,3,2,2,3,-0.041,0.0,R,Slider,82.0,L,L
716361,2023-10-01,2023,5,Top,39,5,2,2,0,DET,CLE,677588,593958,,,,668670,679529,628451,663837,595879,X,field_out,hit_into_play,Jose Tena lines out to center fielder Parker Meadows.,3,2,2,3,-0.239,0.032,R,Slider,83.8,L,L
716361,2023-10-01,2023,5,Top,39,4,1,2,0,DET,CLE,677588,593958,,,,668670,679529,628451,663837,595879,B,,ball,Ball,3,2,2,3,0.046,0.0,R,Slider,84.4,L,L
716361,2023-10-01,2023,5,Top,39,3,1,1,0,DET,CLE,677588,593958,,,,668670,679529,628451,663837,595879,S,,foul,Foul,3,2,2,3,-0.061,0.0,R,4-Seam Fastball,92.2,L,L
716361,2023-10-01,2023,5,Top,39,2,1,0,0,DET,CLE,677588,593958,,,,668670,679529,628451,663837,595879,S,,swinging_strike,Swinging Strike,3,2,2,3,-0.052,0.0,R,4-Seam Fastball,91.4,L,L
716361,2023-10-01,2023,5,Top,39,1,0,0,0,DET,CLE,677588,593958,,,,668670,679529,628451,663837,595879,B,,ball,Ball,3,2,2,3,0.04,0.0,R,4-Seam Fastball,92.1,L,L
716361,2023-10-01,2023,5,Top,38,3,2,0,0,DET,CLE,671289,593958,,,,668670,679529,628451,663837,595879,X,home_run,hit_into_play,Tyler Freeman homers (4) on a fly ball to left field.,3,1,1,3,1.003,-0.117,R,4-Seam Fastball,90.8,R,L
716361,2023-10-01,2023,5,Top,38,2,1,0,0,DET,CLE,671289,593958,,,,668670,679529,628451,663837,595879,B,,ball,Ball,3,1,1,3,0.071,0.0,R,4-Seam Fastball,91.5,R,L
716361,2023-10-01,2023,5,Top,38,1,0,0,0,DET,CLE,671289,593958,,,,668670,679529,628451,663837,595879,B,,ball,Ball,3,1,1,3,0.04,0.0,R,Changeup,83.5,R,L
716361,2023-10-01,2023,4,Bot,37,3,1,1,2,DET,CLE,408234,608337,679529,668670,,666310,647304,677588,671289,677587,X,field_out,hit_into_play,Miguel Cabrera lines out to second baseman Jose Tena.,3,1,3,1,-0.281,-0.028,R,Changeup,81.1,R,R
716361,2023-10-01,2023,4,Bot,37,2,1,0,2,DET,CLE,408234,608337,679529,668670,,666310,647304,677588,671289,677587,S,,swinging_strike_blocked,Swinging Strike (Blocked),3,1,3,1,-0.045,0.0,R,Changeup,81.6,R,R
716361,2023-10-01,2023,4,Bot,37,1,0,0,2,DET,CLE,408234,608337,679529,668670,,666310,647304,677588,671289,677587,B,,ball,Ball,3,1,3,1,0.03,0.0,R,4-Seam Fastball,92.3,R,R
716361,2023-10-01,2023,4,Bot,36,6,3,2,2,DET,CLE,679529,608337,668670,,,666310,647304,677588,671289,677587,B,walk,ball,Spencer Torkelson walks.   Jake Rogers to 2nd.,3,1,3,1,0.258,0.013,R,Slider,82.9,R,R
716361,2023-10-01,2023,4,Bot,36,5,3,1,2,DET,CLE,679529,608337,668670,,,666310,647304,677588,671289,677587,S,,foul,Foul,3,1,3,1,-0.094,0.0,R,Slider,82.9,R,R
716361,2023-10-01,2023,4,Bot,36,4,3,0,2,DET,CLE,679529,608337,668670,,,666310,647304,677588,671289,677587,S,,called_strike,Called Strike,3,1,3,1,-0.058,0.0,R,4-Seam Fastball,94.1,R,R
716361,2023-10-01,2023,4,Bot,36,3,2,0,2,DET,CLE,679529,608337,668670,,,666310,647304,677588,671289,677587,B,,ball,Ball,3,1,3,1,0.104,0.0,R,Changeup,80.6,R,R
716361,2023-10-01,2023,4,Bot,36,2,1,0,2,DET,CLE,679529,608337,668670,,,666310,647304,677588,671289,677587,B,,ball,Ball,3,1,3,1,0.037,0.0,R,Slider,84.2,R,R
716361,2023-10-01,2023,4,Bot,36,1,0,0,2,DET,CLE,679529,608337,668670,,,666310,647304,677588,671289,677587,B,,ball,Ball,3,1,3,1,0.03,0.0,R,Changeup,81.2,R,R
716361,2023-10-01,2023,4,Bot,35,3,1,1,1,DET,CLE,678009,608337,668670,,,666310,647304,677588,671289,677587,X,field_out,hit_into_play,Parker Meadows lines out to left fielder Steven Kwan.,3,1,3,1,-0.24,-0.019,R,4-Seam Fastball,92.6,L,R
716361,2023-10-01,2023,4,Bot,35,2,1,0,1,DET,CLE,678009,608337,668670,,,666310,647304,677588,671289,677587,S,,called_strike,Called Strike,3,1,3,1,-0.053,0.0,R,4-Seam Fastball,93.8,L,R
716361,2023-10-01,2023,4,Bot,35,1,0,0,1,DET,CLE,678009,608337,668670,,,666310,647304,677588,671289,677587,B,,blocked_ball,Ball In Dirt,3,1,3,1,0.036,0.0,R,Slider,83.9,L,R
716361,2023-10-01,2023,4,Bot,34,4,3,0,1,DET,CLE,668670,608337,,,,666310,647304,677588,671289,677587,B,walk,blocked_ball,Jake Rogers walks.,3,1,3,1,0.173,0.016,R,4-Seam Fastball,93.1,R,R
716361,2023-10-01,2023,4,Bot,34,3,2,0,1,DET,CLE,668670,608337,,,,666310,647304,677588,671289,677587,B,,ball,Ball,3,1,3,1,0.142,0.0,R,4-Seam Fastball,93.0,R,R
716361,2023-10-01,2023,4,Bot,34,2,1,0,1,DET,CLE,668670,608337,,,,666310,647304,677588,671289,677587,B,,ball,Ball,3,1,3,1,0.066,0.0,R,4-Seam Fastball,92.6,R,R
716361,2023-10-01,2023,4,Bot,34,1,0,0,1,DET,CLE,668670,608337,,,,666310,647304,677588,671289,677587,B,,ball,Ball,3,1,3,1,0.039,0.0,R,Slider,81.1,R,R
716361,2023-10-01,2023,4,Bot,33,2,1,0,0,DET,CLE,595879,608337,,,,666310,647304,677588,671289,677587,X,field_out,hit_into_play,Javier Baez grounds out to first baseman Josh Naylor.,3,1,3,1,-0.306,-0.014,R,Changeup,80.3,R,R
716361,2023-10-01,2023,4,Bot,33,1,0,0,0,DET,CLE,595879,608337,,,,666310,647304,677588,671289,677587,B,,ball,Ball,3,1,3,1,0.04,0.0,R,Changeup,82.1,R,R
716361,2023-10-01,2023,4,Top,32,1,0,0,2,DET,CLE,666310,593958,,,,668670,679529,628451,663837,595879,X,field_out,hit_into_play,Bo Naylor grounds out to first baseman Spencer Torkelson.,3,1,1,3,-0.275,0.011,R,Slider,84.4,L,L
716361,2023-10-01,2023,4,Top,31,1,0,0,1,DET,CLE,677587,593958,,,657656,668670,679529,628451,663837,595879,X,field_out,hit_into_play,"Brayan Rocchio grounds out, shortstop Javier Baez to first baseman Spencer Torkelson.   Ramon Laureano scores.",3,0,0,3,-0.273,-0.004,R,Changeup,87.3,R,L
716361,2023-10-01,2023,4,Top,30,6,1,2,0,DET,CLE,660757,593958,,657656,,668670,679529,628451,663837,595879,X,field_out,hit_into_play,Oscar Gonzalez flies out to center fielder Parker Meadows.   Ramon Laureano to 3rd.,3,0,0,3,-0.176,0.019,R,Changeup,86.3,R,L
716361,2023-10-01,2023,4,Top,30,5,1,2,0,DET,CLE,660757,593958,,657656,,668670,679529,628451,663837,595879,S,,foul,Foul,3,0,0,3,0.0,0.0,R,4-Seam Fastball,92.3,R,L
716361,2023-10-01,2023,4,Top,30,4,1,2,0,DET,CLE,660757,593958,,657656,,668670,679529,628451,663837,595879,S,,foul,Foul,3,0,0,3,0.0,0.0,R,Changeup,86.7,R,L
716361,2023-10-01,2023,4,Top,30,3,1,1,0,DET,CLE,660757,593958,657656,,,668670,679529,628451,663837,595879,S,,swinging_strike,Swinging Strike,3,0,0,3,-0.059,-0.019,R,Changeup,85.1,R,L
716361,2023-10-01,2023,4,Top,30,2,1,0,0,DET,CLE,660757,593958,657656,,,668670,679529,628451,663837,595879,S,,foul,Foul,3,0,0,3,-0.042,0.0,R,Changeup,85.6,R,L
716361,2023-10-01,2023,4,Top,30,1,0,0,0,DET,CLE,660757,593958,657656,,,668670,679529,628451,663837,595879,B,,ball,Ball,3,0,0,3,0.03,0.0,R,4-Seam Fastball,90.1,R,L
716361,2023-10-01,2023,4,Top,29,4,2,1,0,DET,CLE,657656,593958,,,,668670,679529,628451,663837,595879,X,field_error,hit_into_play,"Laureano reaches on an error by 1B Torkelson, reaches 1st on a dropped throw error by P  Ed Rodriguez",3,0,0,3,0.42,-0.038,R,Changeup,85.6,R,L
716361,2023-10-01,2023,4,Top,29,3,1,1,0,DET,CLE,657656,593958,,,,668670,679529,628451,663837,595879,B,,ball,Ball,3,0,0,3,0.059,0.0,R,Changeup,85.1,R,L
716361,2023-10-01,2023,4,Top,29,2,0,1,0,DET,CLE,657656,593958,,,,668670,679529,628451,663837,595879,B,,ball,Ball,3,0,0,3,0.031,0.0,R,Cutter,87.9,R,L
716361,2023-10-01,2023,4,Top,29,1,0,0,0,DET,CLE,657656,593958,,,,668670,679529,628451,663837,595879,S,,called_strike,Called Strike,3,0,0,3,-0.042,0.0,R,4-Seam Fastball,91.6,R,L
716361,2023-10-01,2023,3,Bot,28,4,0,2,2,DET,CLE,668731,608337,628451,,,666310,647304,677588,671289,677587,X,field_out,hit_into_play,Akil Baddoo flies out to second baseman Jose Tena.,3,0,3,0,-0.186,-0.011,R,Changeup,81.5,L,R
716361,2023-10-01,2023,3,Bot,28,3,0,2,2,DET,CLE,668731,608337,628451,,,666310,647304,677588,671289,677587,S,,foul,Foul,3,0,3,0,0.0,0.0,R,Changeup,81.7,L,R
716361,2023-10-01,2023,3,Bot,28,2,0,1,2,DET,CLE,668731,608337,628451,,,666310,647304,677588,671289,677587,S,,foul,Foul,3,0,3,0,-0.055,0.0,R,Changeup,81.3,L,R
716361,2023-10-01,2023,3,Bot,28,1,0,0,2,DET,CLE,668731,608337,628451,,,666310,647304,677588,671289,677587,S,,called_strike,Called Strike,3,0,3,0,-0.045,0.0,R,4-Seam Fastball,94.4,L,R
716361,2023-10-01,2023,3,Bot,27,3,0,2,2,DET,CLE,628451,608337,,663837,,666310,647304,677588,671289,677587,X,single,hit_into_play,Andy Ibanez singles on a ground ball to center fielder Ramon Laureano.   Matt Vierling scores.,2,0,2,0,0.782,0.073,R,Curveball,78.8,R,R
716361,2023-10-01,2023,3,Bot,27,2,0,1,2,DET,CLE,628451,608337,,663837,,666310,647304,677588,671289,677587,S,,foul,Foul,2,0,2,0,-0.061,0.0,R,Changeup,80.9,R,R
716361,2023-10-01,2023,3,Bot,27,1,0,0,2,DET,CLE,628451,608337,,663837,,666310,647304,677588,671289,677587,S,,foul,Foul,2,0,2,0,-0.046,0.0,R,4-Seam Fastball,93.4,R,R
716361,2023-10-01,2023,3,Bot,26,5,3,1,2,DET,CLE,663837,608337,,,,666310,647304,677588,671289,677587,X,double,hit_into_play,Matt Vierling doubles (20) on a sharp line drive to right fielder Oscar Gonzalez.,2,0,2,0,0.42,0.016,R,4-Seam Fastball,93.1,R,R
716361,2023-10-01,2023,3,Bot,26,4,2,1,2,DET,CLE,663837,608337,,,,666310,647304,677588,671289,677587,B,,ball,Ball,2,0,2,0,0.116,0.0,R,Changeup,82.3,R,R
716361,2023-10-01,2023,3,Bot,26,3,2,0,2,DET,CLE,663837,608337,,,,666310,647304,677588,671289,677587,S,,called_strike,Called Strike,2,0,2,0,-0.06,0.0,R,Slider,82.6,R,R
716361,2023-10-01,2023,3,Bot,26,2,1,0,2,DET,CLE,663837,608337,,,,666310,647304,677588,671289,677587,B,,ball,Ball,2,0,2,0,0.056,0.0,R,Slider,83.2,R,R
716361,2023-10-01,2023,3,Bot,26,1,0,0,2,DET,CLE,663837,608337,,,,666310,647304,677588,671289,677587,B,,ball,Ball,2,0,2,0,0.043,0.0,R,4-Seam Fastball,94.4,R,R
716361,2023-10-01,2023,3,Bot,25,5,1,2,1,DET,CLE,681481,608337,,,,666310,647304,677588,671289,677587,S,strikeout,swinging_strike_blocked,Kerry Carpenter strikes out swinging.,2,0,2,0,-0.189,-0.011,R,Curveball,78.2,L,R
716361,2023-10-01,2023,3,Bot,25,4,1,2,1,DET,CLE,681481,608337,,,,666310,647304,677588,671289,677587,S,,foul,Foul,2,0,2,0,0.0,0.0,R,4-Seam Fastball,94.2,L,R
716361,2023-10-01,2023,3,Bot,25,3,0,2,1,DET,CLE,681481,608337,,,,666310,647304,677588,671289,677587,B,,ball,Ball,2,0,2,0,0.019,0.0,R,4-Seam Fastball,93.9,L,R
716361,2023-10-01,2023,3,Bot,25,2,0,1,1,DET,CLE,681481,608337,,,,666310,647304,677588,671289,677587,S,,foul,Foul,2,0,2,0,-0.057,0.0,R,Slider,84.8,L,R
716361,2023-10-01,2023,3,Bot,25,1,0,0,1,DET,CLE,681481,608337,,,,666310,647304,677588,671289,677587,S,,foul,Foul,2,0,2,0,-0.041,0.0,R,Changeup,79.7,L,R
716361,2023-10-01,2023,3,Bot,24,3,0,2,0,DET,CLE,408234,608337,,,,666310,647304,677588,671289,677587,S,strikeout,swinging_strike,Miguel Cabrera strikes out swinging.,2,0,2,0,-0.169,-0.015,R,4-Seam Fastball,92.4,R,R
716361,2023-10-01,2023,3,Bot,24,2,0,1,0,DET,CLE,408234,608337,,,,666310,647304,677588,671289,677587,S,,swinging_strike,Swinging Strike,2,0,2,0,-0.054,0.0,R,Changeup,80.9,R,R
716361,2023-10-01,2023,3,Bot,24,1,0,0,0,DET,CLE,408234,608337,,,,666310,647304,677588,671289,677587,S,,called_strike,Called Strike,2,0,2,0,-0.042,0.0,R,4-Seam Fastball,92.7,R,R
716361,2023-10-01,2023,3,Top,23,1,0,0,2,DET,CLE,647304,593958,608070,677588,,668670,679529,628451,663837,595879,X,field_out,hit_into_play,"Josh Naylor grounds out, second baseman Andy Ibanez to first baseman Spencer Torkelson.",2,0,0,2,-0.296,0.047,R,Slider,83.9,L,L
716361,2023-10-01,2023,3,Top,22,5,2,2,2,DET,CLE,608070,593958,677588,,,668670,679529,628451,663837,595879,X,single,hit_into_play,Jose Ramirez singles on a ground ball to shortstop Javier Baez.   Jose Tena to 2nd.,2,0,0,2,0.414,-0.023,R,Changeup,86.8,R,L
716361,2023-10-01,2023,3,Top,22,4,1,2,2,DET,CLE,608070,593958,677588,,,668670,679529,628451,663837,595879,B,,ball,Ball,2,0,0,2,0.034,0.0,R,Sinker,92.3,R,L
716361,2023-10-01,2023,3,Top,22,3,0,2,2,DET,CLE,608070,593958,677588,,,668670,679529,628451,663837,595879,B,,ball,Ball,2,0,0,2,0.02,0.0,R,4-Seam Fastball,93.2,R,L
716361,2023-10-01,2023,3,Top,22,2,0,1,2,DET,CLE,608070,593958,677588,,,668670,679529,628451,663837,595879,S,,swinging_strike_blocked,Swinging Strike (Blocked),2,0,0,2,-0.055,0.0,R,Changeup,86.5,R,L
716361,2023-10-01,2023,3,Top,22,1,0,0,2,DET,CLE,608070,593958,677588,,,668670,679529,628451,663837,595879,S,,called_strike,Called Strike,2,0,0,2,-0.045,0.0,R,Cutter,88.6,R,L
716361,2023-10-01,2023,3,Top,21,5,2,2,1,DET,CLE,680757,593958,677588,,,668670,679529,628451,663837,595879,S,strikeout,foul_tip,Steven Kwan strikes out on a foul tip.,2,0,0,2,-0.23,0.031,R,Slider,84.0,L,L
716361,2023-10-01,2023,3,Top,21,4,1,2,1,DET,CLE,680757,593958,677588,,,668670,679529,628451,663837,595879,B,,blocked_ball,Ball In Dirt,2,0,0,2,0.047,0.0,R,Sinker,92.8,L,L
716361,2023-10-01,2023,3,Top,21,3,1,1,1,DET,CLE,680757,593958,677588,,,668670,679529,628451,663837,595879,S,,called_strike,Called Strike,2,0,0,2,-0.055,0.0,R,4-Seam Fastball,92.6,L,L
716361,2023-10-01,2023,3,Top,21,2,1,0,1,DET,CLE,680757,593958,677588,,,668670,679529,628451,663837,595879,S,,called_strike,Called Strike,2,0,0,2,-0.053,0.0,R,4-Seam Fastball,92.3,L,L
716361,2023-10-01,2023,3,Top,21,1,0,0,1,DET,CLE,680757,593958,677588,,,668670,679529,628451,663837,595879,B,,ball,Ball,2,0,0,2,0.036,0.0,R,4-Seam Fastball,92.6,L,L
716361,2023-10-01,2023,3,Top,20,5,3,1,1,DET,CLE,677588,593958,,,,668670,679529,628451,663837,595879,B,walk,ball,Jose Tena walks.,2,0,0,2,0.255,-0.028,R,4-Seam Fastball,93.1,L,L
716361,2023-10-01,2023,3,Top,20,4,2,1,1,DET,CLE,677588,593958,,,,668670,679529,628451,663837,595879,B,,ball,Ball,2,0,0,2,0.122,0.0,R,4-Seam Fastball,92.9,L,L
716361,2023-10-01,2023,3,Top,20,3,1,1,1,DET,CLE,677588,593958,,,,668670,679529,628451,663837,595879,B,,ball,Ball,2,0,0,2,0.054,0.0,R,Slider,83.2,L,L
716361,2023-10-01,2023,3,Top,20,2,0,1,1,DET,CLE,677588,593958,,,,668670,679529,628451,663837,595879,B,,ball,Ball,2,0,0,2,0.03,0.0,R,4-Seam Fastball,93.4,L,L
716361,2023-10-01,2023,3,Top,20,1,0,0,1,DET,CLE,677588,593958,,,,668670,679529,628451,663837,595879,S,,called_strike,Called Strike,2,0,0,2,-0.041,0.0,R,4-Seam Fastball,91.9,L,L
716361,2023-10-01,2023,3,Top,19,1,0,0,0,DET,CLE,671289,593958,,,,668670,679529,628451,663837,595879,X,field_out,hit_into_play,Tyler Freeman flies out to center fielder Parker Meadows.,2,0,0,2,-0.265,0.024,R,4-Seam Fastball,91.2,R,L
716361,2023-10-01,2023,2,Bot,18,2,1,0,2,DET,CLE,679529,608337,,,595879,666310,647304,677588,671289,677587,X,field_out,hit_into_play,"Spencer Torkelson grounds out, third baseman Tyler Freeman to first baseman Josh Naylor.",2,0,2,0,-0.321,-0.027,R,Slider,83.2,R,R
716361,2023-10-01,2023,2,Bot,18,1,0,0,2,DET,CLE,679529,608337,,,595879,666310,647304,677588,671289,677587,B,,blocked_ball,Ball In Dirt,2,0,2,0,0.028,0.0,R,Slider,84.3,R,R
716361,2023-10-01,2023,2,Bot,17,6,3,2,1,DET,CLE,678009,608337,,595879,,666310,647304,677588,671289,677587,X,field_out,hit_into_play,"Parker Meadows grounds out, second baseman Jose Tena to first baseman Josh Naylor.   Javier Baez to 3rd.",2,0,2,0,-0.314,-0.02,R,Changeup,80.7,L,R
716361,2023-10-01,2023,2,Bot,17,5,3,1,1,DET,CLE,678009,608337,,595879,,666310,647304,677588,671289,677587,S,,called_strike,Called Strike,2,0,2,0,-0.062,0.0,R,Slider,81.3,L,R
716361,2023-10-01,2023,2,Bot,17,4,2,1,1,DET,CLE,678009,608337,,595879,,666310,647304,677588,671289,677587,B,,ball,Ball,2,0,2,0,0.062,0.0,R,4-Seam Fastball,93.2,L,R
716361,2023-10-01,2023,2,Bot,17,3,2,0,1,DET,CLE,678009,608337,,595879,,666310,647304,677588,671289,677587,S,,called_strike,Called Strike,2,0,2,0,-0.032,0.0,R,Slider,82.2,L,R
716361,2023-10-01,2023,2,Bot,17,2,1,0,1,DET,CLE,678009,608337,,595879,,666310,647304,677588,671289,677587,B,,blocked_ball,Ball In Dirt,2,0,2,0,0.036,0.0,R,Changeup,81.5,L,R
716361,2023-10-01,2023,2,Bot,17,1,0,0,1,DET,CLE,678009,608337,,595879,,666310,647304,677588,671289,677587,B,,ball,Ball,2,0,2,0,0.034,0.0,R,4-Seam Fastball,92.6,L,R
716361,2023-10-01,2023,2,Bot,16,4,0,2,0,DET,CLE,668670,608337,,595879,,666310,647304,677588,671289,677587,S,strikeout,swinging_strike_blocked,"Jake Rogers strikes out swinging, catcher Bo Naylor to first baseman Josh Naylor.",2,0,2,0,-0.213,-0.029,R,Changeup,81.7,R,R
716361,2023-10-01,2023,2,Bot,16,3,0,2,0,DET,CLE,668670,608337,,595879,,666310,647304,677588,671289,677587,S,,foul,Foul,2,0,2,0,0.0,0.0,R,Slider,84.8,R,R
716361,2023-10-01,2023,2,Bot,16,2,0,1,0,DET,CLE,668670,608337,,595879,,666310,647304,677588,671289,677587,S,,foul,Foul,2,0,2,0,-0.062,0.0,R,Changeup,80.7,R,R
716361,2023-10-01,2023,2,Bot,16,1,0,0,0,DET,CLE,668670,608337,,595879,,666310,647304,677588,671289,677587,S,,called_strike,Called Strike,2,0,2,0,-0.046,0.0,R,Changeup,80.4,R,R
716361,2023-10-01,2023,2,Bot,15,1,0,0,0,DET,CLE,595879,608337,,668731,,666310,647304,677588,671289,677587,X,double,hit_into_play,Javier Baez hits a ground-rule double (18) on a line drive to right field.   Akil Baddoo scores.,1,0,1,0,0.718,0.083,R,Slider,82.4,R,R
716361,2023-10-01,2023,2,Bot,14,3,0,2,0,DET,CLE,668731,608337,,,,666310,647304,677588,671289,677587,X,double,hit_into_play,Akil Baddoo doubles (13) on a ground ball to left fielder Steven Kwan.,1,0,1,0,0.802,0.054,R,4-Seam Fastball,94.2,L,R
716361,2023-10-01,2023,2,Bot,14,2,0,1,0,DET,CLE,668731,608337,,,,666310,647304,677588,671289,677587,S,,called_strike,Called Strike,1,0,1,0,-0.054,0.0,R,4-Seam Fastball,92.5,L,R
716361,2023-10-01,2023,2,Bot,14,1,0,0,0,DET,CLE,668731,608337,,,,666310,647304,677588,671289,677587,S,,called_strike,Called Strike,1,0,1,0,-0.042,0.0,R,4-Seam Fastball,92.3,L,R
716361,2023-10-01,2023,2,Top,13,9,3,2,2,DET,CLE,666310,593958,,,,668670,679529,628451,663837,595879,S,strikeout,swinging_strike,Bo Naylor strikes out swinging.,1,0,0,1,-0.336,0.011,R,4-Seam Fastball,93.5,L,L
716361,2023-10-01,2023,2,Top,13,8,3,2,2,DET,CLE,666310,593958,,,,668670,679529,628451,663837,595879,S,,foul,Foul,1,0,0,1,0.0,0.0,R,Sinker,93.4,L,L
716361,2023-10-01,2023,2,Top,13,7,3,2,2,DET,CLE,666310,593958,,,,668670,679529,628451,663837,595879,S,,foul,Foul,1,0,0,1,0.0,0.0,R,4-Seam Fastball,93.1,L,L
716361,2023-10-01,2023,2,Top,13,6,2,2,2,DET,CLE,666310,593958,,,,668670,679529,628451,663837,595879,B,,ball,Ball,1,0,0,1,0.104,0.0,R,Sinker,93.3,L,L
716361,2023-10-01,2023,2,Top,13,5,1,2,2,DET,CLE,666310,593958,,,,668670,679529,628451,663837,595879,B,,ball,Ball,1,0,0,1,0.041,0.0,R,Slider,86.2,L,L
716361,2023-10-01,2023,2,Top,13,4,1,2,2,DET,CLE,666310,593958,,,,668670,679529,628451,663837,595879,S,,foul,Foul,1,0,0,1,0.0,0.0,R,Slider,85.2,L,L
716361,2023-10-01,2023,2,Top,13,3,1,1,2,DET,CLE,666310,593958,,,,668670,679529,628451,663837,595879,S,,foul,Foul,1,0,0,1,-0.069,0.0,R,Slider,85.0,L,L
716361,2023-10-01,2023,2,Top,13,2,1,0,2,DET,CLE,666310,593958,,,,668670,679529,628451,663837,595879,S,,foul,Foul,1,0,0,1,-0.056,0.0,R,4-Seam Fastball,92.2,L,L
716361,2023-10-01,2023,2,Top,13,1,0,0,2,DET,CLE,666310,593958,,,,668670,679529,628451,663837,595879,B,,ball,Ball,1,0,0,1,0.043,0.0,R,4-Seam Fastball,92.5,L,L
716361,2023-10-01,2023,2,Top,12,1,0,0,1,DET,CLE,677587,593958,,,,668670,679529,628451,663837,595879,X,field_out,hit_into_play,Brayan Rocchio lines out to center fielder Parker Meadows.,1,0,0,1,-0.267,0.017,R,4-Seam Fastball,91.6,R,L
716361,2023-10-01,2023,2,Top,11,4,0,2,0,DET,CLE,660757,593958,,,,668670,679529,628451,663837,595879,S,strikeout,swinging_strike,Oscar Gonzalez strikes out swinging.,1,0,0,1,-0.169,0.024,R,4-Seam Fastball,91.2,R,L
716361,2023-10-01,2023,2,Top,11,3,0,2,0,DET,CLE,660757,593958,,,,668670,679529,628451,663837,595879,S,,foul,Foul,1,0,0,1,0.0,0.0,R,4-Seam Fastball,92.1,R,L
716361,2023-10-01,2023,2,Top,11,2,0,1,0,DET,CLE,660757,593958,,,,668670,679529,628451,663837,595879,S,,called_strike,Called Strike,1,0,0,1,-0.054,0.0,R,4-Seam Fastball,90.4,R,L
716361,2023-10-01,2023,2,Top,11,1,0,0,0,DET,CLE,660757,593958,,,,668670,679529,628451,663837,595879,S,,called_strike,Called Strike,1,0,0,1,-0.042,0.0,R,4-Seam Fastball,90.9,R,L
716361,2023-10-01,2023,1,Bot,10,3,1,1,2,DET,CLE,628451,608337,663837,,679529,666310,647304,677588,671289,677587,X,field_out,hit_into_play,"Andy Ibanez grounds out, shortstop Brayan Rocchio to first baseman Josh Naylor.",1,0,1,0,-0.301,-0.041,R,Changeup,79.4,R,R
716361,2023-10-01,2023,1,Bot,10,2,1,0,2,DET,CLE,628451,608337,663837,,679529,666310,647304,677588,671289,677587,S,,swinging_strike,Swinging Strike,1,0,1,0,-0.055,0.0,R,Changeup,79.7,R,R
716361,2023-10-01,2023,1,Bot,10,1,0,0,2,DET,CLE,628451,608337,663837,,679529,666310,647304,677588,671289,677587,B,,ball,Ball,1,0,1,0,0.042,0.0,R,4-Seam Fastball,93.3,R,R
716361,2023-10-01,2023,1,Bot,9,2,1,0,1,DET,CLE,663837,608337,681481,679529,,666310,647304,677588,671289,677587,X,force_out,hit_into_play,"Matt Vierling grounds into a force out, shortstop Brayan Rocchio to second baseman Jose Tena.   Spencer Torkelson to 3rd.    Kerry Carpenter out at 2nd.    Matt Vierling to 1st.",1,0,1,0,-0.367,-0.032,R,Slider,83.7,R,R
716361,2023-10-01,2023,1,Bot,9,1,0,0,1,DET,CLE,663837,608337,681481,679529,,666310,647304,677588,671289,677587,B,,ball,Ball,1,0,1,0,0.042,0.0,R,Slider,83.5,R,R
716361,2023-10-01,2023,1,Bot,8,5,2,2,1,DET,CLE,681481,608337,679529,678009,,666310,647304,677588,671289,677587,X,single,hit_into_play,Kerry Carpenter singles on a line drive to left fielder Steven Kwan.   Parker Meadows scores.    Spencer Torkelson to 2nd.,0,0,0,0,0.525,0.096,R,4-Seam Fastball,94.6,L,R
716361,2023-10-01,2023,1,Bot,8,4,2,1,1,DET,CLE,681481,608337,679529,678009,,666310,647304,677588,671289,677587,S,,foul,Foul,0,0,0,0,-0.07,0.0,R,Slider,82.7,L,R
716361,2023-10-01,2023,1,Bot,8,3,1,1,1,DET,CLE,681481,608337,679529,678009,,666310,647304,677588,671289,677587,B,,blocked_ball,Ball In Dirt,0,0,0,0,0.039,0.0,R,4-Seam Fastball,93.8,L,R
716361,2023-10-01,2023,1,Bot,8,2,0,1,1,DET,CLE,681481,608337,679529,678009,,666310,647304,677588,671289,677587,B,,ball,Ball,0,0,0,0,0.031,0.0,R,Changeup,80.4,L,R
716361,2023-10-01,2023,1,Bot,8,1,0,0,1,DET,CLE,681481,608337,679529,678009,,666310,647304,677588,671289,677587,S,,foul,Foul,0,0,0,0,-0.04,0.0,R,Slider,82.1,L,R
716361,2023-10-01,2023,1,Bot,7,5,2,2,0,DET,CLE,408234,608337,679529,678009,,666310,647304,677588,671289,677587,S,strikeout,swinging_strike,Miguel Cabrera strikes out swinging.,0,0,0,0,-0.202,-0.049,R,Slider,84.3,R,R
716361,2023-10-01,2023,1,Bot,7,4,1,2,0,DET,CLE,408234,608337,679529,678009,,666310,647304,677588,671289,677587,B,,blocked_ball,Ball In Dirt,0,0,0,0,0.034,0.0,R,Slider,84.7,R,R
716361,2023-10-01,2023,1,Bot,7,3,1,1,0,DET,CLE,408234,608337,679529,678009,,666310,647304,677588,671289,677587,S,,foul,Foul,0,0,0,0,-0.076,0.0,R,Changeup,79.8,R,R
716361,2023-10-01,2023,1,Bot,7,2,0,1,0,DET,CLE,408234,608337,679529,678009,,666310,647304,677588,671289,677587,B,,ball,Ball,0,0,0,0,0.034,0.0,R,Changeup,80.5,R,R
716361,2023-10-01,2023,1,Bot,7,1,0,0,0,DET,CLE,408234,608337,679529,678009,,666310,647304,677588,671289,677587,S,,swinging_strike_blocked,Swinging Strike (Blocked),0,0,0,0,-0.048,0.0,R,Slider,82.0,R,R
716361,2023-10-01,2023,1,Bot,6,2,1,0,0,DET,CLE,679529,608337,678009,,,666310,647304,677588,671289,677587,X,single,hit_into_play,Spencer Torkelson singles on a line drive to left fielder Steven Kwan.   Parker Meadows to 2nd.,0,0,0,0,0.422,0.051,R,Changeup,79.4,R,R
716361,2023-10-01,2023,1,Bot,6,1,0,0,0,DET,CLE,679529,608337,678009,,,666310,647304,677588,671289,677587,B,,ball,Ball,0,0,0,0,0.03,0.0,R,4-Seam Fastball,93.3,R,R
716361,2023-10-01,2023,1,Bot,5,9,3,2,0,DET,CLE,678009,608337,,,,666310,647304,677588,671289,677587,B,walk,ball,Parker Meadows walks.,0,0,0,0,0.347,0.036,R,4-Seam Fastball,94.0,L,R
716361,2023-10-01,2023,1,Bot,5,8,3,2,0,DET,CLE,678009,608337,,,,666310,647304,677588,671289,677587,S,,foul,Foul,0,0,0,0,0.0,0.0,R,Changeup,80.2,L,R
716361,2023-10-01,2023,1,Bot,5,7,3,2,0,DET,CLE,678009,608337,,,,666310,647304,677588,671289,677587,S,,foul,Foul,0,0,0,0,0.0,0.0,R,Changeup,79.4,L,R
716361,2023-10-01,2023,1,Bot,5,6,2,2,0,DET,CLE,678009,608337,,,,666310,647304,677588,671289,677587,B,,ball,Ball,0,0,0,0,0.115,0.0,R,Changeup,80.6,L,R
716361,2023-10-01,2023,1,Bot,5,5,2,2,0,DET,CLE,678009,608337,,,,666310,647304,677588,671289,677587,S,,foul,Foul,0,0,0,0,0.0,0.0,R,4-Seam Fastball,94.3,L,R
716361,2023-10-01,2023,1,Bot,5,4,2,1,0,DET,CLE,678009,608337,,,,666310,647304,677588,671289,677587,S,,called_strike,Called Strike,0,0,0,0,-0.074,0.0,R,Changeup,79.3,L,R
716361,2023-10-01,2023,1,Bot,5,3,1,1,0,DET,CLE,678009,608337,,,,666310,647304,677588,671289,677587,B,,ball,Ball,0,0,0,0,0.059,0.0,R,Changeup,80.6,L,R
716361,2023-10-01,2023,1,Bot,5,2,1,0,0,DET,CLE,678009,608337,,,,666310,647304,677588,671289,677587,S,,called_strike,Called Strike,0,0,0,0,-0.052,0.0,R,4-Seam Fastball,92.1,L,R
716361,2023-10-01,2023,1,Bot,5,1,0,0,0,DET,CLE,678009,608337,,,,666310,647304,677588,671289,677587,B,,ball,Ball,0,0,0,0,0.04,0.0,R,4-Seam Fastball,92.5,L,R
716361,2023-10-01,2023,1,Top,4,5,2,2,2,DET,CLE,657656,593958,647304,,,668670,679529,628451,663837,595879,S,strikeout,called_strike,Ramon Laureano called out on strikes.,0,0,0,0,-0.239,0.022,R,4-Seam Fastball,93.4,R,L
716361,2023-10-01,2023,1,Top,4,4,1,2,2,DET,CLE,657656,593958,647304,,,668670,679529,628451,663837,595879,B,,ball,Ball,0,0,0,0,0.034,0.0,R,4-Seam Fastball,93.2,R,L
716361,2023-10-01,2023,1,Top,4,3,0,2,2,DET,CLE,657656,593958,647304,,,668670,679529,628451,663837,595879,B,,ball,Ball,0,0,0,0,0.02,0.0,R,4-Seam Fastball,92.9,R,L
716361,2023-10-01,2023,1,Top,4,2,0,1,2,DET,CLE,657656,593958,647304,,,668670,679529,628451,663837,595879,S,,foul,Foul,0,0,0,0,-0.055,0.0,R,4-Seam Fastball,92.6,R,L
716361,2023-10-01,2023,1,Top,4,1,0,0,2,DET,CLE,657656,593958,647304,,,668670,679529,628451,663837,595879,S,,called_strike,Called Strike,0,0,0,0,-0.045,0.0,R,4-Seam Fastball,93.0,R,L
716361,2023-10-01,2023,1,Top,3,5,2,2,2,DET,CLE,647304,593958,,,,668670,679529,628451,663837,595879,X,single,hit_into_play,Josh Naylor singles on a ground ball to right fielder Kerry Carpenter.,0,0,0,0,0.385,-0.012,R,Sinker,92.9,L,L
716361,2023-10-01,2023,1,Top,3,4,1,2,2,DET,CLE,647304,593958,,,,668670,679529,628451,663837,595879,B,,ball,Ball,0,0,0,0,0.041,0.0,R,Sinker,93.0,L,L
716361,2023-10-01,2023,1,Top,3,3,1,1,2,DET,CLE,647304,593958,,,,668670,679529,628451,663837,595879,S,,swinging_strike,Swinging Strike,0,0,0,0,-0.069,0.0,R,Slider,85.6,L,L
716361,2023-10-01,2023,1,Top,3,2,1,0,2,DET,CLE,647304,593958,,,,668670,679529,628451,663837,595879,S,,called_strike,Called Strike,0,0,0,0,-0.056,0.0,R,4-Seam Fastball,92.2,L,L
716361,2023-10-01,2023,1,Top,3,1,0,0,2,DET,CLE,647304,593958,,,,668670,679529,628451,663837,595879,B,,ball,Ball,0,0,0,0,0.043,0.0,R,4-Seam Fastball,92.8,L,L
716361,2023-10-01,2023,1,Top,2,1,0,0,1,DET,CLE,608070,593958,,,,668670,679529,628451,663837,595879,X,field_out,hit_into_play,"Jose Ramirez grounds out, shortstop Javier Baez to first baseman Spencer Torkelson.",0,0,0,0,-0.267,0.015,R,4-Seam Fastball,91.9,R,L
716361,2023-10-01,2023,1,Top,1,5,2,2,0,DET,CLE,680757,593958,,,,668670,679529,628451,663837,595879,X,field_out,hit_into_play,"Steven Kwan grounds out, shortstop Javier Baez to first baseman Spencer Torkelson.",0,0,0,0,-0.239,0.022,R,Slider,84.1,L,L
716361,2023-10-01,2023,1,Top,1,4,2,1,0,DET,CLE,680757,593958,,,,668670,679529,628451,663837,595879,S,,foul,Foul,0,0,0,0,-0.074,0.0,R,4-Seam Fastball,91.8,L,L
716361,2023-10-01,2023,1,Top,1,3,1,1,0,DET,CLE,680757,593958,,,,668670,679529,628451,663837,595879,B,,ball,Ball,0,0,0,0,0.059,0.0,R,4-Seam Fastball,92.4,L,L
716361,2023-10-01,2023,1,Top,1,2,1,0,0,DET,CLE,680757,593958,,,,668670,679529,628451,663837,595879,S,,foul,Foul,0,0,0,0,-0.052,0.0,R,4-Seam Fastball,89.9,L,L
716361,2023-10-01,2023,1,Top,1,1,0,0,0,DET,CLE,680757,593958,,,,668670,679529,628451,663837,595879,B,,ball,Ball,0,0,0,0,0.04,0.0,R,4-Seam Fastball,90.5,L,L
716360,2023-10-01,2023,9,Top,60,3,2,0,2,SEA,TEX,641598,663462,694497,,,620443,664034,668942,553993,676609,X,field_out,hit_into_play,Mitch Garver flies out to left fielder Dominic Canzone.,1,0,0,1,-0.353,0.078,R,Slider,84.3,R,R
716360,2023-10-01,2023,9,Top,60,2,1,0,2,SEA,TEX,641598,663462,694497,,,620443,664034,668942,553993,676609,B,,ball,Ball,1,0,0,1,0.037,0.0,R,Slider,86.0,R,R
716360,2023-10-01,2023,9,Top,60,1,0,0,2,SEA,TEX,641598,663462,694497,,,620443,664034,668942,553993,676609,B,,ball,Ball,1,0,0,1,0.03,0.0,R,Slider,85.9,R,R
716360,2023-10-01,2023,9,Top,59,1,0,0,1,SEA,TEX,608369,663462,694497,,,620443,664034,668942,553993,676609,X,field_out,hit_into_play,Corey Seager flies out to left fielder Dominic Canzone.,1,0,0,1,-0.257,0.091,R,Slider,85.6,L,R
716360,2023-10-01,2023,9,Top,58,6,3,2,0,SEA,TEX,543760,663462,694497,,,620443,664034,668942,553993,676609,S,strikeout,swinging_strike,Marcus Semien strikes out swinging.,1,0,0,1,-0.298,0.104,R,Slider,84.9,R,R
716360,2023-10-01,2023,9,Top,58,5,3,1,0,SEA,TEX,543760,663462,694497,,,620443,664034,668942,553993,676609,S,,called_strike,Called Strike,1,0,0,1,-0.068,0.0,R,Slider,85.2,R,R
716360,2023-10-01,2023,9,Top,58,4,2,1,0,SEA,TEX,543760,663462,694497,,,620443,664034,668942,553993,676609,B,,ball,Ball,1,0,0,1,0.101,0.0,R,Slider,84.8,R,R
716360,2023-10-01,2023,9,Top,58,3,1,1,0,SEA,TEX,543760,663462,694497,,,620443,664034,668942,553993,676609,B,,ball,Ball,1,0,0,1,0.042,0.0,R,Slider,85.5,R,R
716360,2023-10-01,2023,9,Top,58,2,1,0,0,SEA,TEX,543760,663462,694497,,,620443,664034,668942,553993,676609,S,,called_strike,Called Strike,1,0,0,1,-0.042,0.0,R,Slider,85.8,R,R
716360,2023-10-01,2023,9,Top,58,1,0,0,0,SEA,TEX,543760,663462,694497,,,620443,664034,668942,553993,676609,B,,ball,Ball,1,0,0,1,0.03,0.0,R,Slider,86.0,R,R
716360,2023-10-01,2023,9,Top,57,3,1,1,0,SEA,TEX,694497,663462,,,,620443,664034,668942,553993,676609,X,single,hit_into_play,Evan Carter singles on a sharp line drive to right fielder Jarred Kelenic.,1,0,0,1,0.443,-0.115,R,4-Seam Fastball,94.6,L,R
716360,2023-10-01,2023,9,Top,57,2,0,1,0,SEA,TEX,694497,663462,,,,620443,664034,668942,553993,676609,B,,ball,Ball,1,0,0,1,0.031,0.0,R,Sweeper,81.7,L,R
716360,2023-10-01,2023,9,Top,57,1,0,0,0,SEA,TEX,694497,663462,,,,620443,664034,668942,553993,676609,S,,foul,Foul,1,0,0,1,-0.042,0.0,R,4-Seam Fastball,94.2,L,R
716360,2023-10-01,2023,8,Bot,56,5,2,2,2,SEA,TEX,620443,642546,,,,641680,663993,543760,673962,608369,S,strikeout,swinging_strike_blocked,Luis Torrens strikes out swinging.,1,0,1,0,-0.233,-0.007,R,Slider,87.8,R,R
716360,2023-10-01,2023,8,Bot,56,4,2,1,2,SEA,TEX,620443,642546,,,,641680,663993,543760,673962,608369,S,,called_strike,Called Strike,1,0,1,0,-0.081,0.0,R,Sinker,96.4,R,R
716360,2023-10-01,2023,8,Bot,56,3,1,1,2,SEA,TEX,620443,642546,,,,641680,663993,543760,673962,608369,B,,ball,Ball,1,0,1,0,0.053,0.0,R,Slider,83.2,R,R
716360,2023-10-01,2023,8,Bot,56,2,1,0,2,SEA,TEX,620443,642546,,,,641680,663993,543760,673962,608369,S,,called_strike,Called Strike,1,0,1,0,-0.056,0.0,R,Slider,84.3,R,R
716360,2023-10-01,2023,8,Bot,56,1,0,0,2,SEA,TEX,620443,642546,,,,641680,663993,543760,673962,608369,B,,ball,Ball,1,0,1,0,0.043,0.0,R,Sinker,96.5,R,R
716360,2023-10-01,2023,8,Bot,55,3,0,2,1,SEA,TEX,676609,642546,,,,641680,663993,543760,673962,608369,S,strikeout,swinging_strike,Jose Caballero strikes out swinging.,1,0,1,0,-0.17,-0.009,R,Slider,85.5,R,R
716360,2023-10-01,2023,8,Bot,55,2,0,1,1,SEA,TEX,676609,642546,,,,641680,663993,543760,673962,608369,S,,called_strike,Called Strike,1,0,1,0,-0.057,0.0,R,Slider,84.5,R,R
716360,2023-10-01,2023,8,Bot,55,1,0,0,1,SEA,TEX,676609,642546,,,,641680,663993,543760,673962,608369,S,,called_strike,Called Strike,1,0,1,0,-0.041,0.0,R,Slider,83.9,R,R
716360,2023-10-01,2023,8,Bot,54,3,1,1,0,SEA,TEX,664238,642546,,,,641680,663993,543760,673962,608369,X,field_out,hit_into_play,Dylan Moore flies out sharply to center fielder Leody Taveras.,1,0,1,0,-0.254,-0.013,R,Sinker,95.1,R,R
716360,2023-10-01,2023,8,Bot,54,2,0,1,0,SEA,TEX,664238,642546,,,,641680,663993,543760,673962,608369,B,,ball,Ball,1,0,1,0,0.031,0.0,R,Slider,82.2,R,R
716360,2023-10-01,2023,8,Bot,54,1,0,0,0,SEA,TEX,664238,642546,,,,641680,663993,543760,673962,608369,S,,called_strike,Called Strike,1,0,1,0,-0.042,0.0,R,Slider,84.1,R,R
716360,2023-10-01,2023,8,Top,53,2,1,0,2,SEA,TEX,665750,663423,,,,620443,664034,668942,553993,676609,X,field_out,hit_into_play,"Leody Taveras grounds out, second baseman Josh Rojas to first baseman Ty France.",1,0,0,1,-0.317,0.025,R,Sinker,93.6,L,R
716360,2023-10-01,2023,8,Top,53,1,0,0,2,SEA,TEX,665750,663423,,,,620443,664034,668942,553993,676609,B,,ball,Ball,1,0,0,1,0.043,0.0,R,Curveball,79.5,L,R
716360,2023-10-01,2023,8,Top,52,6,3,2,1,SEA,TEX,641680,663423,,,,620443,664034,668942,553993,676609,X,field_out,hit_into_play,"Jonah Heim grounds out, second baseman Josh Rojas to first baseman Ty France.",1,0,0,1,-0.328,0.039,R,Sinker,93.0,L,R
716360,2023-10-01,2023,8,Top,52,5,3,1,1,SEA,TEX,641680,663423,,,,620443,664034,668942,553993,676609,S,,called_strike,Called Strike,1,0,0,1,-0.104,0.0,R,Curveball,77.9,L,R
716360,2023-10-01,2023,8,Top,52,4,3,0,1,SEA,TEX,641680,663423,,,,620443,664034,668942,553993,676609,S,,called_strike,Called Strike,1,0,0,1,-0.083,0.0,R,Sweeper,78.3,L,R
716360,2023-10-01,2023,8,Top,52,3,2,0,1,SEA,TEX,641680,663423,,,,620443,664034,668942,553993,676609,B,,ball,Ball,1,0,0,1,0.142,0.0,R,Sweeper,79.1,L,R
716360,2023-10-01,2023,8,Top,52,2,1,0,1,SEA,TEX,641680,663423,,,,620443,664034,668942,553993,676609,B,,ball,Ball,1,0,0,1,0.066,0.0,R,Sweeper,79.3,L,R
716360,2023-10-01,2023,8,Top,52,1,0,0,1,SEA,TEX,641680,663423,,,,620443,664034,668942,553993,676609,B,,ball,Ball,1,0,0,1,0.039,0.0,R,4-Seam Fastball,94.2,L,R
716360,2023-10-01,2023,8,Top,51,5,2,2,0,SEA,TEX,673962,663423,,,,620443,664034,668942,553993,676609,S,strikeout,called_strike,Josh Jung called out on strikes.,1,0,0,1,-0.239,0.054,R,Sinker,94.4,R,R
716360,2023-10-01,2023,8,Top,51,4,1,2,0,SEA,TEX,673962,663423,,,,620443,664034,668942,553993,676609,B,,ball,Ball,1,0,0,1,0.046,0.0,R,4-Seam Fastball,94.3,R,R
716360,2023-10-01,2023,8,Top,51,3,0,2,0,SEA,TEX,673962,663423,,,,620443,664034,668942,553993,676609,B,,ball,Ball,1,0,0,1,0.024,0.0,R,Curveball,79.1,R,R
716360,2023-10-01,2023,8,Top,51,2,0,1,0,SEA,TEX,673962,663423,,,,620443,664034,668942,553993,676609,S,,foul,Foul,1,0,0,1,-0.054,0.0,R,Sweeper,79.5,R,R
716360,2023-10-01,2023,8,Top,51,1,0,0,0,SEA,TEX,673962,663423,,,,620443,664034,668942,553993,676609,S,,called_strike,Called Strike,1,0,0,1,-0.042,0.0,R,Sweeper,79.4,R,R
716360,2023-10-01,2023,7,Bot,50,7,2,2,2,SEA,TEX,668942,527048,,,,641680,663993,543760,673962,608369,X,field_out,hit_into_play,"Josh Rojas grounds out, pitcher Martin Perez to first baseman Nathaniel Lowe.",1,0,1,0,-0.233,-0.009,R,Sinker,92.9,L,L
716360,2023-10-01,2023,7,Bot,50,6,1,2,2,SEA,TEX,668942,527048,,,,641680,663993,543760,673962,608369,B,,ball,Ball,1,0,1,0,0.041,0.0,R,Sinker,92.9,L,L
716360,2023-10-01,2023,7,Bot,50,5,1,2,2,SEA,TEX,668942,527048,,,,641680,663993,543760,673962,608369,S,,foul,Foul,1,0,1,0,0.0,0.0,R,Changeup,84.2,L,L
716360,2023-10-01,2023,7,Bot,50,4,1,2,2,SEA,TEX,668942,527048,,,,641680,663993,543760,673962,608369,S,,foul,Foul,1,0,1,0,0.0,0.0,R,Sinker,92.9,L,L
716360,2023-10-01,2023,7,Bot,50,3,1,1,2,SEA,TEX,668942,527048,,,,641680,663993,543760,673962,608369,S,,called_strike,Called Strike,1,0,1,0,-0.069,0.0,R,Curveball,81.0,L,L
716360,2023-10-01,2023,7,Bot,50,2,0,1,2,SEA,TEX,668942,527048,,,,641680,663993,543760,673962,608369,B,,ball,Ball,1,0,1,0,0.031,0.0,R,Sinker,92.7,L,L
716360,2023-10-01,2023,7,Bot,50,1,0,0,2,SEA,TEX,668942,527048,,,,641680,663993,543760,673962,608369,S,,called_strike,Called Strike,1,0,1,0,-0.045,0.0,R,Sinker,93.1,L,L
716360,2023-10-01,2023,7,Bot,49,3,0,2,1,SEA,TEX,645801,527048,,,,641680,663993,543760,673962,608369,S,strikeout,swinging_strike,Mike Ford strikes out swinging.,1,0,1,0,-0.17,-0.014,R,Sinker,92.4,L,L
716360,2023-10-01,2023,7,Bot,49,2,0,1,1,SEA,TEX,645801,527048,,,,641680,663993,543760,673962,608369,S,,foul,Foul,1,0,1,0,-0.057,0.0,R,Curveball,79.0,L,L
716360,2023-10-01,2023,7,Bot,49,1,0,0,1,SEA,TEX,645801,527048,,,,641680,663993,543760,673962,608369,S,,swinging_strike,Swinging Strike,1,0,1,0,-0.041,0.0,R,Sinker,91.1,L,L
716360,2023-10-01,2023,7,Bot,48,5,2,2,0,SEA,TEX,686527,527048,,,,641680,663993,543760,673962,608369,S,strikeout,called_strike,Dominic Canzone called out on strikes.,1,0,1,0,-0.239,-0.018,R,Sinker,92.2,L,L
716360,2023-10-01,2023,7,Bot,48,4,2,1,0,SEA,TEX,686527,527048,,,,641680,663993,543760,673962,608369,S,,swinging_strike,Swinging Strike,1,0,1,0,-0.074,0.0,R,Changeup,83.6,L,L
716360,2023-10-01,2023,7,Bot,48,3,1,1,0,SEA,TEX,686527,527048,,,,641680,663993,543760,673962,608369,B,,ball,Ball,1,0,1,0,0.059,0.0,R,Sinker,91.8,L,L
716360,2023-10-01,2023,7,Bot,48,2,0,1,0,SEA,TEX,686527,527048,,,,641680,663993,543760,673962,608369,B,,ball,Ball,1,0,1,0,0.031,0.0,R,Curveball,79.6,L,L
716360,2023-10-01,2023,7,Bot,48,1,0,0,0,SEA,TEX,686527,527048,,,,641680,663993,543760,673962,608369,S,,called_strike,Called Strike,1,0,1,0,-0.042,0.0,R,Sinker,91.5,L,L
716360,2023-10-01,2023,7,Top,47,7,3,2,2,SEA,TEX,663993,672860,,,,620443,664034,668942,553993,676609,S,strikeout,swinging_strike_blocked,Nathaniel Lowe strikes out swinging.,1,0,0,1,-0.336,0.02,R,Slider,85.8,L,R
716360,2023-10-01,2023,7,Top,47,6,3,2,2,SEA,TEX,663993,672860,,,,620443,664034,668942,553993,676609,S,,foul,Foul,1,0,0,1,0.0,0.0,R,Slider,84.8,L,R
716360,2023-10-01,2023,7,Top,47,5,2,2,2,SEA,TEX,663993,672860,,,,620443,664034,668942,553993,676609,B,,ball,Ball,1,0,0,1,0.104,0.0,R,Slider,85.2,L,R
716360,2023-10-01,2023,7,Top,47,4,2,1,2,SEA,TEX,663993,672860,,,,620443,664034,668942,553993,676609,S,,swinging_strike,Swinging Strike,1,0,0,1,-0.081,0.0,R,Slider,84.7,L,R
716360,2023-10-01,2023,7,Top,47,3,1,1,2,SEA,TEX,663993,672860,,,,620443,664034,668942,553993,676609,B,,ball,Ball,1,0,0,1,0.053,0.0,R,4-Seam Fastball,96.7,L,R
716360,2023-10-01,2023,7,Top,47,2,0,1,2,SEA,TEX,663993,672860,,,,620443,664034,668942,553993,676609,B,,ball,Ball,1,0,0,1,0.031,0.0,R,4-Seam Fastball,98.5,L,R
716360,2023-10-01,2023,7,Top,47,1,0,0,2,SEA,TEX,663993,672860,,,,620443,664034,668942,553993,676609,S,,called_strike,Called Strike,1,0,0,1,-0.045,0.0,R,Slider,85.9,L,R
716360,2023-10-01,2023,7,Top,46,6,2,2,1,SEA,TEX,666969,672860,,,,620443,664034,668942,553993,676609,S,strikeout,called_strike,Adolis Garcia called out on strikes.,1,0,0,1,-0.234,0.031,R,Slider,85.9,R,R
716360,2023-10-01,2023,7,Top,46,5,2,2,1,SEA,TEX,666969,672860,,,,620443,664034,668942,553993,676609,S,,foul,Foul,1,0,0,1,0.0,0.0,R,Slider,86.2,R,R
716360,2023-10-01,2023,7,Top,46,4,2,1,1,SEA,TEX,666969,672860,,,,620443,664034,668942,553993,676609,S,,swinging_strike,Swinging Strike,1,0,0,1,-0.076,0.0,R,Slider,86.8,R,R
716360,2023-10-01,2023,7,Top,46,3,1,1,1,SEA,TEX,666969,672860,,,,620443,664034,668942,553993,676609,B,,ball,Ball,1,0,0,1,0.054,0.0,R,4-Seam Fastball,97.2,R,R
716360,2023-10-01,2023,7,Top,46,2,1,0,1,SEA,TEX,666969,672860,,,,620443,664034,668942,553993,676609,S,,called_strike,Called Strike,1,0,0,1,-0.05,0.0,R,4-Seam Fastball,96.0,R,R
716360,2023-10-01,2023,7,Top,46,1,0,0,1,SEA,TEX,666969,672860,,,,620443,664034,668942,553993,676609,B,,ball,Ball,1,0,0,1,0.039,0.0,R,4-Seam Fastball,98.2,R,R
716360,2023-10-01,2023,7,Top,45,4,2,1,0,SEA,TEX,641598,672860,,,,620443,664034,668942,553993,676609,X,field_out,hit_into_play,"Mitch Garver grounds out, shortstop Jose Caballero to first baseman Ty France.",1,0,0,1,-0.313,0.043,R,4-Seam Fastball,94.2,R,R
716360,2023-10-01,2023,7,Top,45,3,2,0,0,SEA,TEX,641598,672860,,,,620443,664034,668942,553993,676609,S,,called_strike,Called Strike,1,0,0,1,-0.065,0.0,R,4-Seam Fastball,95.8,R,R
716360,2023-10-01,2023,7,Top,45,2,1,0,0,SEA,TEX,641598,672860,,,,620443,664034,668942,553993,676609,B,,ball,Ball,1,0,0,1,0.071,0.0,R,Slider,86.6,R,R
716360,2023-10-01,2023,7,Top,45,1,0,0,0,SEA,TEX,641598,672860,,,,620443,664034,668942,553993,676609,B,,ball,Ball,1,0,0,1,0.04,0.0,R,Slider,84.1,R,R
716360,2023-10-01,2023,6,Bot,44,2,0,1,2,SEA,TEX,664034,527048,,,,641680,663993,543760,673962,608369,X,field_out,hit_into_play,Ty France flies out to center fielder Leody Taveras.,1,0,1,0,-0.23,-0.01,R,Changeup,85.8,R,L
716360,2023-10-01,2023,6,Bot,44,1,0,0,2,SEA,TEX,664034,527048,,,,641680,663993,543760,673962,608369,S,,called_strike,Called Strike,1,0,1,0,-0.045,0.0,R,4-Seam Fastball,93.0,R,L
716360,2023-10-01,2023,6,Bot,43,5,2,2,1,SEA,TEX,672284,527048,,,,641680,663993,543760,673962,608369,S,strikeout,swinging_strike,Jarred Kelenic strikes out swinging.,1,0,1,0,-0.234,-0.015,R,Sinker,93.6,L,L
716360,2023-10-01,2023,6,Bot,43,4,2,1,1,SEA,TEX,672284,527048,,,,641680,663993,543760,673962,608369,S,,called_strike,Called Strike,1,0,1,0,-0.076,0.0,R,Sinker,93.0,L,L
716360,2023-10-01,2023,6,Bot,43,3,1,1,1,SEA,TEX,672284,527048,,,,641680,663993,543760,673962,608369,B,,ball,Ball,1,0,1,0,0.054,0.0,R,Curveball,79.2,L,L
716360,2023-10-01,2023,6,Bot,43,2,1,0,1,SEA,TEX,672284,527048,,,,641680,663993,543760,673962,608369,S,,called_strike,Called Strike,1,0,1,0,-0.05,0.0,R,Sinker,92.0,L,L
716360,2023-10-01,2023,6,Bot,43,1,0,0,1,SEA,TEX,672284,527048,,,,641680,663993,543760,673962,608369,B,,ball,Ball,1,0,1,0,0.039,0.0,R,Sinker,92.1,L,L
716360,2023-10-01,2023,6,Bot,42,3,1,1,0,SEA,TEX,553993,527048,,,,641680,663993,543760,673962,608369,X,field_out,hit_into_play,Eugenio Suarez flies out to right fielder Adolis Garcia.,1,0,1,0,-0.254,-0.021,R,Sinker,92.7,R,L
716360,2023-10-01,2023,6,Bot,42,2,0,1,0,SEA,TEX,553993,527048,,,,641680,663993,543760,673962,608369,B,,ball,Ball,1,0,1,0,0.031,0.0,R,Changeup,83.8,R,L
716360,2023-10-01,2023,6,Bot,42,1,0,0,0,SEA,TEX,553993,527048,,,,641680,663993,543760,673962,608369,S,,called_strike,Called Strike,1,0,1,0,-0.042,0.0,R,Curveball,78.2,R,L
716360,2023-10-01,2023,6,Top,41,6,2,2,2,SEA,TEX,608369,669923,,,,663728,664034,668942,553993,664238,X,field_out,hit_into_play,"Corey Seager grounds out, second baseman Josh Rojas to first baseman Ty France.",1,0,0,1,-0.233,0.017,R,4-Seam Fastball,97.2,L,R
716360,2023-10-01,2023,6,Top,41,5,2,2,2,SEA,TEX,608369,669923,,,,663728,664034,668942,553993,664238,S,,foul,Foul,1,0,0,1,0.0,0.0,R,Split-Finger,87.3,L,R
716360,2023-10-01,2023,6,Top,41,4,2,1,2,SEA,TEX,608369,669923,,,,663728,664034,668942,553993,664238,S,,swinging_strike,Swinging Strike,1,0,0,1,-0.081,0.0,R,Split-Finger,85.5,L,R
716360,2023-10-01,2023,6,Top,41,3,1,1,2,SEA,TEX,608369,669923,,,,663728,664034,668942,553993,664238,B,,ball,Ball,1,0,0,1,0.053,0.0,R,4-Seam Fastball,96.9,L,R
716360,2023-10-01,2023,6,Top,41,2,1,0,2,SEA,TEX,608369,669923,,,,663728,664034,668942,553993,664238,S,,swinging_strike,Swinging Strike,1,0,0,1,-0.056,0.0,R,Split-Finger,85.3,L,R
716360,2023-10-01,2023,6,Top,41,1,0,0,2,SEA,TEX,608369,669923,,,,663728,664034,668942,553993,664238,B,,ball,Ball,1,0,0,1,0.043,0.0,R,Slider,89.6,L,R
716360,2023-10-01,2023,6,Top,40,9,3,2,1,SEA,TEX,543760,669923,,,,663728,664034,668942,553993,664238,S,strikeout,called_strike,Marcus Semien called out on strikes.,1,0,0,1,-0.328,0.026,R,4-Seam Fastball,96.4,R,R
716360,2023-10-01,2023,6,Top,40,8,2,2,1,SEA,TEX,543760,669923,,,,663728,664034,668942,553993,664238,B,,ball,Ball,1,0,0,1,0.094,0.0,R,Split-Finger,86.0,R,R
716360,2023-10-01,2023,6,Top,40,7,1,2,1,SEA,TEX,543760,669923,,,,663728,664034,668942,553993,664238,B,,ball,Ball,1,0,0,1,0.045,0.0,R,Slider,89.1,R,R
716360,2023-10-01,2023,6,Top,40,6,1,2,1,SEA,TEX,543760,669923,,,,663728,664034,668942,553993,664238,S,,foul,Foul,1,0,0,1,0.0,0.0,R,Slider,89.7,R,R
716360,2023-10-01,2023,6,Top,40,5,1,2,1,SEA,TEX,543760,669923,,,,663728,664034,668942,553993,664238,S,,foul,Foul,1,0,0,1,0.0,0.0,R,Split-Finger,86.5,R,R
716360,2023-10-01,2023,6,Top,40,4,1,2,1,SEA,TEX,543760,669923,,,,663728,664034,668942,553993,664238,S,,foul,Foul,1,0,0,1,0.0,0.0,R,4-Seam Fastball,97.3,R,R
716360,2023-10-01,2023,6,Top,40,3,1,1,1,SEA,TEX,543760,669923,,,,663728,664034,668942,553993,664238,S,,swinging_strike,Swinging Strike,1,0,0,1,-0.068,0.0,R,4-Seam Fastball,96.9,R,R
716360,2023-10-01,2023,6,Top,40,2,0,1,1,SEA,TEX,543760,669923,,,,663728,664034,668942,553993,664238,B,,ball,Ball,1,0,0,1,0.03,0.0,R,Sinker,96.3,R,R
716360,2023-10-01,2023,6,Top,40,1,0,0,1,SEA,TEX,543760,669923,,,,663728,664034,668942,553993,664238,S,,called_strike,Called Strike,1,0,0,1,-0.041,0.0,R,Sinker,97.0,R,R
716360,2023-10-01,2023,6,Top,39,6,3,2,0,SEA,TEX,694497,669923,,,,663728,664034,668942,553993,664238,S,strikeout,swinging_strike,Evan Carter strikes out swinging.,1,0,0,1,-0.353,0.036,R,4-Seam Fastball,95.9,L,R
716360,2023-10-01,2023,6,Top,39,5,3,1,0,SEA,TEX,694497,669923,,,,663728,664034,668942,553993,664238,S,,called_strike,Called Strike,1,0,0,1,-0.088,0.0,R,4-Seam Fastball,95.8,L,R
716360,2023-10-01,2023,6,Top,39,4,3,0,0,SEA,TEX,694497,669923,,,,663728,664034,668942,553993,664238,S,,called_strike,Called Strike,1,0,0,1,-0.086,0.0,R,4-Seam Fastball,94.8,L,R
716360,2023-10-01,2023,6,Top,39,3,2,0,0,SEA,TEX,694497,669923,,,,663728,664034,668942,553993,664238,B,,ball,Ball,1,0,0,1,0.151,0.0,R,4-Seam Fastball,95.3,L,R
716360,2023-10-01,2023,6,Top,39,2,1,0,0,SEA,TEX,694497,669923,,,,663728,664034,668942,553993,664238,B,,ball,Ball,1,0,0,1,0.071,0.0,R,Slider,88.2,L,R
716360,2023-10-01,2023,6,Top,39,1,0,0,0,SEA,TEX,694497,669923,,,,663728,664034,668942,553993,664238,B,,ball,Ball,1,0,0,1,0.04,0.0,R,Knuckleball,77.0,L,R
716360,2023-10-01,2023,5,Bot,38,7,3,2,2,SEA,TEX,663728,527048,,,,641680,663993,543760,673962,608369,S,strikeout,swinging_strike,Cal Raleigh strikes out swinging.,1,0,1,0,-0.336,-0.01,R,Cutter,92.6,R,L
716360,2023-10-01,2023,5,Bot,38,6,3,2,2,SEA,TEX,663728,527048,,,,641680,663993,543760,673962,608369,S,,foul,Foul,1,0,1,0,0.0,0.0,R,Sinker,93.2,R,L
716360,2023-10-01,2023,5,Bot,38,5,3,1,2,SEA,TEX,663728,527048,,,,641680,663993,543760,673962,608369,S,,foul,Foul,1,0,1,0,-0.093,0.0,R,Changeup,83.8,R,L
716360,2023-10-01,2023,5,Bot,38,4,3,0,2,SEA,TEX,663728,527048,,,,641680,663993,543760,673962,608369,S,,called_strike,Called Strike,1,0,1,0,-0.057,0.0,R,Cutter,91.7,R,L
716360,2023-10-01,2023,5,Bot,38,3,2,0,2,SEA,TEX,663728,527048,,,,641680,663993,543760,673962,608369,B,,ball,Ball,1,0,1,0,0.113,0.0,R,Changeup,84.1,R,L
716360,2023-10-01,2023,5,Bot,38,2,1,0,2,SEA,TEX,663728,527048,,,,641680,663993,543760,673962,608369,B,,ball,Ball,1,0,1,0,0.056,0.0,R,Cutter,93.6,R,L
716360,2023-10-01,2023,5,Bot,38,1,0,0,2,SEA,TEX,663728,527048,,,,641680,663993,543760,673962,608369,B,,ball,Ball,1,0,1,0,0.043,0.0,R,Cutter,92.4,R,L
716360,2023-10-01,2023,5,Bot,37,1,0,0,1,SEA,TEX,677594,527048,,,,641680,663993,543760,673962,608369,X,field_out,hit_into_play,"Julio Rodriguez grounds out sharply, second baseman Marcus Semien to first baseman Nathaniel Lowe.",1,0,1,0,-0.267,-0.015,R,Cutter,93.2,R,L
716360,2023-10-01,2023,5,Bot,36,1,0,0,0,SEA,TEX,641487,527048,,,,641680,663993,543760,673962,608369,X,field_out,hit_into_play,J.P. Crawford pops out softly to catcher Jonah Heim in foul territory.,1,0,1,0,-0.265,-0.021,R,Curveball,79.3,L,L
716360,2023-10-01,2023,5,Top,35,3,2,0,1,SEA,TEX,665750,669923,641680,,,663728,664034,668942,553993,641487,X,grounded_into_double_play,hit_into_play,"Leody Taveras grounds into a double play, second baseman Josh Rojas to shortstop J.  P. Crawford to first baseman Ty France.   Jonah Heim out at 2nd.    Leody Taveras out at 1st.",1,0,0,1,-0.423,0.073,R,4-Seam Fastball,95.9,L,R
716360,2023-10-01,2023,5,Top,35,2,1,0,1,SEA,TEX,665750,669923,641680,,,663728,664034,668942,553993,641487,B,,blocked_ball,Ball In Dirt,1,0,0,1,0.054,0.0,R,Slider,87.9,L,R
716360,2023-10-01,2023,5,Top,35,1,0,0,1,SEA,TEX,665750,669923,641680,,,663728,664034,668942,553993,641487,B,,ball,Ball,1,0,0,1,0.036,0.0,R,Split-Finger,85.2,L,R
716360,2023-10-01,2023,5,Top,34,3,0,2,1,SEA,TEX,641680,669923,,,,663728,664034,668942,553993,641487,X,single,hit_into_play,Jonah Heim singles on a sharp ground ball to center fielder Julio Rodriguez.,1,0,0,1,0.514,-0.036,R,4-Seam Fastball,97.3,L,R
716360,2023-10-01,2023,5,Top,34,2,0,1,1,SEA,TEX,641680,669923,,,,663728,664034,668942,553993,641487,S,,foul,Foul,1,0,0,1,-0.057,0.0,R,Slider,88.2,L,R
716360,2023-10-01,2023,5,Top,34,1,0,0,1,SEA,TEX,641680,669923,,,,663728,664034,668942,553993,641487,S,,swinging_strike,Swinging Strike,1,0,0,1,-0.041,0.0,R,Slider,88.8,L,R
716360,2023-10-01,2023,5,Top,33,3,2,0,0,SEA,TEX,673962,669923,,,,663728,664034,668942,553993,641487,X,field_out,hit_into_play,"Josh Jung grounds out sharply, shortstop J.  P. Crawford to first baseman Ty France.",1,0,0,1,-0.377,0.032,R,Slider,87.1,R,R
716360,2023-10-01,2023,5,Top,33,2,1,0,0,SEA,TEX,673962,669923,,,,663728,664034,668942,553993,641487,B,,ball,Ball,1,0,0,1,0.071,0.0,R,Slider,88.0,R,R
716360,2023-10-01,2023,5,Top,33,1,0,0,0,SEA,TEX,673962,669923,,,,663728,664034,668942,553993,641487,B,,ball,Ball,1,0,0,1,0.04,0.0,R,4-Seam Fastball,93.8,R,R
716360,2023-10-01,2023,4,Bot,32,4,1,2,2,SEA,TEX,668942,527048,645801,664034,672284,641680,663993,543760,673962,608369,X,field_out,hit_into_play,Josh Rojas grounds out to first baseman Nathaniel Lowe.,1,0,1,0,-0.175,-0.066,R,Sinker,92.5,L,L
716360,2023-10-01,2023,4,Bot,32,3,1,1,2,SEA,TEX,668942,527048,645801,664034,672284,641680,663993,543760,673962,608369,S,,swinging_strike,Swinging Strike,1,0,1,0,-0.079,0.0,R,Sinker,92.4,L,L
716360,2023-10-01,2023,4,Bot,32,2,0,1,2,SEA,TEX,668942,527048,645801,664034,672284,641680,663993,543760,673962,608369,B,,ball,Ball,1,0,1,0,0.034,0.0,R,Curveball,79.5,L,L
716360,2023-10-01,2023,4,Bot,32,1,0,0,2,SEA,TEX,668942,527048,645801,664034,672284,641680,663993,543760,673962,608369,S,,swinging_strike,Swinging Strike,1,0,1,0,-0.047,0.0,R,Curveball,79.9,L,L
716360,2023-10-01,2023,4,Bot,31,1,0,0,2,SEA,TEX,645801,527048,,664034,672284,641680,663993,543760,673962,608369,B,hit_by_pitch,hit_by_pitch,Mike Ford hit by pitch.,1,0,1,0,0.123,0.012,R,Sinker,92.2,L,L
716360,2023-10-01,2023,4,Bot,30,2,0,1,1,SEA,TEX,686527,527048,664034,672284,553993,641680,663993,543760,673962,608369,X,field_out,hit_into_play,Dominic Canzone grounds out softly to first baseman Nathaniel Lowe.   Eugenio Suarez scores.    Jarred Kelenic to 3rd.    Ty France to 2nd.,0,0,0,0,-0.244,0.024,R,Sinker,92.3,L,L
716360,2023-10-01,2023,4,Bot,30,1,0,0,1,SEA,TEX,686527,527048,664034,672284,553993,641680,663993,543760,673962,608369,S,,called_strike,Called Strike,0,0,0,0,-0.05,0.0,R,Curveball,80.2,L,L
716360,2023-10-01,2023,4,Bot,29,7,3,2,1,SEA,TEX,664034,641540,672284,553993,,641680,663993,543760,673962,608369,B,walk,ball,Ty France walks.   Eugenio Suarez to 3rd.    Jarred Kelenic to 2nd.,0,0,0,0,0.318,0.07,R,Slider,82.4,R,R
716360,2023-10-01,2023,4,Bot,29,6,2,2,1,SEA,TEX,664034,641540,672284,553993,,641680,663993,543760,673962,608369,B,,ball,Ball,0,0,0,0,0.062,0.0,R,Sinker,92.0,R,R
716360,2023-10-01,2023,4,Bot,29,5,1,2,1,SEA,TEX,664034,641540,672284,553993,,641680,663993,543760,673962,608369,B,,blocked_ball,Ball In Dirt,0,0,0,0,0.028,0.0,R,Slider,81.2,R,R
716360,2023-10-01,2023,4,Bot,29,4,0,2,1,SEA,TEX,664034,641540,672284,553993,,641680,663993,543760,673962,608369,B,,ball,Ball,0,0,0,0,0.022,0.0,R,Sinker,92.1,R,R
716360,2023-10-01,2023,4,Bot,29,3,0,2,1,SEA,TEX,664034,641540,672284,553993,,641680,663993,543760,673962,608369,S,,foul,Foul,0,0,0,0,0.0,0.0,R,Slider,80.5,R,R
716360,2023-10-01,2023,4,Bot,29,2,0,1,1,SEA,TEX,664034,641540,672284,553993,,641680,663993,543760,673962,608369,S,,called_strike,Called Strike,0,0,0,0,-0.05,0.0,R,Slider,80.4,R,R
716360,2023-10-01,2023,4,Bot,29,1,0,0,1,SEA,TEX,664034,641540,672284,553993,,641680,663993,543760,673962,608369,S,,called_strike,Called Strike,0,0,0,0,-0.04,0.0,R,Sinker,90.7,R,R
716360,2023-10-01,2023,4,Bot,28,4,1,2,1,SEA,TEX,672284,641540,553993,,,641680,663993,543760,673962,608369,X,single,hit_into_play,Jarred Kelenic singles on a line drive to left fielder Evan Carter.   Eugenio Suarez to 2nd.,0,0,0,0,0.487,0.042,R,Slider,81.4,L,R
716360,2023-10-01,2023,4,Bot,28,3,1,1,1,SEA,TEX,672284,641540,553993,,,641680,663993,543760,673962,608369,S,,foul_tip,Foul Tip,0,0,0,0,-0.055,0.0,R,Slider,79.7,L,R
716360,2023-10-01,2023,4,Bot,28,2,0,1,1,SEA,TEX,672284,641540,553993,,,641680,663993,543760,673962,608369,B,,ball,Ball,0,0,0,0,0.025,0.0,R,Changeup,84.0,L,R
716360,2023-10-01,2023,4,Bot,28,1,0,0,1,SEA,TEX,672284,641540,553993,,,641680,663993,543760,673962,608369,S,,called_strike,Called Strike,0,0,0,0,-0.042,0.0,R,Changeup,85.5,L,R
716360,2023-10-01,2023,4,Bot,27,3,1,1,1,SEA,TEX,553993,641540,,,,641680,663993,543760,673962,608369,X,single,hit_into_play,Eugenio Suarez singles on a ground ball to center fielder Leody Taveras.,0,0,0,0,0.427,0.03,R,Sinker,91.2,R,R
716360,2023-10-01,2023,4,Bot,27,2,0,1,1,SEA,TEX,553993,641540,,,,641680,663993,543760,673962,608369,B,,ball,Ball,0,0,0,0,0.03,0.0,R,Sinker,90.8,R,R
716360,2023-10-01,2023,4,Bot,27,1,0,0,1,SEA,TEX,553993,641540,,,,641680,663993,543760,673962,608369,S,,called_strike,Called Strike,0,0,0,0,-0.041,0.0,R,Slider,80.3,R,R
716360,2023-10-01,2023,4,Bot,26,3,2,0,0,SEA,TEX,663728,641540,,,,641680,663993,543760,673962,608369,X,field_out,hit_into_play,Cal Raleigh flies out to left fielder Evan Carter.,0,0,0,0,-0.377,-0.027,R,Changeup,85.1,L,R
716360,2023-10-01,2023,4,Bot,26,2,1,0,0,SEA,TEX,663728,641540,,,,641680,663993,543760,673962,608369,B,,ball,Ball,0,0,0,0,0.071,0.0,R,Cutter,88.6,L,R
716360,2023-10-01,2023,4,Bot,26,1,0,0,0,SEA,TEX,663728,641540,,,,641680,663993,543760,673962,608369,B,,ball,Ball,0,0,0,0,0.04,0.0,R,Changeup,83.8,L,R
716360,2023-10-01,2023,4,Top,25,2,0,1,2,SEA,TEX,663993,669923,666969,,,663728,664034,668942,553993,641487,X,field_out,hit_into_play,Nathaniel Lowe flies out sharply to center fielder Julio Rodriguez.,0,0,0,0,-0.241,0.028,R,Sinker,96.1,L,R
716360,2023-10-01,2023,4,Top,25,1,0,0,2,SEA,TEX,663993,669923,666969,,,663728,664034,668942,553993,641487,S,,called_strike,Called Strike,0,0,0,0,-0.045,0.0,R,Sinker,97.1,L,R
716360,2023-10-01,2023,4,Top,24,3,1,1,2,SEA,TEX,666969,669923,,,,663728,664034,668942,553993,641487,X,single,hit_into_play,Adolis Garcia singles on a sharp ground ball to center fielder Julio Rodriguez.,0,0,0,0,0.357,-0.015,R,Slider,88.4,R,R
716360,2023-10-01,2023,4,Top,24,2,1,0,2,SEA,TEX,666969,669923,,,,663728,664034,668942,553993,641487,S,,called_strike,Called Strike,0,0,0,0,-0.056,0.0,R,Split-Finger,86.5,R,R
716360,2023-10-01,2023,4,Top,24,1,0,0,2,SEA,TEX,666969,669923,,,,663728,664034,668942,553993,641487,B,,ball,Ball,0,0,0,0,0.043,0.0,R,Split-Finger,86.5,R,R
716360,2023-10-01,2023,4,Top,23,4,1,2,1,SEA,TEX,641598,669923,,,,663728,664034,668942,553993,641487,S,strikeout,swinging_strike,Mitch Garver strikes out swinging.,0,0,0,0,-0.189,0.019,R,4-Seam Fastball,98.2,R,R
716360,2023-10-01,2023,4,Top,23,3,0,2,1,SEA,TEX,641598,669923,,,,663728,664034,668942,553993,641487,B,,ball,Ball,0,0,0,0,0.019,0.0,R,4-Seam Fastball,98.5,R,R
716360,2023-10-01,2023,4,Top,23,2,0,1,1,SEA,TEX,641598,669923,,,,663728,664034,668942,553993,641487,S,,called_strike,Called Strike,0,0,0,0,-0.057,0.0,R,Sinker,97.9,R,R
716360,2023-10-01,2023,4,Top,23,1,0,0,1,SEA,TEX,641598,669923,,,,663728,664034,668942,553993,641487,S,,called_strike,Called Strike,0,0,0,0,-0.041,0.0,R,Sinker,96.3,R,R
716360,2023-10-01,2023,4,Top,22,6,2,2,0,SEA,TEX,608369,669923,,,,663728,664034,668942,553993,641487,S,strikeout,swinging_strike,Corey Seager strikes out swinging.,0,0,0,0,-0.239,0.027,R,Split-Finger,86.0,L,R
716360,2023-10-01,2023,4,Top,22,5,1,2,0,SEA,TEX,608369,669923,,,,663728,664034,668942,553993,641487,B,,ball,Ball,0,0,0,0,0.046,0.0,R,Split-Finger,85.7,L,R
716360,2023-10-01,2023,4,Top,22,4,1,2,0,SEA,TEX,608369,669923,,,,663728,664034,668942,553993,641487,S,,foul,Foul,0,0,0,0,0.0,0.0,R,Sinker,98.3,L,R
716360,2023-10-01,2023,4,Top,22,3,0,2,0,SEA,TEX,608369,669923,,,,663728,664034,668942,553993,641487,B,,ball,Ball,0,0,0,0,0.024,0.0,R,Split-Finger,86.0,L,R
716360,2023-10-01,2023,4,Top,22,2,0,1,0,SEA,TEX,608369,669923,,,,663728,664034,668942,553993,641487,S,,foul,Foul,0,0,0,0,-0.054,0.0,R,4-Seam Fastball,97.5,L,R
716360,2023-10-01,2023,4,Top,22,1,0,0,0,SEA,TEX,608369,669923,,,,663728,664034,668942,553993,641487,S,,swinging_strike,Swinging Strike,0,0,0,0,-0.042,0.0,R,Knuckleball,73.2,L,R
716360,2023-10-01,2023,3,Bot,21,5,3,1,2,SEA,TEX,677594,641540,645801,,,641680,663993,543760,673962,608369,X,force_out,hit_into_play,"Julio Rodriguez grounds into a force out, third baseman Josh Jung to second baseman Marcus Semien.   Mike Ford out at 2nd.",0,0,0,0,-0.399,-0.026,R,Sinker,91.1,R,R
716360,2023-10-01,2023,3,Bot,21,4,2,1,2,SEA,TEX,677594,641540,645801,,,641680,663993,543760,673962,608369,B,,ball,Ball,0,0,0,0,0.097,0.0,R,Slider,80.8,R,R
716360,2023-10-01,2023,3,Bot,21,3,1,1,2,SEA,TEX,677594,641540,645801,,,641680,663993,543760,673962,608369,B,,ball,Ball,0,0,0,0,0.036,0.0,R,Sinker,91.4,R,R
716360,2023-10-01,2023,3,Bot,21,2,0,1,2,SEA,TEX,677594,641540,645801,,,641680,663993,543760,673962,608369,B,,blocked_ball,Ball In Dirt,0,0,0,0,0.025,0.0,R,Slider,81.2,R,R
716360,2023-10-01,2023,3,Bot,21,1,0,0,2,SEA,TEX,677594,641540,645801,,,641680,663993,543760,673962,608369,S,,foul,Foul,0,0,0,0,-0.045,0.0,R,Slider,80.5,R,R
716360,2023-10-01,2023,3,Bot,20,3,1,1,1,SEA,TEX,641487,641540,645801,,,641680,663993,543760,673962,608369,X,field_out,hit_into_play,J.P. Crawford flies out to right fielder Adolis Garcia.,0,0,0,0,-0.24,-0.031,R,Slider,80.8,L,R
716360,2023-10-01,2023,3,Bot,20,2,1,0,1,SEA,TEX,641487,641540,645801,,,641680,663993,543760,673962,608369,S,,called_strike,Called Strike,0,0,0,0,-0.053,0.0,R,Changeup,85.9,L,R
716360,2023-10-01,2023,3,Bot,20,1,0,0,1,SEA,TEX,641487,641540,645801,,,641680,663993,543760,673962,608369,B,,blocked_ball,Ball In Dirt,0,0,0,0,0.036,0.0,R,Knuckle Curve,78.2,L,R
716360,2023-10-01,2023,3,Bot,19,7,3,2,0,SEA,TEX,668942,641540,645801,,,641680,663993,543760,673962,608369,X,field_out,hit_into_play,Josh Rojas pops out to shortstop Corey Seager.,0,0,0,0,-0.303,-0.037,R,Slider,81.2,L,R
716360,2023-10-01,2023,3,Bot,19,6,3,2,0,SEA,TEX,668942,641540,645801,,,641680,663993,543760,673962,608369,S,,foul,Foul,0,0,0,0,0.0,0.0,R,Changeup,85.8,L,R
716360,2023-10-01,2023,3,Bot,19,5,2,2,0,SEA,TEX,668942,641540,645801,,,641680,663993,543760,673962,608369,B,,ball,Ball,0,0,0,0,0.088,0.0,R,Sinker,91.9,L,R
716360,2023-10-01,2023,3,Bot,19,4,1,2,0,SEA,TEX,668942,641540,645801,,,641680,663993,543760,673962,608369,B,,ball,Ball,0,0,0,0,0.045,0.0,R,Changeup,84.4,L,R
716360,2023-10-01,2023,3,Bot,19,3,1,1,0,SEA,TEX,668942,641540,645801,,,641680,663993,543760,673962,608369,S,,foul,Foul,0,0,0,0,-0.059,0.0,R,Cutter,89.7,L,R
716360,2023-10-01,2023,3,Bot,19,2,0,1,0,SEA,TEX,668942,641540,645801,,,641680,663993,543760,673962,608369,B,,ball,Ball,0,0,0,0,0.024,0.0,R,Changeup,86.4,L,R
716360,2023-10-01,2023,3,Bot,19,1,0,0,0,SEA,TEX,668942,641540,645801,,,641680,663993,543760,673962,608369,S,,called_strike,Called Strike,0,0,0,0,-0.036,0.0,R,Slider,80.0,L,R
716360,2023-10-01,2023,3,Bot,18,2,0,1,0,SEA,TEX,645801,641540,,,,641680,663993,543760,673962,608369,X,single,hit_into_play,Mike Ford singles on a fly ball to center fielder Leody Taveras.,0,0,0,0,0.474,0.04,R,Cutter,88.5,L,R
716360,2023-10-01,2023,3,Bot,18,1,0,0,0,SEA,TEX,645801,641540,,,,641680,663993,543760,673962,608369,S,,foul,Foul,0,0,0,0,-0.042,0.0,R,Cutter,88.6,L,R
716360,2023-10-01,2023,3,Top,17,6,3,2,2,SEA,TEX,543760,669923,,694497,,663728,664034,668942,553993,641487,X,field_out,hit_into_play,"Marcus Semien grounds out, shortstop J.  P. Crawford to first baseman Ty France.",0,0,0,0,-0.271,0.037,R,Sinker,95.6,R,R
716360,2023-10-01,2023,3,Top,17,5,2,2,2,SEA,TEX,543760,669923,,694497,,663728,664034,668942,553993,641487,B,,ball,Ball,0,0,0,0,0.051,0.0,R,4-Seam Fastball,97.2,R,R
716360,2023-10-01,2023,3,Top,17,4,2,1,2,SEA,TEX,543760,669923,,694497,,663728,664034,668942,553993,641487,S,,foul,Foul,0,0,0,0,-0.069,0.0,R,Slider,89.5,R,R
716360,2023-10-01,2023,3,Top,17,3,1,1,2,SEA,TEX,543760,669923,,694497,,663728,664034,668942,553993,641487,B,,ball,Ball,0,0,0,0,0.021,0.0,R,4-Seam Fastball,97.1,R,R
716360,2023-10-01,2023,3,Top,17,2,0,1,2,SEA,TEX,543760,669923,,694497,,663728,664034,668942,553993,641487,B,,ball,Ball,0,0,0,0,0.02,0.0,R,4-Seam Fastball,96.7,R,R
716360,2023-10-01,2023,3,Top,17,1,0,0,2,SEA,TEX,543760,669923,,694497,,663728,664034,668942,553993,641487,S,,foul,Foul,0,0,0,0,-0.046,0.0,R,Slider,87.5,R,R
716360,2023-10-01,2023,3,Top,16,1,0,0,2,SEA,TEX,694497,669923,,,,663728,664034,668942,553993,641487,X,double,hit_into_play,Evan Carter doubles (4) on a sharp line drive to right fielder Jarred Kelenic.,0,0,0,0,0.575,-0.026,R,4-Seam Fastball,97.1,L,R
716360,2023-10-01,2023,3,Top,15,3,1,1,1,SEA,TEX,665750,669923,,,,663728,664034,668942,553993,641487,X,field_out,hit_into_play,"Leody Taveras grounds out, pitcher George Kirby to first baseman Ty France.",0,0,0,0,-0.257,0.018,R,Slider,89.8,L,R
716360,2023-10-01,2023,3,Top,15,2,0,1,1,SEA,TEX,665750,669923,,,,663728,664034,668942,553993,641487,B,,ball,Ball,0,0,0,0,0.03,0.0,R,Split-Finger,85.8,L,R
716360,2023-10-01,2023,3,Top,15,1,0,0,1,SEA,TEX,665750,669923,,,,663728,664034,668942,553993,641487,S,,called_strike,Called Strike,0,0,0,0,-0.041,0.0,R,4-Seam Fastball,97.3,L,R
716360,2023-10-01,2023,3,Top,14,4,1,2,0,SEA,TEX,641680,669923,,,,663728,664034,668942,553993,641487,X,field_out,hit_into_play,Jonah Heim pops out to third baseman Eugenio Suarez.,0,0,0,0,-0.193,0.025,R,Split-Finger,85.7,L,R
716360,2023-10-01,2023,3,Top,14,3,0,2,0,SEA,TEX,641680,669923,,,,663728,664034,668942,553993,641487,B,,ball,Ball,0,0,0,0,0.024,0.0,R,Split-Finger,86.3,L,R
716360,2023-10-01,2023,3,Top,14,2,0,1,0,SEA,TEX,641680,669923,,,,663728,664034,668942,553993,641487,S,,foul,Foul,0,0,0,0,-0.054,0.0,R,4-Seam Fastball,96.5,L,R
716360,2023-10-01,2023,3,Top,14,1,0,0,0,SEA,TEX,641680,669923,,,,663728,664034,668942,553993,641487,S,,called_strike,Called Strike,0,0,0,0,-0.042,0.0,R,4-Seam Fastball,95.7,L,R
716360,2023-10-01,2023,2,Bot,13,4,1,2,2,SEA,TEX,686527,641540,664034,,,641680,663993,543760,673962,608369,S,strikeout,swinging_strike_blocked,Dominic Canzone strikes out swinging.,0,0,0,0,-0.206,-0.024,R,Slider,81.2,L,R
716360,2023-10-01,2023,2,Bot,13,3,1,1,2,SEA,TEX,686527,641540,664034,,,641680,663993,543760,673962,608369,S,,foul,Foul,0,0,0,0,-0.06,0.0,R,Changeup,84.3,L,R
716360,2023-10-01,2023,2,Bot,13,2,1,0,2,SEA,TEX,686527,641540,664034,,,641680,663993,543760,673962,608369,S,,foul_tip,Foul Tip,0,0,0,0,-0.05,0.0,R,Changeup,85.1,L,R
716360,2023-10-01,2023,2,Bot,13,1,0,0,2,SEA,TEX,686527,641540,664034,,,641680,663993,543760,673962,608369,B,,ball,Ball,0,0,0,0,0.03,0.0,R,Slider,79.6,L,R
716360,2023-10-01,2023,2,Bot,12,3,0,2,2,SEA,TEX,664034,641540,,,,641680,663993,543760,673962,608369,X,single,hit_into_play,Ty France singles on a sharp line drive to left fielder Evan Carter.,0,0,0,0,0.449,0.013,R,Slider,80.1,R,R
716360,2023-10-01,2023,2,Bot,12,2,0,1,2,SEA,TEX,664034,641540,,,,641680,663993,543760,673962,608369,S,,swinging_strike,Swinging Strike,0,0,0,0,-0.061,0.0,R,Slider,80.7,R,R
716360,2023-10-01,2023,2,Bot,12,1,0,0,2,SEA,TEX,664034,641540,,,,641680,663993,543760,673962,608369,S,,swinging_strike,Swinging Strike,0,0,0,0,-0.045,0.0,R,Slider,78.7,R,R
716360,2023-10-01,2023,2,Bot,11,3,1,1,1,SEA,TEX,672284,641540,,,,641680,663993,543760,673962,608369,X,field_out,hit_into_play,Jarred Kelenic grounds out to first baseman Nathaniel Lowe.,0,0,0,0,-0.257,-0.016,R,Changeup,85.6,L,R
716360,2023-10-01,2023,2,Bot,11,2,1,0,1,SEA,TEX,672284,641540,,,,641680,663993,543760,673962,608369,S,,foul,Foul,0,0,0,0,-0.05,0.0,R,Cutter,89.0,L,R
716360,2023-10-01,2023,2,Bot,11,1,0,0,1,SEA,TEX,672284,641540,,,,641680,663993,543760,673962,608369,B,,ball,Ball,0,0,0,0,0.039,0.0,R,Slider,78.4,L,R
716360,2023-10-01,2023,2,Bot,10,3,0,2,0,SEA,TEX,553993,641540,,,,641680,663993,543760,673962,608369,S,strikeout,swinging_strike,Eugenio Suarez strikes out swinging.,0,0,0,0,-0.169,-0.023,R,Slider,80.7,R,R
716360,2023-10-01,2023,2,Bot,10,2,0,1,0,SEA,TEX,553993,641540,,,,641680,663993,543760,673962,608369,S,,swinging_strike,Swinging Strike,0,0,0,0,-0.054,0.0,R,Slider,80.9,R,R
716360,2023-10-01,2023,2,Bot,10,1,0,0,0,SEA,TEX,553993,641540,,,,641680,663993,543760,673962,608369,S,,called_strike,Called Strike,0,0,0,0,-0.042,0.0,R,Sinker,89.5,R,R
716360,2023-10-01,2023,2,Top,9,4,1,2,2,SEA,TEX,673962,669923,,,,663728,664034,668942,553993,641487,S,strikeout,swinging_strike,Josh Jung strikes out swinging.,0,0,0,0,-0.191,0.01,R,Split-Finger,86.9,R,R
716360,2023-10-01,2023,2,Top,9,3,1,1,2,SEA,TEX,673962,669923,,,,663728,664034,668942,553993,641487,S,,swinging_strike,Swinging Strike,0,0,0,0,-0.069,0.0,R,Slider,89.6,R,R
716360,2023-10-01,2023,2,Top,9,2,1,0,2,SEA,TEX,673962,669923,,,,663728,664034,668942,553993,641487,S,,foul,Foul,0,0,0,0,-0.056,0.0,R,Sinker,97.2,R,R
716360,2023-10-01,2023,2,Top,9,1,0,0,2,SEA,TEX,673962,669923,,,,663728,664034,668942,553993,641487,B,,ball,Ball,0,0,0,0,0.043,0.0,R,Slider,90.5,R,R
716360,2023-10-01,2023,2,Top,8,3,0,2,1,SEA,TEX,663993,669923,,,,663728,664034,668942,553993,641487,S,strikeout,called_strike,Nathaniel Lowe called out on strikes.,0,0,0,0,-0.17,0.017,R,Sinker,98.5,L,R
716360,2023-10-01,2023,2,Top,8,2,0,1,1,SEA,TEX,663993,669923,,,,663728,664034,668942,553993,641487,S,,called_strike,Called Strike,0,0,0,0,-0.057,0.0,R,Slider,89.2,L,R
716360,2023-10-01,2023,2,Top,8,1,0,0,1,SEA,TEX,663993,669923,,,,663728,664034,668942,553993,641487,S,,called_strike,Called Strike,0,0,0,0,-0.041,0.0,R,Split-Finger,85.2,L,R
716360,2023-10-01,2023,2,Top,7,1,0,0,0,SEA,TEX,666969,669923,,,,663728,664034,668942,553993,641487,X,field_out,hit_into_play,Adolis Garcia flies out to right fielder Jarred Kelenic.,0,0,0,0,-0.265,0.023,R,4-Seam Fastball,95.6,R,R
716360,2023-10-01,2023,1,Bot,6,3,0,2,2,SEA,TEX,663728,641540,,,,641680,663993,543760,673962,608369,S,strikeout,swinging_strike_blocked,Cal Raleigh strikes out swinging.,0,0,0,0,-0.169,-0.01,R,Slider,81.7,L,R
716360,2023-10-01,2023,1,Bot,6,2,0,1,2,SEA,TEX,663728,641540,,,,641680,663993,543760,673962,608369,S,,swinging_strike,Swinging Strike,0,0,0,0,-0.061,0.0,R,Cutter,89.4,L,R
716360,2023-10-01,2023,1,Bot,6,1,0,0,2,SEA,TEX,663728,641540,,,,641680,663993,543760,673962,608369,S,,foul,Foul,0,0,0,0,-0.045,0.0,R,Cutter,88.3,L,R
716360,2023-10-01,2023,1,Bot,5,3,0,2,1,SEA,TEX,677594,641540,,,,641680,663993,543760,673962,608369,S,strikeout,swinging_strike_blocked,Julio Rodriguez strikes out swinging.,0,0,0,0,-0.17,-0.016,R,Slider,81.8,R,R
716360,2023-10-01,2023,1,Bot,5,2,0,1,1,SEA,TEX,677594,641540,,,,641680,663993,543760,673962,608369,S,,swinging_strike,Swinging Strike,0,0,0,0,-0.057,0.0,R,Slider,80.8,R,R
716360,2023-10-01,2023,1,Bot,5,1,0,0,1,SEA,TEX,677594,641540,,,,641680,663993,543760,673962,608369,S,,called_strike,Called Strike,0,0,0,0,-0.041,0.0,R,Sinker,89.3,R,R
716360,2023-10-01,2023,1,Bot,4,1,0,0,0,SEA,TEX,641487,641540,,,,641680,663993,543760,673962,608369,X,field_out,hit_into_play,"J.P. Crawford grounds out softly, third baseman Josh Jung to first baseman Nathaniel Lowe.",0,0,0,0,-0.265,-0.021,R,Cutter,87.6,L,R
716360,2023-10-01,2023,1,Top,3,4,1,2,2,SEA,TEX,641598,669923,,,,663728,664034,668942,553993,641487,S,strikeout,swinging_strike,Mitch Garver strikes out swinging.,0,0,0,0,-0.191,0.01,R,Split-Finger,86.1,R,R
716360,2023-10-01,2023,1,Top,3,3,1,1,2,SEA,TEX,641598,669923,,,,663728,664034,668942,553993,641487,S,,foul,Foul,0,0,0,0,-0.069,0.0,R,Slider,89.6,R,R
716360,2023-10-01,2023,1,Top,3,2,0,1,2,SEA,TEX,641598,669923,,,,663728,664034,668942,553993,641487,B,,ball,Ball,0,0,0,0,0.031,0.0,R,Slider,88.2,R,R
716360,2023-10-01,2023,1,Top,3,1,0,0,2,SEA,TEX,641598,669923,,,,663728,664034,668942,553993,641487,S,,foul,Foul,0,0,0,0,-0.045,0.0,R,Knuckle Curve,83.9,R,R
716360,2023-10-01,2023,1,Top,2,3,1,1,1,SEA,TEX,608369,669923,,,,663728,664034,668942,553993,641487,X,field_out,hit_into_play,Corey Seager flies out to left fielder Dominic Canzone.,0,0,0,0,-0.257,0.015,R,Split-Finger,84.9,L,R
716360,2023-10-01,2023,1,Top,2,2,1,0,1,SEA,TEX,608369,669923,,,,663728,664034,668942,553993,641487,S,,foul,Foul,0,0,0,0,-0.05,0.0,R,4-Seam Fastball,97.1,L,R
716360,2023-10-01,2023,1,Top,2,1,0,0,1,SEA,TEX,608369,669923,,,,663728,664034,668942,553993,641487,B,,ball,Ball,0,0,0,0,0.039,0.0,R,Slider,88.4,L,R
716360,2023-10-01,2023,1,Top,1,1,0,0,0,SEA,TEX,543760,669923,,,,663728,664034,668942,553993,641487,X,field_out,hit_into_play,Marcus Semien lines out to left fielder Dominic Canzone.,0,0,0,0,-0.265,0.022,R,4-Seam Fastball,96.9,R,R
716359,2023-10-01,2023,11,Bot,85,1,0,0,1,COL,MIN,663898,656669,,686668,,680777,666397,543877,456781,571657,B,truncated_pa,ball,Brenton Doyle steals (22) 3rd base. Brenton Doyle scores. Wild pitch by pitcher Jordan Luplow.,2,2,2,2,0.474,0.301,R,Eephus,63.5,R,R
716359,2023-10-01,2023,11,Bot,84,2,0,1,0,COL,MIN,453568,656669,,686668,,680777,666397,543877,456781,571657,X,field_out,hit_into_play,Charlie Blackmon flies out to right fielder Trevor Larnach.,2,2,2,2,-0.221,-0.108,R,Eephus,51.4,L,R
716359,2023-10-01,2023,11,Bot,84,1,0,0,0,COL,MIN,453568,656669,,686668,,680777,666397,543877,456781,571657,S,,called_strike,Called Strike,2,2,2,2,-0.046,0.0,R,Other,73.0,L,R
716359,2023-10-01,2023,11,Top,83,5,0,2,2,COL,MIN,656669,668970,456781,543877,666397,553869,660707,663898,641857,678662,S,strikeout,swinging_strike,Jordan Luplow strikes out swinging.,2,2,2,2,-0.158,0.168,R,4-Seam Fastball,97.2,R,R
716359,2023-10-01,2023,11,Top,83,4,0,2,2,COL,MIN,656669,668970,456781,543877,666397,553869,660707,663898,641857,678662,S,,foul,Foul,2,2,2,2,0.0,0.0,R,Sinker,96.9,R,R
716359,2023-10-01,2023,11,Top,83,3,0,2,2,COL,MIN,656669,668970,456781,543877,666397,553869,660707,663898,641857,678662,S,,foul,Foul,2,2,2,2,0.0,0.0,R,Sinker,97.9,R,R
716359,2023-10-01,2023,11,Top,83,2,0,1,2,COL,MIN,656669,668970,456781,543877,666397,553869,660707,663898,641857,678662,S,,swinging_strike,Swinging Strike,2,2,2,2,-0.057,0.0,R,Sinker,95.6,R,R
716359,2023-10-01,2023,11,Top,83,1,0,0,2,COL,MIN,656669,668970,456781,543877,666397,553869,660707,663898,641857,678662,S,,swinging_strike,Swinging Strike,2,2,2,2,-0.047,0.0,R,Sinker,96.5,R,R
716359,2023-10-01,2023,11,Top,82,4,0,2,2,COL,MIN,456781,668970,,543877,666397,553869,660707,663898,641857,678662,B,hit_by_pitch,hit_by_pitch,Donovan Solano hit by pitch.,2,2,2,2,0.234,-0.027,R,Sweeper,82.9,R,R
716359,2023-10-01,2023,11,Top,82,3,0,2,2,COL,MIN,456781,668970,,543877,666397,553869,660707,663898,641857,678662,S,,foul,Foul,2,2,2,2,0.0,0.0,R,Sinker,97.0,R,R
716359,2023-10-01,2023,11,Top,82,2,0,1,2,COL,MIN,456781,668970,,543877,666397,553869,660707,663898,641857,678662,S,,foul,Foul,2,2,2,2,-0.075,0.0,R,Sinker,96.4,R,R
716359,2023-10-01,2023,11,Top,82,1,0,0,2,COL,MIN,456781,668970,,543877,666397,553869,660707,663898,641857,678662,S,,swinging_strike,Swinging Strike,2,2,2,2,-0.037,0.0,R,Sinker,98.1,R,R
716359,2023-10-01,2023,11,Top,81,3,0,2,1,COL,MIN,664057,668970,543877,,666397,553869,660707,663898,641857,678662,X,field_out,hit_into_play,"Andrew Stevenson grounds out, third baseman Ryan McMahon to first baseman Elehuris Montero. Christian Vazquez to 2nd.",2,2,2,2,-0.23,0.176,R,Sinker,95.9,L,R
716359,2023-10-01,2023,11,Top,81,2,0,1,1,COL,MIN,664057,668970,543877,,666397,553869,660707,663898,641857,678662,S,,swinging_strike,Swinging Strike,2,2,2,2,-0.065,0.0,R,Sinker,95.9,L,R
716359,2023-10-01,2023,11,Top,81,1,0,0,1,COL,MIN,664057,668970,543877,,666397,553869,660707,663898,641857,678662,S,,called_strike,Called Strike,2,2,2,2,-0.044,0.0,R,Sinker,98.9,L,R
716359,2023-10-01,2023,11,Top,80,5,3,1,1,COL,MIN,543877,668970,,,666397,553869,660707,663898,641857,678662,B,walk,ball,Christian Vazquez walks.,2,2,2,2,0.124,-0.002,R,Sinker,96.6,R,R
716359,2023-10-01,2023,11,Top,80,4,2,1,1,COL,MIN,543877,668970,,,666397,553869,660707,663898,641857,678662,B,,ball,Ball,2,2,2,2,0.085,0.0,R,Sweeper,84.1,R,R
716359,2023-10-01,2023,11,Top,80,3,1,1,1,COL,MIN,543877,668970,,,666397,553869,660707,663898,641857,678662,B,,ball,Ball,2,2,2,2,0.023,0.0,R,Sinker,96.2,R,R
716359,2023-10-01,2023,11,Top,80,2,1,0,1,COL,MIN,543877,668970,,,666397,553869,660707,663898,641857,678662,S,,foul,Foul,2,2,2,2,-0.069,0.0,R,Sweeper,82.3,R,R
716359,2023-10-01,2023,11,Top,80,1,0,0,1,COL,MIN,543877,668970,,,666397,553869,660707,663898,641857,678662,B,,ball,Ball,2,2,2,2,0.026,0.0,R,Sweeper,81.7,R,R
716359,2023-10-01,2023,11,Top,79,5,2,2,0,COL,MIN,650489,668970,,666397,,553869,660707,663898,641857,678662,X,field_out,hit_into_play,"Willi Castro grounds out, shortstop Ezequiel Tovar to first baseman Elehuris Montero. Edouard Julien to 3rd.",2,2,2,2,-0.158,-0.008,R,Sweeper,81.7,L,R
716359,2023-10-01,2023,11,Top,79,4,1,2,0,COL,MIN,650489,668970,,666397,,553869,660707,663898,641857,678662,B,,ball,Ball,2,2,2,2,0.034,0.0,R,4-Seam Fastball,95.4,L,R
716359,2023-10-01,2023,11,Top,79,3,1,1,0,COL,MIN,650489,668970,,666397,,553869,660707,663898,641857,678662,S,,called_strike,Called Strike,2,2,2,2,-0.066,0.0,R,4-Seam Fastball,93.3,L,R
716359,2023-10-01,2023,11,Top,79,2,1,0,0,COL,MIN,650489,668970,,666397,,553869,660707,663898,641857,678662,S,,called_strike,Called Strike,2,2,2,2,-0.061,0.0,R,Sinker,93.8,L,R
716359,2023-10-01,2023,11,Top,79,1,0,0,0,COL,MIN,650489,668970,,666397,,553869,660707,663898,641857,678662,B,,ball,Ball,2,2,2,2,0.036,0.0,R,Sinker,94.6,L,R
716359,2023-10-01,2023,10,Bot,78,4,0,2,2,COL,MIN,686668,681892,553869,,641857,680777,666397,543877,456781,571657,S,strikeout,swinging_strike_blocked,Brenton Doyle strikes out swinging.,2,2,2,2,-0.198,-0.135,R,Sweeper,82.8,R,L
716359,2023-10-01,2023,10,Bot,78,3,0,2,2,COL,MIN,686668,681892,553869,,641857,680777,666397,543877,456781,571657,S,,foul,Foul,2,2,2,2,0.0,0.0,R,Sweeper,82.4,R,L
716359,2023-10-01,2023,10,Bot,78,2,0,1,2,COL,MIN,686668,681892,553869,,641857,680777,666397,543877,456781,571657,S,,swinging_strike,Swinging Strike,2,2,2,2,-0.054,0.0,R,Sweeper,80.9,R,L
716359,2023-10-01,2023,10,Bot,78,1,0,0,2,COL,MIN,686668,681892,553869,,641857,680777,666397,543877,456781,571657,S,,swinging_strike,Swinging Strike,2,2,2,2,-0.052,0.0,R,Sweeper,81.8,R,L
716359,2023-10-01,2023,10,Bot,77,3,2,0,2,COL,MIN,553869,681892,,641857,,680777,666397,543877,456781,571657,X,single,hit_into_play,Elias Diaz singles on a ground ball to shortstop Kyle Farmer. Ryan McMahon to 3rd.,2,2,2,2,0.625,0.027,R,Cutter,91.0,R,L
716359,2023-10-01,2023,10,Bot,77,2,1,0,2,COL,MIN,553869,681892,,641857,,680777,666397,543877,456781,571657,B,,ball,Ball,2,2,2,2,0.029,0.0,R,Sinker,93.1,R,L
716359,2023-10-01,2023,10,Bot,77,1,0,0,2,COL,MIN,553869,681892,,641857,,680777,666397,543877,456781,571657,B,,ball,Ball,2,2,2,2,0.02,0.0,R,Sinker,93.2,R,L
716359,2023-10-01,2023,10,Bot,76,4,0,2,1,COL,MIN,678662,681892,,641857,,680777,666397,543877,456781,571657,S,strikeout,called_strike,Ezequiel Tovar called out on strikes.,2,2,2,2,-0.19,-0.091,R,Sweeper,81.4,R,L
716359,2023-10-01,2023,10,Bot,76,3,0,2,1,COL,MIN,678662,681892,,641857,,680777,666397,543877,456781,571657,S,,foul,Foul,2,2,2,2,0.0,0.0,R,Cutter,92.5,R,L
716359,2023-10-01,2023,10,Bot,76,2,0,1,1,COL,MIN,678662,681892,,641857,,680777,666397,543877,456781,571657,S,,swinging_strike,Swinging Strike,2,2,2,2,-0.069,0.0,R,Cutter,91.8,R,L
716359,2023-10-01,2023,10,Bot,76,1,0,0,1,COL,MIN,678662,681892,,641857,,680777,666397,543877,456781,571657,S,,called_strike,Called Strike,2,2,2,2,-0.038,0.0,R,Cutter,92.0,R,L
716359,2023-10-01,2023,10,Bot,75,5,2,2,0,COL,MIN,660707,681892,,641857,,680777,666397,543877,456781,571657,S,strikeout,swinging_strike,Elehuris Montero strikes out swinging.,2,2,2,2,-0.264,-0.108,R,Cutter,92.2,R,L
716359,2023-10-01,2023,10,Bot,75,4,1,2,0,COL,MIN,660707,681892,,641857,,680777,666397,543877,456781,571657,B,,ball,Ball,2,2,2,2,0.034,0.0,R,Sweeper,81.1,R,L
716359,2023-10-01,2023,10,Bot,75,3,1,1,0,COL,MIN,660707,681892,,641857,,680777,666397,543877,456781,571657,S,,foul,Foul,2,2,2,2,-0.066,0.0,R,Sinker,92.3,R,L
716359,2023-10-01,2023,10,Bot,75,2,0,1,0,COL,MIN,660707,681892,,641857,,680777,666397,543877,456781,571657,B,,ball,Ball,2,2,2,2,0.02,0.0,R,Cutter,91.8,R,L
716359,2023-10-01,2023,10,Bot,75,1,0,0,0,COL,MIN,660707,681892,,641857,,680777,666397,543877,456781,571657,S,,foul_tip,Foul Tip,2,2,2,2,-0.046,0.0,R,Cutter,90.9,R,L
716359,2023-10-01,2023,10,Top,74,5,2,2,2,COL,MIN,666397,571863,,,571657,553869,660707,663898,641857,678662,X,field_out,hit_into_play,Edouard Julien flies out to center fielder Brenton Doyle.,2,2,2,2,-0.261,0.124,R,4-Seam Fastball,94.0,L,R
716359,2023-10-01,2023,10,Top,74,4,2,1,2,COL,MIN,666397,571863,,,571657,553869,660707,663898,641857,678662,S,,foul,Foul,2,2,2,2,-0.063,0.0,R,Cutter,88.8,L,R
716359,2023-10-01,2023,10,Top,74,3,1,1,2,COL,MIN,666397,571863,,,571657,553869,660707,663898,641857,678662,B,,blocked_ball,Ball In Dirt,2,2,2,2,0.039,0.0,R,Cutter,89.0,L,R
716359,2023-10-01,2023,10,Top,74,2,0,1,2,COL,MIN,666397,571863,,,571657,553869,660707,663898,641857,678662,B,,ball,Ball,2,2,2,2,0.028,0.0,R,4-Seam Fastball,93.7,L,R
716359,2023-10-01,2023,10,Top,74,1,0,0,2,COL,MIN,666397,571863,,,571657,553869,660707,663898,641857,678662,S,,called_strike,Called Strike,2,2,2,2,-0.036,0.0,R,Cutter,88.6,L,R
716359,2023-10-01,2023,10,Top,73,6,2,2,1,COL,MIN,680777,571863,,571657,,553869,660707,663898,641857,678662,X,field_out,hit_into_play,"Ryan Jeffers grounds out, third baseman Ryan McMahon to first baseman Elehuris Montero. Kyle Farmer to 3rd.",2,2,2,2,-0.224,0.068,R,Cutter,89.1,R,R
716359,2023-10-01,2023,10,Top,73,5,2,2,1,COL,MIN,680777,571863,,571657,,553869,660707,663898,641857,678662,S,,foul,Foul,2,2,2,2,0.0,0.0,R,4-Seam Fastball,94.5,R,R
716359,2023-10-01,2023,10,Top,73,4,2,1,1,COL,MIN,680777,571863,,571657,,553869,660707,663898,641857,678662,S,,foul,Foul,2,2,2,2,-0.09,0.0,R,Cutter,89.2,R,R
716359,2023-10-01,2023,10,Top,73,3,1,1,1,COL,MIN,680777,571863,,571657,,553869,660707,663898,641857,678662,B,,ball,Ball,2,2,2,2,0.052,0.0,R,4-Seam Fastball,94.5,R,R
716359,2023-10-01,2023,10,Top,73,2,0,1,1,COL,MIN,680777,571863,,571657,,553869,660707,663898,641857,678662,B,,ball,Ball,2,2,2,2,0.024,0.0,R,Cutter,88.8,R,R
716359,2023-10-01,2023,10,Top,73,1,0,0,1,COL,MIN,680777,571863,,571657,,553869,660707,663898,641857,678662,S,,foul_tip,Foul Tip,2,2,2,2,-0.038,0.0,R,Cutter,89.3,R,R
716359,2023-10-01,2023,10,Top,72,5,2,2,0,COL,MIN,663616,571863,,571657,,553869,660707,663898,641857,678662,S,strikeout,called_strike,Trevor Larnach called out on strikes.,2,2,2,2,-0.264,0.115,R,4-Seam Fastball,91.5,L,R
716359,2023-10-01,2023,10,Top,72,4,2,1,0,COL,MIN,663616,571863,,571657,,553869,660707,663898,641857,678662,S,,swinging_strike,Swinging Strike,2,2,2,2,-0.082,0.0,R,4-Seam Fastball,92.4,L,R
716359,2023-10-01,2023,10,Top,72,3,2,0,0,COL,MIN,663616,571863,,571657,,553869,660707,663898,641857,678662,S,,called_strike,Called Strike,2,2,2,2,-0.063,0.0,R,Cutter,88.0,L,R
716359,2023-10-01,2023,10,Top,72,2,1,0,0,COL,MIN,663616,571863,,571657,,553869,660707,663898,641857,678662,B,,ball,Ball,2,2,2,2,0.052,0.0,R,4-Seam Fastball,91.4,L,R
716359,2023-10-01,2023,10,Top,72,1,0,0,0,COL,MIN,663616,571863,,571657,,553869,660707,663898,641857,678662,B,,ball,Ball,2,2,2,2,0.036,0.0,R,4-Seam Fastball,91.2,L,R
716359,2023-10-01,2023,9,Bot,71,1,0,0,2,COL,MIN,641857,660896,592178,666134,,680777,666397,543877,456781,571657,X,field_out,hit_into_play,"Ryan McMahon grounds out, third baseman Donovan Solano to first baseman Edouard Julien.",2,2,2,2,-0.296,-0.111,R,4-Seam Fastball,95.8,L,R
716359,2023-10-01,2023,9,Bot,70,5,3,1,2,COL,MIN,592178,660896,,666134,,680777,666397,543877,456781,571657,B,walk,ball,Kris Bryant walks.,2,2,2,2,0.075,0.003,R,Sinker,95.9,R,R
716359,2023-10-01,2023,9,Bot,70,4,2,1,2,COL,MIN,592178,660896,666134,,,680777,666397,543877,456781,571657,B,,ball,Ball,2,2,2,2,0.097,0.045,R,Slider,86.4,R,R
716359,2023-10-01,2023,9,Bot,70,3,1,1,2,COL,MIN,592178,660896,666134,,,680777,666397,543877,456781,571657,B,,ball,Ball,2,2,2,2,0.036,0.0,R,Changeup,95.3,R,R
716359,2023-10-01,2023,9,Bot,70,2,1,0,2,COL,MIN,592178,660896,666134,,,680777,666397,543877,456781,571657,S,,foul,Foul,2,2,2,2,-0.05,0.0,R,Slider,89.3,R,R
716359,2023-10-01,2023,9,Bot,70,1,0,0,2,COL,MIN,592178,660896,666134,,,680777,666397,543877,456781,571657,B,,ball,Ball,2,2,2,2,0.03,0.0,R,Slider,90.2,R,R
716359,2023-10-01,2023,9,Bot,69,5,3,1,2,COL,MIN,666134,660896,,,,680777,666397,543877,456781,571657,B,walk,ball,Nolan Jones walks.,2,2,2,2,0.193,0.03,R,4-Seam Fastball,97.3,L,R
716359,2023-10-01,2023,9,Bot,69,4,3,0,2,COL,MIN,666134,660896,,,,680777,666397,543877,456781,571657,S,,called_strike,Called Strike,2,2,2,2,-0.057,0.0,R,4-Seam Fastball,96.5,L,R
716359,2023-10-01,2023,9,Bot,69,3,2,0,2,COL,MIN,666134,660896,,,,680777,666397,543877,456781,571657,B,,ball,Ball,2,2,2,2,0.113,0.0,R,4-Seam Fastball,95.8,L,R
716359,2023-10-01,2023,9,Bot,69,2,1,0,2,COL,MIN,666134,660896,,,,680777,666397,543877,456781,571657,B,,ball,Ball,2,2,2,2,0.056,0.0,R,4-Seam Fastball,95.7,L,R
716359,2023-10-01,2023,9,Bot,69,1,0,0,2,COL,MIN,666134,660896,,,,680777,666397,543877,456781,571657,B,,ball,Ball,2,2,2,2,0.043,0.0,R,4-Seam Fastball,97.3,L,R
716359,2023-10-01,2023,9,Bot,68,3,0,2,1,COL,MIN,663898,660896,,,,680777,666397,543877,456781,571657,S,strikeout,swinging_strike,Brendan Rodgers strikes out swinging.,2,2,2,2,-0.17,-0.044,R,Slider,89.5,R,R
716359,2023-10-01,2023,9,Bot,68,2,0,1,1,COL,MIN,663898,660896,,,,680777,666397,543877,456781,571657,S,,foul,Foul,2,2,2,2,-0.057,0.0,R,Sinker,96.7,R,R
716359,2023-10-01,2023,9,Bot,68,1,0,0,1,COL,MIN,663898,660896,,,,680777,666397,543877,456781,571657,S,,called_strike,Called Strike,2,2,2,2,-0.041,0.0,R,Slider,87.9,R,R
716359,2023-10-01,2023,9,Bot,67,2,0,1,0,COL,MIN,453568,660896,,,,680777,666397,543877,456781,571657,X,field_out,hit_into_play,Charlie Blackmon flies out to left fielder Willi Castro.,2,2,2,2,-0.223,-0.057,R,Changeup,89.2,L,R
716359,2023-10-01,2023,9,Bot,67,1,0,0,0,COL,MIN,453568,660896,,,,680777,666397,543877,456781,571657,S,,called_strike,Called Strike,2,2,2,2,-0.042,0.0,R,4-Seam Fastball,95.3,L,R
716359,2023-10-01,2023,9,Top,66,4,1,2,2,COL,MIN,571657,641755,456781,,,553869,660707,663898,641857,678662,S,strikeout,swinging_strike,Kyle Farmer strikes out swinging.,2,2,2,2,-0.206,0.064,R,Slider,91.5,R,R
716359,2023-10-01,2023,9,Top,66,3,1,1,2,COL,MIN,571657,641755,456781,,,553869,660707,663898,641857,678662,S,,swinging_strike,Swinging Strike,2,2,2,2,-0.06,0.0,R,Slider,91.2,R,R
716359,2023-10-01,2023,9,Top,66,2,0,1,2,COL,MIN,571657,641755,456781,,,553869,660707,663898,641857,678662,B,,ball,Ball,2,2,2,2,0.025,0.0,R,4-Seam Fastball,96.8,R,R
716359,2023-10-01,2023,9,Top,66,1,0,0,2,COL,MIN,571657,641755,456781,,,553869,660707,663898,641857,678662,S,,foul,Foul,2,2,2,2,-0.045,0.0,R,4-Seam Fastball,97.1,R,R
716359,2023-10-01,2023,9,Top,65,4,0,2,1,COL,MIN,656669,641755,456781,,,553869,660707,663898,641857,678662,X,field_out,hit_into_play,Jordan Luplow flies out to center fielder Brenton Doyle.,2,2,2,2,-0.162,0.072,R,Slider,92.4,R,R
716359,2023-10-01,2023,9,Top,65,3,0,2,1,COL,MIN,656669,641755,456781,,,553869,660707,663898,641857,678662,S,,foul,Foul,2,2,2,2,0.0,0.0,R,Slider,91.7,R,R
716359,2023-10-01,2023,9,Top,65,2,0,1,1,COL,MIN,656669,641755,456781,,,553869,660707,663898,641857,678662,S,,called_strike,Called Strike,2,2,2,2,-0.053,0.0,R,Slider,89.5,R,R
716359,2023-10-01,2023,9,Top,65,1,0,0,1,COL,MIN,656669,641755,456781,,,553869,660707,663898,641857,678662,S,,foul,Foul,2,2,2,2,-0.042,0.0,R,4-Seam Fastball,96.8,R,R
716359,2023-10-01,2023,9,Top,64,2,0,1,1,COL,MIN,456781,641755,,,,553869,660707,663898,641857,678662,X,single,hit_into_play,Donovan Solano singles on a fly ball to right fielder Charlie Blackmon.,2,2,2,2,0.457,-0.06,R,4-Seam Fastball,96.9,R,R
716359,2023-10-01,2023,9,Top,64,1,0,0,1,COL,MIN,456781,641755,,,,553869,660707,663898,641857,678662,S,,called_strike,Called Strike,2,2,2,2,-0.041,0.0,R,4-Seam Fastball,96.7,R,R
716359,2023-10-01,2023,9,Top,63,2,0,1,0,COL,MIN,664057,641755,,,,553869,660707,663898,641857,678662,X,field_out,hit_into_play,"Andrew Stevenson grounds out, first baseman Elehuris Montero to pitcher Tyler Kinley.",2,2,2,2,-0.223,0.058,R,4-Seam Fastball,97.3,L,R
716359,2023-10-01,2023,9,Top,63,1,0,0,0,COL,MIN,664057,641755,,,,553869,660707,663898,641857,678662,S,,called_strike,Called Strike,2,2,2,2,-0.042,0.0,R,4-Seam Fastball,96.1,L,R
716359,2023-10-01,2023,8,Bot,62,4,1,2,2,COL,MIN,686668,660896,,,,680777,543877,666397,456781,571657,S,strikeout,swinging_strike,Brenton Doyle strikes out swinging.,2,2,2,2,-0.191,-0.025,R,Slider,91.6,R,R
716359,2023-10-01,2023,8,Bot,62,3,1,1,2,COL,MIN,686668,660896,,,,680777,543877,666397,456781,571657,S,,foul,Foul,2,2,2,2,-0.069,0.0,R,Sinker,96.7,R,R
716359,2023-10-01,2023,8,Bot,62,2,1,0,2,COL,MIN,686668,660896,,,,680777,543877,666397,456781,571657,S,,foul,Foul,2,2,2,2,-0.056,0.0,R,Sinker,96.0,R,R
716359,2023-10-01,2023,8,Bot,62,1,0,0,2,COL,MIN,686668,660896,,,,680777,543877,666397,456781,571657,B,,ball,Ball,2,2,2,2,0.043,0.0,R,4-Seam Fastball,99.1,R,R
716359,2023-10-01,2023,8,Bot,61,6,3,2,2,COL,MIN,656248,660896,,,,680777,543877,666397,456781,571657,X,home_run,hit_into_play,Sean Bouchard homers (4) on a fly ball to left field.,1,2,1,2,2.534,0.336,R,4-Seam Fastball,97.4,R,R
716359,2023-10-01,2023,8,Bot,61,5,3,1,2,COL,MIN,656248,660896,,,,680777,543877,666397,456781,571657,S,,called_strike,Called Strike,1,2,1,2,-0.093,0.0,R,4-Seam Fastball,97.2,R,R
716359,2023-10-01,2023,8,Bot,61,4,2,1,2,COL,MIN,656248,660896,,,,680777,543877,666397,456781,571657,B,,ball,Ball,1,2,1,2,0.116,0.0,R,Slider,88.8,R,R
716359,2023-10-01,2023,8,Bot,61,3,2,0,2,COL,MIN,656248,660896,,,,680777,543877,666397,456781,571657,S,,called_strike,Called Strike,1,2,1,2,-0.06,0.0,R,4-Seam Fastball,97.3,R,R
716359,2023-10-01,2023,8,Bot,61,2,1,0,2,COL,MIN,656248,660896,,,,680777,543877,666397,456781,571657,B,,ball,Ball,1,2,1,2,0.056,0.0,R,Sinker,96.9,R,R
716359,2023-10-01,2023,8,Bot,61,1,0,0,2,COL,MIN,656248,660896,,,,680777,543877,666397,456781,571657,B,,ball,Ball,1,2,1,2,0.043,0.0,R,Slider,89.5,R,R
716359,2023-10-01,2023,8,Bot,60,7,3,2,1,COL,MIN,678662,660896,,,,680777,543877,666397,456781,571657,S,strikeout,swinging_strike,Ezequiel Tovar strikes out swinging.,1,2,1,2,-0.328,-0.046,R,Slider,90.1,R,R
716359,2023-10-01,2023,8,Bot,60,6,3,2,1,COL,MIN,678662,660896,,,,680777,543877,666397,456781,571657,S,,foul,Foul,1,2,1,2,0.0,0.0,R,4-Seam Fastball,97.7,R,R
716359,2023-10-01,2023,8,Bot,60,5,3,1,1,COL,MIN,678662,660896,,,,680777,543877,666397,456781,571657,S,,swinging_strike,Swinging Strike,1,2,1,2,-0.104,0.0,R,4-Seam Fastball,97.3,R,R
716359,2023-10-01,2023,8,Bot,60,4,2,1,1,COL,MIN,678662,660896,,,,680777,543877,666397,456781,571657,B,,ball,Ball,1,2,1,2,0.122,0.0,R,4-Seam Fastball,97.4,R,R
716359,2023-10-01,2023,8,Bot,60,3,1,1,1,COL,MIN,678662,660896,,,,680777,543877,666397,456781,571657,B,,ball,Ball,1,2,1,2,0.054,0.0,R,4-Seam Fastball,98.8,R,R
716359,2023-10-01,2023,8,Bot,60,2,0,1,1,COL,MIN,678662,660896,,,,680777,543877,666397,456781,571657,B,,ball,Ball,1,2,1,2,0.03,0.0,R,Sinker,97.5,R,R
716359,2023-10-01,2023,8,Bot,60,1,0,0,1,COL,MIN,678662,660896,,,,680777,543877,666397,456781,571657,S,,called_strike,Called Strike,1,2,1,2,-0.041,0.0,R,4-Seam Fastball,98.2,R,R
716359,2023-10-01,2023,8,Bot,59,6,3,2,0,COL,MIN,660707,660896,,,,680777,543877,666397,456781,571657,S,strikeout,foul_tip,Elehuris Montero strikes out on a foul tip.,1,2,1,2,-0.353,-0.062,R,4-Seam Fastball,98.5,R,R
716359,2023-10-01,2023,8,Bot,59,5,3,1,0,COL,MIN,660707,660896,,,,680777,543877,666397,456781,571657,S,,swinging_strike,Swinging Strike,1,2,1,2,-0.088,0.0,R,4-Seam Fastball,98.0,R,R
716359,2023-10-01,2023,8,Bot,59,4,2,1,0,COL,MIN,660707,660896,,,,680777,543877,666397,456781,571657,B,,ball,Ball,1,2,1,2,0.129,0.0,R,Slider,89.2,R,R
716359,2023-10-01,2023,8,Bot,59,3,1,1,0,COL,MIN,660707,660896,,,,680777,543877,666397,456781,571657,B,,ball,Ball,1,2,1,2,0.059,0.0,R,4-Seam Fastball,99.3,R,R
716359,2023-10-01,2023,8,Bot,59,2,1,0,0,COL,MIN,660707,660896,,,,680777,543877,666397,456781,571657,S,,foul,Foul,1,2,1,2,-0.052,0.0,R,4-Seam Fastball,97.5,R,R
716359,2023-10-01,2023,8,Bot,59,1,0,0,0,COL,MIN,660707,660896,,,,680777,543877,666397,456781,571657,B,,ball,Ball,1,2,1,2,0.04,0.0,R,Slider,88.0,R,R
716359,2023-10-01,2023,8,Top,58,5,2,2,2,COL,MIN,543877,664875,650489,,,642851,660707,663898,641857,678662,S,strikeout,swinging_strike,Christian Vazquez strikes out swinging.,1,2,2,1,-0.239,0.024,R,Sweeper,84.6,R,R
716359,2023-10-01,2023,8,Top,58,4,1,2,2,COL,MIN,543877,664875,650489,,,642851,660707,663898,641857,678662,B,,ball,Ball,1,2,2,1,0.034,0.0,R,Sweeper,84.3,R,R
716359,2023-10-01,2023,8,Top,58,3,1,1,2,COL,MIN,543877,664875,650489,,,642851,660707,663898,641857,678662,S,,foul,Foul,1,2,2,1,-0.06,0.0,R,Sinker,95.1,R,R
716359,2023-10-01,2023,8,Top,58,2,1,0,2,COL,MIN,543877,664875,650489,,,642851,660707,663898,641857,678662,S,,called_strike,Called Strike,1,2,2,1,-0.05,0.0,R,Sweeper,82.7,R,R
716359,2023-10-01,2023,8,Top,58,1,0,0,2,COL,MIN,543877,664875,650489,,,642851,660707,663898,641857,678662,B,,ball,Ball,1,2,2,1,0.03,0.0,R,Sinker,95.4,R,R
716359,2023-10-01,2023,8,Top,57,6,3,2,2,COL,MIN,650489,664875,,,,642851,660707,663898,641857,678662,B,walk,ball,Willi Castro walks.,1,2,2,1,0.286,-0.012,R,Sinker,94.3,L,R
716359,2023-10-01,2023,8,Top,57,5,2,2,2,COL,MIN,650489,664875,,,,642851,660707,663898,641857,678662,B,,ball,Ball,1,2,2,1,0.104,0.0,R,Sweeper,83.4,L,R
716359,2023-10-01,2023,8,Top,57,4,1,2,2,COL,MIN,650489,664875,,,,642851,660707,663898,641857,678662,B,,ball,Ball,1,2,2,1,0.041,0.0,R,Sinker,96.5,L,R
716359,2023-10-01,2023,8,Top,57,3,1,1,2,COL,MIN,650489,664875,,,,642851,660707,663898,641857,678662,S,,called_strike,Called Strike,1,2,2,1,-0.069,0.0,R,Sweeper,82.5,L,R
716359,2023-10-01,2023,8,Top,57,2,0,1,2,COL,MIN,650489,664875,,,,642851,660707,663898,641857,678662,B,,ball,Ball,1,2,2,1,0.031,0.0,R,Sweeper,83.1,L,R
716359,2023-10-01,2023,8,Top,57,1,0,0,2,COL,MIN,650489,664875,,,,642851,660707,663898,641857,678662,S,,foul,Foul,1,2,2,1,-0.045,0.0,R,Sinker,96.5,L,R
716359,2023-10-01,2023,8,Top,56,4,0,2,1,COL,MIN,666397,664875,,,,642851,660707,663898,641857,678662,S,strikeout,swinging_strike,Edouard Julien strikes out swinging.,1,2,2,1,-0.17,0.016,R,Sinker,96.3,L,R
716359,2023-10-01,2023,8,Top,56,3,0,2,1,COL,MIN,666397,664875,,,,642851,660707,663898,641857,678662,S,,foul,Foul,1,2,2,1,0.0,0.0,R,Sweeper,85.1,L,R
716359,2023-10-01,2023,8,Top,56,2,0,1,1,COL,MIN,666397,664875,,,,642851,660707,663898,641857,678662,S,,called_strike,Called Strike,1,2,2,1,-0.057,0.0,R,Sinker,96.5,L,R
716359,2023-10-01,2023,8,Top,56,1,0,0,1,COL,MIN,666397,664875,,,,642851,660707,663898,641857,678662,S,,called_strike,Called Strike,1,2,2,1,-0.041,0.0,R,Sinker,96.4,L,R
716359,2023-10-01,2023,8,Top,55,2,1,0,0,COL,MIN,680777,664875,,,,642851,660707,663898,641857,678662,X,single,hit_into_play,"Ryan Jeffers singles on a sharp line drive to left fielder Nolan Jones. Ryan Jeffers out at 2nd on the throw, left fielder Nolan Jones to second baseman Brendan Rodgers.",1,2,2,1,0.392,0.022,R,Sinker,94.9,R,R
716359,2023-10-01,2023,8,Top,55,1,0,0,0,COL,MIN,680777,664875,,,,642851,660707,663898,641857,678662,B,,ball,Ball,1,2,2,1,0.04,0.0,R,Sinker,95.3,R,R
716359,2023-10-01,2023,7,Bot,54,5,2,2,2,COL,MIN,641857,592779,,,,680777,543877,666397,456781,571657,S,strikeout,swinging_strike,Ryan McMahon strikes out swinging.,1,2,1,2,-0.233,-0.023,R,4-Seam Fastball,97.9,L,R
716359,2023-10-01,2023,7,Bot,54,4,2,1,2,COL,MIN,641857,592779,,,,680777,543877,666397,456781,571657,S,,called_strike,Called Strike,1,2,1,2,-0.081,0.0,R,4-Seam Fastball,96.4,L,R
716359,2023-10-01,2023,7,Bot,54,3,2,0,2,COL,MIN,641857,592779,,,,680777,543877,666397,456781,571657,S,,called_strike,Called Strike,1,2,1,2,-0.06,0.0,R,4-Seam Fastball,97.3,L,R
716359,2023-10-01,2023,7,Bot,54,2,1,0,2,COL,MIN,641857,592779,,,,680777,543877,666397,456781,571657,B,,ball,Ball,1,2,1,2,0.056,0.0,R,4-Seam Fastball,97.0,L,R
716359,2023-10-01,2023,7,Bot,54,1,0,0,2,COL,MIN,641857,592779,,,,680777,543877,666397,456781,571657,B,,ball,Ball,1,2,1,2,0.043,0.0,R,4-Seam Fastball,97.5,L,R
716359,2023-10-01,2023,7,Bot,53,6,3,2,1,COL,MIN,592178,641927,,,,680777,543877,666397,456781,571657,S,strikeout,swinging_strike,Kris Bryant strikes out swinging.,1,2,1,2,-0.328,-0.035,R,Changeup,83.7,R,R
716359,2023-10-01,2023,7,Bot,53,5,2,2,1,COL,MIN,592178,641927,,,,680777,543877,666397,456781,571657,B,,ball,Ball,1,2,1,2,0.094,0.0,R,Changeup,82.9,R,R
716359,2023-10-01,2023,7,Bot,53,4,2,1,1,COL,MIN,592178,641927,,,,680777,543877,666397,456781,571657,S,,foul,Foul,1,2,1,2,-0.076,0.0,R,4-Seam Fastball,92.1,R,R
716359,2023-10-01,2023,7,Bot,53,3,2,0,1,COL,MIN,592178,641927,,,,680777,543877,666397,456781,571657,S,,swinging_strike,Swinging Strike,1,2,1,2,-0.062,0.0,R,4-Seam Fastball,92.2,R,R
716359,2023-10-01,2023,7,Bot,53,2,1,0,1,COL,MIN,592178,641927,,,,680777,543877,666397,456781,571657,B,,ball,Ball,1,2,1,2,0.066,0.0,R,Changeup,84.1,R,R
716359,2023-10-01,2023,7,Bot,53,1,0,0,1,COL,MIN,592178,641927,,,,680777,543877,666397,456781,571657,B,,ball,Ball,1,2,1,2,0.039,0.0,R,4-Seam Fastball,91.1,R,R
716359,2023-10-01,2023,7,Bot,52,7,3,2,0,COL,MIN,666134,641927,,,,680777,543877,666397,456781,571657,S,strikeout,swinging_strike,Nolan Jones strikes out swinging.,1,2,1,2,-0.353,-0.049,R,4-Seam Fastball,91.6,L,R
716359,2023-10-01,2023,7,Bot,52,6,3,2,0,COL,MIN,666134,641927,,,,680777,543877,666397,456781,571657,S,,foul,Foul,1,2,1,2,0.0,0.0,R,4-Seam Fastball,91.1,L,R
716359,2023-10-01,2023,7,Bot,52,5,2,2,0,COL,MIN,666134,641927,,,,680777,543877,666397,456781,571657,B,,ball,Ball,1,2,1,2,0.115,0.0,R,Sweeper,80.1,L,R
716359,2023-10-01,2023,7,Bot,52,4,1,2,0,COL,MIN,666134,641927,,,,680777,543877,666397,456781,571657,B,,ball,Ball,1,2,1,2,0.046,0.0,R,4-Seam Fastball,91.4,L,R
716359,2023-10-01,2023,7,Bot,52,3,1,1,0,COL,MIN,666134,641927,,,,680777,543877,666397,456781,571657,S,,swinging_strike,Swinging Strike,1,2,1,2,-0.061,0.0,R,4-Seam Fastball,91.4,L,R
716359,2023-10-01,2023,7,Bot,52,2,1,0,0,COL,MIN,666134,641927,,,,680777,543877,666397,456781,571657,S,,called_strike,Called Strike,1,2,1,2,-0.052,0.0,R,4-Seam Fastball,91.1,L,R
716359,2023-10-01,2023,7,Bot,52,1,0,0,0,COL,MIN,666134,641927,,,,680777,543877,666397,456781,571657,B,,ball,Ball,1,2,1,2,0.04,0.0,R,4-Seam Fastball,90.9,L,R
716359,2023-10-01,2023,7,Top,51,7,2,2,2,COL,MIN,663616,656234,571657,456781,,642851,660707,663898,641857,678662,S,strikeout,called_strike,Trevor Larnach called out on strikes.,1,2,2,1,-0.246,0.047,R,Curveball,81.8,L,R
716359,2023-10-01,2023,7,Top,51,6,2,2,2,COL,MIN,663616,656234,571657,456781,,642851,660707,663898,641857,678662,S,,foul,Foul,1,2,2,1,0.0,0.0,R,Sinker,95.1,L,R
716359,2023-10-01,2023,7,Top,51,5,2,2,2,COL,MIN,663616,656234,571657,456781,,642851,660707,663898,641857,678662,S,,foul,Foul,1,2,2,1,0.0,0.0,R,Sinker,96.5,L,R
716359,2023-10-01,2023,7,Top,51,4,1,2,2,COL,MIN,663616,656234,571657,456781,,642851,660707,663898,641857,678662,B,,ball,Ball,1,2,2,1,0.033,0.0,R,Curveball,81.9,L,R
716359,2023-10-01,2023,7,Top,51,3,1,1,2,COL,MIN,663616,656234,571657,456781,,642851,660707,663898,641857,678662,S,,foul_tip,Foul Tip,1,2,2,1,-0.069,0.0,R,Sinker,95.6,L,R
716359,2023-10-01,2023,7,Top,51,2,1,0,2,COL,MIN,663616,656234,571657,456781,,642851,660707,663898,641857,678662,S,,foul,Foul,1,2,2,1,-0.045,0.0,R,Sinker,94.9,L,R
716359,2023-10-01,2023,7,Top,51,1,0,0,2,COL,MIN,663616,656234,571657,456781,,642851,660707,663898,641857,678662,B,,ball,Ball,1,2,2,1,0.03,0.0,R,Curveball,82.5,L,R
716359,2023-10-01,2023,7,Top,50,5,3,1,2,COL,MIN,571657,656234,456781,,,642851,660707,663898,641857,678662,B,walk,ball,Kyle Farmer walks. Donovan Solano to 2nd.,1,2,2,1,0.164,-0.021,R,Sinker,97.3,R,R
716359,2023-10-01,2023,7,Top,50,4,2,1,2,COL,MIN,571657,656234,456781,,,642851,660707,663898,641857,678662,B,,ball,Ball,1,2,2,1,0.097,0.0,R,Curveball,81.6,R,R
716359,2023-10-01,2023,7,Top,50,3,1,1,2,COL,MIN,571657,656234,456781,,,642851,660707,663898,641857,678662,B,,ball,Ball,1,2,2,1,0.036,0.0,R,Sinker,96.3,R,R
716359,2023-10-01,2023,7,Top,50,2,0,1,2,COL,MIN,571657,656234,456781,,,642851,660707,663898,641857,678662,B,,ball,Ball,1,2,2,1,0.025,0.0,R,Sinker,95.1,R,R
716359,2023-10-01,2023,7,Top,50,1,0,0,2,COL,MIN,571657,656234,456781,,,642851,660707,663898,641857,678662,S,,called_strike,Called Strike,1,2,2,1,-0.045,0.0,R,Slider,85.9,R,R
716359,2023-10-01,2023,7,Top,49,5,0,2,1,COL,MIN,656669,656234,456781,,,642851,660707,663898,641857,678662,S,strikeout,called_strike,Jordan Luplow called out on strikes.,1,2,2,1,-0.16,0.03,R,Sinker,95.9,R,R
716359,2023-10-01,2023,7,Top,49,4,0,2,1,COL,MIN,656669,656234,456781,,,642851,660707,663898,641857,678662,S,,foul,Foul,1,2,2,1,0.0,0.0,R,Curveball,80.6,R,R
716359,2023-10-01,2023,7,Top,49,3,0,2,1,COL,MIN,656669,656234,456781,,,642851,660707,663898,641857,678662,S,,foul,Foul,1,2,2,1,0.0,0.0,R,Curveball,79.7,R,R
716359,2023-10-01,2023,7,Top,49,2,0,1,1,COL,MIN,656669,656234,456781,,,642851,660707,663898,641857,678662,S,,called_strike,Called Strike,1,2,2,1,-0.053,0.0,R,Sinker,94.7,R,R
716359,2023-10-01,2023,7,Top,49,1,0,0,1,COL,MIN,656669,656234,456781,,,642851,660707,663898,641857,678662,S,,called_strike,Called Strike,1,2,2,1,-0.042,0.0,R,Slider,86.1,R,R
716359,2023-10-01,2023,7,Top,48,2,1,0,1,COL,MIN,456781,656234,,,,642851,660707,663898,641857,678662,X,single,hit_into_play,Donovan Solano singles on a line drive to right fielder Charlie Blackmon.,1,2,2,1,0.377,-0.026,R,Sinker,95.5,R,R
716359,2023-10-01,2023,7,Top,48,1,0,0,1,COL,MIN,456781,656234,,,,642851,660707,663898,641857,678662,B,,ball,Ball,1,2,2,1,0.039,0.0,R,Slider,85.9,R,R
716359,2023-10-01,2023,7,Top,47,3,1,1,0,COL,MIN,664057,656234,,,,642851,660707,663898,641857,678662,X,field_out,hit_into_play,Andrew Stevenson grounds out to first baseman Elehuris Montero.,1,2,2,1,-0.254,0.024,R,Sinker,94.7,L,R
716359,2023-10-01,2023,7,Top,47,2,0,1,0,COL,MIN,664057,656234,,,,642851,660707,663898,641857,678662,B,,ball,Ball,1,2,2,1,0.031,0.0,R,Curveball,80.8,L,R
716359,2023-10-01,2023,7,Top,47,1,0,0,0,COL,MIN,664057,656234,,,,642851,660707,663898,641857,678662,S,,called_strike,Called Strike,1,2,2,1,-0.042,0.0,R,Sinker,95.3,L,R
716359,2023-10-01,2023,6,Bot,46,3,1,1,2,COL,MIN,663898,641927,,,686668,680777,543877,666397,456781,571657,X,field_out,hit_into_play,Brendan Rodgers flies out to center fielder Andrew Stevenson.,1,2,1,2,-0.286,-0.068,R,Changeup,83.9,R,R
716359,2023-10-01,2023,6,Bot,46,2,1,0,2,COL,MIN,663898,641927,,,686668,680777,543877,666397,456781,571657,S,,swinging_strike,Swinging Strike,1,2,1,2,-0.035,0.0,R,4-Seam Fastball,91.2,R,R
716359,2023-10-01,2023,6,Bot,46,1,0,0,2,COL,MIN,663898,641927,,,686668,680777,543877,666397,456781,571657,B,,ball,Ball,1,2,1,2,0.028,0.0,R,Curveball,74.6,R,R
716359,2023-10-01,2023,6,Bot,45,1,0,0,1,COL,MIN,453568,641927,,686668,,680777,543877,666397,456781,571657,X,field_out,hit_into_play,"Charlie Blackmon grounds out, second baseman Edouard Julien to first baseman Christian Vazquez. Brenton Doyle to 3rd.",1,2,1,2,-0.276,-0.054,R,4-Seam Fastball,91.0,L,R
716359,2023-10-01,2023,6,Bot,44,1,0,0,1,COL,MIN,686668,641927,,,,680777,543877,666397,456781,571657,X,single,hit_into_play,"Brenton Doyle singles on a soft bunt ground ball to third baseman Donovan Solano. Brenton Doyle to 2nd. Brenton Doyle advances to 2nd, on a throwing error by third baseman Donovan Solano.",1,2,1,2,0.118,0.075,R,Changeup,83.1,R,R
716359,2023-10-01,2023,6,Bot,43,9,3,2,0,COL,MIN,642851,641927,,,,680777,543877,666397,456781,571657,X,field_out,hit_into_play,"Austin Wynns grounds out, second baseman Edouard Julien to first baseman Christian Vazquez.",1,2,1,2,-0.353,-0.04,R,4-Seam Fastball,91.8,R,R
716359,2023-10-01,2023,6,Bot,43,8,3,2,0,COL,MIN,642851,641927,,,,680777,543877,666397,456781,571657,S,,foul,Foul,1,2,1,2,0.0,0.0,R,Changeup,83.1,R,R
716359,2023-10-01,2023,6,Bot,43,7,2,2,0,COL,MIN,642851,641927,,,,680777,543877,666397,456781,571657,B,,ball,Ball,1,2,1,2,0.115,0.0,R,Changeup,82.9,R,R
716359,2023-10-01,2023,6,Bot,43,6,2,2,0,COL,MIN,642851,641927,,,,680777,543877,666397,456781,571657,S,,foul,Foul,1,2,1,2,0.0,0.0,R,4-Seam Fastball,92.6,R,R
716359,2023-10-01,2023,6,Bot,43,5,1,2,0,COL,MIN,642851,641927,,,,680777,543877,666397,456781,571657,B,,ball,Ball,1,2,1,2,0.046,0.0,R,Changeup,84.2,R,R
716359,2023-10-01,2023,6,Bot,43,4,0,2,0,COL,MIN,642851,641927,,,,680777,543877,666397,456781,571657,B,,ball,Ball,1,2,1,2,0.024,0.0,R,Sweeper,79.1,R,R
716359,2023-10-01,2023,6,Bot,43,3,0,2,0,COL,MIN,642851,641927,,,,680777,543877,666397,456781,571657,S,,foul,Foul,1,2,1,2,0.0,0.0,R,Sweeper,79.5,R,R
716359,2023-10-01,2023,6,Bot,43,2,0,1,0,COL,MIN,642851,641927,,,,680777,543877,666397,456781,571657,S,,swinging_strike,Swinging Strike,1,2,1,2,-0.054,0.0,R,4-Seam Fastball,91.3,R,R
716359,2023-10-01,2023,6,Bot,43,1,0,0,0,COL,MIN,642851,641927,,,,680777,543877,666397,456781,571657,S,,called_strike,Called Strike,1,2,1,2,-0.042,0.0,R,4-Seam Fastball,90.9,R,R
716359,2023-10-01,2023,6,Top,42,2,1,0,2,COL,MIN,666135,683232,650489,666397,,642851,660707,663898,641857,678662,X,field_out,hit_into_play,"Alex Kirilloff grounds out, second baseman Brendan Rodgers to first baseman Elehuris Montero.",1,2,2,1,-0.326,0.047,R,4-Seam Fastball,97.1,L,R
716359,2023-10-01,2023,6,Top,42,1,0,0,2,COL,MIN,666135,683232,650489,666397,,642851,660707,663898,641857,678662,B,,ball,Ball,1,2,2,1,0.03,0.0,R,4-Seam Fastball,96.5,L,R
716359,2023-10-01,2023,6,Top,41,4,3,0,2,COL,MIN,650489,683232,666397,,,642851,660707,663898,641857,678662,B,walk,ball,Willi Castro walks. Edouard Julien to 2nd.,1,2,2,1,0.106,-0.021,R,4-Seam Fastball,95.6,L,R
716359,2023-10-01,2023,6,Top,41,3,2,0,2,COL,MIN,650489,683232,666397,,,642851,660707,663898,641857,678662,B,,ball,Ball,1,2,2,1,0.104,0.0,R,4-Seam Fastball,96.2,L,R
716359,2023-10-01,2023,6,Top,41,2,1,0,2,COL,MIN,650489,683232,666397,,,642851,660707,663898,641857,678662,B,,ball,Ball,1,2,2,1,0.037,0.0,R,Curveball,79.3,L,R
716359,2023-10-01,2023,6,Top,41,1,0,0,2,COL,MIN,650489,683232,666397,,,642851,660707,663898,641857,678662,B,,ball,Ball,1,2,2,1,0.03,0.0,R,Curveball,80.6,L,R
716359,2023-10-01,2023,6,Top,40,5,3,1,2,COL,MIN,666397,683232,,,,642851,660707,663898,641857,678662,B,walk,ball,Edouard Julien walks.,1,2,2,1,0.193,-0.014,R,4-Seam Fastball,95.8,L,R
716359,2023-10-01,2023,6,Top,40,4,2,1,2,COL,MIN,666397,683232,,,,642851,660707,663898,641857,678662,B,,ball,Ball,1,2,2,1,0.116,0.0,R,4-Seam Fastball,94.1,L,R
716359,2023-10-01,2023,6,Top,40,3,2,0,2,COL,MIN,666397,683232,,,,642851,660707,663898,641857,678662,S,,called_strike,Called Strike,1,2,2,1,-0.06,0.0,R,Curveball,81.3,L,R
716359,2023-10-01,2023,6,Top,40,2,1,0,2,COL,MIN,666397,683232,,,,642851,660707,663898,641857,678662,B,,ball,Ball,1,2,2,1,0.056,0.0,R,4-Seam Fastball,94.6,L,R
716359,2023-10-01,2023,6,Top,40,1,0,0,2,COL,MIN,666397,683232,,,,642851,660707,663898,641857,678662,B,,ball,Ball,1,2,2,1,0.043,0.0,R,Curveball,81.3,L,R
716359,2023-10-01,2023,6,Top,39,4,1,2,1,COL,MIN,680777,683232,,,,642851,660707,663898,641857,678662,S,strikeout,called_strike,Ryan Jeffers called out on strikes.,1,2,2,1,-0.189,0.018,R,Curveball,80.6,R,R
716359,2023-10-01,2023,6,Top,39,3,1,1,1,COL,MIN,680777,683232,,,,642851,660707,663898,641857,678662,S,,foul,Foul,1,2,2,1,-0.068,0.0,R,4-Seam Fastball,95.2,R,R
716359,2023-10-01,2023,6,Top,39,2,0,1,1,COL,MIN,680777,683232,,,,642851,660707,663898,641857,678662,B,,ball,Ball,1,2,2,1,0.03,0.0,R,4-Seam Fastball,96.5,R,R
716359,2023-10-01,2023,6,Top,39,1,0,0,1,COL,MIN,680777,683232,,,,642851,660707,663898,641857,678662,S,,called_strike,Called Strike,1,2,2,1,-0.041,0.0,R,4-Seam Fastball,95.6,R,R
716359,2023-10-01,2023,6,Top,38,6,2,2,0,COL,MIN,663616,683232,,,,642851,660707,663898,641857,678662,S,strikeout,swinging_strike_blocked,Trevor Larnach strikes out swinging.,1,2,2,1,-0.239,0.024,R,Curveball,80.4,L,R
716359,2023-10-01,2023,6,Top,38,5,1,2,0,COL,MIN,663616,683232,,,,642851,660707,663898,641857,678662,B,,ball,Ball,1,2,2,1,0.046,0.0,R,Curveball,81.6,L,R
716359,2023-10-01,2023,6,Top,38,4,0,2,0,COL,MIN,663616,683232,,,,642851,660707,663898,641857,678662,B,,ball,Ball,1,2,2,1,0.024,0.0,R,Curveball,82.1,L,R
716359,2023-10-01,2023,6,Top,38,3,0,2,0,COL,MIN,663616,683232,,,,642851,660707,663898,641857,678662,S,,foul,Foul,1,2,2,1,0.0,0.0,R,4-Seam Fastball,97.2,L,R
716359,2023-10-01,2023,6,Top,38,2,0,1,0,COL,MIN,663616,683232,,,,642851,660707,663898,641857,678662,S,,foul,Foul,1,2,2,1,-0.054,0.0,R,4-Seam Fastball,96.1,L,R
716359,2023-10-01,2023,6,Top,38,1,0,0,0,COL,MIN,663616,683232,,,,642851,660707,663898,641857,678662,S,,called_strike,Called Strike,1,2,2,1,-0.042,0.0,R,Curveball,82.0,L,R
716359,2023-10-01,2023,5,Bot,37,2,0,1,2,COL,MIN,678662,641927,,,,680777,666135,666397,456781,571657,X,field_out,hit_into_play,"Ezequiel Tovar grounds out, third baseman Donovan Solano to first baseman Alex Kirilloff.",1,2,1,2,-0.23,-0.016,R,Changeup,85.0,R,R
716359,2023-10-01,2023,5,Bot,37,1,0,0,2,COL,MIN,678662,641927,,,,680777,666135,666397,456781,571657,S,,called_strike,Called Strike,1,2,1,2,-0.045,0.0,R,Changeup,83.9,R,R
716359,2023-10-01,2023,5,Bot,36,4,0,2,1,COL,MIN,660707,641927,,,,680777,666135,666397,456781,571657,S,strikeout,swinging_strike,Elehuris Montero strikes out swinging.,1,2,1,2,-0.17,-0.024,R,Changeup,83.8,R,R
716359,2023-10-01,2023,5,Bot,36,3,0,2,1,COL,MIN,660707,641927,,,,680777,666135,666397,456781,571657,S,,foul,Foul,1,2,1,2,0.0,0.0,R,Sweeper,79.9,R,R
716359,2023-10-01,2023,5,Bot,36,2,0,1,1,COL,MIN,660707,641927,,,,680777,666135,666397,456781,571657,S,,swinging_strike,Swinging Strike,1,2,1,2,-0.057,0.0,R,Changeup,84.5,R,R
716359,2023-10-01,2023,5,Bot,36,1,0,0,1,COL,MIN,660707,641927,,,,680777,666135,666397,456781,571657,S,,foul_tip,Foul Tip,1,2,1,2,-0.041,0.0,R,4-Seam Fastball,92.2,R,R
716359,2023-10-01,2023,5,Bot,35,4,1,2,0,COL,MIN,641857,641927,,,,680777,666135,666397,456781,571657,S,strikeout,swinging_strike,Ryan McMahon strikes out swinging.,1,2,1,2,-0.193,-0.034,R,Sweeper,79.8,L,R
716359,2023-10-01,2023,5,Bot,35,3,0,2,0,COL,MIN,641857,641927,,,,680777,666135,666397,456781,571657,B,,ball,Ball,1,2,1,2,0.024,0.0,R,Changeup,84.9,L,R
716359,2023-10-01,2023,5,Bot,35,2,0,1,0,COL,MIN,641857,641927,,,,680777,666135,666397,456781,571657,S,,foul,Foul,1,2,1,2,-0.054,0.0,R,Changeup,84.3,L,R
716359,2023-10-01,2023,5,Bot,35,1,0,0,0,COL,MIN,641857,641927,,,,680777,666135,666397,456781,571657,S,,foul,Foul,1,2,1,2,-0.042,0.0,R,4-Seam Fastball,91.1,L,R
716359,2023-10-01,2023,5,Top,34,5,2,2,2,COL,MIN,571657,657756,,,,642851,660707,663898,641857,678662,X,field_out,hit_into_play,"Kyle Farmer grounds out softly, pitcher Connor Seabold to first baseman Elehuris Montero.",1,2,2,1,-0.233,0.011,R,Changeup,79.2,R,R
716359,2023-10-01,2023,5,Top,34,4,1,2,1,COL,MIN,571657,657756,656669,,,642851,660707,663898,641857,678662,B,,blocked_ball,Ball In Dirt,1,2,2,1,0.047,0.043,R,Changeup,79.0,R,R
716359,2023-10-01,2023,5,Top,34,3,1,1,1,COL,MIN,571657,657756,656669,,,642851,660707,663898,641857,678662,S,,foul,Foul,1,2,2,1,-0.055,0.0,R,Sinker,90.0,R,R
716359,2023-10-01,2023,5,Top,34,2,1,0,1,COL,MIN,571657,657756,656669,,,642851,660707,663898,641857,678662,S,,called_strike,Called Strike,1,2,2,1,-0.053,0.0,R,Slider,83.7,R,R
716359,2023-10-01,2023,5,Top,34,1,0,0,1,COL,MIN,571657,657756,656669,,,642851,660707,663898,641857,678662,B,,ball,Ball,1,2,2,1,0.036,0.0,R,Sinker,89.9,R,R
716359,2023-10-01,2023,5,Top,33,6,3,2,1,COL,MIN,656669,657756,,,,642851,660707,663898,641857,678662,B,walk,ball,Jordan Luplow walks.,1,2,2,1,0.36,-0.026,R,Slider,85.0,R,R
716359,2023-10-01,2023,5,Top,33,5,2,2,1,COL,MIN,656669,657756,,,,642851,660707,663898,641857,678662,B,,ball,Ball,1,2,2,1,0.094,0.0,R,Changeup,78.3,R,R
716359,2023-10-01,2023,5,Top,33,4,2,1,1,COL,MIN,656669,657756,,,,642851,660707,663898,641857,678662,S,,foul,Foul,1,2,2,1,-0.076,0.0,R,4-Seam Fastball,93.6,R,R
716359,2023-10-01,2023,5,Top,33,3,2,0,1,COL,MIN,656669,657756,,,,642851,660707,663898,641857,678662,S,,swinging_strike,Swinging Strike,1,2,2,1,-0.062,0.0,R,4-Seam Fastball,92.2,R,R
716359,2023-10-01,2023,5,Top,33,2,1,0,1,COL,MIN,656669,657756,,,,642851,660707,663898,641857,678662,B,,ball,Ball,1,2,2,1,0.066,0.0,R,Sinker,91.1,R,R
716359,2023-10-01,2023,5,Top,33,1,0,0,1,COL,MIN,656669,657756,,,,642851,660707,663898,641857,678662,B,,ball,Ball,1,2,2,1,0.039,0.0,R,4-Seam Fastball,92.9,R,R
716359,2023-10-01,2023,5,Top,32,3,0,2,0,COL,MIN,456781,657756,,,,642851,660707,663898,641857,678662,X,field_out,hit_into_play,"Donovan Solano grounds out, second baseman Brendan Rodgers to first baseman Elehuris Montero.",1,2,2,1,-0.169,0.023,R,4-Seam Fastball,93.6,R,R
716359,2023-10-01,2023,5,Top,32,2,0,1,0,COL,MIN,456781,657756,,,,642851,660707,663898,641857,678662,S,,swinging_strike,Swinging Strike,1,2,2,1,-0.054,0.0,R,Changeup,80.6,R,R
716359,2023-10-01,2023,5,Top,32,1,0,0,0,COL,MIN,456781,657756,,,,642851,660707,663898,641857,678662,S,,foul,Foul,1,2,2,1,-0.042,0.0,R,4-Seam Fastball,92.6,R,R
716359,2023-10-01,2023,4,Bot,31,2,1,0,2,COL,MIN,592178,641927,,,,680777,666135,666397,456781,571657,X,field_out,hit_into_play,Kris Bryant flies out to right fielder Matt Wallner.,1,2,1,2,-0.317,-0.013,R,Changeup,83.9,R,R
716359,2023-10-01,2023,4,Bot,31,1,0,0,2,COL,MIN,592178,641927,,,,680777,666135,666397,456781,571657,B,,ball,Ball,1,2,1,2,0.043,0.0,R,Curveball,75.5,R,R
716359,2023-10-01,2023,4,Bot,30,6,1,2,2,COL,MIN,666134,641927,,,,680777,666135,666397,456781,571657,X,home_run,hit_into_play,Nolan Jones homers (20) on a fly ball to center field.,0,2,0,2,2.679,0.117,R,Changeup,85.2,L,R
716359,2023-10-01,2023,4,Bot,30,5,1,2,2,COL,MIN,666134,641927,,,,680777,666135,666397,456781,571657,S,,foul,Foul,0,2,0,2,0.0,0.0,R,4-Seam Fastball,92.8,L,R
716359,2023-10-01,2023,4,Bot,30,4,1,2,2,COL,MIN,666134,641927,,,,680777,666135,666397,456781,571657,S,,foul,Foul,0,2,0,2,0.0,0.0,R,4-Seam Fastball,92.3,L,R
716359,2023-10-01,2023,4,Bot,30,3,1,1,2,COL,MIN,666134,641927,,,,680777,666135,666397,456781,571657,S,,swinging_strike,Swinging Strike,0,2,0,2,-0.069,0.0,R,4-Seam Fastball,92.3,L,R
716359,2023-10-01,2023,4,Bot,30,2,0,1,2,COL,MIN,666134,641927,,,,680777,666135,666397,456781,571657,B,,ball,Ball,0,2,0,2,0.031,0.0,R,4-Seam Fastball,91.8,L,R
716359,2023-10-01,2023,4,Bot,30,1,0,0,2,COL,MIN,666134,641927,,,,680777,666135,666397,456781,571657,S,,called_strike,Called Strike,0,2,0,2,-0.045,0.0,R,Curveball,75.4,L,R
716359,2023-10-01,2023,4,Bot,29,9,3,2,1,COL,MIN,663898,641927,,,,680777,666135,666397,456781,571657,S,strikeout,swinging_strike,Brendan Rodgers strikes out swinging.,0,2,0,2,-0.328,-0.019,R,4-Seam Fastball,91.7,R,R
716359,2023-10-01,2023,4,Bot,29,8,3,2,1,COL,MIN,663898,641927,,,,680777,666135,666397,456781,571657,S,,foul,Foul,0,2,0,2,0.0,0.0,R,4-Seam Fastball,92.2,R,R
716359,2023-10-01,2023,4,Bot,29,7,3,2,1,COL,MIN,663898,641927,,,,680777,666135,666397,456781,571657,S,,foul,Foul,0,2,0,2,0.0,0.0,R,4-Seam Fastball,92.1,R,R
716359,2023-10-01,2023,4,Bot,29,6,3,2,1,COL,MIN,663898,641927,,,,680777,666135,666397,456781,571657,S,,foul,Foul,0,2,0,2,0.0,0.0,R,Changeup,84.6,R,R
716359,2023-10-01,2023,4,Bot,29,5,2,2,1,COL,MIN,663898,641927,,,,680777,666135,666397,456781,571657,B,,ball,Ball,0,2,0,2,0.094,0.0,R,4-Seam Fastball,91.4,R,R
716359,2023-10-01,2023,4,Bot,29,4,2,1,1,COL,MIN,663898,641927,,,,680777,666135,666397,456781,571657,S,,called_strike,Called Strike,0,2,0,2,-0.076,0.0,R,Changeup,83.6,R,R
716359,2023-10-01,2023,4,Bot,29,3,1,1,1,COL,MIN,663898,641927,,,,680777,666135,666397,456781,571657,B,,ball,Ball,0,2,0,2,0.054,0.0,R,Changeup,83.1,R,R
716359,2023-10-01,2023,4,Bot,29,2,1,0,1,COL,MIN,663898,641927,,,,680777,666135,666397,456781,571657,S,,foul,Foul,0,2,0,2,-0.05,0.0,R,Sweeper,78.5,R,R
716359,2023-10-01,2023,4,Bot,29,1,0,0,1,COL,MIN,663898,641927,,,,680777,666135,666397,456781,571657,B,,ball,Ball,0,2,0,2,0.039,0.0,R,Sweeper,77.5,R,R
716359,2023-10-01,2023,4,Bot,28,2,0,1,0,COL,MIN,453568,641927,,,,680777,666135,666397,456781,571657,X,field_out,hit_into_play,Charlie Blackmon grounds out sharply to first baseman Alex Kirilloff.,0,2,0,2,-0.223,-0.029,R,Changeup,85.2,L,R
716359,2023-10-01,2023,4,Bot,28,1,0,0,0,COL,MIN,453568,641927,,,,680777,666135,666397,456781,571657,S,,called_strike,Called Strike,0,2,0,2,-0.042,0.0,R,4-Seam Fastball,90.4,L,R
716359,2023-10-01,2023,4,Top,27,5,2,2,2,COL,MIN,670242,657756,666135,,650489,642851,660707,663898,641857,678662,S,strikeout,swinging_strike,Matt Wallner strikes out swinging.,0,2,2,0,-0.241,0.039,R,Changeup,80.3,L,R
716359,2023-10-01,2023,4,Top,27,4,1,2,2,COL,MIN,670242,657756,666135,,650489,642851,660707,663898,641857,678662,B,,ball,Ball,0,2,2,0,0.023,0.0,R,4-Seam Fastball,94.4,L,R
716359,2023-10-01,2023,4,Top,27,3,1,1,2,COL,MIN,670242,657756,666135,,650489,642851,660707,663898,641857,678662,S,,foul,Foul,0,2,2,0,-0.074,0.0,R,Slider,85.8,L,R
716359,2023-10-01,2023,4,Top,27,2,0,1,2,COL,MIN,670242,657756,666135,,650489,642851,660707,663898,641857,678662,B,,ball,Ball,0,2,2,0,0.039,0.0,R,4-Seam Fastball,93.0,L,R
716359,2023-10-01,2023,4,Top,27,1,0,0,2,COL,MIN,670242,657756,666135,,650489,642851,660707,663898,641857,678662,S,,called_strike,Called Strike,0,2,2,0,-0.052,0.0,R,Changeup,80.0,L,R
716359,2023-10-01,2023,4,Top,26,3,1,1,2,COL,MIN,666135,657756,650489,,,642851,660707,663898,641857,678662,X,single,hit_into_play,"Alex Kirilloff singles on a sharp line drive to right fielder Charlie Blackmon. Willi Castro to 3rd. Willi Castro advances to 3rd, on a fielding error by right fielder Charlie Blackmon.",0,2,2,0,0.388,-0.02,R,4-Seam Fastball,92.7,L,R
716359,2023-10-01,2023,4,Top,26,2,1,0,2,COL,MIN,666135,657756,650489,,,642851,660707,663898,641857,678662,S,,swinging_strike,Swinging Strike,0,2,2,0,-0.05,0.0,R,4-Seam Fastball,93.2,L,R
716359,2023-10-01,2023,4,Top,26,1,0,0,2,COL,MIN,666135,657756,650489,,,642851,660707,663898,641857,678662,B,,ball,Ball,0,2,2,0,0.03,0.0,R,4-Seam Fastball,92.2,L,R
716359,2023-10-01,2023,4,Top,25,1,0,0,2,COL,MIN,650489,657756,,,,642851,660707,663898,641857,678662,X,single,hit_into_play,Willi Castro singles on a soft bunt ground ball to catcher Austin Wynns.,0,2,2,0,-0.016,-0.01,R,Curveball,79.0,L,R
716359,2023-10-01,2023,4,Top,24,5,2,2,1,COL,MIN,666397,657756,,,,642851,660707,663898,641857,678662,X,field_out,hit_into_play,Edouard Julien grounds out to first baseman Elehuris Montero.,0,2,2,0,-0.234,0.012,R,4-Seam Fastball,93.2,L,R
716359,2023-10-01,2023,4,Top,24,4,1,2,1,COL,MIN,666397,657756,,,,642851,660707,663898,641857,678662,B,,ball,Ball,0,2,2,0,0.045,0.0,R,Changeup,80.4,L,R
716359,2023-10-01,2023,4,Top,24,3,1,1,1,COL,MIN,666397,657756,,,,642851,660707,663898,641857,678662,S,,swinging_strike,Swinging Strike,0,2,2,0,-0.068,0.0,R,Slider,84.1,L,R
716359,2023-10-01,2023,4,Top,24,2,1,0,1,COL,MIN,666397,657756,,,,642851,660707,663898,641857,678662,S,,called_strike,Called Strike,0,2,2,0,-0.05,0.0,R,4-Seam Fastball,92.7,L,R
716359,2023-10-01,2023,4,Top,24,1,0,0,1,COL,MIN,666397,657756,,,,642851,660707,663898,641857,678662,B,,ball,Ball,0,2,2,0,0.039,0.0,R,Curveball,77.1,L,R
716359,2023-10-01,2023,4,Top,23,4,1,2,0,COL,MIN,680777,657756,,,,642851,660707,663898,641857,678662,S,strikeout,swinging_strike,Ryan Jeffers strikes out swinging.,0,2,2,0,-0.193,0.017,R,4-Seam Fastball,92.6,R,R
716359,2023-10-01,2023,4,Top,23,3,0,2,0,COL,MIN,680777,657756,,,,642851,660707,663898,641857,678662,B,,ball,Ball,0,2,2,0,0.024,0.0,R,4-Seam Fastball,93.5,R,R
716359,2023-10-01,2023,4,Top,23,2,0,1,0,COL,MIN,680777,657756,,,,642851,660707,663898,641857,678662,S,,foul,Foul,0,2,2,0,-0.054,0.0,R,Curveball,78.1,R,R
716359,2023-10-01,2023,4,Top,23,1,0,0,0,COL,MIN,680777,657756,,,,642851,660707,663898,641857,678662,S,,called_strike,Called Strike,0,2,2,0,-0.042,0.0,R,Sinker,90.7,R,R
716359,2023-10-01,2023,3,Bot,22,5,2,2,2,COL,MIN,686668,641927,,,,680777,666135,666397,456781,571657,X,field_out,hit_into_play,"Brenton Doyle grounds out, third baseman Donovan Solano to first baseman Alex Kirilloff.",0,2,0,2,-0.233,-0.011,R,Changeup,84.8,R,R
716359,2023-10-01,2023,3,Bot,22,4,1,2,2,COL,MIN,686668,641927,,,,680777,666135,666397,456781,571657,B,,ball,Ball,0,2,0,2,0.041,0.0,R,4-Seam Fastball,91.7,R,R
716359,2023-10-01,2023,3,Bot,22,3,1,1,2,COL,MIN,686668,641927,,,,680777,666135,666397,456781,571657,S,,foul_tip,Foul Tip,0,2,0,2,-0.069,0.0,R,4-Seam Fastball,92.4,R,R
716359,2023-10-01,2023,3,Bot,22,2,0,1,2,COL,MIN,686668,641927,,,,680777,666135,666397,456781,571657,B,,ball,Ball,0,2,0,2,0.031,0.0,R,4-Seam Fastball,91.7,R,R
716359,2023-10-01,2023,3,Bot,22,1,0,0,2,COL,MIN,686668,641927,,,,680777,666135,666397,456781,571657,S,,swinging_strike,Swinging Strike,0,2,0,2,-0.045,0.0,R,4-Seam Fastball,92.4,R,R
716359,2023-10-01,2023,3,Bot,21,5,1,2,1,COL,MIN,642851,641927,,,,680777,666135,666397,456781,571657,S,strikeout,swinging_strike,Austin Wynns strikes out swinging.,0,2,0,2,-0.189,-0.018,R,Changeup,83.5,R,R
716359,2023-10-01,2023,3,Bot,21,4,1,2,1,COL,MIN,642851,641927,,,,680777,666135,666397,456781,571657,S,,foul,Foul,0,2,0,2,0.0,0.0,R,4-Seam Fastball,92.5,R,R
716359,2023-10-01,2023,3,Bot,21,3,0,2,1,COL,MIN,642851,641927,,,,680777,666135,666397,456781,571657,B,,ball,Ball,0,2,0,2,0.019,0.0,R,Sweeper,81.3,R,R
716359,2023-10-01,2023,3,Bot,21,2,0,1,1,COL,MIN,642851,641927,,,,680777,666135,666397,456781,571657,S,,swinging_strike,Swinging Strike,0,2,0,2,-0.057,0.0,R,4-Seam Fastball,91.4,R,R
716359,2023-10-01,2023,3,Bot,21,1,0,0,1,COL,MIN,642851,641927,,,,680777,666135,666397,456781,571657,S,,swinging_strike,Swinging Strike,0,2,0,2,-0.041,0.0,R,4-Seam Fastball,91.4,R,R
716359,2023-10-01,2023,3,Bot,20,5,2,2,0,COL,MIN,678662,641927,,,,680777,666135,666397,456781,571657,X,field_out,hit_into_play,Ezequiel Tovar flies out to center fielder Willi Castro.,0,2,0,2,-0.239,-0.026,R,Sweeper,78.6,R,R
716359,2023-10-01,2023,3,Bot,20,4,2,1,0,COL,MIN,678662,641927,,,,680777,666135,666397,456781,571657,S,,foul,Foul,0,2,0,2,-0.074,0.0,R,Changeup,83.7,R,R
716359,2023-10-01,2023,3,Bot,20,3,1,1,0,COL,MIN,678662,641927,,,,680777,666135,666397,456781,571657,B,,ball,Ball,0,2,0,2,0.059,0.0,R,4-Seam Fastball,92.2,R,R
716359,2023-10-01,2023,3,Bot,20,2,1,0,0,COL,MIN,678662,641927,,,,680777,666135,666397,456781,571657,S,,swinging_strike,Swinging Strike,0,2,0,2,-0.052,0.0,R,4-Seam Fastball,91.4,R,R
716359,2023-10-01,2023,3,Bot,20,1,0,0,0,COL,MIN,678662,641927,,,,680777,666135,666397,456781,571657,B,,ball,Ball,0,2,0,2,0.04,0.0,R,Changeup,83.5,R,R
716359,2023-10-01,2023,3,Top,19,8,3,2,2,COL,MIN,596146,657756,,,,642851,660707,663898,641857,678662,X,field_out,hit_into_play,Max Kepler pops out to third baseman Ryan McMahon in foul territory.,0,2,2,0,-0.336,0.008,R,Changeup,78.7,L,R
716359,2023-10-01,2023,3,Top,19,7,2,2,2,COL,MIN,596146,657756,,,,642851,660707,663898,641857,678662,B,,ball,Ball,0,2,2,0,0.104,0.0,R,Changeup,79.5,L,R
716359,2023-10-01,2023,3,Top,19,6,2,2,2,COL,MIN,596146,657756,,,,642851,660707,663898,641857,678662,S,,foul,Foul,0,2,2,0,0.0,0.0,R,Changeup,80.9,L,R
716359,2023-10-01,2023,3,Top,19,5,1,2,2,COL,MIN,596146,657756,,,,642851,660707,663898,641857,678662,B,,ball,Ball,0,2,2,0,0.041,0.0,R,4-Seam Fastball,94.2,L,R
716359,2023-10-01,2023,3,Top,19,4,1,2,2,COL,MIN,596146,657756,,,,642851,660707,663898,641857,678662,S,,foul,Foul,0,2,2,0,0.0,0.0,R,Slider,86.8,L,R
716359,2023-10-01,2023,3,Top,19,3,1,1,2,COL,MIN,596146,657756,,,,642851,660707,663898,641857,678662,S,,foul,Foul,0,2,2,0,-0.069,0.0,R,4-Seam Fastball,92.1,L,R
716359,2023-10-01,2023,3,Top,19,2,0,1,2,COL,MIN,596146,657756,,,,642851,660707,663898,641857,678662,B,,ball,Ball,0,2,2,0,0.031,0.0,R,Curveball,78.1,L,R
716359,2023-10-01,2023,3,Top,19,1,0,0,2,COL,MIN,596146,657756,,,,642851,660707,663898,641857,678662,S,,called_strike,Called Strike,0,2,2,0,-0.045,0.0,R,4-Seam Fastball,92.9,L,R
716359,2023-10-01,2023,3,Top,18,1,0,0,1,COL,MIN,571657,657756,,,,642851,660707,663898,641857,678662,X,field_out,hit_into_play,"Kyle Farmer grounds out, shortstop Ezequiel Tovar to first baseman Elehuris Montero.",0,2,2,0,-0.267,0.013,R,Slider,84.1,R,R
716359,2023-10-01,2023,3,Top,17,4,1,2,0,COL,MIN,656669,657756,,,,642851,660707,663898,641857,678662,X,field_out,hit_into_play,"Jordan Luplow grounds out, third baseman Ryan McMahon to first baseman Elehuris Montero.",0,2,2,0,-0.193,0.017,R,Curveball,80.5,R,R
716359,2023-10-01,2023,3,Top,17,3,1,1,0,COL,MIN,656669,657756,,,,642851,660707,663898,641857,678662,S,,foul,Foul,0,2,2,0,-0.061,0.0,R,Sinker,91.0,R,R
716359,2023-10-01,2023,3,Top,17,2,0,1,0,COL,MIN,656669,657756,,,,642851,660707,663898,641857,678662,B,,ball,Ball,0,2,2,0,0.031,0.0,R,Changeup,79.0,R,R
716359,2023-10-01,2023,3,Top,17,1,0,0,0,COL,MIN,656669,657756,,,,642851,660707,663898,641857,678662,S,,foul,Foul,0,2,2,0,-0.042,0.0,R,4-Seam Fastball,92.8,R,R
716359,2023-10-01,2023,2,Bot,16,6,3,2,2,COL,MIN,660707,641927,,,,680777,666135,666397,456781,571657,X,field_out,hit_into_play,Elehuris Montero flies out to right fielder Matt Wallner.,0,2,0,2,-0.336,-0.011,R,Changeup,84.4,R,R
716359,2023-10-01,2023,2,Bot,16,5,2,2,2,COL,MIN,660707,641927,,,,680777,666135,666397,456781,571657,B,,ball,Ball,0,2,0,2,0.104,0.0,R,4-Seam Fastball,91.7,R,R
716359,2023-10-01,2023,2,Bot,16,4,1,2,2,COL,MIN,660707,641927,,,,680777,666135,666397,456781,571657,B,,ball,Ball,0,2,0,2,0.041,0.0,R,Changeup,83.6,R,R
716359,2023-10-01,2023,2,Bot,16,3,1,1,2,COL,MIN,660707,641927,,,,680777,666135,666397,456781,571657,S,,foul,Foul,0,2,0,2,-0.069,0.0,R,Changeup,84.0,R,R
716359,2023-10-01,2023,2,Bot,16,2,0,1,2,COL,MIN,660707,641927,,,,680777,666135,666397,456781,571657,B,,ball,Ball,0,2,0,2,0.031,0.0,R,Sweeper,78.0,R,R
716359,2023-10-01,2023,2,Bot,16,1,0,0,2,COL,MIN,660707,641927,,,,680777,666135,666397,456781,571657,S,,called_strike,Called Strike,0,2,0,2,-0.045,0.0,R,Changeup,83.9,R,R
716359,2023-10-01,2023,2,Bot,15,2,1,0,1,COL,MIN,641857,641927,,,,680777,666135,666397,456781,571657,X,field_out,hit_into_play,"Ryan McMahon grounds out, second baseman Edouard Julien to first baseman Alex Kirilloff.",0,2,0,2,-0.306,-0.017,R,Changeup,84.2,L,R
716359,2023-10-01,2023,2,Bot,15,1,0,0,1,COL,MIN,641857,641927,,,,680777,666135,666397,456781,571657,B,,ball,Ball,0,2,0,2,0.039,0.0,R,Sweeper,79.2,L,R
716359,2023-10-01,2023,2,Bot,14,4,0,2,0,COL,MIN,592178,641927,,,,680777,666135,666397,456781,571657,S,strikeout,swinging_strike,Kris Bryant strikes out swinging.,0,2,0,2,-0.169,-0.024,R,Changeup,83.1,R,R
716359,2023-10-01,2023,2,Bot,14,3,0,2,0,COL,MIN,592178,641927,,,,680777,666135,666397,456781,571657,S,,foul,Foul,0,2,0,2,0.0,0.0,R,Changeup,84.0,R,R
716359,2023-10-01,2023,2,Bot,14,2,0,1,0,COL,MIN,592178,641927,,,,680777,666135,666397,456781,571657,S,,swinging_strike,Swinging Strike,0,2,0,2,-0.054,0.0,R,Changeup,82.9,R,R
716359,2023-10-01,2023,2,Bot,14,1,0,0,0,COL,MIN,592178,641927,,,,680777,666135,666397,456781,571657,S,,swinging_strike,Swinging Strike,0,2,0,2,-0.042,0.0,R,Changeup,83.0,R,R
716359,2023-10-01,2023,2,Top,13,6,2,2,2,COL,MIN,456781,657756,666135,666397,,642851,660707,663898,641857,678662,S,strikeout,swinging_strike,Donovan Solano strikes out swinging.,0,2,2,0,-0.246,0.033,R,Changeup,80.3,R,R
716359,2023-10-01,2023,2,Top,13,5,2,2,2,COL,MIN,456781,657756,666135,666397,,642851,660707,663898,641857,678662,S,,foul,Foul,0,2,2,0,0.0,0.0,R,4-Seam Fastball,95.0,R,R
716359,2023-10-01,2023,2,Top,13,4,2,1,2,COL,MIN,456781,657756,666135,666397,,642851,660707,663898,641857,678662,S,,foul,Foul,0,2,2,0,-0.06,0.0,R,Sinker,92.1,R,R
716359,2023-10-01,2023,2,Top,13,3,1,1,2,COL,MIN,456781,657756,666135,666397,,642851,660707,663898,641857,678662,B,,ball,Ball,0,2,2,0,0.025,0.0,R,Sinker,92.2,R,R
716359,2023-10-01,2023,2,Top,13,2,0,1,2,COL,MIN,456781,657756,666135,666397,,642851,660707,663898,641857,678662,B,,ball,Ball,0,2,2,0,0.025,0.0,R,Changeup,80.2,R,R
716359,2023-10-01,2023,2,Top,13,1,0,0,2,COL,MIN,456781,657756,666135,666397,,642851,660707,663898,641857,678662,S,,called_strike,Called Strike,0,2,2,0,-0.04,0.0,R,Slider,84.9,R,R
716359,2023-10-01,2023,2,Top,12,6,2,2,1,COL,MIN,670242,657756,666135,666397,,642851,660707,663898,641857,678662,S,strikeout,swinging_strike,Matt Wallner strikes out swinging.,0,2,2,0,-0.201,0.032,R,4-Seam Fastball,94.6,L,R
716359,2023-10-01,2023,2,Top,12,5,2,2,1,COL,MIN,670242,657756,666135,666397,,642851,660707,663898,641857,678662,S,,foul,Foul,0,2,2,0,0.0,0.0,R,Changeup,80.5,L,R
716359,2023-10-01,2023,2,Top,12,4,1,2,1,COL,MIN,670242,657756,666135,666397,,642851,660707,663898,641857,678662,B,,ball,Ball,0,2,2,0,0.028,0.0,R,Slider,87.3,L,R
716359,2023-10-01,2023,2,Top,12,3,1,1,1,COL,MIN,670242,657756,666135,666397,,642851,660707,663898,641857,678662,S,,foul,Foul,0,2,2,0,-0.059,0.0,R,4-Seam Fastball,93.3,L,R
716359,2023-10-01,2023,2,Top,12,2,0,1,1,COL,MIN,670242,657756,666135,666397,,642851,660707,663898,641857,678662,B,,ball,Ball,0,2,2,0,0.031,0.0,R,4-Seam Fastball,92.9,L,R
716359,2023-10-01,2023,2,Top,12,1,0,0,1,COL,MIN,670242,657756,666135,666397,,642851,660707,663898,641857,678662,S,,called_strike,Called Strike,0,2,2,0,-0.04,0.0,R,4-Seam Fastball,92.4,L,R
716359,2023-10-01,2023,2,Top,11,1,0,0,1,COL,MIN,666135,657756,666397,680777,,642851,660707,663898,641857,678662,X,single,hit_into_play,Alex Kirilloff singles on a line drive to left fielder Nolan Jones. Ryan Jeffers scores. Edouard Julien to 2nd.,0,1,1,0,0.485,-0.091,R,Changeup,81.4,L,R
716359,2023-10-01,2023,2,Top,10,4,1,2,0,COL,MIN,650489,657756,666397,680777,,642851,660707,663898,641857,678662,S,strikeout,foul_tip,Willi Castro strikes out on a foul tip.,0,1,1,0,-0.168,0.046,R,4-Seam Fastball,93.6,L,R
716359,2023-10-01,2023,2,Top,10,3,1,1,0,COL,MIN,650489,657756,666397,680777,,642851,660707,663898,641857,678662,S,,foul,Foul,0,1,1,0,-0.076,0.0,R,Changeup,79.0,L,R
716359,2023-10-01,2023,2,Top,10,2,0,1,0,COL,MIN,650489,657756,666397,680777,,642851,660707,663898,641857,678662,B,,ball,Ball,0,1,1,0,0.034,0.0,R,4-Seam Fastball,93.1,L,R
716359,2023-10-01,2023,2,Top,10,1,0,0,0,COL,MIN,650489,657756,666397,680777,,642851,660707,663898,641857,678662,S,,swinging_strike,Swinging Strike,0,1,1,0,-0.048,0.0,R,Slider,84.8,L,R
716359,2023-10-01,2023,2,Top,9,6,3,2,0,COL,MIN,666397,657756,680777,596146,,642851,660707,663898,641857,678662,X,single,hit_into_play,Edouard Julien singles on a ground ball to left fielder Nolan Jones. Max Kepler scores. Ryan Jeffers to 2nd.,0,0,0,0,0.402,-0.096,R,4-Seam Fastball,93.7,L,R
716359,2023-10-01,2023,2,Top,9,5,2,2,0,COL,MIN,666397,657756,680777,596146,,642851,660707,663898,641857,678662,B,,ball,Ball,0,0,0,0,0.113,0.0,R,Changeup,77.4,L,R
716359,2023-10-01,2023,2,Top,9,4,1,2,0,COL,MIN,666397,657756,680777,596146,,642851,660707,663898,641857,678662,B,,ball,Ball,0,0,0,0,0.034,0.0,R,Changeup,79.7,L,R
716359,2023-10-01,2023,2,Top,9,3,0,2,0,COL,MIN,666397,657756,680777,596146,,642851,660707,663898,641857,678662,B,,ball,Ball,0,0,0,0,0.025,0.0,R,4-Seam Fastball,94.1,L,R
716359,2023-10-01,2023,2,Top,9,2,0,1,0,COL,MIN,666397,657756,680777,596146,,642851,660707,663898,641857,678662,S,,swinging_strike,Swinging Strike,0,0,0,0,-0.066,0.0,R,4-Seam Fastball,93.4,L,R
716359,2023-10-01,2023,2,Top,9,1,0,0,0,COL,MIN,666397,657756,680777,596146,,642851,660707,663898,641857,678662,S,,called_strike,Called Strike,0,0,0,0,-0.048,0.0,R,Changeup,79.3,L,R
716359,2023-10-01,2023,2,Top,8,5,1,2,0,COL,MIN,680777,657756,596146,,,642851,660707,663898,641857,678662,X,single,hit_into_play,Ryan Jeffers singles on a ground ball to right fielder Charlie Blackmon. Max Kepler to 2nd.,0,0,0,0,0.523,-0.055,R,Sinker,90.8,R,R
716359,2023-10-01,2023,2,Top,8,4,1,2,0,COL,MIN,680777,657756,596146,,,642851,660707,663898,641857,678662,S,,foul,Foul,0,0,0,0,0.0,0.0,R,Changeup,78.5,R,R
716359,2023-10-01,2023,2,Top,8,3,0,2,0,COL,MIN,680777,657756,596146,,,642851,660707,663898,641857,678662,B,,ball,Ball,0,0,0,0,0.008,0.0,R,4-Seam Fastball,93.5,R,R
716359,2023-10-01,2023,2,Top,8,2,0,1,0,COL,MIN,680777,657756,596146,,,642851,660707,663898,641857,678662,S,,foul,Foul,0,0,0,0,-0.043,0.0,R,4-Seam Fastball,92.9,R,R
716359,2023-10-01,2023,2,Top,8,1,0,0,0,COL,MIN,680777,657756,596146,,,642851,660707,663898,641857,678662,S,,called_strike,Called Strike,0,0,0,0,-0.036,0.0,R,Sinker,91.0,R,R
716359,2023-10-01,2023,2,Top,7,2,0,1,0,COL,MIN,596146,657756,,,,642851,660707,663898,641857,678662,X,single,hit_into_play,Max Kepler singles on a soft ground ball to third baseman Ryan McMahon.,0,0,0,0,0.474,-0.038,R,4-Seam Fastball,93.5,L,R
716359,2023-10-01,2023,2,Top,7,1,0,0,0,COL,MIN,596146,657756,,,,642851,660707,663898,641857,678662,S,,called_strike,Called Strike,0,0,0,0,-0.042,0.0,R,4-Seam Fastball,92.3,L,R
716359,2023-10-01,2023,1,Bot,6,6,2,2,2,COL,MIN,666134,641927,,,,680777,666135,666397,456781,571657,S,strikeout,called_strike,Nolan Jones called out on strikes.,0,0,0,0,-0.233,-0.01,R,Changeup,82.1,L,R
716359,2023-10-01,2023,1,Bot,6,5,2,2,2,COL,MIN,666134,641927,,,,680777,666135,666397,456781,571657,S,,foul,Foul,0,0,0,0,0.0,0.0,R,Changeup,84.3,L,R
716359,2023-10-01,2023,1,Bot,6,4,1,2,2,COL,MIN,666134,641927,,,,680777,666135,666397,456781,571657,B,,ball,Ball,0,0,0,0,0.041,0.0,R,4-Seam Fastball,91.7,L,R
716359,2023-10-01,2023,1,Bot,6,3,0,2,2,COL,MIN,666134,641927,,,,680777,666135,666397,456781,571657,B,,ball,Ball,0,0,0,0,0.022,0.0,R,Changeup,85.0,L,R
716359,2023-10-01,2023,1,Bot,6,2,0,1,2,COL,MIN,666134,641927,,,,680777,666135,666397,456781,571657,S,,foul,Foul,0,0,0,0,-0.061,0.0,R,4-Seam Fastball,91.5,L,R
716359,2023-10-01,2023,1,Bot,6,1,0,0,2,COL,MIN,666134,641927,,,,680777,666135,666397,456781,571657,S,,foul,Foul,0,0,0,0,-0.045,0.0,R,4-Seam Fastball,91.7,L,R
716359,2023-10-01,2023,1,Bot,5,6,3,2,1,COL,MIN,663898,641927,,,,680777,666135,666397,456781,571657,S,strikeout,swinging_strike,Brendan Rodgers strikes out swinging.,0,0,0,0,-0.328,-0.016,R,4-Seam Fastball,91.4,R,R
716359,2023-10-01,2023,1,Bot,5,5,2,2,1,COL,MIN,663898,641927,,,,680777,666135,666397,456781,571657,B,,ball,Ball,0,0,0,0,0.094,0.0,R,4-Seam Fastball,91.6,R,R
716359,2023-10-01,2023,1,Bot,5,4,1,2,1,COL,MIN,663898,641927,,,,680777,666135,666397,456781,571657,B,,ball,Ball,0,0,0,0,0.045,0.0,R,4-Seam Fastball,90.7,R,R
716359,2023-10-01,2023,1,Bot,5,3,1,1,1,COL,MIN,663898,641927,,,,680777,666135,666397,456781,571657,S,,foul,Foul,0,0,0,0,-0.068,0.0,R,Changeup,83.0,R,R
716359,2023-10-01,2023,1,Bot,5,2,0,1,1,COL,MIN,663898,641927,,,,680777,666135,666397,456781,571657,B,,ball,Ball,0,0,0,0,0.03,0.0,R,Changeup,83.3,R,R
716359,2023-10-01,2023,1,Bot,5,1,0,0,1,COL,MIN,663898,641927,,,,680777,666135,666397,456781,571657,S,,called_strike,Called Strike,0,0,0,0,-0.041,0.0,R,4-Seam Fastball,91.4,R,R
716359,2023-10-01,2023,1,Bot,4,1,0,0,0,COL,MIN,453568,641927,,,,680777,666135,666397,456781,571657,X,field_out,hit_into_play,Charlie Blackmon flies out to center fielder Willi Castro.,0,0,0,0,-0.265,-0.021,R,4-Seam Fastball,91.6,L,R
716359,2023-10-01,2023,1,Top,3,2,0,1,2,COL,MIN,571657,608718,,,,642851,660707,663898,641857,678662,X,field_out,hit_into_play,"Kyle Farmer grounds out, shortstop Ezequiel Tovar to first baseman Elehuris Montero.",0,0,0,0,-0.23,0.01,R,4-Seam Fastball,86.3,R,L
716359,2023-10-01,2023,1,Top,3,1,0,0,2,COL,MIN,571657,608718,,,,642851,660707,663898,641857,678662,S,,called_strike,Called Strike,0,0,0,0,-0.045,0.0,R,4-Seam Fastball,84.4,R,L
716359,2023-10-01,2023,1,Top,2,3,0,2,1,COL,MIN,656669,608718,,,,642851,660707,663898,641857,678662,S,strikeout,swinging_strike,Jordan Luplow strikes out swinging.,0,0,0,0,-0.17,0.015,R,Changeup,78.3,R,L
716359,2023-10-01,2023,1,Top,2,2,0,1,1,COL,MIN,656669,608718,,,,642851,660707,663898,641857,678662,S,,swinging_strike,Swinging Strike,0,0,0,0,-0.057,0.0,R,Changeup,78.4,R,L
716359,2023-10-01,2023,1,Top,2,1,0,0,1,COL,MIN,656669,608718,,,,642851,660707,663898,641857,678662,S,,called_strike,Called Strike,0,0,0,0,-0.041,0.0,R,4-Seam Fastball,86.8,R,L
716359,2023-10-01,2023,1,Top,1,5,2,2,0,COL,MIN,456781,608718,,,,642851,660707,663898,641857,678662,X,field_out,hit_into_play,"Donovan Solano grounds out, pitcher Brent Suter to first baseman Elehuris Montero.",0,0,0,0,-0.239,0.022,R,Sinker,88.5,R,L
716359,2023-10-01,2023,1,Top,1,4,1,2,0,COL,MIN,456781,608718,,,,642851,660707,663898,641857,678662,B,,ball,Ball,0,0,0,0,0.046,0.0,R,Changeup,74.9,R,L
716359,2023-10-01,2023,1,Top,1,3,1,1,0,COL,MIN,456781,608718,,,,642851,660707,663898,641857,678662,S,,called_strike,Called Strike,0,0,0,0,-0.061,0.0,R,4-Seam Fastball,83.9,R,L
716359,2023-10-01,2023,1,Top,1,2,0,1,0,COL,MIN,456781,608718,,,,642851,660707,663898,641857,678662,B,,ball,Ball,0,0,0,0,0.031,0.0,R,4-Seam Fastball,87.0,R,L
716359,2023-10-01,2023,1,Top,1,1,0,0,0,COL,MIN,456781,608718,,,,642851,660707,663898,641857,678662,S,,called_strike,Called Strike,0,0,0,0,-0.042,0.0,R,4-Seam Fastball,82.8,R,L
716358,2023-10-01,2023,9,Bot,75,1,0,0,2,AZ,HOU,664874,686613,,,656896,673237,547989,643289,666197,665161,X,field_out,hit_into_play,"Seby Zavala grounds out, third baseman Grae Kessinger to first baseman Jose Abreu.",1,8,1,8,-0.293,-0.001,R,4-Seam Fastball,96.6,R,R
716358,2023-10-01,2023,9,Bot,74,6,3,2,1,AZ,HOU,607054,686613,,656896,,673237,547989,643289,666197,665161,X,field_out,hit_into_play,"Jace Peterson grounds out, second baseman Mauricio Dubon to first baseman Jose Abreu. Emmanuel Rivera to 3rd.",1,8,1,8,-0.314,0.0,R,4-Seam Fastball,96.8,L,R
716358,2023-10-01,2023,9,Bot,74,5,2,2,1,AZ,HOU,607054,686613,,656896,,673237,547989,643289,666197,665161,B,,blocked_ball,Ball In Dirt,1,8,1,8,0.09,0.0,R,Knuckle Curve,84.3,L,R
716358,2023-10-01,2023,9,Bot,74,4,1,2,1,AZ,HOU,607054,686613,,656896,,673237,547989,643289,666197,665161,B,,ball,Ball,1,8,1,8,0.04,0.0,R,4-Seam Fastball,96.9,L,R
716358,2023-10-01,2023,9,Bot,74,3,1,1,1,AZ,HOU,607054,686613,,656896,,673237,547989,643289,666197,665161,S,,swinging_strike,Swinging Strike,1,8,1,8,-0.078,0.0,R,Cutter,93.8,L,R
716358,2023-10-01,2023,9,Bot,74,2,1,0,1,AZ,HOU,607054,686613,,656896,,673237,547989,643289,666197,665161,S,,called_strike,Called Strike,1,8,1,8,-0.049,0.0,R,4-Seam Fastball,96.8,L,R
716358,2023-10-01,2023,9,Bot,74,1,0,0,1,AZ,HOU,607054,686613,656896,,,673237,547989,643289,666197,665161,B,,ball,Ball,1,8,1,8,0.036,0.0,R,4-Seam Fastball,96.7,L,R
716358,2023-10-01,2023,9,Bot,73,6,3,2,1,AZ,HOU,656896,686613,,,,673237,547989,643289,666197,665161,B,walk,ball,Emmanuel Rivera walks.,1,8,1,8,0.36,0.0,R,4-Seam Fastball,96.5,R,R
716358,2023-10-01,2023,9,Bot,73,5,2,2,1,AZ,HOU,656896,686613,,,,673237,547989,643289,666197,665161,B,,ball,Ball,1,8,1,8,0.094,0.0,R,Cutter,95.4,R,R
716358,2023-10-01,2023,9,Bot,73,4,1,2,1,AZ,HOU,656896,686613,,,,673237,547989,643289,666197,665161,B,,ball,Ball,1,8,1,8,0.045,0.0,R,Knuckle Curve,84.2,R,R
716358,2023-10-01,2023,9,Bot,73,3,0,2,1,AZ,HOU,656896,686613,,,,673237,547989,643289,666197,665161,B,,ball,Ball,1,8,1,8,0.019,0.0,R,4-Seam Fastball,97.2,R,R
716358,2023-10-01,2023,9,Bot,73,2,0,1,1,AZ,HOU,656896,686613,,,,673237,547989,643289,666197,665161,S,,foul_tip,Foul Tip,1,8,1,8,-0.057,0.0,R,Cutter,93.8,R,R
716358,2023-10-01,2023,9,Bot,73,1,0,0,1,AZ,HOU,656896,686613,,,,673237,547989,643289,666197,665161,S,,called_strike,Called Strike,1,8,1,8,-0.041,0.0,R,Cutter,95.4,R,R
716358,2023-10-01,2023,9,Bot,72,2,1,0,0,AZ,HOU,677950,686613,,,,673237,547989,643289,666197,665161,X,field_out,hit_into_play,"Alek Thomas grounds out, pitcher Hunter Brown to first baseman Jose Abreu.",1,8,1,8,-0.306,0.0,R,4-Seam Fastball,95.3,L,R
716358,2023-10-01,2023,9,Bot,72,1,0,0,0,AZ,HOU,677950,686613,,,,673237,547989,643289,666197,665161,B,,ball,Ball,1,8,1,8,0.04,0.0,R,4-Seam Fastball,95.9,L,R
716358,2023-10-01,2023,9,Top,71,4,1,2,2,AZ,HOU,572138,669194,,,,664874,656896,672695,607054,691783,X,field_out,hit_into_play,Jon Singleton flies out to center fielder Alek Thomas.,1,8,8,1,-0.191,0.0,R,4-Seam Fastball,96.3,L,R
716358,2023-10-01,2023,9,Top,71,3,1,1,2,AZ,HOU,572138,669194,,,,664874,656896,672695,607054,691783,S,,foul,Foul,1,8,8,1,-0.069,0.0,R,4-Seam Fastball,96.9,L,R
716358,2023-10-01,2023,9,Top,71,2,0,1,2,AZ,HOU,572138,669194,,,,664874,656896,672695,607054,691783,B,,ball,Ball,1,8,8,1,0.031,0.0,R,4-Seam Fastball,98.0,L,R
716358,2023-10-01,2023,9,Top,71,1,0,0,2,AZ,HOU,572138,669194,,,,664874,656896,672695,607054,691783,S,,foul,Foul,1,8,8,1,-0.045,0.0,R,4-Seam Fastball,96.9,L,R
716358,2023-10-01,2023,9,Top,70,5,2,2,1,AZ,HOU,663656,669194,,,,664874,656896,672695,607054,691783,X,field_out,hit_into_play,Kyle Tucker lines out to left fielder Lourdes Gurriel Jr.,1,8,8,1,-0.234,0.0,R,4-Seam Fastball,96.2,L,R
716358,2023-10-01,2023,9,Top,70,4,1,2,1,AZ,HOU,663656,669194,,,,664874,656896,672695,607054,691783,B,,ball,Ball,1,8,8,1,0.045,0.0,R,4-Seam Fastball,97.6,L,R
716358,2023-10-01,2023,9,Top,70,3,1,1,1,AZ,HOU,663656,669194,,,,664874,656896,672695,607054,691783,S,,foul,Foul,1,8,8,1,-0.068,0.0,R,4-Seam Fastball,96.6,L,R
716358,2023-10-01,2023,9,Top,70,2,1,0,1,AZ,HOU,663656,669194,,,,664874,656896,672695,607054,691783,S,,swinging_strike,Swinging Strike,1,8,8,1,-0.05,0.0,R,Changeup,87.2,L,R
716358,2023-10-01,2023,9,Top,70,1,0,0,1,AZ,HOU,663656,669194,,,,664874,656896,672695,607054,691783,B,,ball,Ball,1,8,8,1,0.039,0.0,R,Sweeper,79.5,L,R
716358,2023-10-01,2023,9,Top,69,3,0,2,0,AZ,HOU,643289,669194,,,,664874,656896,672695,607054,691783,S,strikeout,swinging_strike,Mauricio Dubon strikes out swinging.,1,8,8,1,-0.169,0.0,R,4-Seam Fastball,97.1,R,R
716358,2023-10-01,2023,9,Top,69,2,0,1,0,AZ,HOU,643289,669194,,,,664874,656896,672695,607054,691783,S,,swinging_strike,Swinging Strike,1,8,8,1,-0.054,0.0,R,4-Seam Fastball,96.3,R,R
716358,2023-10-01,2023,9,Top,69,1,0,0,0,AZ,HOU,643289,669194,,,,664874,656896,672695,607054,691783,S,,swinging_strike,Swinging Strike,1,8,8,1,-0.042,0.0,R,4-Seam Fastball,95.7,R,R
716358,2023-10-01,2023,8,Bot,68,5,2,2,2,AZ,HOU,446334,606160,,666971,,673237,547989,666197,608324,665161,X,field_out,hit_into_play,"Evan Longoria grounds out, shortstop Jeremy Pena to first baseman Jose Abreu.",1,8,1,8,-0.22,-0.001,R,4-Seam Fastball,96.0,R,R
716358,2023-10-01,2023,8,Bot,68,4,1,2,2,AZ,HOU,446334,606160,,666971,,673237,547989,666197,608324,665161,B,,ball,Ball,1,8,1,8,0.015,0.0,R,4-Seam Fastball,95.9,R,R
716358,2023-10-01,2023,8,Bot,68,3,1,1,2,AZ,HOU,446334,606160,,666971,,673237,547989,666197,608324,665161,S,,swinging_strike,Swinging Strike,1,8,1,8,-0.064,0.0,R,4-Seam Fastball,96.9,R,R
716358,2023-10-01,2023,8,Bot,68,2,0,1,2,AZ,HOU,446334,606160,,666971,,673237,547989,666197,608324,665161,B,,ball,Ball,1,8,1,8,0.02,0.0,R,Sinker,95.2,R,R
716358,2023-10-01,2023,8,Bot,68,1,0,0,2,AZ,HOU,446334,606160,,666971,,673237,547989,666197,608324,665161,S,,foul_tip,Foul Tip,1,8,1,8,-0.046,0.0,R,4-Seam Fastball,96.8,R,R
716358,2023-10-01,2023,8,Bot,67,5,2,2,2,AZ,HOU,666971,606160,,664983,,673237,547989,666197,608324,665161,X,double,hit_into_play,Lourdes Gurriel Jr. doubles (35) on a ground ball to left fielder Chas McCormick. Jake McCarthy scores.,0,8,0,8,0.975,0.001,R,Changeup,91.2,R,R
716358,2023-10-01,2023,8,Bot,67,4,2,1,2,AZ,HOU,666971,606160,,664983,,673237,547989,666197,608324,665161,S,,foul,Foul,0,8,0,8,-0.069,0.0,R,4-Seam Fastball,96.8,R,R
716358,2023-10-01,2023,8,Bot,67,3,2,0,2,AZ,HOU,666971,606160,,664983,,673237,547989,666197,608324,665161,S,,called_strike,Called Strike,0,8,0,8,-0.055,0.0,R,4-Seam Fastball,96.0,R,R
716358,2023-10-01,2023,8,Bot,67,2,1,0,2,AZ,HOU,666971,606160,664983,,,673237,547989,666197,608324,665161,B,,ball,Ball,0,8,0,8,0.037,0.0,R,Sinker,94.9,R,R
716358,2023-10-01,2023,8,Bot,67,1,0,0,2,AZ,HOU,666971,606160,664983,,,673237,547989,666197,608324,665161,B,,ball,Ball,0,8,0,8,0.03,0.0,R,4-Seam Fastball,95.9,R,R
716358,2023-10-01,2023,8,Bot,66,4,1,2,2,AZ,HOU,664983,606160,,,,673237,547989,666197,608324,665161,X,single,hit_into_play,Jake McCarthy singles on a line drive to center fielder Jake Meyers.,0,8,0,8,0.427,0.0,R,4-Seam Fastball,96.3,L,R
716358,2023-10-01,2023,8,Bot,66,3,0,2,2,AZ,HOU,664983,606160,,,,673237,547989,666197,608324,665161,B,,ball,Ball,0,8,0,8,0.022,0.0,R,4-Seam Fastball,96.4,L,R
716358,2023-10-01,2023,8,Bot,66,2,0,1,2,AZ,HOU,664983,606160,,,,673237,547989,666197,608324,665161,S,,foul,Foul,0,8,0,8,-0.061,0.0,R,Changeup,92.2,L,R
716358,2023-10-01,2023,8,Bot,66,1,0,0,2,AZ,HOU,664983,606160,,,,673237,547989,666197,608324,665161,S,,swinging_strike,Swinging Strike,0,8,0,8,-0.045,0.0,R,Changeup,92.3,L,R
716358,2023-10-01,2023,8,Bot,65,4,1,2,1,AZ,HOU,691783,606160,,,,673237,547989,666197,608324,665161,S,strikeout,swinging_strike,Jordan Lawlar strikes out swinging.,0,8,0,8,-0.189,0.0,R,Changeup,92.0,R,R
716358,2023-10-01,2023,8,Bot,65,3,0,2,1,AZ,HOU,691783,606160,,,,673237,547989,666197,608324,665161,B,,ball,Ball,0,8,0,8,0.019,0.0,R,4-Seam Fastball,96.5,R,R
716358,2023-10-01,2023,8,Bot,65,2,0,1,1,AZ,HOU,691783,606160,,,,673237,547989,666197,608324,665161,S,,called_strike,Called Strike,0,8,0,8,-0.057,0.0,R,4-Seam Fastball,95.7,R,R
716358,2023-10-01,2023,8,Bot,65,1,0,0,1,AZ,HOU,691783,606160,,,,673237,547989,666197,608324,665161,S,,foul,Foul,0,8,0,8,-0.041,0.0,R,Sinker,95.3,R,R
716358,2023-10-01,2023,8,Bot,64,4,1,2,0,AZ,HOU,672695,606160,,,,673237,547989,666197,608324,665161,X,field_out,hit_into_play,"Geraldo Perdomo grounds out, shortstop Jeremy Pena to first baseman Jose Abreu.",0,8,0,8,-0.193,-0.001,R,Changeup,88.9,L,R
716358,2023-10-01,2023,8,Bot,64,3,0,2,0,AZ,HOU,672695,606160,,,,673237,547989,666197,608324,665161,B,,ball,Ball,0,8,0,8,0.024,0.0,R,4-Seam Fastball,96.6,L,R
716358,2023-10-01,2023,8,Bot,64,2,0,1,0,AZ,HOU,672695,606160,,,,673237,547989,666197,608324,665161,S,,called_strike,Called Strike,0,8,0,8,-0.054,0.0,R,Changeup,91.3,L,R
716358,2023-10-01,2023,8,Bot,64,1,0,0,0,AZ,HOU,672695,606160,,,,673237,547989,666197,608324,665161,S,,called_strike,Called Strike,0,8,0,8,-0.042,0.0,R,4-Seam Fastball,96.0,L,R
716358,2023-10-01,2023,8,Top,63,1,0,0,2,AZ,HOU,666197,666818,,,,664874,656896,672695,607054,691783,X,field_out,hit_into_play,"Grae Kessinger grounds out, shortstop Jordan Lawlar to first baseman Emmanuel Rivera.",0,8,8,0,-0.275,0.0,R,Cutter,90.4,R,R
716358,2023-10-01,2023,8,Top,62,3,0,2,1,AZ,HOU,673237,666818,,,,664874,656896,672695,607054,691783,S,strikeout,swinging_strike,Yainer Diaz strikes out swinging.,0,8,8,0,-0.17,0.0,R,4-Seam Fastball,97.4,R,R
716358,2023-10-01,2023,8,Top,62,2,0,1,1,AZ,HOU,673237,666818,,,,664874,656896,672695,607054,691783,S,,foul,Foul,0,8,8,0,-0.057,0.0,R,4-Seam Fastball,96.1,R,R
716358,2023-10-01,2023,8,Top,62,1,0,0,1,AZ,HOU,673237,666818,,,,664874,656896,672695,607054,691783,S,,foul,Foul,0,8,8,0,-0.041,0.0,R,Cutter,89.9,R,R
716358,2023-10-01,2023,8,Top,61,2,0,1,0,AZ,HOU,665161,666818,,,,664874,656896,672695,607054,691783,X,field_out,hit_into_play,Jeremy Pena flies out to center fielder Alek Thomas.,0,8,8,0,-0.223,0.0,R,Cutter,88.0,R,R
716358,2023-10-01,2023,8,Top,61,1,0,0,0,AZ,HOU,665161,666818,,,,664874,656896,672695,607054,691783,S,,swinging_strike,Swinging Strike,0,8,8,0,-0.042,0.0,R,Cutter,89.5,R,R
716358,2023-10-01,2023,7,Bot,60,5,2,2,2,AZ,HOU,664874,656986,656896,,,455117,547989,514888,608324,665161,X,field_out,hit_into_play,Seby Zavala pops out to shortstop Jeremy Pena.,0,8,0,8,-0.24,0.0,R,Slider,85.4,R,L
716358,2023-10-01,2023,7,Bot,60,4,1,2,2,AZ,HOU,664874,656986,656896,,,455117,547989,514888,608324,665161,B,,blocked_ball,Ball In Dirt,0,8,0,8,0.034,0.0,R,Slider,86.7,R,L
716358,2023-10-01,2023,7,Bot,60,3,1,1,2,AZ,HOU,664874,656986,656896,,,455117,547989,514888,608324,665161,S,,foul_tip,Foul Tip,0,8,0,8,-0.06,0.0,R,4-Seam Fastball,94.8,R,L
716358,2023-10-01,2023,7,Bot,60,2,1,0,2,AZ,HOU,664874,656986,656896,,,455117,547989,514888,608324,665161,S,,swinging_strike,Swinging Strike,0,8,0,8,-0.05,0.0,R,4-Seam Fastball,95.0,R,L
716358,2023-10-01,2023,7,Bot,60,1,0,0,2,AZ,HOU,664874,656986,656896,,,455117,547989,514888,608324,665161,B,,ball,Ball,0,8,0,8,0.03,0.0,R,4-Seam Fastball,96.1,R,L
716358,2023-10-01,2023,7,Bot,59,3,0,2,1,AZ,HOU,607054,656986,656896,,,455117,547989,514888,608324,665161,S,strikeout,swinging_strike,Jace Peterson strikes out swinging.,0,8,0,8,-0.16,-0.002,R,Slider,88.5,L,L
716358,2023-10-01,2023,7,Bot,59,2,0,1,1,AZ,HOU,607054,656986,656896,,,455117,547989,514888,608324,665161,S,,called_strike,Called Strike,0,8,0,8,-0.053,0.0,R,Slider,87.3,L,L
716358,2023-10-01,2023,7,Bot,59,1,0,0,1,AZ,HOU,607054,656986,656896,,,455117,547989,514888,608324,665161,S,,called_strike,Called Strike,0,8,0,8,-0.042,0.0,R,4-Seam Fastball,94.9,L,L
716358,2023-10-01,2023,7,Bot,58,5,3,1,1,AZ,HOU,656896,656986,,,,455117,547989,514888,608324,665161,X,single,hit_into_play,Emmanuel Rivera singles on a ground ball to right fielder Kyle Tucker.,0,8,0,8,0.251,0.001,R,4-Seam Fastball,96.1,R,L
716358,2023-10-01,2023,7,Bot,58,4,2,1,1,AZ,HOU,656896,656986,,,,455117,547989,514888,608324,665161,B,,ball,Ball,0,8,0,8,0.122,0.0,R,4-Seam Fastball,95.7,R,L
716358,2023-10-01,2023,7,Bot,58,3,2,0,1,AZ,HOU,656896,656986,,,,455117,547989,514888,608324,665161,S,,called_strike,Called Strike,0,8,0,8,-0.062,0.0,R,4-Seam Fastball,95.6,R,L
716358,2023-10-01,2023,7,Bot,58,2,1,0,1,AZ,HOU,656896,656986,,,,455117,547989,514888,608324,665161,B,,ball,Ball,0,8,0,8,0.066,0.0,R,4-Seam Fastball,94.5,R,L
716358,2023-10-01,2023,7,Bot,58,1,0,0,1,AZ,HOU,656896,656986,,,,455117,547989,514888,608324,665161,B,,ball,Ball,0,8,0,8,0.039,0.0,R,4-Seam Fastball,96.1,R,L
716358,2023-10-01,2023,7,Bot,57,1,0,0,0,AZ,HOU,677950,656986,,,,455117,547989,514888,608324,665161,X,field_out,hit_into_play,Alek Thomas flies out to left fielder Chas McCormick.,0,8,0,8,-0.265,-0.001,R,4-Seam Fastball,95.9,L,L
716358,2023-10-01,2023,7,Top,56,5,1,2,2,AZ,HOU,676801,666818,,,,664874,656896,672695,607054,691783,S,strikeout,called_strike,Chas McCormick called out on strikes.,0,8,8,0,-0.191,0.0,R,4-Seam Fastball,97.3,R,R
716358,2023-10-01,2023,7,Top,56,4,1,2,2,AZ,HOU,676801,666818,,,,664874,656896,672695,607054,691783,S,,foul,Foul,0,8,8,0,0.0,0.0,R,4-Seam Fastball,97.8,R,R
716358,2023-10-01,2023,7,Top,56,3,1,1,2,AZ,HOU,676801,666818,,,,664874,656896,672695,607054,691783,S,,swinging_strike,Swinging Strike,0,8,8,0,-0.069,0.0,R,Cutter,89.3,R,R
716358,2023-10-01,2023,7,Top,56,2,0,1,2,AZ,HOU,676801,666818,,,,664874,656896,672695,607054,691783,B,,ball,Ball,0,8,8,0,0.031,0.0,R,4-Seam Fastball,95.4,R,R
716358,2023-10-01,2023,7,Top,56,1,0,0,2,AZ,HOU,676801,666818,,,,664874,656896,672695,607054,691783,S,,foul,Foul,0,8,8,0,-0.045,0.0,R,4-Seam Fastball,96.8,R,R
716358,2023-10-01,2023,7,Top,55,8,2,2,1,AZ,HOU,488726,666818,,,,664874,656896,672695,607054,691783,X,field_out,hit_into_play,Michael Brantley flies out to left fielder Lourdes Gurriel Jr.,0,8,8,0,-0.234,0.0,R,Cutter,91.2,L,R
716358,2023-10-01,2023,7,Top,55,7,2,2,1,AZ,HOU,488726,666818,,,,664874,656896,672695,607054,691783,S,,foul,Foul,0,8,8,0,0.0,0.0,R,Cutter,90.3,L,R
716358,2023-10-01,2023,7,Top,55,6,1,2,1,AZ,HOU,488726,666818,,,,664874,656896,672695,607054,691783,B,,ball,Ball,0,8,8,0,0.045,0.0,R,Slider,84.7,L,R
716358,2023-10-01,2023,7,Top,55,5,1,2,1,AZ,HOU,488726,666818,,,,664874,656896,672695,607054,691783,S,,foul,Foul,0,8,8,0,0.0,0.0,R,Cutter,92.2,L,R
716358,2023-10-01,2023,7,Top,55,4,1,2,1,AZ,HOU,488726,666818,,,,664874,656896,672695,607054,691783,S,,foul,Foul,0,8,8,0,0.0,0.0,R,Slider,84.4,L,R
716358,2023-10-01,2023,7,Top,55,3,0,2,1,AZ,HOU,488726,666818,,,,664874,656896,672695,607054,691783,B,,ball,Ball,0,8,8,0,0.019,0.0,R,4-Seam Fastball,98.3,L,R
716358,2023-10-01,2023,7,Top,55,2,0,1,1,AZ,HOU,488726,666818,,,,664874,656896,672695,607054,691783,S,,called_strike,Called Strike,0,8,8,0,-0.057,0.0,R,Cutter,89.7,L,R
716358,2023-10-01,2023,7,Top,55,1,0,0,1,AZ,HOU,488726,666818,,,,664874,656896,672695,607054,691783,S,,called_strike,Called Strike,0,8,8,0,-0.041,0.0,R,Cutter,91.5,L,R
716358,2023-10-01,2023,7,Top,54,6,1,2,1,AZ,HOU,547989,666818,,663656,,664874,656896,672695,607054,691783,X,home_run,hit_into_play,Jose Abreu homers (18) on a fly ball to left center field. Kyle Tucker scores.,0,6,6,0,1.383,-0.009,R,Changeup,90.6,R,R
716358,2023-10-01,2023,7,Top,54,5,1,2,1,AZ,HOU,547989,666818,,663656,,664874,656896,672695,607054,691783,S,,foul,Foul,0,6,6,0,0.0,0.0,R,Cutter,90.4,R,R
716358,2023-10-01,2023,7,Top,54,4,1,2,1,AZ,HOU,547989,666818,,663656,,664874,656896,672695,607054,691783,S,,foul,Foul,0,6,6,0,0.0,0.0,R,4-Seam Fastball,96.1,R,R
716358,2023-10-01,2023,7,Top,54,3,1,1,1,AZ,HOU,547989,666818,,663656,,664874,656896,672695,607054,691783,S,,swinging_strike,Swinging Strike,0,6,6,0,-0.078,0.0,R,Cutter,90.0,R,R
716358,2023-10-01,2023,7,Top,54,2,0,1,1,AZ,HOU,547989,666818,,663656,,664874,656896,672695,607054,691783,B,,ball,Ball,0,6,6,0,0.024,0.0,R,Cutter,89.2,R,R
716358,2023-10-01,2023,7,Top,54,1,0,0,1,AZ,HOU,547989,666818,,663656,,664874,656896,672695,607054,691783,S,,called_strike,Called Strike,0,6,6,0,-0.038,0.0,R,4-Seam Fastball,96.3,R,R
716358,2023-10-01,2023,7,Top,53,1,0,0,0,AZ,HOU,670541,666818,,663656,,664874,656896,672695,607054,691783,X,field_out,hit_into_play,Yordan Alvarez flies out to center fielder Alek Thomas.,0,6,6,0,-0.267,0.003,R,Cutter,88.7,L,R
716358,2023-10-01,2023,7,Top,52,3,1,1,0,AZ,HOU,663656,666818,,,,664874,656896,672695,607054,691783,X,double,hit_into_play,Kyle Tucker hits a ground-rule double (37) on a line drive to right field.,0,6,6,0,0.717,-0.004,R,4-Seam Fastball,96.1,L,R
716358,2023-10-01,2023,7,Top,52,2,1,0,0,AZ,HOU,663656,666818,,,,664874,656896,672695,607054,691783,S,,foul,Foul,0,6,6,0,-0.052,0.0,R,4-Seam Fastball,95.5,L,R
716358,2023-10-01,2023,7,Top,52,1,0,0,0,AZ,HOU,663656,666818,,,,664874,656896,672695,607054,691783,B,,ball,Ball,0,6,6,0,0.04,0.0,R,Slider,82.4,L,R
716358,2023-10-01,2023,6,Bot,51,7,3,2,2,AZ,HOU,446334,664299,666971,,,455117,547989,514888,608324,665161,S,strikeout,called_strike,Evan Longoria called out on strikes.,0,6,0,6,-0.304,-0.005,R,4-Seam Fastball,92.1,R,R
716358,2023-10-01,2023,6,Bot,51,6,3,2,2,AZ,HOU,446334,664299,666971,,,455117,547989,514888,608324,665161,S,,foul,Foul,0,6,0,6,0.0,0.0,R,4-Seam Fastball,92.6,R,R
716358,2023-10-01,2023,6,Bot,51,5,3,1,2,AZ,HOU,446334,664299,666971,,,455117,547989,514888,608324,665161,S,,foul,Foul,0,6,0,6,-0.094,0.0,R,4-Seam Fastball,92.0,R,R
716358,2023-10-01,2023,6,Bot,51,4,2,1,2,AZ,HOU,446334,664299,666971,,,455117,547989,514888,608324,665161,B,,ball,Ball,0,6,0,6,0.097,0.0,R,4-Seam Fastball,92.6,R,R
716358,2023-10-01,2023,6,Bot,51,3,2,0,2,AZ,HOU,446334,664299,666971,,,455117,547989,514888,608324,665161,S,,foul,Foul,0,6,0,6,-0.051,0.0,R,4-Seam Fastball,93.6,R,R
716358,2023-10-01,2023,6,Bot,51,2,1,0,2,AZ,HOU,446334,664299,666971,,,455117,547989,514888,608324,665161,B,,ball,Ball,0,6,0,6,0.037,0.0,R,4-Seam Fastball,93.6,R,R
716358,2023-10-01,2023,6,Bot,51,1,0,0,2,AZ,HOU,446334,664299,666971,,,455117,547989,514888,608324,665161,B,,ball,Ball,0,6,0,6,0.03,0.0,R,4-Seam Fastball,93.2,R,R
716358,2023-10-01,2023,6,Bot,50,4,2,1,2,AZ,HOU,666971,664299,,,,455117,547989,514888,608324,665161,X,single,hit_into_play,Lourdes Gurriel Jr. singles on a sharp line drive to center fielder Chas McCormick.,0,6,0,6,0.304,0.003,R,4-Seam Fastball,93.4,R,R
716358,2023-10-01,2023,6,Bot,50,3,1,1,2,AZ,HOU,666971,664299,,,,455117,547989,514888,608324,665161,B,,ball,Ball,0,6,0,6,0.053,0.0,R,Sweeper,80.8,R,R
716358,2023-10-01,2023,6,Bot,50,2,0,1,2,AZ,HOU,666971,664299,,,,455117,547989,514888,608324,665161,B,,ball,Ball,0,6,0,6,0.031,0.0,R,4-Seam Fastball,93.0,R,R
716358,2023-10-01,2023,6,Bot,50,1,0,0,2,AZ,HOU,666971,664299,,,,455117,547989,514888,608324,665161,S,,foul,Foul,0,6,0,6,-0.045,0.0,R,4-Seam Fastball,93.9,R,R
716358,2023-10-01,2023,6,Bot,49,4,1,2,1,AZ,HOU,664983,664299,,,,455117,547989,514888,608324,665161,S,strikeout,foul_tip,Jake McCarthy strikes out on a foul tip.,0,6,0,6,-0.189,-0.004,R,4-Seam Fastball,92.7,L,R
716358,2023-10-01,2023,6,Bot,49,3,0,2,1,AZ,HOU,664983,664299,,,,455117,547989,514888,608324,665161,B,,ball,Ball,0,6,0,6,0.019,0.0,R,4-Seam Fastball,91.5,L,R
716358,2023-10-01,2023,6,Bot,49,2,0,1,1,AZ,HOU,664983,664299,,,,455117,547989,514888,608324,665161,S,,foul,Foul,0,6,0,6,-0.057,0.0,R,4-Seam Fastball,92.7,L,R
716358,2023-10-01,2023,6,Bot,49,1,0,0,1,AZ,HOU,664983,664299,,,,455117,547989,514888,608324,665161,S,,called_strike,Called Strike,0,6,0,6,-0.041,0.0,R,Knuckle Curve,75.5,L,R
716358,2023-10-01,2023,6,Bot,48,2,0,1,0,AZ,HOU,691783,664299,,,,455117,547989,514888,608324,665161,X,field_out,hit_into_play,Jordan Lawlar flies out to left fielder Michael Brantley.,0,6,0,6,-0.223,-0.007,R,4-Seam Fastball,92.0,R,R
716358,2023-10-01,2023,6,Bot,48,1,0,0,0,AZ,HOU,691783,664299,,,,455117,547989,514888,608324,665161,S,,called_strike,Called Strike,0,6,0,6,-0.042,0.0,R,4-Seam Fastball,92.7,R,R
716358,2023-10-01,2023,6,Top,47,6,2,2,2,AZ,HOU,608324,612434,,665161,,664874,656896,672695,607054,691783,X,field_out,hit_into_play,"Alex Bregman grounds out, second baseman Geraldo Perdomo to first baseman Emmanuel Rivera.",0,6,6,0,-0.22,0.003,R,Sinker,96.2,R,R
716358,2023-10-01,2023,6,Top,47,5,1,2,2,AZ,HOU,608324,612434,,665161,,664874,656896,672695,607054,691783,B,,ball,Ball,0,6,6,0,0.015,0.0,R,Slider,82.8,R,R
716358,2023-10-01,2023,6,Top,47,4,0,2,2,AZ,HOU,608324,612434,,665161,,664874,656896,672695,607054,691783,B,,ball,Ball,0,6,6,0,0.018,0.0,R,Changeup,91.0,R,R
716358,2023-10-01,2023,6,Top,47,3,0,2,2,AZ,HOU,608324,612434,,665161,,664874,656896,672695,607054,691783,S,,foul,Foul,0,6,6,0,0.0,0.0,R,Slider,80.5,R,R
716358,2023-10-01,2023,6,Top,47,2,0,1,2,AZ,HOU,608324,612434,,665161,,664874,656896,672695,607054,691783,S,,swinging_strike,Swinging Strike,0,6,6,0,-0.061,0.0,R,4-Seam Fastball,95.4,R,R
716358,2023-10-01,2023,6,Top,47,1,0,0,2,AZ,HOU,608324,612434,,665161,,664874,656896,672695,607054,691783,S,,called_strike,Called Strike,0,6,6,0,-0.046,0.0,R,Slider,82.2,R,R
716358,2023-10-01,2023,6,Top,46,5,1,2,1,AZ,HOU,514888,612434,665161,,,664874,656896,672695,607054,691783,X,field_out,hit_into_play,"Jose Altuve grounds out, third baseman Jace Peterson to first baseman Emmanuel Rivera. Jeremy Pena to 2nd.",0,6,6,0,-0.261,0.001,R,Slider,82.2,R,R
716358,2023-10-01,2023,6,Top,46,4,1,2,1,AZ,HOU,514888,612434,665161,,,664874,656896,672695,607054,691783,S,,foul,Foul,0,6,6,0,0.0,0.0,R,Slider,82.2,R,R
716358,2023-10-01,2023,6,Top,46,3,1,1,1,AZ,HOU,514888,612434,665161,,,664874,656896,672695,607054,691783,S,,called_strike,Called Strike,0,6,6,0,-0.055,0.0,R,Slider,82.8,R,R
716358,2023-10-01,2023,6,Top,46,2,0,1,1,AZ,HOU,514888,612434,665161,,,664874,656896,672695,607054,691783,B,,ball,Ball,0,6,6,0,0.025,0.0,R,Slider,83.1,R,R
716358,2023-10-01,2023,6,Top,46,1,0,0,1,AZ,HOU,514888,612434,665161,,,664874,656896,672695,607054,691783,S,,called_strike,Called Strike,0,6,6,0,-0.042,0.0,R,Slider,83.2,R,R
716358,2023-10-01,2023,6,Top,45,4,1,2,0,AZ,HOU,455117,612434,665161,,,664874,656896,672695,607054,691783,S,strikeout,swinging_strike,Martin Maldonado strikes out swinging.,0,6,6,0,-0.165,0.003,R,Slider,82.4,R,R
716358,2023-10-01,2023,6,Top,45,3,0,2,0,AZ,HOU,455117,612434,665161,,,664874,656896,672695,607054,691783,B,,ball,Ball,0,6,6,0,0.008,0.0,R,4-Seam Fastball,94.9,R,R
716358,2023-10-01,2023,6,Top,45,2,0,1,0,AZ,HOU,455117,612434,665161,,,664874,656896,672695,607054,691783,S,,foul,Foul,0,6,6,0,-0.043,0.0,R,Sinker,95.9,R,R
716358,2023-10-01,2023,6,Top,45,1,0,0,0,AZ,HOU,455117,612434,665161,,,664874,656896,672695,607054,691783,S,,called_strike,Called Strike,0,6,6,0,-0.036,0.0,R,Sinker,96.4,R,R
716358,2023-10-01,2023,6,Top,44,5,3,1,0,AZ,HOU,665161,612434,,,,664874,656896,672695,607054,691783,B,walk,ball,Jeremy Pena walks.,0,6,6,0,0.259,-0.003,R,Sinker,96.0,R,R
716358,2023-10-01,2023,6,Top,44,4,2,1,0,AZ,HOU,665161,612434,,,,664874,656896,672695,607054,691783,B,,ball,Ball,0,6,6,0,0.129,0.0,R,Sinker,96.1,R,R
716358,2023-10-01,2023,6,Top,44,3,1,1,0,AZ,HOU,665161,612434,,,,664874,656896,672695,607054,691783,B,,ball,Ball,0,6,6,0,0.059,0.0,R,Changeup,90.0,R,R
716358,2023-10-01,2023,6,Top,44,2,0,1,0,AZ,HOU,665161,612434,,,,664874,656896,672695,607054,691783,B,,ball,Ball,0,6,6,0,0.031,0.0,R,Slider,82.3,R,R
716358,2023-10-01,2023,6,Top,44,1,0,0,0,AZ,HOU,665161,612434,,,,664874,656896,672695,607054,691783,S,,called_strike,Called Strike,0,6,6,0,-0.042,0.0,R,Slider,82.4,R,R
716358,2023-10-01,2023,5,Bot,43,2,0,1,2,AZ,HOU,672695,664299,607054,,,455117,547989,514888,608324,665161,X,field_out,hit_into_play,Geraldo Perdomo flies out to center fielder Chas McCormick.,0,6,0,6,-0.241,-0.007,R,4-Seam Fastball,93.8,L,R
716358,2023-10-01,2023,5,Bot,43,1,0,0,2,AZ,HOU,672695,664299,607054,,,455117,547989,514888,608324,665161,S,,called_strike,Called Strike,0,6,0,6,-0.045,0.0,R,4-Seam Fastball,94.2,L,R
716358,2023-10-01,2023,5,Bot,42,4,1,2,1,AZ,HOU,664874,664299,607054,,,455117,547989,514888,608324,665161,S,strikeout,swinging_strike,Seby Zavala strikes out swinging.,0,6,0,6,-0.183,-0.01,R,4-Seam Fastball,94.1,R,R
716358,2023-10-01,2023,5,Bot,42,3,0,2,1,AZ,HOU,664874,664299,607054,,,455117,547989,514888,608324,665161,B,,ball,Ball,0,6,0,6,0.023,0.0,R,Knuckle Curve,78.9,R,R
716358,2023-10-01,2023,5,Bot,42,2,0,1,1,AZ,HOU,664874,664299,607054,,,455117,547989,514888,608324,665161,S,,foul,Foul,0,6,0,6,-0.053,0.0,R,4-Seam Fastball,93.6,R,R
716358,2023-10-01,2023,5,Bot,42,1,0,0,1,AZ,HOU,664874,664299,607054,,,455117,547989,514888,608324,665161,S,,called_strike,Called Strike,0,6,0,6,-0.042,0.0,R,4-Seam Fastball,94.9,R,R
716358,2023-10-01,2023,5,Bot,41,7,3,2,1,AZ,HOU,607054,664299,,,,455117,547989,514888,608324,665161,B,walk,ball,Jace Peterson walks.,0,6,0,6,0.36,0.009,R,Sweeper,80.0,L,R
716358,2023-10-01,2023,5,Bot,41,6,2,2,1,AZ,HOU,607054,664299,,,,455117,547989,514888,608324,665161,B,,ball,Ball,0,6,0,6,0.094,0.0,R,Sweeper,79.9,L,R
716358,2023-10-01,2023,5,Bot,41,5,2,2,1,AZ,HOU,607054,664299,,,,455117,547989,514888,608324,665161,S,,foul,Foul,0,6,0,6,0.0,0.0,R,Sweeper,80.5,L,R
716358,2023-10-01,2023,5,Bot,41,4,1,2,1,AZ,HOU,607054,664299,,,,455117,547989,514888,608324,665161,B,,ball,Ball,0,6,0,6,0.045,0.0,R,4-Seam Fastball,93.3,L,R
716358,2023-10-01,2023,5,Bot,41,3,0,2,1,AZ,HOU,607054,664299,,,,455117,547989,514888,608324,665161,B,,ball,Ball,0,6,0,6,0.019,0.0,R,Knuckle Curve,77.6,L,R
716358,2023-10-01,2023,5,Bot,41,2,0,1,1,AZ,HOU,607054,664299,,,,455117,547989,514888,608324,665161,S,,swinging_strike,Swinging Strike,0,6,0,6,-0.057,0.0,R,Sweeper,78.7,L,R
716358,2023-10-01,2023,5,Bot,41,1,0,0,1,AZ,HOU,607054,664299,,,,455117,547989,514888,608324,665161,S,,called_strike,Called Strike,0,6,0,6,-0.041,0.0,R,Sweeper,79.2,L,R
716358,2023-10-01,2023,5,Bot,40,2,0,1,0,AZ,HOU,656896,664299,,,,455117,547989,514888,608324,665161,X,field_out,hit_into_play,"Emmanuel Rivera grounds out, shortstop Jeremy Pena to first baseman Jose Abreu.",0,6,0,6,-0.223,-0.008,R,Sweeper,79.3,R,R
716358,2023-10-01,2023,5,Bot,40,1,0,0,0,AZ,HOU,656896,664299,,,,455117,547989,514888,608324,665161,S,,called_strike,Called Strike,0,6,0,6,-0.042,0.0,R,4-Seam Fastball,92.2,R,R
716358,2023-10-01,2023,5,Top,39,5,3,1,2,AZ,HOU,676801,679885,488726,,,664874,656896,672695,607054,691783,X,field_out,hit_into_play,"Chas McCormick grounds out, shortstop Jordan Lawlar to first baseman Emmanuel Rivera.",0,6,6,0,-0.399,0.003,R,4-Seam Fastball,102.3,R,R
716358,2023-10-01,2023,5,Top,39,4,3,0,2,AZ,HOU,676801,679885,488726,,,664874,656896,672695,607054,691783,S,,called_strike,Called Strike,0,6,6,0,-0.058,0.0,R,4-Seam Fastball,102.7,R,R
716358,2023-10-01,2023,5,Top,39,3,2,0,2,AZ,HOU,676801,679885,488726,,,664874,656896,672695,607054,691783,B,,ball,Ball,0,6,6,0,0.104,0.0,R,Slider,93.0,R,R
716358,2023-10-01,2023,5,Top,39,2,1,0,2,AZ,HOU,676801,679885,488726,,,664874,656896,672695,607054,691783,B,,ball,Ball,0,6,6,0,0.037,0.0,R,4-Seam Fastball,101.5,R,R
716358,2023-10-01,2023,5,Top,39,1,0,0,2,AZ,HOU,676801,679885,488726,,,664874,656896,672695,607054,691783,B,,ball,Ball,0,6,6,0,0.03,0.0,R,Slider,92.6,R,R
716358,2023-10-01,2023,5,Top,38,5,3,1,2,AZ,HOU,488726,679885,,,,664874,656896,672695,607054,691783,B,walk,ball,Michael Brantley walks.,0,6,6,0,0.193,-0.002,R,4-Seam Fastball,101.0,L,R
716358,2023-10-01,2023,5,Top,38,4,2,1,2,AZ,HOU,488726,679885,,,,664874,656896,672695,607054,691783,B,,ball,Ball,0,6,6,0,0.116,0.0,R,Split-Finger,90.2,L,R
716358,2023-10-01,2023,5,Top,38,3,2,0,2,AZ,HOU,488726,679885,,,,664874,656896,672695,607054,691783,S,,foul,Foul,0,6,6,0,-0.06,0.0,R,4-Seam Fastball,101.2,L,R
716358,2023-10-01,2023,5,Top,38,2,1,0,2,AZ,HOU,488726,679885,,,,664874,656896,672695,607054,691783,B,,ball,Ball,0,6,6,0,0.056,0.0,R,Slider,91.5,L,R
716358,2023-10-01,2023,5,Top,38,1,0,0,2,AZ,HOU,488726,679885,,,,664874,656896,672695,607054,691783,B,,ball,Ball,0,6,6,0,0.043,0.0,R,4-Seam Fastball,99.7,L,R
716358,2023-10-01,2023,5,Top,37,2,1,0,1,AZ,HOU,547989,679885,,,,664874,656896,672695,607054,691783,X,field_out,hit_into_play,Jose Abreu grounds out to first baseman Emmanuel Rivera.,0,6,6,0,-0.306,0.002,R,Slider,90.4,R,R
716358,2023-10-01,2023,5,Top,37,1,0,0,1,AZ,HOU,547989,679885,,,,664874,656896,672695,607054,691783,B,,ball,Ball,0,6,6,0,0.039,0.0,R,4-Seam Fastball,101.8,R,R
716358,2023-10-01,2023,5,Top,36,4,1,2,0,AZ,HOU,670541,679885,,,,664874,656896,672695,607054,691783,X,field_out,hit_into_play,Yordan Alvarez flies out to center fielder Alek Thomas.,0,6,6,0,-0.193,0.003,R,Split-Finger,91.4,L,R
716358,2023-10-01,2023,5,Top,36,3,1,1,0,AZ,HOU,670541,679885,,,,664874,656896,672695,607054,691783,S,,swinging_strike,Swinging Strike,0,6,6,0,-0.061,0.0,R,Split-Finger,88.4,L,R
716358,2023-10-01,2023,5,Top,36,2,0,1,0,AZ,HOU,670541,679885,,,,664874,656896,672695,607054,691783,B,,ball,Ball,0,6,6,0,0.031,0.0,R,Split-Finger,89.0,L,R
716358,2023-10-01,2023,5,Top,36,1,0,0,0,AZ,HOU,670541,679885,,,,664874,656896,672695,607054,691783,S,,called_strike,Called Strike,0,6,6,0,-0.042,0.0,R,Slider,89.0,L,R
716358,2023-10-01,2023,5,Top,35,3,1,1,0,AZ,HOU,663656,679885,,,,664874,656896,672695,607054,691783,X,triple,hit_into_play,Kyle Tucker triples (5) on a sharp line drive to right fielder Jake McCarthy. Kyle Tucker scores.,0,5,5,0,1.003,-0.024,R,4-Seam Fastball,100.4,L,R
716358,2023-10-01,2023,5,Top,35,2,1,0,0,AZ,HOU,663656,679885,,,,664874,656896,672695,607054,691783,S,,swinging_strike,Swinging Strike,0,5,5,0,-0.052,0.0,R,Split-Finger,88.7,L,R
716358,2023-10-01,2023,5,Top,35,1,0,0,0,AZ,HOU,663656,679885,,,,664874,656896,672695,607054,691783,B,,ball,Ball,0,5,5,0,0.04,0.0,R,Split-Finger,88.7,L,R
716358,2023-10-01,2023,4,Bot,34,2,0,1,1,AZ,HOU,677950,664299,446334,,,455117,547989,514888,608324,665161,X,grounded_into_double_play,hit_into_play,"Alek Thomas grounds into a double play, second baseman Jose Altuve to shortstop Jeremy Pena to first baseman Jose Abreu. Evan Longoria out at 2nd. Alek Thomas out at 1st.",0,5,0,5,-0.291,-0.028,R,Changeup,83.5,L,R
716358,2023-10-01,2023,4,Bot,34,1,0,0,1,AZ,HOU,677950,664299,446334,,,455117,547989,514888,608324,665161,S,,called_strike,Called Strike,0,5,0,5,-0.042,0.0,R,Knuckle Curve,76.0,L,R
716358,2023-10-01,2023,4,Bot,33,5,3,1,1,AZ,HOU,446334,664299,,,,455117,547989,514888,608324,665161,B,walk,ball,Evan Longoria walks.,0,5,0,5,0.255,0.015,R,4-Seam Fastball,92.6,R,R
716358,2023-10-01,2023,4,Bot,33,4,3,0,1,AZ,HOU,446334,664299,,,,455117,547989,514888,608324,665161,S,,called_strike,Called Strike,0,5,0,5,-0.083,0.0,R,4-Seam Fastball,92.7,R,R
716358,2023-10-01,2023,4,Bot,33,3,2,0,1,AZ,HOU,446334,664299,,,,455117,547989,514888,608324,665161,B,,ball,Ball,0,5,0,5,0.142,0.0,R,4-Seam Fastball,93.2,R,R
716358,2023-10-01,2023,4,Bot,33,2,1,0,1,AZ,HOU,446334,664299,,,,455117,547989,514888,608324,665161,B,,ball,Ball,0,5,0,5,0.066,0.0,R,4-Seam Fastball,93.4,R,R
716358,2023-10-01,2023,4,Bot,33,1,0,0,1,AZ,HOU,446334,664299,,,,455117,547989,514888,608324,665161,B,,ball,Ball,0,5,0,5,0.039,0.0,R,Sweeper,79.8,R,R
716358,2023-10-01,2023,4,Bot,32,3,0,2,0,AZ,HOU,666971,664299,,,,455117,547989,514888,608324,665161,S,strikeout,swinging_strike,Lourdes Gurriel Jr. strikes out swinging.,0,5,0,5,-0.169,-0.013,R,4-Seam Fastball,92.2,R,R
716358,2023-10-01,2023,4,Bot,32,2,0,1,0,AZ,HOU,666971,664299,,,,455117,547989,514888,608324,665161,S,,foul,Foul,0,5,0,5,-0.054,0.0,R,4-Seam Fastball,91.3,R,R
716358,2023-10-01,2023,4,Bot,32,1,0,0,0,AZ,HOU,666971,664299,,,,455117,547989,514888,608324,665161,S,,called_strike,Called Strike,0,5,0,5,-0.042,0.0,R,Knuckle Curve,74.3,R,R
716358,2023-10-01,2023,4,Top,31,8,3,2,2,AZ,HOU,608324,679885,,,,664874,656896,672695,607054,691783,X,field_out,hit_into_play,Alex Bregman flies out to shortstop Jordan Lawlar.,0,5,5,0,-0.336,0.002,R,4-Seam Fastball,101.2,R,R
716358,2023-10-01,2023,4,Top,31,7,3,2,2,AZ,HOU,608324,679885,,,,664874,656896,672695,607054,691783,S,,foul,Foul,0,5,5,0,0.0,0.0,R,Slider,92.5,R,R
716358,2023-10-01,2023,4,Top,31,6,2,2,2,AZ,HOU,608324,679885,,,,664874,656896,672695,607054,691783,B,,ball,Ball,0,5,5,0,0.104,0.0,R,4-Seam Fastball,101.9,R,R
716358,2023-10-01,2023,4,Top,31,5,2,2,2,AZ,HOU,608324,679885,,,,664874,656896,672695,607054,691783,S,,foul,Foul,0,5,5,0,0.0,0.0,R,4-Seam Fastball,102.4,R,R
716358,2023-10-01,2023,4,Top,31,4,1,2,2,AZ,HOU,608324,679885,,,,664874,656896,672695,607054,691783,B,,ball,Ball,0,5,5,0,0.041,0.0,R,4-Seam Fastball,102.2,R,R
716358,2023-10-01,2023,4,Top,31,3,1,1,2,AZ,HOU,608324,679885,,,,664874,656896,672695,607054,691783,S,,foul,Foul,0,5,5,0,-0.069,0.0,R,Split-Finger,90.1,R,R
716358,2023-10-01,2023,4,Top,31,2,0,1,2,AZ,HOU,608324,679885,,,,664874,656896,672695,607054,691783,B,,ball,Ball,0,5,5,0,0.031,0.0,R,Split-Finger,90.2,R,R
716358,2023-10-01,2023,4,Top,31,1,0,0,2,AZ,HOU,608324,679885,,,,664874,656896,672695,607054,691783,S,,swinging_strike,Swinging Strike,0,5,5,0,-0.045,0.0,R,Split-Finger,87.9,R,R
716358,2023-10-01,2023,4,Top,30,6,3,2,1,AZ,HOU,514888,679885,,,,664874,656896,672695,607054,691783,S,strikeout,called_strike,Jose Altuve called out on strikes.,0,5,5,0,-0.328,0.004,R,Slider,93.5,R,R
716358,2023-10-01,2023,4,Top,30,5,3,1,1,AZ,HOU,514888,679885,,,,664874,656896,672695,607054,691783,S,,foul,Foul,0,5,5,0,-0.104,0.0,R,4-Seam Fastball,100.9,R,R
716358,2023-10-01,2023,4,Top,30,4,3,0,1,AZ,HOU,514888,679885,,,,664874,656896,672695,607054,691783,S,,called_strike,Called Strike,0,5,5,0,-0.083,0.0,R,4-Seam Fastball,101.9,R,R
716358,2023-10-01,2023,4,Top,30,3,2,0,1,AZ,HOU,514888,679885,,,,664874,656896,672695,607054,691783,B,,ball,Ball,0,5,5,0,0.142,0.0,R,Slider,92.9,R,R
716358,2023-10-01,2023,4,Top,30,2,1,0,1,AZ,HOU,514888,679885,,,,664874,656896,672695,607054,691783,B,,ball,Ball,0,5,5,0,0.066,0.0,R,4-Seam Fastball,100.8,R,R
716358,2023-10-01,2023,4,Top,30,1,0,0,1,AZ,HOU,514888,679885,,,,664874,656896,672695,607054,691783,B,,ball,Ball,0,5,5,0,0.039,0.0,R,4-Seam Fastball,101.7,R,R
716358,2023-10-01,2023,4,Top,29,2,0,1,0,AZ,HOU,455117,679885,,,,664874,656896,672695,607054,691783,X,field_out,hit_into_play,Martin Maldonado flies out sharply to left fielder Lourdes Gurriel Jr.,0,5,5,0,-0.223,0.006,R,Slider,90.8,R,R
716358,2023-10-01,2023,4,Top,29,1,0,0,0,AZ,HOU,455117,679885,,,,664874,656896,672695,607054,691783,S,,swinging_strike,Swinging Strike,0,5,5,0,-0.042,0.0,R,Slider,90.0,R,R
716358,2023-10-01,2023,3,Bot,28,1,0,0,2,AZ,HOU,664983,664299,,664874,,455117,547989,514888,608324,665161,X,field_out,hit_into_play,Jake McCarthy grounds out to first baseman Jose Abreu.,0,5,0,5,-0.294,-0.017,R,Changeup,83.2,L,R
716358,2023-10-01,2023,3,Bot,27,6,2,2,1,AZ,HOU,691783,664299,,664874,,455117,547989,514888,608324,665161,X,field_out,hit_into_play,Jordan Lawlar pops out to first baseman Jose Abreu in foul territory.,0,5,0,5,-0.238,-0.021,R,4-Seam Fastball,93.4,R,R
716358,2023-10-01,2023,3,Bot,27,5,2,2,1,AZ,HOU,691783,664299,,664874,,455117,547989,514888,608324,665161,S,,foul,Foul,0,5,0,5,0.0,0.0,R,Sweeper,80.4,R,R
716358,2023-10-01,2023,3,Bot,27,4,1,2,1,AZ,HOU,691783,664299,,664874,,455117,547989,514888,608324,665161,B,,ball,Ball,0,5,0,5,0.04,0.0,R,Sweeper,80.5,R,R
716358,2023-10-01,2023,3,Bot,27,3,1,1,1,AZ,HOU,691783,664299,,664874,,455117,547989,514888,608324,665161,S,,foul,Foul,0,5,0,5,-0.078,0.0,R,4-Seam Fastball,92.6,R,R
716358,2023-10-01,2023,3,Bot,27,2,1,0,1,AZ,HOU,691783,664299,,664874,,455117,547989,514888,608324,665161,S,,called_strike,Called Strike,0,5,0,5,-0.049,0.0,R,4-Seam Fastball,92.7,R,R
716358,2023-10-01,2023,3,Bot,27,1,0,0,1,AZ,HOU,691783,664299,,664874,,455117,547989,514888,608324,665161,B,,ball,Ball,0,5,0,5,0.034,0.0,R,Sweeper,79.7,R,R
716358,2023-10-01,2023,3,Bot,26,1,0,0,0,AZ,HOU,672695,664299,,664874,,455117,547989,514888,608324,665161,X,field_out,hit_into_play,Geraldo Perdomo flies out to right fielder Kyle Tucker.,0,5,0,5,-0.267,-0.027,R,4-Seam Fastball,93.3,L,R
716358,2023-10-01,2023,3,Bot,25,4,2,1,0,AZ,HOU,664874,664299,,,,455117,547989,514888,608324,665161,X,double,hit_into_play,Seby Zavala doubles (4) on a sharp line drive to center fielder Chas McCormick.,0,5,0,5,0.658,0.037,R,4-Seam Fastball,93.0,R,R
716358,2023-10-01,2023,3,Bot,25,3,1,1,0,AZ,HOU,664874,664299,,,,455117,547989,514888,608324,665161,B,,ball,Ball,0,5,0,5,0.059,0.0,R,Sweeper,78.5,R,R
716358,2023-10-01,2023,3,Bot,25,2,0,1,0,AZ,HOU,664874,664299,,,,455117,547989,514888,608324,665161,B,,ball,Ball,0,5,0,5,0.031,0.0,R,4-Seam Fastball,93.4,R,R
716358,2023-10-01,2023,3,Bot,25,1,0,0,0,AZ,HOU,664874,664299,,,,455117,547989,514888,608324,665161,S,,called_strike,Called Strike,0,5,0,5,-0.042,0.0,R,4-Seam Fastball,91.8,R,R
716358,2023-10-01,2023,3,Top,24,7,3,2,2,AZ,HOU,665161,686826,,,,664874,656896,672695,607054,691783,S,strikeout,called_strike,Jeremy Pena called out on strikes.,0,5,5,0,-0.336,0.003,R,4-Seam Fastball,95.3,R,R
716358,2023-10-01,2023,3,Top,24,6,2,2,2,AZ,HOU,665161,686826,,,,664874,656896,672695,607054,691783,B,,ball,Ball,0,5,5,0,0.104,0.0,R,4-Seam Fastball,95.2,R,R
716358,2023-10-01,2023,3,Top,24,5,2,2,2,AZ,HOU,665161,686826,,,,664874,656896,672695,607054,691783,S,,foul,Foul,0,5,5,0,0.0,0.0,R,4-Seam Fastball,96.3,R,R
716358,2023-10-01,2023,3,Top,24,4,2,1,2,AZ,HOU,665161,686826,,,,664874,656896,672695,607054,691783,S,,foul,Foul,0,5,5,0,-0.081,0.0,R,Slider,84.1,R,R
716358,2023-10-01,2023,3,Top,24,3,2,0,2,AZ,HOU,665161,686826,,,,664874,656896,672695,607054,691783,S,,called_strike,Called Strike,0,5,5,0,-0.06,0.0,R,4-Seam Fastball,94.9,R,R
716358,2023-10-01,2023,3,Top,24,2,1,0,2,AZ,HOU,665161,686826,,,,664874,656896,672695,607054,691783,B,,ball,Ball,0,5,5,0,0.056,0.0,R,Changeup,83.9,R,R
716358,2023-10-01,2023,3,Top,24,1,0,0,2,AZ,HOU,665161,686826,,,,664874,656896,672695,607054,691783,B,,ball,Ball,0,5,5,0,0.043,0.0,R,Slider,83.0,R,R
716358,2023-10-01,2023,3,Top,23,1,0,0,1,AZ,HOU,676801,686826,,,,664874,656896,672695,607054,691783,X,field_out,hit_into_play,"Chas McCormick grounds out, shortstop Jordan Lawlar to first baseman Emmanuel Rivera.",0,5,5,0,-0.267,0.004,R,Slider,84.4,R,R
716358,2023-10-01,2023,3,Top,22,2,0,1,0,AZ,HOU,488726,686826,,,,664874,656896,672695,607054,691783,X,field_out,hit_into_play,Michael Brantley pops out softly to third baseman Jace Peterson.,0,5,5,0,-0.223,0.006,R,4-Seam Fastball,96.7,L,R
716358,2023-10-01,2023,3,Top,22,1,0,0,0,AZ,HOU,488726,686826,,,,664874,656896,672695,607054,691783,S,,called_strike,Called Strike,0,5,5,0,-0.042,0.0,R,Changeup,84.6,L,R
716358,2023-10-01,2023,2,Bot,21,3,1,1,2,AZ,HOU,607054,664299,677950,,,455117,547989,514888,608324,665161,X,field_out,hit_into_play,Jace Peterson flies out to right fielder Kyle Tucker.,0,5,0,5,-0.266,-0.012,R,4-Seam Fastball,93.8,L,R
716358,2023-10-01,2023,2,Bot,21,2,0,1,2,AZ,HOU,607054,664299,677950,,,455117,547989,514888,608324,665161,B,,ball,Ball,0,5,0,5,0.025,0.0,R,Changeup,84.7,L,R
716358,2023-10-01,2023,2,Bot,21,1,0,0,2,AZ,HOU,607054,664299,677950,,,455117,547989,514888,608324,665161,S,,called_strike,Called Strike,0,5,0,5,-0.045,0.0,R,4-Seam Fastball,91.7,L,R
716358,2023-10-01,2023,2,Bot,20,3,2,0,1,AZ,HOU,656896,664299,677950,,,455117,547989,514888,608324,665161,X,field_out,hit_into_play,Emmanuel Rivera flies out to right fielder Kyle Tucker.,0,5,0,5,-0.347,-0.018,R,4-Seam Fastball,93.1,R,R
716358,2023-10-01,2023,2,Bot,20,2,1,0,1,AZ,HOU,656896,664299,677950,,,455117,547989,514888,608324,665161,B,,ball,Ball,0,5,0,5,0.054,0.0,R,Sweeper,78.6,R,R
716358,2023-10-01,2023,2,Bot,20,1,0,0,1,AZ,HOU,656896,664299,677950,,,455117,547989,514888,608324,665161,B,,ball,Ball,0,5,0,5,0.036,0.0,R,Sweeper,79.7,R,R
716358,2023-10-01,2023,2,Bot,19,6,2,2,1,AZ,HOU,677950,664299,,,,455117,547989,514888,608324,665161,X,single,hit_into_play,Alek Thomas singles on a line drive to right fielder Kyle Tucker.,0,5,0,5,0.449,0.016,R,Knuckle Curve,77.4,L,R
716358,2023-10-01,2023,2,Bot,19,5,2,2,1,AZ,HOU,677950,664299,,,,455117,547989,514888,608324,665161,S,,foul,Foul,0,5,0,5,0.0,0.0,R,4-Seam Fastball,92.7,L,R
716358,2023-10-01,2023,2,Bot,19,4,2,1,1,AZ,HOU,677950,664299,,,,455117,547989,514888,608324,665161,S,,swinging_strike,Swinging Strike,0,5,0,5,-0.076,0.0,R,4-Seam Fastball,92.5,L,R
716358,2023-10-01,2023,2,Bot,19,3,2,0,1,AZ,HOU,677950,664299,,,,455117,547989,514888,608324,665161,S,,foul_tip,Foul Tip,0,5,0,5,-0.062,0.0,R,4-Seam Fastball,92.1,L,R
716358,2023-10-01,2023,2,Bot,19,2,1,0,1,AZ,HOU,677950,664299,,,,455117,547989,514888,608324,665161,B,,ball,Ball,0,5,0,5,0.066,0.0,R,Sweeper,78.1,L,R
716358,2023-10-01,2023,2,Bot,19,1,0,0,1,AZ,HOU,677950,664299,,,,455117,547989,514888,608324,665161,B,,ball,Ball,0,5,0,5,0.039,0.0,R,Sweeper,77.4,L,R
716358,2023-10-01,2023,2,Bot,18,2,1,0,0,AZ,HOU,446334,664299,,,,455117,547989,514888,608324,665161,X,field_out,hit_into_play,Evan Longoria lines out to center fielder Chas McCormick.,0,5,0,5,-0.306,-0.014,R,4-Seam Fastball,91.5,R,R
716358,2023-10-01,2023,2,Bot,18,1,0,0,0,AZ,HOU,446334,664299,,,,455117,547989,514888,608324,665161,B,,ball,Ball,0,5,0,5,0.04,0.0,R,4-Seam Fastball,91.2,R,R
716358,2023-10-01,2023,2,Top,17,4,0,2,2,AZ,HOU,547989,686826,670541,,,664874,656896,672695,607054,691783,S,strikeout,swinging_strike,Jose Abreu strikes out swinging.,0,5,5,0,-0.186,0.007,R,4-Seam Fastball,95.8,R,R
716358,2023-10-01,2023,2,Top,17,3,0,2,2,AZ,HOU,547989,686826,670541,,,664874,656896,672695,607054,691783,S,,foul,Foul,0,5,5,0,0.0,0.0,R,Slider,86.1,R,R
716358,2023-10-01,2023,2,Top,17,2,0,1,2,AZ,HOU,547989,686826,670541,,,664874,656896,672695,607054,691783,S,,foul,Foul,0,5,5,0,-0.055,0.0,R,4-Seam Fastball,93.8,R,R
716358,2023-10-01,2023,2,Top,17,1,0,0,2,AZ,HOU,547989,686826,670541,,,664874,656896,672695,607054,691783,S,,foul,Foul,0,5,5,0,-0.045,0.0,R,4-Seam Fastball,95.1,R,R
716358,2023-10-01,2023,2,Top,16,3,2,0,2,AZ,HOU,670541,686826,,,,664874,656896,672695,607054,691783,X,single,hit_into_play,"Yordan Alvarez singles on a ground ball to center fielder Alek Thomas, deflected by shortstop Jordan Lawlar.",0,5,5,0,0.244,-0.004,R,Changeup,84.5,L,R
716358,2023-10-01,2023,2,Top,16,2,1,0,2,AZ,HOU,670541,686826,,,,664874,656896,672695,607054,691783,B,,ball,Ball,0,5,5,0,0.056,0.0,R,Changeup,84.2,L,R
716358,2023-10-01,2023,2,Top,16,1,0,0,2,AZ,HOU,670541,686826,,,,664874,656896,672695,607054,691783,B,,ball,Ball,0,5,5,0,0.043,0.0,R,Curveball,82.0,L,R
716358,2023-10-01,2023,2,Top,15,5,2,2,1,AZ,HOU,663656,686826,,,608324,664874,656896,672695,607054,691783,X,sac_fly,hit_into_play,Kyle Tucker out on a sacrifice fly to right fielder Jake McCarthy. Alex Bregman scores.,0,4,4,0,-0.025,-0.012,R,Changeup,83.9,L,R
716358,2023-10-01,2023,2,Top,15,4,1,2,1,AZ,HOU,663656,686826,,,608324,664874,656896,672695,607054,691783,B,,blocked_ball,Ball In Dirt,0,4,4,0,0.026,0.0,R,Changeup,84.9,L,R
716358,2023-10-01,2023,2,Top,15,3,1,1,1,AZ,HOU,663656,686826,,,608324,664874,656896,672695,607054,691783,S,,called_strike,Called Strike,0,4,4,0,-0.107,0.0,R,4-Seam Fastball,95.4,L,R
716358,2023-10-01,2023,2,Top,15,2,0,1,1,AZ,HOU,663656,686826,,,608324,664874,656896,672695,607054,691783,B,,ball,Ball,0,4,4,0,0.012,0.0,R,Changeup,84.1,L,R
716358,2023-10-01,2023,2,Top,15,1,0,0,1,AZ,HOU,663656,686826,,,608324,664874,656896,672695,607054,691783,S,,foul,Foul,0,4,4,0,-0.055,0.0,R,4-Seam Fastball,95.2,L,R
716358,2023-10-01,2023,2,Top,14,1,0,0,1,AZ,HOU,608324,686826,,,,664874,656896,672695,607054,691783,X,triple,hit_into_play,Alex Bregman triples (4) on a sharp fly ball to center fielder Alek Thomas.,0,4,4,0,1.073,-0.034,R,4-Seam Fastball,95.5,R,R
716358,2023-10-01,2023,2,Top,13,3,1,1,0,AZ,HOU,514888,686826,,,,664874,656896,672695,607054,691783,X,field_out,hit_into_play,Jose Altuve flies out to right fielder Jake McCarthy.,0,4,4,0,-0.254,0.01,R,Slider,84.1,R,R
716358,2023-10-01,2023,2,Top,13,2,0,1,0,AZ,HOU,514888,686826,,,,664874,656896,672695,607054,691783,B,,ball,Ball,0,4,4,0,0.031,0.0,R,Changeup,84.6,R,R
716358,2023-10-01,2023,2,Top,13,1,0,0,0,AZ,HOU,514888,686826,,,,664874,656896,672695,607054,691783,S,,called_strike,Called Strike,0,4,4,0,-0.042,0.0,R,Changeup,83.4,R,R
716358,2023-10-01,2023,1,Bot,12,5,2,2,2,AZ,HOU,666971,664299,,,,455117,547989,514888,608324,665161,X,field_out,hit_into_play,Lourdes Gurriel Jr. lines out to center fielder Chas McCormick.,0,4,0,4,-0.233,-0.007,R,4-Seam Fastball,92.8,R,R
716358,2023-10-01,2023,1,Bot,12,4,1,2,2,AZ,HOU,666971,664299,,,,455117,547989,514888,608324,665161,B,,ball,Ball,0,4,0,4,0.041,0.0,R,Sweeper,80.6,R,R
716358,2023-10-01,2023,1,Bot,12,3,1,1,2,AZ,HOU,666971,664299,,,,455117,547989,514888,608324,665161,S,,foul,Foul,0,4,0,4,-0.069,0.0,R,Sweeper,79.9,R,R
716358,2023-10-01,2023,1,Bot,12,2,1,0,2,AZ,HOU,666971,664299,,,,455117,547989,514888,608324,665161,S,,foul,Foul,0,4,0,4,-0.056,0.0,R,4-Seam Fastball,91.6,R,R
716358,2023-10-01,2023,1,Bot,12,1,0,0,2,AZ,HOU,666971,664299,,,,455117,547989,514888,608324,665161,B,,ball,Ball,0,4,0,4,0.043,0.0,R,4-Seam Fastball,93.5,R,R
716358,2023-10-01,2023,1,Bot,11,3,0,2,1,AZ,HOU,664983,664299,,,,455117,547989,514888,608324,665161,X,field_out,hit_into_play,Jake McCarthy flies out to center fielder Chas McCormick.,0,4,0,4,-0.17,-0.012,R,4-Seam Fastball,93.3,L,R
716358,2023-10-01,2023,1,Bot,11,2,0,1,1,AZ,HOU,664983,664299,,,,455117,547989,514888,608324,665161,S,,called_strike,Called Strike,0,4,0,4,-0.057,0.0,R,Changeup,83.0,L,R
716358,2023-10-01,2023,1,Bot,11,1,0,0,1,AZ,HOU,664983,664299,,,,455117,547989,514888,608324,665161,S,,foul,Foul,0,4,0,4,-0.041,0.0,R,4-Seam Fastball,91.4,L,R
716358,2023-10-01,2023,1,Bot,10,4,2,1,0,AZ,HOU,691783,664299,,,,455117,547989,514888,608324,665161,X,field_out,hit_into_play,Jordan Lawlar lines out to center fielder Chas McCormick.,0,4,0,4,-0.313,-0.018,R,4-Seam Fastball,91.9,R,R
716358,2023-10-01,2023,1,Bot,10,3,1,1,0,AZ,HOU,691783,664299,,,,455117,547989,514888,608324,665161,B,,ball,Ball,0,4,0,4,0.059,0.0,R,4-Seam Fastball,91.5,R,R
716358,2023-10-01,2023,1,Bot,10,2,1,0,0,AZ,HOU,691783,664299,,,,455117,547989,514888,608324,665161,S,,swinging_strike,Swinging Strike,0,4,0,4,-0.052,0.0,R,4-Seam Fastball,91.1,R,R
716358,2023-10-01,2023,1,Bot,10,1,0,0,0,AZ,HOU,691783,664299,,,,455117,547989,514888,608324,665161,B,,ball,Ball,0,4,0,4,0.04,0.0,R,4-Seam Fastball,90.8,R,R
716358,2023-10-01,2023,1,Top,9,5,3,1,2,AZ,HOU,455117,686826,665161,488726,,664874,656896,672695,607054,691783,X,field_out,hit_into_play,Martin Maldonado flies out to left fielder Lourdes Gurriel Jr.,0,4,4,0,-0.358,0.02,R,4-Seam Fastball,93.2,R,R
716358,2023-10-01,2023,1,Top,9,4,2,1,2,AZ,HOU,455117,686826,665161,488726,,664874,656896,672695,607054,691783,B,,ball,Ball,0,4,4,0,0.052,0.0,R,4-Seam Fastball,94.3,R,R
716358,2023-10-01,2023,1,Top,9,3,1,1,2,AZ,HOU,455117,686826,665161,488726,,664874,656896,672695,607054,691783,B,,blocked_ball,Ball In Dirt,0,4,4,0,0.025,0.0,R,4-Seam Fastball,94.3,R,R
716358,2023-10-01,2023,1,Top,9,2,0,1,2,AZ,HOU,455117,686826,665161,488726,,664874,656896,672695,607054,691783,B,,ball,Ball,0,4,4,0,0.025,0.0,R,Slider,84.3,R,R
716358,2023-10-01,2023,1,Top,9,1,0,0,2,AZ,HOU,455117,686826,665161,488726,,664874,656896,672695,607054,691783,S,,called_strike,Called Strike,0,4,4,0,-0.04,0.0,R,4-Seam Fastball,94.7,R,R
716358,2023-10-01,2023,1,Top,8,1,0,0,2,AZ,HOU,665161,686826,488726,,547989,664874,656896,672695,607054,691783,X,single,hit_into_play,Jeremy Pena singles on a sharp ground ball to right fielder Jake McCarthy. Jose Abreu scores. Michael Brantley to 2nd.,0,3,3,0,0.594,-0.062,R,4-Seam Fastball,95.5,R,R
716358,2023-10-01,2023,1,Top,7,7,2,2,1,AZ,HOU,676801,686826,488726,,547989,664874,656896,672695,607054,691783,S,strikeout,foul_tip,Chas McCormick strikes out on a foul tip.,0,3,3,0,-0.288,0.039,R,Slider,84.5,R,R
716358,2023-10-01,2023,1,Top,7,6,2,2,1,AZ,HOU,676801,686826,488726,,547989,664874,656896,672695,607054,691783,S,,foul,Foul,0,3,3,0,0.0,0.0,R,Slider,84.2,R,R
716358,2023-10-01,2023,1,Top,7,5,2,2,1,AZ,HOU,676801,686826,488726,,547989,664874,656896,672695,607054,691783,S,,foul,Foul,0,3,3,0,0.0,0.0,R,4-Seam Fastball,96.2,R,R
716358,2023-10-01,2023,1,Top,7,4,2,1,1,AZ,HOU,676801,686826,488726,,547989,664874,656896,672695,607054,691783,S,,called_strike,Called Strike,0,3,3,0,-0.108,0.0,R,4-Seam Fastball,95.0,R,R
716358,2023-10-01,2023,1,Top,7,3,2,0,1,AZ,HOU,676801,686826,488726,,547989,664874,656896,672695,607054,691783,S,,swinging_strike,Swinging Strike,0,3,3,0,-0.063,0.0,R,4-Seam Fastball,93.6,R,R
716358,2023-10-01,2023,1,Top,7,2,1,0,1,AZ,HOU,676801,686826,488726,,547989,664874,656896,672695,607054,691783,B,,ball,Ball,0,3,3,0,0.064,0.0,R,Slider,84.9,R,R
716358,2023-10-01,2023,1,Top,7,1,0,0,1,AZ,HOU,676801,686826,488726,,547989,664874,656896,672695,607054,691783,B,,ball,Ball,0,3,3,0,0.041,0.0,R,4-Seam Fastball,94.9,R,R
716358,2023-10-01,2023,1,Top,6,9,3,2,1,AZ,HOU,488726,686826,547989,670541,,664874,656896,672695,607054,691783,X,fielders_choice,hit_into_play,"Michael Brantley reaches on a fielder's choice, fielded by first baseman Emmanuel Rivera. Yordan Alvarez scores. Jose Abreu to 3rd. Throwing error by first baseman Emmanuel Rivera.",0,2,2,0,0.437,-0.092,R,4-Seam Fastball,94.9,L,R
716358,2023-10-01,2023,1,Top,6,8,3,2,1,AZ,HOU,488726,686826,547989,670541,,664874,656896,672695,607054,691783,S,,foul,Foul,0,2,2,0,0.0,0.0,R,4-Seam Fastball,95.2,L,R
716358,2023-10-01,2023,1,Top,6,7,3,2,1,AZ,HOU,488726,686826,547989,670541,,664874,656896,672695,607054,691783,S,,foul,Foul,0,2,2,0,0.0,0.0,R,4-Seam Fastball,94.8,L,R
716358,2023-10-01,2023,1,Top,6,6,3,2,1,AZ,HOU,488726,686826,547989,670541,,664874,656896,672695,607054,691783,S,,foul,Foul,0,2,2,0,0.0,0.0,R,4-Seam Fastball,94.7,L,R
716358,2023-10-01,2023,1,Top,6,5,3,1,1,AZ,HOU,488726,686826,547989,670541,,664874,656896,672695,607054,691783,S,,called_strike,Called Strike,0,2,2,0,-0.111,0.0,R,4-Seam Fastball,94.6,L,R
716358,2023-10-01,2023,1,Top,6,4,2,1,1,AZ,HOU,488726,686826,547989,670541,,664874,656896,672695,607054,691783,B,,ball,Ball,0,2,2,0,0.104,0.0,R,4-Seam Fastball,95.0,L,R
716358,2023-10-01,2023,1,Top,6,3,2,0,1,AZ,HOU,488726,686826,547989,670541,,664874,656896,672695,607054,691783,S,,called_strike,Called Strike,0,2,2,0,-0.079,0.0,R,4-Seam Fastball,94.7,L,R
716358,2023-10-01,2023,1,Top,6,2,1,0,1,AZ,HOU,488726,686826,547989,670541,,664874,656896,672695,607054,691783,B,,ball,Ball,0,2,2,0,0.067,0.0,R,Changeup,85.9,L,R
716358,2023-10-01,2023,1,Top,6,1,0,0,1,AZ,HOU,488726,686826,547989,670541,,664874,656896,672695,607054,691783,B,,ball,Ball,0,2,2,0,0.042,0.0,R,Slider,85.8,L,R
716358,2023-10-01,2023,1,Top,5,3,1,1,1,AZ,HOU,547989,686826,670541,,,664874,656896,672695,607054,691783,X,single,hit_into_play,Jose Abreu singles on a line drive to center fielder Alek Thomas. Yordan Alvarez to 2nd.,0,2,2,0,0.432,-0.025,R,Slider,83.5,R,R
716358,2023-10-01,2023,1,Top,5,2,1,0,1,AZ,HOU,547989,686826,670541,,,664874,656896,672695,607054,691783,S,,called_strike,Called Strike,0,2,2,0,-0.053,0.0,R,4-Seam Fastball,95.2,R,R
716358,2023-10-01,2023,1,Top,5,1,0,0,1,AZ,HOU,547989,686826,670541,,,664874,656896,672695,607054,691783,B,,ball,Ball,0,2,2,0,0.036,0.0,R,4-Seam Fastball,94.9,R,R
716358,2023-10-01,2023,1,Top,4,4,3,0,1,AZ,HOU,670541,669459,,,,664874,656896,672695,607054,691783,B,walk,ball,Yordan Alvarez walks.,0,2,2,0,0.173,-0.019,R,4-Seam Fastball,91.2,L,L
716358,2023-10-01,2023,1,Top,4,3,2,0,1,AZ,HOU,670541,669459,,,,664874,656896,672695,607054,691783,B,,ball,Ball,0,2,2,0,0.142,0.0,R,Slider,85.1,L,L
716358,2023-10-01,2023,1,Top,4,2,1,0,1,AZ,HOU,670541,669459,,,,664874,656896,672695,607054,691783,B,,ball,Ball,0,2,2,0,0.066,0.0,R,4-Seam Fastball,91.4,L,L
716358,2023-10-01,2023,1,Top,4,1,0,0,1,AZ,HOU,670541,669459,,,,664874,656896,672695,607054,691783,B,,ball,Ball,0,2,2,0,0.039,0.0,R,Slider,85.4,L,L
716358,2023-10-01,2023,1,Top,3,6,3,2,0,AZ,HOU,663656,669459,,,,664874,656896,672695,607054,691783,S,strikeout,called_strike,Kyle Tucker called out on strikes.,0,2,2,0,-0.353,0.017,R,4-Seam Fastball,91.2,L,L
716358,2023-10-01,2023,1,Top,3,5,3,1,0,AZ,HOU,663656,669459,,,,664874,656896,672695,607054,691783,S,,foul,Foul,0,2,2,0,-0.088,0.0,R,4-Seam Fastball,90.8,L,L
716358,2023-10-01,2023,1,Top,3,4,2,1,0,AZ,HOU,663656,669459,,,,664874,656896,672695,607054,691783,B,,ball,Ball,0,2,2,0,0.129,0.0,R,4-Seam Fastball,91.4,L,L
716358,2023-10-01,2023,1,Top,3,3,2,0,0,AZ,HOU,663656,669459,,,,664874,656896,672695,607054,691783,S,,called_strike,Called Strike,0,2,2,0,-0.065,0.0,R,Slider,85.4,L,L
716358,2023-10-01,2023,1,Top,3,2,1,0,0,AZ,HOU,663656,669459,,,,664874,656896,672695,607054,691783,B,,ball,Ball,0,2,2,0,0.071,0.0,R,Slider,86.2,L,L
716358,2023-10-01,2023,1,Top,3,1,0,0,0,AZ,HOU,663656,669459,,,,664874,656896,672695,607054,691783,B,,ball,Ball,0,2,2,0,0.04,0.0,R,Slider,86.5,L,L
716358,2023-10-01,2023,1,Top,2,1,0,0,0,AZ,HOU,608324,669459,514888,,,664874,656896,672695,607054,691783,X,home_run,hit_into_play,Alex Bregman homers (25) on a fly ball to left center field. Jose Altuve scores.,0,0,0,0,1.061,-0.158,R,4-Seam Fastball,91.0,R,L
716358,2023-10-01,2023,1,Top,1,1,0,0,0,AZ,HOU,514888,669459,,,,664874,656896,672695,607054,691783,X,single,hit_into_play,Jose Altuve singles on a ground ball to left fielder Lourdes Gurriel Jr.,0,0,0,0,0.432,-0.036,R,Cutter,89.5,R,L
716357,2023-10-01,2023,9,Bot,92,1,0,0,2,TOR,TB,686490,552640,669289,,,650907,666018,691406,670623,678554,X,force_out,hit_into_play,"Cam Eden grounds into a force out, shortstop Curtis Mead to second baseman Junior Caminero.   Santiago Espinal out at 2nd.",8,12,8,12,-0.286,-0.004,R,Sinker,95.0,R,R
716357,2023-10-01,2023,9,Bot,91,6,0,2,1,TOR,TB,623168,552640,669289,,,650907,666018,691406,670623,678554,X,field_out,hit_into_play,Tyler Heineman pops out to first baseman Jonathan Aranda in foul territory.,8,12,8,12,-0.162,-0.012,R,Slider,88.9,L,R
716357,2023-10-01,2023,9,Bot,91,5,0,2,1,TOR,TB,623168,552640,669289,,,650907,666018,691406,670623,678554,S,,foul,Foul,8,12,8,12,0.0,0.0,R,4-Seam Fastball,93.4,L,R
716357,2023-10-01,2023,9,Bot,91,4,0,2,1,TOR,TB,623168,552640,669289,,,650907,666018,691406,670623,678554,S,,foul,Foul,8,12,8,12,0.0,0.0,R,Sinker,96.1,L,R
716357,2023-10-01,2023,9,Bot,91,3,0,2,1,TOR,TB,623168,552640,669289,,,650907,666018,691406,670623,678554,S,,foul,Foul,8,12,8,12,0.0,0.0,R,Slider,87.6,L,R
716357,2023-10-01,2023,9,Bot,91,2,0,1,1,TOR,TB,623168,552640,669289,,,650907,666018,691406,670623,678554,S,,swinging_strike,Swinging Strike,8,12,8,12,-0.053,0.0,R,4-Seam Fastball,94.5,L,R
716357,2023-10-01,2023,9,Bot,91,1,0,0,1,TOR,TB,623168,552640,669289,,,650907,666018,691406,670623,678554,S,,called_strike,Called Strike,8,12,8,12,-0.042,0.0,R,Sinker,95.2,L,R
716357,2023-10-01,2023,9,Bot,90,2,0,1,0,TOR,TB,662139,552640,669289,,,650907,666018,691406,670623,678554,X,field_out,hit_into_play,Daulton Varsho lines out to right fielder Osleivis Basabe.,8,12,8,12,-0.205,-0.02,R,4-Seam Fastball,94.4,L,R
716357,2023-10-01,2023,9,Bot,90,1,0,0,0,TOR,TB,662139,552640,669289,,,650907,666018,691406,670623,678554,S,,called_strike,Called Strike,8,12,8,12,-0.036,0.0,R,Sinker,94.8,L,R
716357,2023-10-01,2023,9,Bot,89,4,2,1,0,TOR,TB,669289,552640,,,,650907,666018,691406,670623,678554,X,single,hit_into_play,Santiago Espinal singles on a line drive to center fielder Manuel Margot.,8,12,8,12,0.385,0.02,R,Sinker,95.6,R,R
716357,2023-10-01,2023,9,Bot,89,3,2,0,0,TOR,TB,669289,552640,,,,650907,666018,691406,670623,678554,S,,called_strike,Called Strike,8,12,8,12,-0.065,0.0,R,Slider,88.1,R,R
716357,2023-10-01,2023,9,Bot,89,2,1,0,0,TOR,TB,669289,552640,,,,650907,666018,691406,670623,678554,B,,ball,Ball,8,12,8,12,0.071,0.0,R,Sinker,95.4,R,R
716357,2023-10-01,2023,9,Bot,89,1,0,0,0,TOR,TB,669289,552640,,,,650907,666018,691406,670623,678554,B,,ball,Ball,8,12,8,12,0.04,0.0,R,Sinker,95.0,R,R
716357,2023-10-01,2023,9,Top,88,4,0,2,2,TOR,TB,678545,657024,,606132,,623168,624415,676914,669289,666182,X,field_out,hit_into_play,"Osleivis Basabe grounds out, third baseman Santiago Espinal to first baseman Cavan Biggio.",8,12,12,8,-0.187,0.002,R,4-Seam Fastball,94.0,R,R
716357,2023-10-01,2023,9,Top,88,3,0,2,2,TOR,TB,678545,657024,,606132,,623168,624415,676914,669289,666182,S,,foul,Foul,8,12,12,8,0.0,0.0,R,4-Seam Fastball,93.8,R,R
716357,2023-10-01,2023,9,Top,88,2,0,1,2,TOR,TB,678545,657024,,606132,,623168,624415,676914,669289,666182,S,,foul,Foul,8,12,12,8,-0.061,0.0,R,Split-Finger,86.3,R,R
716357,2023-10-01,2023,9,Top,88,1,0,0,2,TOR,TB,678545,657024,,606132,,623168,624415,676914,669289,666182,S,,called_strike,Called Strike,8,12,12,8,-0.046,0.0,R,Split-Finger,85.3,R,R
716357,2023-10-01,2023,9,Top,87,3,1,1,1,TOR,TB,691406,657024,,606132,,623168,624415,676914,669289,666182,X,field_out,hit_into_play,"Junior Caminero grounds out softly, pitcher Erik Swanson to first baseman Cavan Biggio.",8,12,12,8,-0.262,0.002,R,4-Seam Fastball,93.4,R,R
716357,2023-10-01,2023,9,Top,87,2,0,1,1,TOR,TB,691406,657024,,606132,,623168,624415,676914,669289,666182,B,,ball,Ball,8,12,12,8,0.024,0.0,R,4-Seam Fastball,94.2,R,R
716357,2023-10-01,2023,9,Top,87,1,0,0,1,TOR,TB,691406,657024,,606132,,623168,624415,676914,669289,666182,S,,called_strike,Called Strike,8,12,12,8,-0.038,0.0,R,Slider,85.7,R,R
716357,2023-10-01,2023,9,Top,86,5,1,2,0,TOR,TB,650907,657024,,606132,,623168,624415,676914,669289,666182,S,strikeout,foul_tip,Rene Pinto strikes out on a foul tip.,8,12,12,8,-0.23,0.003,R,Split-Finger,85.5,R,R
716357,2023-10-01,2023,9,Top,86,4,0,2,0,TOR,TB,650907,657024,,606132,,623168,624415,676914,669289,666182,B,,ball,Ball,8,12,12,8,0.017,0.0,R,4-Seam Fastball,92.7,R,R
716357,2023-10-01,2023,9,Top,86,3,0,2,0,TOR,TB,650907,657024,,606132,,623168,624415,676914,669289,666182,S,,foul,Foul,8,12,12,8,0.0,0.0,R,Split-Finger,86.0,R,R
716357,2023-10-01,2023,9,Top,86,2,0,1,0,TOR,TB,650907,657024,,606132,,623168,624415,676914,669289,666182,S,,foul,Foul,8,12,12,8,-0.062,0.0,R,Slider,87.4,R,R
716357,2023-10-01,2023,9,Top,86,1,0,0,0,TOR,TB,650907,657024,606132,,,623168,624415,676914,669289,666182,S,,called_strike,Called Strike,8,12,12,8,-0.036,-0.002,R,4-Seam Fastball,92.9,R,R
716357,2023-10-01,2023,9,Top,85,4,1,2,0,TOR,TB,606132,657024,,,,623168,624415,676914,669289,666182,X,single,hit_into_play,Raimel Tapia singles on a sharp ground ball to center fielder Daulton Varsho.,8,12,12,8,0.504,-0.002,R,Split-Finger,85.6,L,R
716357,2023-10-01,2023,9,Top,85,3,1,1,0,TOR,TB,606132,657024,,,,623168,624415,676914,669289,666182,S,,called_strike,Called Strike,8,12,12,8,-0.061,0.0,R,Split-Finger,85.0,L,R
716357,2023-10-01,2023,9,Top,85,2,0,1,0,TOR,TB,606132,657024,,,,623168,624415,676914,669289,666182,B,,ball,Ball,8,12,12,8,0.031,0.0,R,Split-Finger,84.5,L,R
716357,2023-10-01,2023,9,Top,85,1,0,0,0,TOR,TB,606132,657024,,,,623168,624415,676914,669289,666182,S,,foul,Foul,8,12,12,8,-0.042,0.0,R,4-Seam Fastball,91.4,L,R
716357,2023-10-01,2023,8,Bot,84,6,3,2,2,TOR,TB,624415,671737,,,666182,650907,666018,691406,670623,678554,X,field_out,hit_into_play,"Cavan Biggio grounds out, shortstop Curtis Mead to first baseman Jonathan Aranda.",8,12,8,12,-0.314,-0.012,R,Split-Finger,89.1,L,R
716357,2023-10-01,2023,8,Bot,84,5,2,2,2,TOR,TB,624415,671737,,,666182,650907,666018,691406,670623,678554,B,,blocked_ball,Ball In Dirt,8,12,8,12,0.053,0.0,R,4-Seam Fastball,96.0,L,R
716357,2023-10-01,2023,8,Bot,84,4,1,2,2,TOR,TB,624415,671737,,,666182,650907,666018,691406,670623,678554,B,,ball,Ball,8,12,8,12,0.036,0.0,R,4-Seam Fastball,96.2,L,R
716357,2023-10-01,2023,8,Bot,84,3,0,2,2,TOR,TB,624415,671737,,,666182,650907,666018,691406,670623,678554,B,,ball,Ball,8,12,8,12,0.018,0.0,R,Cutter,90.9,L,R
716357,2023-10-01,2023,8,Bot,84,2,0,1,2,TOR,TB,624415,671737,,,666182,650907,666018,691406,670623,678554,S,,called_strike,Called Strike,8,12,8,12,-0.051,0.0,R,4-Seam Fastball,95.7,L,R
716357,2023-10-01,2023,8,Bot,84,1,0,0,2,TOR,TB,624415,671737,,,666182,650907,666018,691406,670623,678554,S,,foul,Foul,8,12,8,12,-0.036,0.0,R,4-Seam Fastball,95.7,L,R
716357,2023-10-01,2023,8,Bot,83,5,1,2,1,TOR,TB,676914,671737,,,666182,650907,666018,691406,670623,678554,X,field_out,hit_into_play,Davis Schneider pops out to shortstop Curtis Mead.,8,12,8,12,0.001,-0.026,R,4-Seam Fastball,96.5,R,R
716357,2023-10-01,2023,8,Bot,83,4,1,2,1,TOR,TB,676914,671737,,,666182,650907,666018,691406,670623,678554,S,,foul,Foul,8,12,8,12,0.0,0.0,R,Curveball,79.1,R,R
716357,2023-10-01,2023,8,Bot,83,3,0,2,1,TOR,TB,676914,671737,,,666182,650907,666018,691406,670623,678554,B,,ball,Ball,8,12,8,12,-0.01,0.0,R,Cutter,91.4,R,R
716357,2023-10-01,2023,8,Bot,83,2,0,1,1,TOR,TB,676914,671737,,,666182,650907,666018,691406,670623,678554,S,,called_strike,Called Strike,8,12,8,12,-0.085,0.0,R,Curveball,78.9,R,R
716357,2023-10-01,2023,8,Bot,83,1,0,0,1,TOR,TB,676914,671737,,,666182,650907,666018,691406,670623,678554,S,,swinging_strike,Swinging Strike,8,12,8,12,-0.055,0.0,R,Cutter,91.2,R,R
716357,2023-10-01,2023,8,Bot,82,2,1,0,1,TOR,TB,666182,671737,,,,650907,666018,691406,670623,678554,X,triple,hit_into_play,Bo Bichette triples (3) on a fly ball to right fielder Osleivis Basabe.,8,12,8,12,1.034,0.026,R,4-Seam Fastball,95.3,R,R
716357,2023-10-01,2023,8,Bot,82,1,0,0,1,TOR,TB,666182,671737,,,,650907,666018,691406,670623,678554,B,,ball,Ball,8,12,8,12,0.039,0.0,R,Curveball,78.5,R,R
716357,2023-10-01,2023,8,Bot,81,3,2,0,1,TOR,TB,474832,671737,,,,650907,666018,691406,670623,678554,X,home_run,hit_into_play,Brandon Belt homers (19) on a fly ball to right center field.,7,12,7,12,1.477,0.014,R,4-Seam Fastball,94.7,L,R
716357,2023-10-01,2023,8,Bot,81,2,1,0,1,TOR,TB,474832,671737,,,,650907,666018,691406,670623,678554,B,,ball,Ball,7,12,7,12,0.066,0.0,R,4-Seam Fastball,95.7,L,R
716357,2023-10-01,2023,8,Bot,81,1,0,0,1,TOR,TB,474832,671737,,,,650907,666018,691406,670623,678554,B,,ball,Ball,7,12,7,12,0.039,0.0,R,4-Seam Fastball,95.7,L,R
716357,2023-10-01,2023,8,Bot,80,1,0,0,0,TOR,TB,593160,671737,,,,650907,666018,691406,670623,678554,X,field_out,hit_into_play,Whit Merrifield lines out to shortstop Curtis Mead.,7,12,7,12,-0.265,-0.007,R,4-Seam Fastball,94.7,R,R
716357,2023-10-01,2023,8,Top,79,1,0,0,2,TOR,TB,622534,643338,,,,623168,624415,676914,669289,666182,X,field_out,hit_into_play,Manuel Margot pops out to first baseman Cavan Biggio.,7,12,12,7,-0.275,0.0,R,4-Seam Fastball,95.8,R,R
716357,2023-10-01,2023,8,Top,78,5,2,2,1,TOR,TB,678554,643338,,,,623168,624415,676914,669289,666182,X,field_out,hit_into_play,Curtis Mead lines out to first baseman Cavan Biggio.,7,12,12,7,-0.234,0.001,R,4-Seam Fastball,95.6,R,R
716357,2023-10-01,2023,8,Top,78,4,2,1,1,TOR,TB,678554,643338,,,,623168,624415,676914,669289,666182,S,,foul,Foul,7,12,12,7,-0.076,0.0,R,Slider,85.7,R,R
716357,2023-10-01,2023,8,Top,78,3,1,1,1,TOR,TB,678554,643338,,,,623168,624415,676914,669289,666182,B,,ball,Ball,7,12,12,7,0.054,0.0,R,Slider,85.1,R,R
716357,2023-10-01,2023,8,Top,78,2,0,1,1,TOR,TB,678554,643338,,,,623168,624415,676914,669289,666182,B,,ball,Ball,7,12,12,7,0.03,0.0,R,Slider,86.0,R,R
716357,2023-10-01,2023,8,Top,78,1,0,0,1,TOR,TB,678554,643338,,,,623168,624415,676914,669289,666182,S,,swinging_strike,Swinging Strike,7,12,12,7,-0.041,0.0,R,Slider,86.6,R,R
716357,2023-10-01,2023,8,Top,77,4,1,2,0,TOR,TB,666018,643338,,,,623168,624415,676914,669289,666182,S,strikeout,foul_tip,Jonathan Aranda strikes out on a foul tip.,7,12,12,7,-0.193,0.002,R,4-Seam Fastball,95.8,L,R
716357,2023-10-01,2023,8,Top,77,3,1,1,0,TOR,TB,666018,643338,,,,623168,624415,676914,669289,666182,S,,foul,Foul,7,12,12,7,-0.061,0.0,R,Slider,85.7,L,R
716357,2023-10-01,2023,8,Top,77,2,0,1,0,TOR,TB,666018,643338,,,,623168,624415,676914,669289,666182,B,,ball,Ball,7,12,12,7,0.031,0.0,R,4-Seam Fastball,94.7,L,R
716357,2023-10-01,2023,8,Top,77,1,0,0,0,TOR,TB,666018,643338,,,,623168,624415,676914,669289,666182,S,,called_strike,Called Strike,7,12,12,7,-0.042,0.0,R,4-Seam Fastball,94.5,L,R
716357,2023-10-01,2023,7,Bot,76,6,2,2,2,TOR,TB,686490,687330,623168,662139,624415,650907,666018,691406,670623,678554,X,field_out,hit_into_play,"Cam Eden grounds out, pitcher Kevin Kelly to first baseman Jonathan Aranda.",7,12,7,12,-0.226,-0.035,R,Sinker,91.6,R,R
716357,2023-10-01,2023,7,Bot,76,5,2,2,2,TOR,TB,686490,687330,623168,662139,624415,650907,666018,691406,670623,678554,S,,foul,Foul,7,12,7,12,0.0,0.0,R,Sweeper,75.2,R,R
716357,2023-10-01,2023,7,Bot,76,4,2,1,2,TOR,TB,686490,687330,623168,662139,624415,650907,666018,691406,670623,678554,S,,called_strike,Called Strike,7,12,7,12,-0.076,0.0,R,Sinker,90.5,R,R
716357,2023-10-01,2023,7,Bot,76,3,1,1,2,TOR,TB,686490,687330,623168,662139,624415,650907,666018,691406,670623,678554,B,,ball,Ball,7,12,7,12,0.047,0.0,R,Sinker,90.9,R,R
716357,2023-10-01,2023,7,Bot,76,2,0,1,2,TOR,TB,686490,687330,623168,662139,624415,650907,666018,691406,670623,678554,B,,ball,Ball,7,12,7,12,0.034,0.0,R,Sweeper,76.6,R,R
716357,2023-10-01,2023,7,Bot,76,1,0,0,2,TOR,TB,686490,687330,623168,662139,624415,650907,666018,691406,670623,678554,S,,called_strike,Called Strike,7,12,7,12,-0.047,0.0,R,Sinker,89.1,R,R
716357,2023-10-01,2023,7,Bot,75,2,0,1,2,TOR,TB,623168,687330,662139,,624415,650907,666018,691406,670623,678554,B,hit_by_pitch,hit_by_pitch,Tyler Heineman hit by pitch.    Daulton Varsho to 2nd.,7,12,7,12,0.198,0.018,R,Cutter,83.7,L,R
716357,2023-10-01,2023,7,Bot,75,1,0,0,2,TOR,TB,623168,687330,662139,,624415,650907,666018,691406,670623,678554,S,,foul,Foul,7,12,7,12,-0.052,0.0,R,Sweeper,76.8,L,R
716357,2023-10-01,2023,7,Bot,74,1,0,0,2,TOR,TB,662139,687330,624415,666182,,650907,666018,691406,670623,678554,X,field_error,hit_into_play,Daulton Varsho reaches on a fielding error by center fielder Manuel Margot.   Bo Bichette scores.    Cavan Biggio to 3rd.,6,12,6,12,0.355,0.016,R,Sinker,90.6,L,R
716357,2023-10-01,2023,7,Bot,73,5,1,2,1,TOR,TB,669289,687330,624415,666182,,650907,666018,691406,670623,678554,S,strikeout,called_strike,Santiago Espinal called out on strikes.,6,12,6,12,-0.173,-0.013,R,Sweeper,75.5,R,R
716357,2023-10-01,2023,7,Bot,73,4,0,2,1,TOR,TB,669289,687330,624415,666182,,650907,666018,691406,670623,678554,B,,ball,Ball,6,12,6,12,0.022,0.0,R,Sweeper,76.1,R,R
716357,2023-10-01,2023,7,Bot,73,3,0,2,1,TOR,TB,669289,687330,624415,666182,,650907,666018,691406,670623,678554,S,,foul,Foul,6,12,6,12,0.0,0.0,R,Sweeper,76.6,R,R
716357,2023-10-01,2023,7,Bot,73,2,0,1,1,TOR,TB,669289,687330,624415,666182,,650907,666018,691406,670623,678554,S,,swinging_strike,Swinging Strike,6,12,6,12,-0.05,0.0,R,Sweeper,75.1,R,R
716357,2023-10-01,2023,7,Bot,73,1,0,0,1,TOR,TB,669289,687330,624415,666182,,650907,666018,691406,670623,678554,S,,called_strike,Called Strike,6,12,6,12,-0.04,0.0,R,Sinker,90.7,R,R
716357,2023-10-01,2023,7,Bot,72,1,0,0,1,TOR,TB,624415,687330,666182,,,650907,666018,691406,670623,678554,X,single,hit_into_play,Cavan Biggio singles on a line drive to left fielder Raimel Tapia.   Bo Bichette to 2nd.,6,12,6,12,0.415,0.012,R,Sinker,89.3,L,R
716357,2023-10-01,2023,7,Bot,71,7,3,2,0,TOR,TB,676914,687330,666182,,,650907,666018,691406,670623,678554,S,strikeout,swinging_strike,Davis Schneider strikes out swinging.,6,12,6,12,-0.298,-0.011,R,Sinker,89.3,R,R
716357,2023-10-01,2023,7,Bot,71,6,3,2,0,TOR,TB,676914,687330,666182,,,650907,666018,691406,670623,678554,S,,foul,Foul,6,12,6,12,0.0,0.0,R,Sinker,89.1,R,R
716357,2023-10-01,2023,7,Bot,71,5,2,2,0,TOR,TB,676914,687330,666182,,,650907,666018,691406,670623,678554,B,,ball,Ball,6,12,6,12,0.088,0.0,R,Sinker,91.2,R,R
716357,2023-10-01,2023,7,Bot,71,4,1,2,0,TOR,TB,676914,687330,666182,,,650907,666018,691406,670623,678554,B,,ball,Ball,6,12,6,12,0.045,0.0,R,Sweeper,72.9,R,R
716357,2023-10-01,2023,7,Bot,71,3,1,1,0,TOR,TB,676914,687330,666182,,,650907,666018,691406,670623,678554,S,,foul,Foul,6,12,6,12,-0.059,0.0,R,Sweeper,76.8,R,R
716357,2023-10-01,2023,7,Bot,71,2,0,1,0,TOR,TB,676914,687330,666182,,,650907,666018,691406,670623,678554,B,,ball,Ball,6,12,6,12,0.024,0.0,R,Sweeper,76.1,R,R
716357,2023-10-01,2023,7,Bot,71,1,0,0,0,TOR,TB,676914,687330,666182,,,650907,666018,691406,670623,678554,S,,called_strike,Called Strike,6,12,6,12,-0.036,0.0,R,Sinker,91.0,R,R
716357,2023-10-01,2023,7,Bot,70,8,3,2,0,TOR,TB,666182,687330,,,,650907,666018,691406,670623,678554,B,walk,ball,Bo Bichette walks.,6,12,6,12,0.347,0.011,R,Sinker,90.4,R,R
716357,2023-10-01,2023,7,Bot,70,7,3,2,0,TOR,TB,666182,687330,,,,650907,666018,691406,670623,678554,S,,foul,Foul,6,12,6,12,0.0,0.0,R,Sinker,90.2,R,R
716357,2023-10-01,2023,7,Bot,70,6,3,2,0,TOR,TB,666182,687330,,,,650907,666018,691406,670623,678554,S,,foul,Foul,6,12,6,12,0.0,0.0,R,Sinker,90.6,R,R
716357,2023-10-01,2023,7,Bot,70,5,2,2,0,TOR,TB,666182,687330,,,,650907,666018,691406,670623,678554,B,,ball,Ball,6,12,6,12,0.115,0.0,R,Sweeper,77.4,R,R
716357,2023-10-01,2023,7,Bot,70,4,1,2,0,TOR,TB,666182,687330,,,,650907,666018,691406,670623,678554,B,,ball,Ball,6,12,6,12,0.046,0.0,R,Sinker,90.3,R,R
716357,2023-10-01,2023,7,Bot,70,3,1,1,0,TOR,TB,666182,687330,,,,650907,666018,691406,670623,678554,S,,foul,Foul,6,12,6,12,-0.061,0.0,R,Sinker,90.2,R,R
716357,2023-10-01,2023,7,Bot,70,2,0,1,0,TOR,TB,666182,687330,,,,650907,666018,691406,670623,678554,B,,ball,Ball,6,12,6,12,0.031,0.0,R,Sinker,90.7,R,R
716357,2023-10-01,2023,7,Bot,70,1,0,0,0,TOR,TB,666182,687330,,,,650907,666018,691406,670623,678554,S,,called_strike,Called Strike,6,12,6,12,-0.042,0.0,R,Sinker,90.9,R,R
716357,2023-10-01,2023,7,Top,69,3,0,2,2,TOR,TB,670623,650893,,623912,,623168,624415,676914,669289,666182,S,strikeout,swinging_strike,Isaac Paredes strikes out swinging.,6,12,12,6,-0.185,0.002,R,Cutter,90.6,R,L
716357,2023-10-01,2023,7,Top,69,2,0,1,2,TOR,TB,670623,650893,,623912,,623168,624415,676914,669289,666182,S,,called_strike,Called Strike,6,12,12,6,-0.061,0.0,R,Cutter,90.1,R,L
716357,2023-10-01,2023,7,Top,69,1,0,0,2,TOR,TB,670623,650893,,623912,,623168,624415,676914,669289,666182,S,,called_strike,Called Strike,6,12,12,6,-0.046,0.0,R,Curveball,79.4,R,L
716357,2023-10-01,2023,7,Top,68,2,0,1,2,TOR,TB,623912,650893,678545,,,623168,624415,676914,669289,666182,X,double,hit_into_play,Harold Ramirez doubles (19) on a line drive to right fielder Whit Merrifield.   Osleivis Basabe scores.,6,11,11,6,0.926,-0.016,R,4-Seam Fastball,97.2,R,L
716357,2023-10-01,2023,7,Top,68,1,0,0,2,TOR,TB,623912,650893,678545,,,623168,624415,676914,669289,666182,S,,called_strike,Called Strike,6,11,11,6,-0.045,0.0,R,Curveball,79.0,R,L
716357,2023-10-01,2023,7,Top,67,4,2,1,2,TOR,TB,678545,650893,,,,623168,624415,676914,669289,666182,X,single,hit_into_play,Osleivis Basabe singles on a sharp ground ball to right fielder Whit Merrifield.,6,11,11,6,0.304,-0.001,R,4-Seam Fastball,96.8,R,L
716357,2023-10-01,2023,7,Top,67,3,2,0,2,TOR,TB,678545,650893,,,,623168,624415,676914,669289,666182,S,,foul,Foul,6,11,11,6,-0.06,0.0,R,4-Seam Fastball,97.0,R,L
716357,2023-10-01,2023,7,Top,67,2,1,0,2,TOR,TB,678545,650893,,,,623168,624415,676914,669289,666182,B,,ball,Ball,6,11,11,6,0.056,0.0,R,Curveball,81.5,R,L
716357,2023-10-01,2023,7,Top,67,1,0,0,2,TOR,TB,678545,650893,,,,623168,624415,676914,669289,666182,B,,ball,Ball,6,11,11,6,0.043,0.0,R,Curveball,80.7,R,L
716357,2023-10-01,2023,7,Top,66,6,3,2,1,TOR,TB,691406,650893,,,,623168,624415,676914,669289,666182,S,strikeout,swinging_strike,Junior Caminero strikes out swinging.,6,11,11,6,-0.328,0.002,R,4-Seam Fastball,98.0,R,L
716357,2023-10-01,2023,7,Top,66,5,2,2,1,TOR,TB,691406,650893,,,,623168,624415,676914,669289,666182,B,,ball,Ball,6,11,11,6,0.094,0.0,R,Cutter,90.1,R,L
716357,2023-10-01,2023,7,Top,66,4,1,2,1,TOR,TB,691406,650893,,,,623168,624415,676914,669289,666182,B,,ball,Ball,6,11,11,6,0.045,0.0,R,4-Seam Fastball,97.8,R,L
716357,2023-10-01,2023,7,Top,66,3,0,2,1,TOR,TB,691406,650893,,,,623168,624415,676914,669289,666182,B,,ball,Ball,6,11,11,6,0.019,0.0,R,4-Seam Fastball,97.5,R,L
716357,2023-10-01,2023,7,Top,66,2,0,1,1,TOR,TB,691406,650893,,,,623168,624415,676914,669289,666182,S,,swinging_strike,Swinging Strike,6,11,11,6,-0.057,0.0,R,Cutter,90.5,R,L
716357,2023-10-01,2023,7,Top,66,1,0,0,1,TOR,TB,691406,650893,,,,623168,624415,676914,669289,666182,S,,swinging_strike,Swinging Strike,6,11,11,6,-0.041,0.0,R,Cutter,89.2,R,L
716357,2023-10-01,2023,7,Top,65,2,0,1,0,TOR,TB,650907,650893,,,,623168,624415,676914,669289,666182,X,field_out,hit_into_play,Rene Pinto flies out to center fielder Daulton Varsho.,6,11,11,6,-0.223,0.002,R,4-Seam Fastball,97.2,R,L
716357,2023-10-01,2023,7,Top,65,1,0,0,0,TOR,TB,650907,650893,,,,623168,624415,676914,669289,666182,S,,swinging_strike,Swinging Strike,6,11,11,6,-0.042,0.0,R,4-Seam Fastball,95.9,R,L
716357,2023-10-01,2023,6,Bot,64,6,3,2,2,TOR,TB,474832,687330,623168,662139,,650907,666018,691406,670623,678554,S,strikeout,called_strike,Brandon Belt called out on strikes.,6,11,6,11,-0.311,-0.019,R,Sinker,90.4,L,R
716357,2023-10-01,2023,6,Bot,64,5,2,2,2,TOR,TB,474832,687330,623168,662139,,650907,666018,691406,670623,678554,B,,ball,Ball,6,11,6,11,0.064,0.0,R,Sweeper,76.1,L,R
716357,2023-10-01,2023,6,Bot,64,4,1,2,2,TOR,TB,474832,687330,623168,662139,,650907,666018,691406,670623,678554,B,,ball,Ball,6,11,6,11,0.033,0.0,R,Sinker,90.7,L,R
716357,2023-10-01,2023,6,Bot,64,3,0,2,2,TOR,TB,474832,687330,623168,662139,,650907,666018,691406,670623,678554,B,,ball,Ball,6,11,6,11,0.018,0.0,R,Sinker,91.0,L,R
716357,2023-10-01,2023,6,Bot,64,2,0,1,2,TOR,TB,474832,687330,623168,662139,,650907,666018,691406,670623,678554,S,,called_strike,Called Strike,6,11,6,11,-0.061,0.0,R,Cutter,84.6,L,R
716357,2023-10-01,2023,6,Bot,64,1,0,0,2,TOR,TB,474832,687330,623168,662139,,650907,666018,691406,670623,678554,S,,swinging_strike,Swinging Strike,6,11,6,11,-0.04,0.0,R,Sinker,90.3,L,R
716357,2023-10-01,2023,6,Bot,63,1,0,0,1,TOR,TB,593160,687330,623168,662139,,650907,666018,691406,670623,678554,X,field_out,hit_into_play,Whit Merrifield pops out to second baseman Junior Caminero on the infield fly rule.,6,11,6,11,-0.238,-0.027,R,Sinker,90.5,R,R
716357,2023-10-01,2023,6,Bot,62,8,2,2,0,TOR,TB,686490,682052,623168,662139,,650907,666018,691406,670623,678554,S,strikeout,swinging_strike,Cam Eden strikes out swinging.,6,11,6,11,-0.202,-0.035,R,Slider,77.7,R,L
716357,2023-10-01,2023,6,Bot,62,7,2,2,0,TOR,TB,686490,682052,623168,662139,,650907,666018,691406,670623,678554,S,,foul,Foul,6,11,6,11,0.0,0.0,R,4-Seam Fastball,90.6,R,L
716357,2023-10-01,2023,6,Bot,62,6,2,2,0,TOR,TB,686490,682052,623168,662139,,650907,666018,691406,670623,678554,S,,foul,Foul,6,11,6,11,0.0,0.0,R,Changeup,83.0,R,L
716357,2023-10-01,2023,6,Bot,62,5,2,2,0,TOR,TB,686490,682052,623168,662139,,650907,666018,691406,670623,678554,S,,foul,Foul,6,11,6,11,0.0,0.0,R,Slider,78.6,R,L
716357,2023-10-01,2023,6,Bot,62,4,2,1,0,TOR,TB,686490,682052,623168,662139,,650907,666018,691406,670623,678554,S,,foul,Foul,6,11,6,11,-0.094,0.0,R,Changeup,82.9,R,L
716357,2023-10-01,2023,6,Bot,62,3,1,1,0,TOR,TB,686490,682052,623168,662139,,650907,666018,691406,670623,678554,B,,ball,Ball,6,11,6,11,0.052,0.0,R,4-Seam Fastball,90.5,R,L
716357,2023-10-01,2023,6,Bot,62,2,0,1,0,TOR,TB,686490,682052,623168,662139,,650907,666018,691406,670623,678554,B,,ball,Ball,6,11,6,11,0.034,0.0,R,Changeup,83.8,R,L
716357,2023-10-01,2023,6,Bot,62,1,0,0,0,TOR,TB,686490,682052,623168,662139,,650907,666018,691406,670623,678554,S,,called_strike,Called Strike,6,11,6,11,-0.048,0.0,R,4-Seam Fastball,88.9,R,L
716357,2023-10-01,2023,6,Bot,61,2,1,0,0,TOR,TB,623168,682052,662139,,669289,650907,666018,691406,670623,678554,X,single,hit_into_play,Tyler Heineman singles on a ground ball to third baseman Isaac Paredes.   Santiago Espinal scores.    Daulton Varsho to 2nd.,5,11,5,11,0.409,0.034,R,Changeup,81.1,R,L
716357,2023-10-01,2023,6,Bot,61,1,0,0,0,TOR,TB,623168,682052,662139,,669289,650907,666018,691406,670623,678554,B,,ball,Ball,5,11,5,11,0.009,0.0,R,Changeup,82.8,R,L
716357,2023-10-01,2023,6,Bot,60,4,1,2,0,TOR,TB,662139,682052,669289,624415,,650907,666018,691406,670623,678554,X,single,hit_into_play,Daulton Varsho singles on a line drive to right fielder Josh Lowe.   Cavan Biggio scores.    Santiago Espinal to 3rd.,4,11,4,11,0.549,0.037,R,4-Seam Fastball,90.2,L,L
716357,2023-10-01,2023,6,Bot,60,3,1,1,0,TOR,TB,662139,682052,669289,624415,,650907,666018,691406,670623,678554,S,,called_strike,Called Strike,4,11,4,11,-0.076,0.0,R,4-Seam Fastball,90.1,L,L
716357,2023-10-01,2023,6,Bot,60,2,1,0,0,TOR,TB,662139,682052,669289,624415,,650907,666018,691406,670623,678554,S,,foul,Foul,4,11,4,11,-0.055,0.0,R,4-Seam Fastball,89.8,L,L
716357,2023-10-01,2023,6,Bot,60,1,0,0,0,TOR,TB,662139,682052,669289,624415,,650907,666018,691406,670623,678554,B,,ball,Ball,4,11,4,11,0.042,0.0,R,4-Seam Fastball,89.1,L,L
716357,2023-10-01,2023,6,Bot,59,1,0,0,0,TOR,TB,669289,682052,624415,,,650907,666018,691406,670623,678554,X,fielders_choice,hit_into_play,"Santiago Espinal reaches on a fielder's choice, fielded by second baseman Junior Caminero.   Cavan Biggio to 2nd.  Cavan Biggio advances to 2nd, on a fielding error by second baseman Junior Caminero.",4,11,4,11,0.473,0.015,R,Changeup,82.4,R,L
716357,2023-10-01,2023,6,Bot,58,6,2,2,0,TOR,TB,624415,682052,,676914,,650907,666018,691406,670623,678554,X,single,hit_into_play,Cavan Biggio singles on a line drive to right fielder Josh Lowe.   Davis Schneider scores.,3,11,3,11,0.56,0.009,R,Slider,78.2,L,L
716357,2023-10-01,2023,6,Bot,58,5,2,2,0,TOR,TB,624415,682052,,676914,,650907,666018,691406,670623,678554,S,,foul,Foul,3,11,3,11,0.0,0.0,R,4-Seam Fastball,90.7,L,L
716357,2023-10-01,2023,6,Bot,58,4,2,1,0,TOR,TB,624415,682052,,676914,,650907,666018,691406,670623,678554,S,,foul,Foul,3,11,3,11,-0.082,0.0,R,4-Seam Fastball,90.6,L,L
716357,2023-10-01,2023,6,Bot,58,3,1,1,0,TOR,TB,624415,682052,,676914,,650907,666018,691406,670623,678554,B,,ball,Ball,3,11,3,11,0.05,0.0,R,4-Seam Fastball,91.4,L,L
716357,2023-10-01,2023,6,Bot,58,2,1,0,0,TOR,TB,624415,682052,,676914,,650907,666018,691406,670623,678554,S,,called_strike,Called Strike,3,11,3,11,-0.061,0.0,R,4-Seam Fastball,90.4,L,L
716357,2023-10-01,2023,6,Bot,58,1,0,0,0,TOR,TB,624415,682052,,676914,,650907,666018,691406,670623,678554,B,,ball,Ball,3,11,3,11,0.036,0.0,R,4-Seam Fastball,90.2,L,L
716357,2023-10-01,2023,6,Bot,57,1,0,0,0,TOR,TB,676914,682052,,,,650907,666018,691406,670623,678554,X,double,hit_into_play,Davis Schneider doubles (12) on a sharp line drive to right fielder Josh Lowe.,3,11,3,11,0.706,0.006,R,4-Seam Fastball,89.7,R,L
716357,2023-10-01,2023,6,Top,56,3,1,1,2,TOR,TB,606132,670950,,,666018,623168,624415,676914,669289,666182,X,field_out,hit_into_play,"Raimel Tapia grounds out, pitcher Trevor Richards to first baseman Cavan Biggio.",3,11,11,3,-0.286,0.001,R,Changeup,81.4,L,R
716357,2023-10-01,2023,6,Top,56,2,1,0,2,TOR,TB,606132,670950,,,666018,623168,624415,676914,669289,666182,S,,swinging_strike,Swinging Strike,3,11,11,3,-0.035,0.0,R,Changeup,81.6,L,R
716357,2023-10-01,2023,6,Top,56,1,0,0,2,TOR,TB,606132,670950,,,666018,623168,624415,676914,669289,666182,B,,blocked_ball,Ball In Dirt,3,11,11,3,0.028,0.0,R,Changeup,81.7,L,R
716357,2023-10-01,2023,6,Top,55,3,0,2,1,TOR,TB,622534,670950,,666018,,623168,624415,676914,669289,666182,X,field_out,hit_into_play,"Manuel Margot grounds out, second baseman Davis Schneider to first baseman Cavan Biggio.   Jonathan Aranda to 3rd.",3,11,11,3,-0.168,0.001,R,4-Seam Fastball,91.5,R,R
716357,2023-10-01,2023,6,Top,55,2,0,1,1,TOR,TB,622534,670950,,666018,,623168,624415,676914,669289,666182,S,,swinging_strike,Swinging Strike,3,11,11,3,-0.069,0.0,R,4-Seam Fastball,92.2,R,R
716357,2023-10-01,2023,6,Top,55,1,0,0,1,TOR,TB,622534,670950,,666018,,623168,624415,676914,669289,666182,S,,called_strike,Called Strike,3,11,11,3,-0.038,0.0,R,4-Seam Fastball,92.8,R,R
716357,2023-10-01,2023,6,Top,54,2,0,1,0,TOR,TB,678554,670950,,666018,,623168,624415,676914,669289,666182,X,field_out,hit_into_play,Curtis Mead lines out sharply to center fielder Daulton Varsho.,3,11,11,3,-0.221,0.001,R,4-Seam Fastball,91.7,R,R
716357,2023-10-01,2023,6,Top,54,1,0,0,0,TOR,TB,678554,670950,,666018,,623168,624415,676914,669289,666182,S,,foul,Foul,3,11,11,3,-0.046,0.0,R,Changeup,81.8,R,R
716357,2023-10-01,2023,6,Top,53,7,2,2,0,TOR,TB,666018,670950,,670623,,623168,624415,676914,669289,666182,X,double,hit_into_play,Jonathan Aranda doubles (4) on a line drive to right fielder Whit Merrifield.   Isaac Paredes scores.,3,10,10,3,0.774,-0.004,R,Changeup,81.6,L,R
716357,2023-10-01,2023,6,Top,53,6,1,2,0,TOR,TB,666018,670950,,670623,,623168,624415,676914,669289,666182,B,,ball,Ball,3,10,10,3,0.034,0.0,R,4-Seam Fastball,92.4,L,R
716357,2023-10-01,2023,6,Top,53,5,1,2,0,TOR,TB,666018,670950,,670623,,623168,624415,676914,669289,666182,S,,foul,Foul,3,10,10,3,0.0,0.0,R,4-Seam Fastball,92.1,L,R
716357,2023-10-01,2023,6,Top,53,4,1,2,0,TOR,TB,666018,670950,,670623,,623168,624415,676914,669289,666182,S,,foul,Foul,3,10,10,3,0.0,0.0,R,Changeup,81.1,L,R
716357,2023-10-01,2023,6,Top,53,3,1,1,0,TOR,TB,666018,670950,,670623,,623168,624415,676914,669289,666182,S,,called_strike,Called Strike,3,10,10,3,-0.066,0.0,R,4-Seam Fastball,92.3,L,R
716357,2023-10-01,2023,6,Top,53,2,0,1,0,TOR,TB,666018,670950,,670623,,623168,624415,676914,669289,666182,B,,blocked_ball,Ball In Dirt,3,10,10,3,0.02,0.0,R,Changeup,81.8,L,R
716357,2023-10-01,2023,6,Top,53,1,0,0,0,TOR,TB,666018,670950,,670623,,623168,624415,676914,669289,666182,S,,swinging_strike,Swinging Strike,3,10,10,3,-0.046,0.0,R,Changeup,82.8,L,R
716357,2023-10-01,2023,6,Top,52,5,2,2,0,TOR,TB,670623,670950,,,,623168,624415,676914,669289,666182,X,double,hit_into_play,Isaac Paredes doubles (24) on a line drive to left fielder Cam Eden.,3,10,10,3,0.732,-0.003,R,Changeup,82.0,R,R
716357,2023-10-01,2023,6,Top,52,4,1,2,0,TOR,TB,670623,670950,,,,623168,624415,676914,669289,666182,B,,ball,Ball,3,10,10,3,0.046,0.0,R,Changeup,82.7,R,R
716357,2023-10-01,2023,6,Top,52,3,1,1,0,TOR,TB,670623,670950,,,,623168,624415,676914,669289,666182,S,,called_strike,Called Strike,3,10,10,3,-0.061,0.0,R,Changeup,82.3,R,R
716357,2023-10-01,2023,6,Top,52,2,0,1,0,TOR,TB,670623,670950,,,,623168,624415,676914,669289,666182,B,,ball,Ball,3,10,10,3,0.031,0.0,R,Changeup,80.6,R,R
716357,2023-10-01,2023,6,Top,52,1,0,0,0,TOR,TB,670623,670950,,,,623168,624415,676914,669289,666182,S,,foul,Foul,3,10,10,3,-0.042,0.0,R,4-Seam Fastball,91.5,R,R
716357,2023-10-01,2023,5,Bot,51,3,0,2,2,TOR,TB,666182,682052,,,,650907,666018,678554,670623,691406,S,strikeout,swinging_strike,Bo Bichette strikes out swinging.,3,10,3,10,-0.169,-0.002,R,Changeup,84.5,R,L
716357,2023-10-01,2023,5,Bot,51,2,0,1,2,TOR,TB,666182,682052,,,,650907,666018,678554,670623,691406,S,,foul,Foul,3,10,3,10,-0.061,0.0,R,Slider,81.1,R,L
716357,2023-10-01,2023,5,Bot,51,1,0,0,2,TOR,TB,666182,682052,,,,650907,666018,678554,670623,691406,S,,swinging_strike,Swinging Strike,3,10,3,10,-0.045,0.0,R,Slider,80.0,R,L
716357,2023-10-01,2023,5,Bot,50,2,1,0,1,TOR,TB,474832,682052,,,,650907,666018,678554,670623,691406,X,field_out,hit_into_play,Brandon Belt flies out to center fielder Manuel Margot.,3,10,3,10,-0.306,-0.003,R,4-Seam Fastball,89.7,L,L
716357,2023-10-01,2023,5,Bot,50,1,0,0,1,TOR,TB,474832,682052,,,,650907,666018,678554,670623,691406,B,,ball,Ball,3,10,3,10,0.039,0.0,R,Slider,80.3,L,L
716357,2023-10-01,2023,5,Bot,49,1,0,0,0,TOR,TB,593160,682052,,,,650907,666018,678554,670623,691406,X,field_out,hit_into_play,Whit Merrifield flies out to center fielder Manuel Margot.,3,10,3,10,-0.265,-0.005,R,4-Seam Fastball,89.2,R,L
716357,2023-10-01,2023,5,Top,48,2,1,0,2,TOR,TB,623912,641835,,,,623168,624415,676914,669289,666182,X,field_out,hit_into_play,"Harold Ramirez grounds out, shortstop Bo Bichette to first baseman Cavan Biggio.",3,10,10,3,-0.317,0.001,R,Slider,85.0,R,L
716357,2023-10-01,2023,5,Top,48,1,0,0,2,TOR,TB,623912,641835,,,,623168,624415,676914,669289,666182,B,,ball,Ball,3,10,10,3,0.043,0.0,R,Slider,85.5,R,L
716357,2023-10-01,2023,5,Top,47,5,2,2,1,TOR,TB,666139,641835,,,,623168,624415,676914,669289,666182,S,strikeout,called_strike,Josh Lowe called out on strikes.,3,10,10,3,-0.234,0.001,R,Sinker,93.9,L,L
716357,2023-10-01,2023,5,Top,47,4,1,2,1,TOR,TB,666139,641835,,,,623168,624415,676914,669289,666182,B,,ball,Ball,3,10,10,3,0.045,0.0,R,Sinker,94.0,L,L
716357,2023-10-01,2023,5,Top,47,3,0,2,1,TOR,TB,666139,641835,,,,623168,624415,676914,669289,666182,B,,ball,Ball,3,10,10,3,0.019,0.0,R,Slider,87.1,L,L
716357,2023-10-01,2023,5,Top,47,2,0,1,1,TOR,TB,666139,641835,,,,623168,624415,676914,669289,666182,S,,called_strike,Called Strike,3,10,10,3,-0.057,0.0,R,Sinker,93.6,L,L
716357,2023-10-01,2023,5,Top,47,1,0,0,1,TOR,TB,666139,641835,,,,623168,624415,676914,669289,666182,S,,called_strike,Called Strike,3,10,10,3,-0.041,0.0,R,Sinker,92.7,L,L
716357,2023-10-01,2023,5,Top,46,2,1,0,1,TOR,TB,691406,641835,,,,623168,624415,676914,669289,666182,X,home_run,hit_into_play,Junior Caminero homers (1) on a fly ball to right center field.,3,9,9,3,1.544,-0.016,R,Sinker,94.0,R,L
716357,2023-10-01,2023,5,Top,46,1,0,0,1,TOR,TB,691406,641835,,,,623168,624415,676914,669289,666182,B,,ball,Ball,3,9,9,3,0.039,0.0,R,Slider,85.6,R,L
716357,2023-10-01,2023,5,Top,45,5,2,2,0,TOR,TB,650907,641835,,,,623168,624415,676914,669289,666182,S,strikeout,swinging_strike,Rene Pinto strikes out swinging.,3,9,9,3,-0.239,0.003,R,Sinker,92.6,R,L
716357,2023-10-01,2023,5,Top,45,4,1,2,0,TOR,TB,650907,641835,,,,623168,624415,676914,669289,666182,B,,ball,Ball,3,9,9,3,0.046,0.0,R,Slider,84.7,R,L
716357,2023-10-01,2023,5,Top,45,3,1,1,0,TOR,TB,650907,641835,,,,623168,624415,676914,669289,666182,S,,swinging_strike,Swinging Strike,3,9,9,3,-0.061,0.0,R,Slider,85.2,R,L
716357,2023-10-01,2023,5,Top,45,2,1,0,0,TOR,TB,650907,641835,,,,623168,624415,676914,669289,666182,S,,swinging_strike,Swinging Strike,3,9,9,3,-0.052,0.0,R,Sinker,92.4,R,L
716357,2023-10-01,2023,5,Top,45,1,0,0,0,TOR,TB,650907,641835,,,,623168,624415,676914,669289,666182,B,,ball,Ball,3,9,9,3,0.04,0.0,R,Sinker,91.9,R,L
716357,2023-10-01,2023,4,Bot,44,2,1,0,2,TOR,TB,686490,682052,623168,,,650907,666018,678554,670623,691406,X,field_out,hit_into_play,Cam Eden flies out sharply to center fielder Manuel Margot.,3,9,3,9,-0.316,-0.008,R,Changeup,82.5,R,L
716357,2023-10-01,2023,4,Bot,44,1,0,0,2,TOR,TB,686490,682052,623168,,,650907,666018,678554,670623,691406,B,,ball,Ball,3,9,3,9,0.03,0.0,R,4-Seam Fastball,90.7,R,L
716357,2023-10-01,2023,4,Bot,43,11,3,2,2,TOR,TB,623168,682052,,,,650907,666018,678554,670623,691406,B,walk,blocked_ball,Tyler Heineman walks.,3,9,3,9,0.286,0.005,R,Slider,78.4,R,L
716357,2023-10-01,2023,4,Bot,43,10,2,2,2,TOR,TB,623168,682052,,,,650907,666018,678554,670623,691406,B,,ball,Ball,3,9,3,9,0.104,0.0,R,Changeup,84.7,R,L
716357,2023-10-01,2023,4,Bot,43,9,2,2,2,TOR,TB,623168,682052,,,,650907,666018,678554,670623,691406,S,,foul,Foul,3,9,3,9,0.0,0.0,R,4-Seam Fastball,91.1,R,L
716357,2023-10-01,2023,4,Bot,43,8,2,2,2,TOR,TB,623168,682052,,,,650907,666018,678554,670623,691406,S,,foul,Foul,3,9,3,9,0.0,0.0,R,4-Seam Fastball,90.6,R,L
716357,2023-10-01,2023,4,Bot,43,7,1,2,2,TOR,TB,623168,682052,,,,650907,666018,678554,670623,691406,B,,ball,Ball,3,9,3,9,0.041,0.0,R,Slider,80.5,R,L
716357,2023-10-01,2023,4,Bot,43,6,1,2,2,TOR,TB,623168,682052,,,,650907,666018,678554,670623,691406,S,,foul,Foul,3,9,3,9,0.0,0.0,R,4-Seam Fastball,91.4,R,L
716357,2023-10-01,2023,4,Bot,43,5,1,2,2,TOR,TB,623168,682052,,,,650907,666018,678554,670623,691406,S,,foul,Foul,3,9,3,9,0.0,0.0,R,Changeup,84.0,R,L
716357,2023-10-01,2023,4,Bot,43,4,1,2,2,TOR,TB,623168,682052,,,,650907,666018,678554,670623,691406,S,,foul,Foul,3,9,3,9,0.0,0.0,R,Slider,79.4,R,L
716357,2023-10-01,2023,4,Bot,43,3,1,1,2,TOR,TB,623168,682052,,,,650907,666018,678554,670623,691406,S,,called_strike,Called Strike,3,9,3,9,-0.069,0.0,R,Changeup,83.8,R,L
716357,2023-10-01,2023,4,Bot,43,2,1,0,2,TOR,TB,623168,682052,,,,650907,666018,678554,670623,691406,S,,called_strike,Called Strike,3,9,3,9,-0.056,0.0,R,4-Seam Fastball,89.1,R,L
716357,2023-10-01,2023,4,Bot,43,1,0,0,2,TOR,TB,623168,682052,,,,650907,666018,678554,670623,691406,B,,ball,Ball,3,9,3,9,0.043,0.0,R,4-Seam Fastball,90.6,R,L
716357,2023-10-01,2023,4,Bot,42,3,1,1,1,TOR,TB,662139,682052,,,,650907,666018,678554,670623,691406,X,field_out,hit_into_play,"Daulton Varsho grounds out sharply, shortstop Junior Caminero to first baseman Jonathan Aranda.",3,9,3,9,-0.257,-0.006,R,4-Seam Fastball,90.9,L,L
716357,2023-10-01,2023,4,Bot,42,2,0,1,1,TOR,TB,662139,682052,,,,650907,666018,678554,670623,691406,B,,ball,Ball,3,9,3,9,0.03,0.0,R,4-Seam Fastball,91.0,L,L
716357,2023-10-01,2023,4,Bot,42,1,0,0,1,TOR,TB,662139,682052,,,,650907,666018,678554,670623,691406,S,,called_strike,Called Strike,3,9,3,9,-0.041,0.0,R,4-Seam Fastball,89.8,L,L
716357,2023-10-01,2023,4,Bot,41,3,2,0,0,TOR,TB,669289,682052,,,,650907,666018,678554,670623,691406,X,field_out,hit_into_play,Santiago Espinal lines out sharply to shortstop Junior Caminero.,3,9,3,9,-0.377,-0.009,R,4-Seam Fastball,89.7,R,L
716357,2023-10-01,2023,4,Bot,41,2,1,0,0,TOR,TB,669289,682052,,,,650907,666018,678554,670623,691406,B,,ball,Ball,3,9,3,9,0.071,0.0,R,Changeup,82.8,R,L
716357,2023-10-01,2023,4,Bot,41,1,0,0,0,TOR,TB,669289,682052,,,,650907,666018,678554,670623,691406,B,,ball,Ball,3,9,3,9,0.04,0.0,R,4-Seam Fastball,89.7,R,L
716357,2023-10-01,2023,4,Top,40,4,2,1,2,TOR,TB,606132,641149,,,,623168,624415,676914,669289,666182,X,field_out,hit_into_play,"Raimel Tapia grounds out, second baseman Davis Schneider to first baseman Cavan Biggio.",3,9,9,3,-0.314,0.002,R,4-Seam Fastball,92.3,L,R
716357,2023-10-01,2023,4,Top,40,3,1,1,2,TOR,TB,606132,641149,,,,623168,624415,676914,669289,666182,B,,ball,Ball,3,9,9,3,0.053,0.0,R,Changeup,88.2,L,R
716357,2023-10-01,2023,4,Top,40,2,1,0,2,TOR,TB,606132,641149,,,,623168,624415,676914,669289,666182,S,,called_strike,Called Strike,3,9,9,3,-0.056,0.0,R,Sinker,91.4,L,R
716357,2023-10-01,2023,4,Top,40,1,0,0,2,TOR,TB,606132,641149,,,,623168,624415,676914,669289,666182,B,,ball,Ball,3,9,9,3,0.043,0.0,R,Curveball,81.1,L,R
716357,2023-10-01,2023,4,Top,39,6,1,2,2,TOR,TB,622534,641149,,,,623168,624415,676914,669289,666182,X,home_run,hit_into_play,Manuel Margot homers (4) on a fly ball to left field.,3,8,8,3,2.679,-0.032,R,Sinker,91.1,R,R
716357,2023-10-01,2023,4,Top,39,5,1,2,2,TOR,TB,622534,641149,,,,623168,624415,676914,669289,666182,S,,foul,Foul,3,8,8,3,0.0,0.0,R,Curveball,82.9,R,R
716357,2023-10-01,2023,4,Top,39,4,0,2,2,TOR,TB,622534,641149,,,,623168,624415,676914,669289,666182,B,,ball,Ball,3,8,8,3,0.022,0.0,R,Curveball,82.4,R,R
716357,2023-10-01,2023,4,Top,39,3,0,2,2,TOR,TB,622534,641149,,,,623168,624415,676914,669289,666182,S,,foul,Foul,3,8,8,3,0.0,0.0,R,4-Seam Fastball,94.6,R,R
716357,2023-10-01,2023,4,Top,39,2,0,1,2,TOR,TB,622534,641149,,,,623168,624415,676914,669289,666182,S,,called_strike,Called Strike,3,8,8,3,-0.061,0.0,R,Sinker,92.8,R,R
716357,2023-10-01,2023,4,Top,39,1,0,0,2,TOR,TB,622534,641149,,,,623168,624415,676914,669289,666182,S,,called_strike,Called Strike,3,8,8,3,-0.045,0.0,R,Sinker,92.7,R,R
716357,2023-10-01,2023,4,Top,38,4,1,2,1,TOR,TB,678554,641149,,,,623168,624415,676914,669289,666182,X,field_out,hit_into_play,Curtis Mead pops out to first baseman Cavan Biggio.,3,8,8,3,-0.189,0.004,R,4-Seam Fastball,93.2,R,R
716357,2023-10-01,2023,4,Top,38,3,1,1,1,TOR,TB,678554,641149,,,,623168,624415,676914,669289,666182,S,,foul,Foul,3,8,8,3,-0.068,0.0,R,Slider,86.6,R,R
716357,2023-10-01,2023,4,Top,38,2,0,1,1,TOR,TB,678554,641149,,,,623168,624415,676914,669289,666182,B,,ball,Ball,3,8,8,3,0.03,0.0,R,Curveball,83.5,R,R
716357,2023-10-01,2023,4,Top,38,1,0,0,1,TOR,TB,678554,641149,,,,623168,624415,676914,669289,666182,S,,called_strike,Called Strike,3,8,8,3,-0.041,0.0,R,4-Seam Fastball,93.2,R,R
716357,2023-10-01,2023,4,Top,37,1,0,0,0,TOR,TB,666018,641149,,,,623168,624415,676914,669289,666182,X,field_out,hit_into_play,Jonathan Aranda lines out to left fielder Cam Eden.,3,8,8,3,-0.265,0.006,R,Sinker,91.8,L,R
716357,2023-10-01,2023,3,Bot,36,3,1,1,2,TOR,TB,624415,682052,,676914,,650907,666018,678554,670623,691406,X,field_out,hit_into_play,Cavan Biggio pops out to third baseman Isaac Paredes in foul territory.,3,8,3,8,-0.269,-0.017,R,4-Seam Fastball,91.3,L,L
716357,2023-10-01,2023,3,Bot,36,2,1,0,2,TOR,TB,624415,682052,,676914,,650907,666018,678554,670623,691406,S,,called_strike,Called Strike,3,8,3,8,-0.046,0.0,R,4-Seam Fastball,90.2,L,L
716357,2023-10-01,2023,3,Bot,36,1,0,0,2,TOR,TB,624415,682052,,676914,,650907,666018,678554,670623,691406,B,,ball,Ball,3,8,3,8,0.02,0.0,R,4-Seam Fastball,89.7,L,L
716357,2023-10-01,2023,3,Bot,35,2,1,0,2,TOR,TB,676914,682052,,,,650907,666018,678554,670623,691406,X,double,hit_into_play,Davis Schneider doubles (11) on a line drive to left fielder Raimel Tapia.,3,8,3,8,0.533,0.012,R,Changeup,84.2,R,L
716357,2023-10-01,2023,3,Bot,35,1,0,0,2,TOR,TB,676914,682052,,,,650907,666018,678554,670623,691406,B,,ball,Ball,3,8,3,8,0.043,0.0,R,4-Seam Fastball,91.3,R,L
716357,2023-10-01,2023,3,Bot,34,2,1,0,1,TOR,TB,666182,682052,,,,650907,666018,678554,670623,691406,X,field_out,hit_into_play,Bo Bichette flies out to center fielder Manuel Margot.,3,8,3,8,-0.306,-0.009,R,Changeup,84.7,R,L
716357,2023-10-01,2023,3,Bot,34,1,0,0,1,TOR,TB,666182,682052,,,,650907,666018,678554,670623,691406,B,,ball,Ball,3,8,3,8,0.039,0.0,R,4-Seam Fastball,91.5,R,L
716357,2023-10-01,2023,3,Bot,33,5,2,2,0,TOR,TB,474832,682052,,,,650907,666018,678554,670623,691406,X,single,hit_into_play,"Brandon Belt singles on a line drive to third baseman Isaac Paredes.  Brandon Belt out at 2nd, third baseman Isaac Paredes to shortstop Junior Caminero.",3,8,3,8,0.459,-0.014,R,4-Seam Fastball,92.3,L,L
716357,2023-10-01,2023,3,Bot,33,4,2,1,0,TOR,TB,474832,682052,,,,650907,666018,678554,670623,691406,S,,foul,Foul,3,8,3,8,-0.074,0.0,R,4-Seam Fastball,90.3,L,L
716357,2023-10-01,2023,3,Bot,33,3,1,1,0,TOR,TB,474832,682052,,,,650907,666018,678554,670623,691406,B,,ball,Ball,3,8,3,8,0.059,0.0,R,Slider,79.8,L,L
716357,2023-10-01,2023,3,Bot,33,2,0,1,0,TOR,TB,474832,682052,,,,650907,666018,678554,670623,691406,B,,ball,Ball,3,8,3,8,0.031,0.0,R,4-Seam Fastball,91.2,L,L
716357,2023-10-01,2023,3,Bot,33,1,0,0,0,TOR,TB,474832,682052,,,,650907,666018,678554,670623,691406,S,,foul,Foul,3,8,3,8,-0.042,0.0,R,4-Seam Fastball,90.2,L,L
716357,2023-10-01,2023,3,Top,32,1,0,0,2,TOR,TB,670623,641149,,,,623168,624415,676914,669289,666182,X,field_out,hit_into_play,Isaac Paredes pops out to second baseman Davis Schneider.,3,8,8,3,-0.275,0.003,R,4-Seam Fastball,94.4,R,R
716357,2023-10-01,2023,3,Top,31,4,1,2,1,TOR,TB,623912,641149,,,,623168,624415,676914,669289,666182,S,strikeout,swinging_strike_blocked,Harold Ramirez strikes out swinging.,3,8,8,3,-0.189,0.004,R,Curveball,85.3,R,R
716357,2023-10-01,2023,3,Top,31,3,1,1,1,TOR,TB,623912,641149,,,,623168,624415,676914,669289,666182,S,,called_strike,Called Strike,3,8,8,3,-0.068,0.0,R,Sinker,92.4,R,R
716357,2023-10-01,2023,3,Top,31,2,0,1,1,TOR,TB,623912,641149,,,,623168,624415,676914,669289,666182,B,,ball,Ball,3,8,8,3,0.03,0.0,R,Changeup,88.9,R,R
716357,2023-10-01,2023,3,Top,31,1,0,0,1,TOR,TB,623912,641149,,,,623168,624415,676914,669289,666182,S,,swinging_strike,Swinging Strike,3,8,8,3,-0.041,0.0,R,Curveball,84.4,R,R
716357,2023-10-01,2023,3,Top,30,6,2,2,0,TOR,TB,666139,641149,,,,623168,624415,676914,669289,666182,S,strikeout,called_strike,Josh Lowe called out on strikes.,3,8,8,3,-0.239,0.006,R,Sinker,92.9,L,R
716357,2023-10-01,2023,3,Top,30,5,1,2,0,TOR,TB,666139,641149,,,,623168,624415,676914,669289,666182,B,,ball,Ball,3,8,8,3,0.046,0.0,R,Curveball,83.4,L,R
716357,2023-10-01,2023,3,Top,30,4,1,2,0,TOR,TB,666139,641149,,,,623168,624415,676914,669289,666182,S,,foul,Foul,3,8,8,3,0.0,0.0,R,4-Seam Fastball,93.5,L,R
716357,2023-10-01,2023,3,Top,30,3,0,2,0,TOR,TB,666139,641149,,,,623168,624415,676914,669289,666182,B,,ball,Ball,3,8,8,3,0.024,0.0,R,4-Seam Fastball,93.8,L,R
716357,2023-10-01,2023,3,Top,30,2,0,1,0,TOR,TB,666139,641149,,,,623168,624415,676914,669289,666182,S,,called_strike,Called Strike,3,8,8,3,-0.054,0.0,R,4-Seam Fastball,93.7,L,R
716357,2023-10-01,2023,3,Top,30,1,0,0,0,TOR,TB,666139,641149,,,,623168,624415,676914,669289,666182,S,,called_strike,Called Strike,3,8,8,3,-0.042,0.0,R,4-Seam Fastball,93.0,L,R
716357,2023-10-01,2023,2,Bot,29,4,1,2,2,TOR,TB,593160,682052,686490,,,650907,666018,678554,670623,691406,S,strikeout,swinging_strike,Whit Merrifield strikes out swinging.,3,8,3,8,-0.206,-0.012,R,Slider,78.7,R,L
716357,2023-10-01,2023,2,Bot,29,3,0,2,2,TOR,TB,593160,682052,686490,,,650907,666018,678554,670623,691406,B,,ball,Ball,3,8,3,8,0.02,0.0,R,Changeup,85.0,R,L
716357,2023-10-01,2023,2,Bot,29,2,0,1,2,TOR,TB,593160,682052,686490,,,650907,666018,678554,670623,691406,S,,called_strike,Called Strike,3,8,3,8,-0.055,0.0,R,4-Seam Fastball,91.3,R,L
716357,2023-10-01,2023,2,Bot,29,1,0,0,2,TOR,TB,593160,682052,686490,,,650907,666018,678554,670623,691406,S,,swinging_strike,Swinging Strike,3,8,3,8,-0.045,0.0,R,4-Seam Fastball,91.0,R,L
716357,2023-10-01,2023,2,Bot,28,3,1,1,2,TOR,TB,686490,682052,,,,650907,666018,678554,670623,691406,X,single,hit_into_play,"Cam Eden singles on a line drive to right fielder Josh Lowe, deflected by first baseman Jonathan Aranda.",3,8,3,8,0.357,0.007,R,4-Seam Fastball,91.8,R,L
716357,2023-10-01,2023,2,Bot,28,2,0,1,2,TOR,TB,686490,682052,,,623168,650907,666018,678554,670623,691406,B,,ball,Ball,2,8,2,8,0.028,0.023,R,Slider,80.2,R,L
716357,2023-10-01,2023,2,Bot,28,1,0,0,2,TOR,TB,686490,682052,,,623168,650907,666018,678554,670623,691406,S,,called_strike,Called Strike,2,8,2,8,-0.036,0.0,R,Slider,80.4,R,L
716357,2023-10-01,2023,2,Bot,27,1,0,0,2,TOR,TB,623168,682052,624415,676914,,650907,666018,678554,670623,691406,X,triple,hit_into_play,Tyler Heineman triples (1) on a line drive to right fielder Josh Lowe.   Davis Schneider scores.    Cavan Biggio scores.,0,8,0,8,1.187,0.039,R,4-Seam Fastball,91.8,R,L
716357,2023-10-01,2023,2,Bot,26,3,1,1,1,TOR,TB,662139,682052,624415,676914,,650907,666018,678554,670623,691406,X,field_out,hit_into_play,Daulton Varsho lines out to center fielder Manuel Margot.,0,8,0,8,-0.229,-0.011,R,Slider,80.3,L,L
716357,2023-10-01,2023,2,Bot,26,2,1,0,1,TOR,TB,662139,682052,624415,676914,,650907,666018,678554,670623,691406,S,,foul,Foul,0,8,0,8,-0.051,0.0,R,4-Seam Fastball,90.7,L,L
716357,2023-10-01,2023,2,Bot,26,1,0,0,1,TOR,TB,662139,682052,624415,676914,,650907,666018,678554,670623,691406,B,,ball,Ball,0,8,0,8,0.042,0.0,R,4-Seam Fastball,91.7,L,L
716357,2023-10-01,2023,2,Bot,25,3,0,2,0,TOR,TB,669289,682052,624415,676914,,650907,666018,678554,670623,691406,S,strikeout,swinging_strike,Santiago Espinal strikes out swinging.,0,8,0,8,-0.143,-0.016,R,4-Seam Fastball,91.3,R,L
716357,2023-10-01,2023,2,Bot,25,2,0,1,0,TOR,TB,669289,682052,624415,676914,,650907,666018,678554,670623,691406,S,,foul,Foul,0,8,0,8,-0.066,0.0,R,4-Seam Fastball,91.3,R,L
716357,2023-10-01,2023,2,Bot,25,1,0,0,0,TOR,TB,669289,682052,624415,676914,,650907,666018,678554,670623,691406,S,,called_strike,Called Strike,0,8,0,8,-0.048,0.0,R,4-Seam Fastball,91.3,R,L
716357,2023-10-01,2023,2,Bot,24,2,1,0,0,TOR,TB,624415,682052,676914,,,650907,666018,678554,670623,691406,B,hit_by_pitch,hit_by_pitch,Cavan Biggio hit by pitch.    Davis Schneider to 2nd.,0,8,0,8,0.365,0.017,R,Slider,77.6,L,L
716357,2023-10-01,2023,2,Bot,24,1,0,0,0,TOR,TB,624415,682052,676914,,,650907,666018,678554,670623,691406,B,,ball,Ball,0,8,0,8,0.03,0.0,R,4-Seam Fastball,91.1,L,L
716357,2023-10-01,2023,2,Bot,23,7,3,2,0,TOR,TB,676914,682052,,,,650907,666018,678554,670623,691406,B,walk,ball,Davis Schneider walks.,0,8,0,8,0.347,0.009,R,4-Seam Fastball,92.7,R,L
716357,2023-10-01,2023,2,Bot,23,6,2,2,0,TOR,TB,676914,682052,,,,650907,666018,678554,670623,691406,B,,ball,Ball,0,8,0,8,0.115,0.0,R,4-Seam Fastball,91.6,R,L
716357,2023-10-01,2023,2,Bot,23,5,1,2,0,TOR,TB,676914,682052,,,,650907,666018,678554,670623,691406,B,,ball,Ball,0,8,0,8,0.046,0.0,R,4-Seam Fastball,91.5,R,L
716357,2023-10-01,2023,2,Bot,23,4,1,2,0,TOR,TB,676914,682052,,,,650907,666018,678554,670623,691406,S,,foul,Foul,0,8,0,8,0.0,0.0,R,Slider,78.5,R,L
716357,2023-10-01,2023,2,Bot,23,3,0,2,0,TOR,TB,676914,682052,,,,650907,666018,678554,670623,691406,B,,ball,Ball,0,8,0,8,0.024,0.0,R,4-Seam Fastball,91.7,R,L
716357,2023-10-01,2023,2,Bot,23,2,0,1,0,TOR,TB,676914,682052,,,,650907,666018,678554,670623,691406,S,,foul_tip,Foul Tip,0,8,0,8,-0.054,0.0,R,4-Seam Fastball,89.9,R,L
716357,2023-10-01,2023,2,Bot,23,1,0,0,0,TOR,TB,676914,682052,,,,650907,666018,678554,670623,691406,S,,called_strike,Called Strike,0,8,0,8,-0.042,0.0,R,4-Seam Fastball,91.5,R,L
716357,2023-10-01,2023,2,Top,22,3,0,2,2,TOR,TB,691406,641149,650907,,606132,623168,624415,676914,669289,666182,S,strikeout,swinging_strike,Junior Caminero strikes out swinging.,0,8,8,0,-0.198,0.005,R,Curveball,84.9,R,R
716357,2023-10-01,2023,2,Top,22,2,0,1,2,TOR,TB,691406,641149,650907,,606132,623168,624415,676914,669289,666182,S,,called_strike,Called Strike,0,8,8,0,-0.054,0.0,R,Sinker,92.6,R,R
716357,2023-10-01,2023,2,Top,22,1,0,0,2,TOR,TB,691406,641149,650907,,606132,623168,624415,676914,669289,666182,S,,called_strike,Called Strike,0,8,8,0,-0.052,0.0,R,Sinker,92.5,R,R
716357,2023-10-01,2023,2,Top,21,1,0,0,2,TOR,TB,650907,641149,606132,,,623168,624415,676914,669289,666182,X,single,hit_into_play,Rene Pinto singles on a ground ball to left fielder Cam Eden.   Raimel Tapia to 3rd.,0,8,8,0,0.368,-0.003,R,Curveball,83.3,R,R
716357,2023-10-01,2023,2,Top,20,5,2,2,2,TOR,TB,606132,641149,,,,623168,624415,676914,669289,666182,X,single,hit_into_play,Raimel Tapia singles on a line drive to left fielder Cam Eden.,0,8,8,0,0.385,-0.001,R,4-Seam Fastball,95.2,L,R
716357,2023-10-01,2023,2,Top,20,4,2,1,2,TOR,TB,606132,641149,,,,623168,624415,676914,669289,666182,S,,swinging_strike,Swinging Strike,0,8,8,0,-0.081,0.0,R,4-Seam Fastball,93.7,L,R
716357,2023-10-01,2023,2,Top,20,3,1,1,2,TOR,TB,606132,641149,,,,623168,624415,676914,669289,666182,B,,ball,Ball,0,8,8,0,0.053,0.0,R,Changeup,89.5,L,R
716357,2023-10-01,2023,2,Top,20,2,1,0,2,TOR,TB,606132,641149,,,,623168,624415,676914,669289,666182,S,,called_strike,Called Strike,0,8,8,0,-0.056,0.0,R,Sinker,93.8,L,R
716357,2023-10-01,2023,2,Top,20,1,0,0,2,TOR,TB,606132,641149,,,,623168,624415,676914,669289,666182,B,,ball,Ball,0,8,8,0,0.043,0.0,R,Curveball,85.6,L,R
716357,2023-10-01,2023,2,Top,19,1,0,0,1,TOR,TB,622534,641149,,,,623168,624415,676914,669289,666182,X,field_out,hit_into_play,Manuel Margot lines out to center fielder Daulton Varsho.,0,8,8,0,-0.267,0.001,R,Slider,88.3,R,R
716357,2023-10-01,2023,2,Top,18,2,1,0,0,TOR,TB,678554,641149,,,,623168,624415,676914,669289,666182,X,field_out,hit_into_play,"Curtis Mead grounds out, third baseman Santiago Espinal to first baseman Cavan Biggio.",0,8,8,0,-0.306,0.002,R,Sinker,93.6,R,R
716357,2023-10-01,2023,2,Top,18,1,0,0,0,TOR,TB,678554,641149,,,,623168,624415,676914,669289,666182,B,,ball,Ball,0,8,8,0,0.04,0.0,R,Sinker,92.8,R,R
716357,2023-10-01,2023,2,Top,17,2,1,0,0,TOR,TB,666018,641149,670623,623912,666139,623168,624415,676914,669289,666182,X,home_run,hit_into_play,Jonathan Aranda hits a grand slam (2) to right field.   Josh Lowe scores.    Harold Ramirez scores.    Isaac Paredes scores.,0,4,4,0,0.832,-0.056,R,4-Seam Fastball,93.3,L,R
716357,2023-10-01,2023,2,Top,17,1,0,0,0,TOR,TB,666018,641149,670623,623912,666139,623168,624415,676914,669289,666182,B,,blocked_ball,Ball In Dirt,0,4,4,0,0.037,0.0,R,Changeup,89.1,L,R
716357,2023-10-01,2023,2,Top,16,4,3,0,0,TOR,TB,670623,641149,623912,,666139,623168,624415,676914,669289,666182,B,walk,ball,Isaac Paredes walks.   Harold Ramirez to 2nd.,0,4,4,0,0.102,-0.013,R,4-Seam Fastball,92.3,R,R
716357,2023-10-01,2023,2,Top,16,3,2,0,0,TOR,TB,670623,641149,623912,,666139,623168,624415,676914,669289,666182,B,,blocked_ball,Ball In Dirt,0,4,4,0,0.137,0.0,R,Sinker,92.4,R,R
716357,2023-10-01,2023,2,Top,16,2,1,0,0,TOR,TB,670623,641149,623912,,666139,623168,624415,676914,669289,666182,B,,blocked_ball,Ball In Dirt,0,4,4,0,0.016,0.0,R,Curveball,82.4,R,R
716357,2023-10-01,2023,2,Top,16,1,0,0,0,TOR,TB,670623,641149,623912,,666139,623168,624415,676914,669289,666182,B,,ball,Ball,0,4,4,0,0.009,0.0,R,4-Seam Fastball,93.0,R,R
716357,2023-10-01,2023,2,Top,15,4,2,1,0,TOR,TB,623912,641149,,,666139,623168,624415,676914,669289,666182,B,hit_by_pitch,hit_by_pitch,Harold Ramirez hit by pitch.,0,4,4,0,0.317,-0.012,R,Sinker,92.9,R,R
716357,2023-10-01,2023,2,Top,15,3,1,1,0,TOR,TB,623912,641149,,666139,691406,623168,624415,676914,669289,666182,B,,ball,Ball,0,3,3,0,-0.001,-0.024,R,Curveball,84.1,R,R
716357,2023-10-01,2023,2,Top,15,2,1,0,0,TOR,TB,623912,641149,,666139,691406,623168,624415,676914,669289,666182,S,,swinging_strike_blocked,Swinging Strike (Blocked),0,3,3,0,-0.044,0.0,R,Curveball,83.1,R,R
716357,2023-10-01,2023,2,Top,15,1,0,0,0,TOR,TB,623912,641149,,666139,691406,623168,624415,676914,669289,666182,B,,blocked_ball,Ball In Dirt,0,3,3,0,0.032,0.0,R,Sinker,93.2,R,R
716357,2023-10-01,2023,2,Top,14,7,3,2,0,TOR,TB,666139,641149,691406,,650907,623168,624415,676914,669289,666182,X,double,hit_into_play,Josh Lowe doubles (33) on a line drive to right fielder Whit Merrifield.   Rene Pinto scores.    Junior Caminero to 3rd.,0,2,2,0,0.591,-0.07,R,4-Seam Fastball,93.9,L,R
716357,2023-10-01,2023,2,Top,14,6,2,2,0,TOR,TB,666139,641149,691406,,650907,623168,624415,676914,669289,666182,B,,blocked_ball,Ball In Dirt,0,2,2,0,0.1,0.0,R,Curveball,81.4,L,R
716357,2023-10-01,2023,2,Top,14,5,1,2,0,TOR,TB,666139,641149,691406,,650907,623168,624415,676914,669289,666182,B,,ball,Ball,0,2,2,0,0.036,0.0,R,Curveball,82.3,L,R
716357,2023-10-01,2023,2,Top,14,4,1,2,0,TOR,TB,666139,641149,691406,,650907,623168,624415,676914,669289,666182,S,,foul,Foul,0,2,2,0,0.0,0.0,R,4-Seam Fastball,93.8,L,R
716357,2023-10-01,2023,2,Top,14,3,1,1,0,TOR,TB,666139,641149,691406,,650907,623168,624415,676914,669289,666182,S,,swinging_strike,Swinging Strike,0,2,2,0,-0.071,0.0,R,Curveball,83.9,L,R
716357,2023-10-01,2023,2,Top,14,2,1,0,0,TOR,TB,666139,641149,691406,,650907,623168,624415,676914,669289,666182,S,,foul,Foul,0,2,2,0,-0.024,0.0,R,4-Seam Fastball,94.2,L,R
716357,2023-10-01,2023,2,Top,14,1,0,0,0,TOR,TB,666139,641149,691406,,650907,623168,624415,676914,669289,666182,B,,ball,Ball,0,2,2,0,0.009,0.0,R,4-Seam Fastball,93.8,L,R
716357,2023-10-01,2023,2,Top,13,3,1,1,0,TOR,TB,691406,641149,650907,,606132,623168,624415,676914,669289,666182,X,single,hit_into_play,Junior Caminero singles on a ground ball to left fielder Cam Eden.   Raimel Tapia scores.    Rene Pinto to 3rd.,0,1,1,0,0.433,-0.077,R,Sinker,93.6,R,R
716357,2023-10-01,2023,2,Top,13,2,1,0,0,TOR,TB,691406,641149,650907,,606132,623168,624415,676914,669289,666182,S,,swinging_strike,Swinging Strike,0,1,1,0,-0.024,0.0,R,Slider,86.3,R,R
716357,2023-10-01,2023,2,Top,13,1,0,0,0,TOR,TB,691406,641149,650907,,606132,623168,624415,676914,669289,666182,B,,blocked_ball,Ball In Dirt,0,1,1,0,0.009,0.0,R,Curveball,83.0,R,R
716357,2023-10-01,2023,2,Top,12,2,1,0,0,TOR,TB,650907,641149,,606132,,623168,624415,676914,669289,666182,X,single,hit_into_play,Rene Pinto singles on a line drive to center fielder Daulton Varsho.   Raimel Tapia to 3rd.,0,1,1,0,0.468,-0.057,R,Slider,85.8,R,R
716357,2023-10-01,2023,2,Top,12,1,0,0,0,TOR,TB,650907,641149,606132,,,623168,624415,676914,669289,666182,B,,ball,Ball,0,1,1,0,0.03,-0.024,R,Sinker,92.8,R,R
716357,2023-10-01,2023,2,Top,11,2,0,1,0,TOR,TB,606132,641149,,,,623168,624415,676914,669289,666182,X,single,hit_into_play,Raimel Tapia singles on a ground ball to second baseman Davis Schneider.,0,1,1,0,0.474,-0.033,R,Curveball,83.1,L,R
716357,2023-10-01,2023,2,Top,11,1,0,0,0,TOR,TB,606132,641149,,,,623168,624415,676914,669289,666182,S,,called_strike,Called Strike,0,1,1,0,-0.042,0.0,R,Sinker,92.3,L,R
716357,2023-10-01,2023,1,Bot,10,3,2,0,2,TOR,TB,666182,682052,,,,650907,666018,678554,670623,691406,X,field_out,hit_into_play,"Bo Bichette grounds out sharply, first baseman Jonathan Aranda to pitcher Jacob Lopez.",0,1,0,1,-0.374,-0.01,R,4-Seam Fastball,91.8,R,L
716357,2023-10-01,2023,1,Bot,10,2,1,0,2,TOR,TB,666182,682052,,,,650907,666018,678554,670623,691406,B,,ball,Ball,0,1,0,1,0.056,0.0,R,4-Seam Fastball,91.8,R,L
716357,2023-10-01,2023,1,Bot,10,1,0,0,2,TOR,TB,666182,682052,,,,650907,666018,678554,670623,691406,B,,ball,Ball,0,1,0,1,0.043,0.0,R,4-Seam Fastball,91.8,R,L
716357,2023-10-01,2023,1,Bot,9,1,0,0,1,TOR,TB,474832,682052,,,,650907,666018,678554,670623,691406,X,field_out,hit_into_play,Brandon Belt flies out to left fielder Raimel Tapia.,0,1,0,1,-0.267,-0.017,R,4-Seam Fastball,90.7,L,L
716357,2023-10-01,2023,1,Bot,8,2,1,0,0,TOR,TB,593160,682052,,,,650907,666018,678554,670623,691406,X,field_out,hit_into_play,"Whit Merrifield grounds out, shortstop Junior Caminero to first baseman Jonathan Aranda.",0,1,0,1,-0.306,-0.023,R,4-Seam Fastball,90.1,R,L
716357,2023-10-01,2023,1,Bot,8,1,0,0,0,TOR,TB,593160,682052,,,,650907,666018,678554,670623,691406,B,,ball,Ball,0,1,0,1,0.04,0.0,R,4-Seam Fastball,90.6,R,L
716357,2023-10-01,2023,1,Top,7,1,0,0,2,TOR,TB,622534,641149,678554,666018,670623,623168,624415,676914,669289,666182,X,field_out,hit_into_play,Manuel Margot lines out to left fielder Cam Eden.,0,1,1,0,-0.267,0.064,R,Sinker,92.5,R,R
716357,2023-10-01,2023,1,Top,6,6,3,2,2,TOR,TB,678554,641149,,666018,670623,623168,624415,676914,669289,666182,B,walk,ball,Curtis Mead walks.,0,1,1,0,0.149,-0.013,R,Curveball,82.1,R,R
716357,2023-10-01,2023,1,Top,6,5,2,2,2,TOR,TB,678554,641149,666018,,670623,623168,624415,676914,669289,666182,B,,ball,Ball,0,1,1,0,0.08,-0.008,R,Curveball,84.3,R,R
716357,2023-10-01,2023,1,Top,6,4,2,1,2,TOR,TB,678554,641149,666018,,670623,623168,624415,676914,669289,666182,S,,called_strike,Called Strike,0,1,1,0,-0.081,0.0,R,Sinker,92.9,R,R
716357,2023-10-01,2023,1,Top,6,3,1,1,2,TOR,TB,678554,641149,666018,,670623,623168,624415,676914,669289,666182,B,,ball,Ball,0,1,1,0,0.031,0.0,R,Slider,87.0,R,R
716357,2023-10-01,2023,1,Top,6,2,1,0,2,TOR,TB,678554,641149,666018,,670623,623168,624415,676914,669289,666182,S,,called_strike,Called Strike,0,1,1,0,-0.055,0.0,R,Curveball,83.0,R,R
716357,2023-10-01,2023,1,Top,6,1,0,0,2,TOR,TB,678554,641149,666018,,670623,623168,624415,676914,669289,666182,B,,ball,Ball,0,1,1,0,0.042,0.0,R,4-Seam Fastball,94.1,R,R
716357,2023-10-01,2023,1,Top,5,4,0,2,2,TOR,TB,666018,641149,670623,623912,,623168,624415,676914,669289,666182,X,single,hit_into_play,Jonathan Aranda singles on a sharp ground ball to right fielder Whit Merrifield.   Harold Ramirez scores.    Isaac Paredes to 3rd.,0,0,0,0,0.65,-0.106,R,Curveball,82.7,L,R
716357,2023-10-01,2023,1,Top,5,3,0,2,2,TOR,TB,666018,641149,670623,623912,,623168,624415,676914,669289,666182,S,,foul,Foul,0,0,0,0,0.0,0.0,R,4-Seam Fastball,95.3,L,R
716357,2023-10-01,2023,1,Top,5,2,0,1,2,TOR,TB,666018,641149,670623,623912,,623168,624415,676914,669289,666182,S,,foul,Foul,0,0,0,0,-0.061,0.0,R,Changeup,88.2,L,R
716357,2023-10-01,2023,1,Top,5,1,0,0,2,TOR,TB,666018,641149,670623,623912,,623168,624415,676914,669289,666182,S,,foul,Foul,0,0,0,0,-0.04,0.0,R,Curveball,82.6,L,R
716357,2023-10-01,2023,1,Top,4,7,3,2,2,TOR,TB,670623,641149,623912,,,623168,624415,676914,669289,666182,B,walk,blocked_ball,Isaac Paredes walks.   Harold Ramirez to 2nd.,0,0,0,0,0.258,-0.02,R,Curveball,83.1,R,R
716357,2023-10-01,2023,1,Top,4,6,2,2,2,TOR,TB,670623,641149,623912,,,623168,624415,676914,669289,666182,B,,ball,Ball,0,0,0,0,0.065,0.0,R,4-Seam Fastball,94.3,R,R
716357,2023-10-01,2023,1,Top,4,5,2,2,2,TOR,TB,670623,641149,623912,,,623168,624415,676914,669289,666182,S,,foul,Foul,0,0,0,0,0.0,0.0,R,4-Seam Fastball,95.0,R,R
716357,2023-10-01,2023,1,Top,4,4,2,1,2,TOR,TB,670623,641149,623912,,,623168,624415,676914,669289,666182,S,,called_strike,Called Strike,0,0,0,0,-0.063,0.0,R,Curveball,82.3,R,R
716357,2023-10-01,2023,1,Top,4,3,1,1,2,TOR,TB,670623,641149,623912,,,623168,624415,676914,669289,666182,B,,ball,Ball,0,0,0,0,0.036,0.0,R,Curveball,82.5,R,R
716357,2023-10-01,2023,1,Top,4,2,1,0,2,TOR,TB,670623,641149,623912,,,623168,624415,676914,669289,666182,S,,foul,Foul,0,0,0,0,-0.05,0.0,R,Slider,86.6,R,R
716357,2023-10-01,2023,1,Top,4,1,0,0,2,TOR,TB,670623,641149,623912,,,623168,624415,676914,669289,666182,B,,ball,Ball,0,0,0,0,0.03,0.0,R,Sinker,94.3,R,R
716357,2023-10-01,2023,1,Top,3,2,0,1,2,TOR,TB,623912,641149,,,,623168,624415,676914,669289,666182,X,single,hit_into_play,Harold Ramirez singles on a sharp line drive to right fielder Whit Merrifield.,0,0,0,0,0.388,-0.012,R,Sinker,93.2,R,R
716357,2023-10-01,2023,1,Top,3,1,0,0,2,TOR,TB,623912,641149,,,,623168,624415,676914,669289,666182,S,,called_strike,Called Strike,0,0,0,0,-0.045,0.0,R,Slider,87.3,R,R
716357,2023-10-01,2023,1,Top,2,6,3,2,1,TOR,TB,666139,641149,,,,623168,624415,676914,669289,666182,X,field_out,hit_into_play,Josh Lowe flies out to center fielder Daulton Varsho.,0,0,0,0,-0.328,0.015,R,4-Seam Fastball,94.8,L,R
716357,2023-10-01,2023,1,Top,2,5,2,2,1,TOR,TB,666139,641149,,,,623168,624415,676914,669289,666182,B,,ball,Ball,0,0,0,0,0.094,0.0,R,Curveball,83.3,L,R
716357,2023-10-01,2023,1,Top,2,4,2,1,1,TOR,TB,666139,641149,,,,623168,624415,676914,669289,666182,S,,foul,Foul,0,0,0,0,-0.076,0.0,R,Curveball,83.2,L,R
716357,2023-10-01,2023,1,Top,2,3,1,1,1,TOR,TB,666139,641149,,,,623168,624415,676914,669289,666182,B,,ball,Ball,0,0,0,0,0.054,0.0,R,4-Seam Fastball,95.4,L,R
716357,2023-10-01,2023,1,Top,2,2,1,0,1,TOR,TB,666139,641149,,,,623168,624415,676914,669289,666182,S,,called_strike,Called Strike,0,0,0,0,-0.05,0.0,R,4-Seam Fastball,93.8,L,R
716357,2023-10-01,2023,1,Top,2,1,0,0,1,TOR,TB,666139,641149,,,,623168,624415,676914,669289,666182,B,,ball,Ball,0,0,0,0,0.039,0.0,R,4-Seam Fastball,93.1,L,R
716357,2023-10-01,2023,1,Top,1,1,0,0,0,TOR,TB,691406,641149,,,,623168,624415,676914,669289,666182,X,field_out,hit_into_play,"Junior Caminero grounds out sharply, shortstop Bo Bichette to first baseman Cavan Biggio.",0,0,0,0,-0.265,0.022,R,Sinker,93.1,R,R
716356,2023-10-01,2023,11,Bot,88,4,1,2,2,CWS,SD,572204,448179,,,686676,664954,643265,676946,666703,673490,S,strikeout,swinging_strike,Trayce Thompson strikes out swinging.,1,2,1,2,-0.208,-0.16,R,4-Seam Fastball,91.2,R,L
716356,2023-10-01,2023,11,Bot,88,3,1,1,2,CWS,SD,572204,448179,,,686676,664954,643265,676946,666703,673490,S,,foul,Foul,1,2,1,2,-0.061,0.0,R,Curveball,75.3,R,L
716356,2023-10-01,2023,11,Bot,88,2,1,0,2,CWS,SD,572204,448179,,,686676,664954,643265,676946,666703,673490,S,,foul_tip,Foul Tip,1,2,1,2,-0.035,0.0,R,4-Seam Fastball,90.6,R,L
716356,2023-10-01,2023,11,Bot,88,1,0,0,2,CWS,SD,572204,448179,,,686676,664954,643265,676946,666703,673490,B,,ball,Ball,1,2,1,2,0.028,0.0,R,4-Seam Fastball,91.0,R,L
716356,2023-10-01,2023,11,Bot,87,4,2,1,1,CWS,SD,571980,448179,,686676,,664954,643265,676946,666703,673490,X,field_out,hit_into_play,"Tyler Naquin grounds out, second baseman Matthew Batten to first baseman Garrett Cooper. Korey Lee to 3rd.",1,2,1,2,-0.314,-0.118,R,Curveball,74.2,L,L
716356,2023-10-01,2023,11,Bot,87,3,2,0,1,CWS,SD,571980,448179,,686676,,664954,643265,676946,666703,673490,S,,called_strike,Called Strike,1,2,1,2,-0.032,0.0,R,Curveball,74.6,L,L
716356,2023-10-01,2023,11,Bot,87,2,1,0,1,CWS,SD,571980,448179,,686676,,664954,643265,676946,666703,673490,B,,ball,Ball,1,2,1,2,0.036,0.0,R,Sinker,88.1,L,L
716356,2023-10-01,2023,11,Bot,87,1,0,0,1,CWS,SD,571980,448179,,686676,,664954,643265,676946,666703,673490,B,,ball,Ball,1,2,1,2,0.034,0.0,R,Curveball,75.0,L,L
716356,2023-10-01,2023,11,Bot,86,3,0,2,0,CWS,SD,672820,448179,,686676,,664954,643265,676946,666703,673490,S,strikeout,foul_tip,Lenyn Sosa strikes out on a foul tip.,1,2,1,2,-0.213,-0.16,R,4-Seam Fastball,89.9,R,L
716356,2023-10-01,2023,11,Bot,86,2,0,1,0,CWS,SD,672820,448179,,686676,,664954,643265,676946,666703,673490,S,,swinging_strike,Swinging Strike,1,2,1,2,-0.062,0.0,R,4-Seam Fastball,89.7,R,L
716356,2023-10-01,2023,11,Bot,86,1,0,0,0,CWS,SD,672820,448179,,686676,,664954,643265,676946,666703,673490,S,,foul,Foul,1,2,1,2,-0.046,0.0,R,Cutter,85.9,R,L
716356,2023-10-01,2023,11,Top,85,5,2,2,2,CWS,SD,666703,686539,,663757,,656024,683734,621545,672820,462101,X,field_out,hit_into_play,Eguy Rosario lines out to right fielder Gavin Sheets.,1,2,2,1,-0.22,0.062,R,Slider,89.0,R,R
716356,2023-10-01,2023,11,Top,85,4,1,2,2,CWS,SD,666703,686539,,663757,,656024,683734,621545,672820,462101,B,,ball,Ball,1,2,2,1,0.015,0.0,R,Sinker,93.0,R,R
716356,2023-10-01,2023,11,Top,85,3,1,1,2,CWS,SD,666703,686539,,663757,,656024,683734,621545,672820,462101,S,,called_strike,Called Strike,1,2,2,1,-0.064,0.0,R,Slider,87.2,R,R
716356,2023-10-01,2023,11,Top,85,2,1,0,2,CWS,SD,666703,686539,663757,,,656024,683734,621545,672820,462101,S,,swinging_strike,Swinging Strike,1,2,2,1,-0.05,-0.016,R,Slider,86.7,R,R
716356,2023-10-01,2023,11,Top,85,1,0,0,2,CWS,SD,666703,686539,663757,,,656024,683734,621545,672820,462101,B,,ball,Ball,1,2,2,1,0.03,0.0,R,Slider,86.3,R,R
716356,2023-10-01,2023,11,Top,84,3,1,1,2,CWS,SD,663757,686539,,,,656024,683734,621545,672820,462101,X,single,hit_into_play,Trent Grisham singles on a line drive to right fielder Gavin Sheets.,1,2,2,1,0.357,-0.015,R,Slider,88.7,L,R
716356,2023-10-01,2023,11,Top,84,2,0,1,2,CWS,SD,663757,686539,,,,656024,683734,621545,672820,462101,B,,ball,Ball,1,2,2,1,0.031,0.0,R,Sinker,96.9,L,R
716356,2023-10-01,2023,11,Top,84,1,0,0,2,CWS,SD,663757,686539,,,,656024,683734,621545,672820,462101,S,,called_strike,Called Strike,1,2,2,1,-0.045,0.0,R,Slider,88.2,L,R
716356,2023-10-01,2023,11,Top,83,8,2,2,0,CWS,SD,643265,686539,595777,,,656024,683734,621545,672820,462101,X,grounded_into_double_play,hit_into_play,"Garrett Cooper grounds into a double play, pitcher Declan Cronin to second baseman Zach Remillard to first baseman Andrew Vaughn. Jurickson Profar out at 2nd. Garrett Cooper out at 1st.",1,2,2,1,-0.324,0.088,R,Sinker,95.7,R,R
716356,2023-10-01,2023,11,Top,83,7,1,2,0,CWS,SD,643265,686539,595777,,,656024,683734,621545,672820,462101,B,,ball,Ball,1,2,2,1,0.045,0.0,R,Sinker,96.1,R,R
716356,2023-10-01,2023,11,Top,83,6,1,2,0,CWS,SD,643265,686539,595777,,,656024,683734,621545,672820,462101,S,,foul,Foul,1,2,2,1,0.0,0.0,R,Slider,90.2,R,R
716356,2023-10-01,2023,11,Top,83,5,1,2,0,CWS,SD,643265,686539,595777,,,656024,683734,621545,672820,462101,S,,foul,Foul,1,2,2,1,0.0,0.0,R,Slider,86.9,R,R
716356,2023-10-01,2023,11,Top,83,4,1,2,0,CWS,SD,643265,686539,595777,,,656024,683734,621545,672820,462101,S,,foul,Foul,1,2,2,1,0.0,0.0,R,Sinker,95.6,R,R
716356,2023-10-01,2023,11,Top,83,3,0,2,0,CWS,SD,643265,686539,595777,,,656024,683734,621545,672820,462101,B,,ball,Ball,1,2,2,1,0.008,0.0,R,Slider,89.7,R,R
716356,2023-10-01,2023,11,Top,83,2,0,1,0,CWS,SD,643265,686539,595777,,,656024,683734,621545,672820,462101,S,,swinging_strike,Swinging Strike,1,2,2,1,-0.043,0.0,R,Slider,87.4,R,R
716356,2023-10-01,2023,11,Top,83,1,0,0,0,CWS,SD,643265,686539,595777,,,656024,683734,621545,672820,462101,S,,foul,Foul,1,2,2,1,-0.036,0.0,R,Slider,87.7,R,R
716356,2023-10-01,2023,11,Top,82,1,0,0,0,CWS,SD,595777,686539,,640492,,656024,683734,621545,672820,462101,X,single,hit_into_play,Jurickson Profar singles on a line drive to center fielder Trayce Thompson. Jose Azocar scores.,1,1,1,1,0.504,-0.181,R,Sinker,93.4,L,R
716356,2023-10-01,2023,10,Bot,81,3,1,1,1,CWS,SD,518735,448179,657757,621545,,664954,643265,676946,666703,673490,X,grounded_into_double_play,hit_into_play,"Yasmani Grandal grounds into a double play, shortstop Ha-Seong Kim to second baseman Matthew Batten to first baseman Garrett Cooper. Gavin Sheets out at 2nd. Yasmani Grandal out at 1st.",1,1,1,1,-0.315,-0.203,R,Slider,79.0,R,L
716356,2023-10-01,2023,10,Bot,81,2,0,1,1,CWS,SD,518735,448179,657757,621545,,664954,643265,676946,666703,673490,B,,ball,Ball,1,1,1,1,0.031,0.0,R,Curveball,74.6,R,L
716356,2023-10-01,2023,10,Bot,81,1,0,0,1,CWS,SD,518735,448179,657757,621545,,664954,643265,676946,666703,673490,S,,swinging_strike_blocked,Swinging Strike (Blocked),1,1,1,1,-0.04,0.0,R,Slider,78.6,R,L
716356,2023-10-01,2023,10,Bot,80,6,3,2,1,CWS,SD,657757,448179,621545,,,664954,643265,676946,666703,673490,X,single,hit_into_play,Gavin Sheets singles on a fly ball to left fielder Jurickson Profar. Zach Remillard to 2nd.,1,1,1,1,0.356,0.071,R,4-Seam Fastball,90.0,L,L
716356,2023-10-01,2023,10,Bot,80,5,3,1,1,CWS,SD,657757,448179,621545,,,664954,643265,676946,666703,673490,S,,called_strike,Called Strike,1,1,1,1,-0.069,0.0,R,Sinker,88.7,L,L
716356,2023-10-01,2023,10,Bot,80,4,2,1,1,CWS,SD,657757,448179,621545,,,664954,643265,676946,666703,673490,B,,ball,Ball,1,1,1,1,0.1,0.0,R,Curveball,75.0,L,L
716356,2023-10-01,2023,10,Bot,80,3,1,1,1,CWS,SD,657757,448179,621545,,,664954,643265,676946,666703,673490,B,,ball,Ball,1,1,1,1,0.046,0.0,R,Curveball,74.5,L,L
716356,2023-10-01,2023,10,Bot,80,2,1,0,1,CWS,SD,657757,448179,621545,,,664954,643265,676946,666703,673490,S,,called_strike,Called Strike,1,1,1,1,-0.053,0.0,R,4-Seam Fastball,91.0,L,L
716356,2023-10-01,2023,10,Bot,80,1,0,0,1,CWS,SD,657757,448179,621545,,,664954,643265,676946,666703,673490,B,,ball,Ball,1,1,1,1,0.036,0.0,R,Curveball,73.9,L,L
716356,2023-10-01,2023,10,Bot,79,5,1,2,0,CWS,SD,683734,448179,621545,,,664954,643265,676946,666703,673490,S,strikeout,foul_tip,Andrew Vaughn strikes out on a foul tip.,1,1,1,1,-0.165,-0.076,R,4-Seam Fastball,90.7,R,L
716356,2023-10-01,2023,10,Bot,79,4,1,2,0,CWS,SD,683734,448179,621545,,,664954,643265,676946,666703,673490,S,,foul,Foul,1,1,1,1,0.0,0.0,R,Curveball,74.1,R,L
716356,2023-10-01,2023,10,Bot,79,3,0,2,0,CWS,SD,683734,448179,621545,,,664954,643265,676946,666703,673490,B,,ball,Ball,1,1,1,1,0.008,0.0,R,Curveball,73.2,R,L
716356,2023-10-01,2023,10,Bot,79,2,0,1,0,CWS,SD,683734,448179,621545,,,664954,643265,676946,666703,673490,S,,foul,Foul,1,1,1,1,-0.043,0.0,R,4-Seam Fastball,90.2,R,L
716356,2023-10-01,2023,10,Bot,79,1,0,0,0,CWS,SD,683734,448179,621545,,,664954,643265,676946,666703,673490,S,,foul,Foul,1,1,1,1,-0.036,0.0,R,4-Seam Fastball,90.5,R,L
716356,2023-10-01,2023,10,Bot,78,2,0,1,0,CWS,SD,621545,448179,,462101,,664954,643265,676946,666703,673490,X,single,hit_into_play,Zach Remillard singles on a ground ball to right fielder Jose Azocar. Elvis Andrus scores.,0,1,0,1,0.55,0.27,R,Curveball,74.1,R,L
716356,2023-10-01,2023,10,Bot,78,1,0,0,0,CWS,SD,621545,448179,,462101,,664954,643265,676946,666703,673490,S,,called_strike,Called Strike,0,1,0,1,-0.046,0.0,R,4-Seam Fastball,89.1,R,L
716356,2023-10-01,2023,10,Top,77,4,1,2,2,CWS,SD,640492,665620,,596847,676946,656024,683734,621545,672820,462101,S,strikeout,called_strike,Jose Azocar called out on strikes.,0,1,1,0,-0.19,0.085,R,4-Seam Fastball,97.1,R,R
716356,2023-10-01,2023,10,Top,77,3,0,2,2,CWS,SD,640492,665620,596847,676946,,656024,683734,621545,672820,462101,B,,ball,Ball,0,1,1,0,0.018,-0.016,R,Sweeper,81.7,R,R
716356,2023-10-01,2023,10,Top,77,2,0,1,2,CWS,SD,640492,665620,596847,676946,,656024,683734,621545,672820,462101,S,,called_strike,Called Strike,0,1,1,0,-0.061,0.0,R,Curveball,79.8,R,R
716356,2023-10-01,2023,10,Top,77,1,0,0,2,CWS,SD,640492,665620,596847,676946,,656024,683734,621545,672820,462101,S,,called_strike,Called Strike,0,1,1,0,-0.04,0.0,R,4-Seam Fastball,95.8,R,R
716356,2023-10-01,2023,10,Top,76,6,3,2,2,CWS,SD,596847,665620,676946,,,656024,683734,621545,672820,462101,B,walk,ball,Ji Man Choi walks. Matthew Batten to 2nd.,0,1,1,0,0.258,-0.023,R,4-Seam Fastball,95.8,L,R
716356,2023-10-01,2023,10,Top,76,5,3,1,2,CWS,SD,596847,665620,676946,,,656024,683734,621545,672820,462101,S,,foul,Foul,0,1,1,0,-0.094,0.0,R,Changeup,86.4,L,R
716356,2023-10-01,2023,10,Top,76,4,2,1,2,CWS,SD,596847,665620,676946,,,656024,683734,621545,672820,462101,B,,ball,Ball,0,1,1,0,0.097,0.0,R,Changeup,86.2,L,R
716356,2023-10-01,2023,10,Top,76,3,1,1,2,CWS,SD,596847,665620,676946,,,656024,683734,621545,672820,462101,B,,ball,Ball,0,1,1,0,0.036,0.0,R,4-Seam Fastball,94.7,L,R
716356,2023-10-01,2023,10,Top,76,2,1,0,2,CWS,SD,596847,665620,676946,,,656024,683734,621545,672820,462101,S,,swinging_strike,Swinging Strike,0,1,1,0,-0.05,0.0,R,4-Seam Fastball,95.6,L,R
716356,2023-10-01,2023,10,Top,76,1,0,0,2,CWS,SD,596847,665620,676946,,,656024,683734,621545,672820,462101,B,,ball,Ball,0,1,1,0,0.03,0.0,R,Changeup,85.6,L,R
716356,2023-10-01,2023,10,Top,75,2,1,0,1,CWS,SD,673490,665620,676946,,666703,656024,683734,621545,672820,462101,X,sac_fly,hit_into_play,Ha-Seong Kim out on a sacrifice fly to right fielder Gavin Sheets. Eguy Rosario scores.,0,0,0,0,-0.18,-0.098,R,4-Seam Fastball,95.6,R,R
716356,2023-10-01,2023,10,Top,75,1,0,0,1,CWS,SD,673490,665620,676946,,666703,656024,683734,621545,672820,462101,B,,blocked_ball,Ball In Dirt,0,0,0,0,0.041,0.0,R,Curveball,77.6,R,R
716356,2023-10-01,2023,10,Top,74,5,3,1,1,CWS,SD,676946,665620,,,666703,656024,683734,621545,672820,462101,B,walk,ball,Matthew Batten walks.,0,0,0,0,0.124,-0.002,R,4-Seam Fastball,95.5,R,R
716356,2023-10-01,2023,10,Top,74,4,2,1,1,CWS,SD,676946,665620,,,666703,656024,683734,621545,672820,462101,B,,ball,Ball,0,0,0,0,0.085,0.0,R,4-Seam Fastball,95.8,R,R
716356,2023-10-01,2023,10,Top,74,3,1,1,1,CWS,SD,676946,665620,,,666703,656024,683734,621545,672820,462101,B,,ball,Ball,0,0,0,0,0.023,0.0,R,Curveball,78.1,R,R
716356,2023-10-01,2023,10,Top,74,2,1,0,1,CWS,SD,676946,665620,,,666703,656024,683734,621545,672820,462101,S,,called_strike,Called Strike,0,0,0,0,-0.069,0.0,R,4-Seam Fastball,96.4,R,R
716356,2023-10-01,2023,10,Top,74,1,0,0,1,CWS,SD,676946,665620,,,666703,656024,683734,621545,672820,462101,B,,ball,Ball,0,0,0,0,0.026,0.0,R,Curveball,76.1,R,R
716356,2023-10-01,2023,10,Top,73,6,2,2,0,CWS,SD,664954,665620,,666703,,656024,683734,621545,672820,462101,X,field_out,hit_into_play,Brett Sullivan grounds out to first baseman Andrew Vaughn. Eguy Rosario to 3rd.,0,0,0,0,-0.158,-0.008,R,Changeup,86.2,L,R
716356,2023-10-01,2023,10,Top,73,5,1,2,0,CWS,SD,664954,665620,,666703,,656024,683734,621545,672820,462101,B,,ball,Ball,0,0,0,0,0.034,0.0,R,Changeup,87.3,L,R
716356,2023-10-01,2023,10,Top,73,4,1,2,0,CWS,SD,664954,665620,,666703,,656024,683734,621545,672820,462101,S,,foul,Foul,0,0,0,0,0.0,0.0,R,4-Seam Fastball,96.2,L,R
716356,2023-10-01,2023,10,Top,73,3,0,2,0,CWS,SD,664954,665620,,666703,,656024,683734,621545,672820,462101,B,,ball,Ball,0,0,0,0,0.017,0.0,R,4-Seam Fastball,95.9,L,R
716356,2023-10-01,2023,10,Top,73,2,0,1,0,CWS,SD,664954,665620,,666703,,656024,683734,621545,672820,462101,S,,foul,Foul,0,0,0,0,-0.062,0.0,R,4-Seam Fastball,96.0,L,R
716356,2023-10-01,2023,10,Top,73,1,0,0,0,CWS,SD,664954,665620,,666703,,656024,683734,621545,672820,462101,S,,swinging_strike,Swinging Strike,0,0,0,0,-0.046,0.0,R,4-Seam Fastball,95.3,L,R
716356,2023-10-01,2023,9,Bot,72,5,3,1,2,CWS,SD,462101,623352,,,,664954,643265,676946,666703,673490,X,field_out,hit_into_play,Elvis Andrus pops out to third baseman Eguy Rosario in foul territory.,0,0,0,0,-0.43,-0.033,R,Sinker,96.5,R,L
716356,2023-10-01,2023,9,Bot,72,4,3,0,2,CWS,SD,462101,623352,,,,664954,643265,676946,666703,673490,S,,foul,Foul,0,0,0,0,-0.057,0.0,R,Sinker,96.2,R,L
716356,2023-10-01,2023,9,Bot,72,3,2,0,2,CWS,SD,462101,623352,,,,664954,643265,676946,666703,673490,B,,ball,Ball,0,0,0,0,0.113,0.0,R,Sinker,96.2,R,L
716356,2023-10-01,2023,9,Bot,72,2,1,0,2,CWS,SD,462101,623352,,,,664954,643265,676946,666703,673490,B,,ball,Ball,0,0,0,0,0.056,0.0,R,Sinker,95.9,R,L
716356,2023-10-01,2023,9,Bot,72,1,0,0,2,CWS,SD,462101,623352,,,,664954,643265,676946,666703,673490,B,,ball,Ball,0,0,0,0,0.043,0.0,R,Slider,87.1,R,L
716356,2023-10-01,2023,9,Bot,71,7,3,2,1,CWS,SD,656024,623352,,,,664954,643265,676946,666703,673490,X,field_out,hit_into_play,Carlos Perez pops out to first baseman Garrett Cooper.,0,0,0,0,-0.328,-0.044,R,Sinker,97.0,R,L
716356,2023-10-01,2023,9,Bot,71,6,2,2,1,CWS,SD,656024,623352,,,,664954,643265,676946,666703,673490,B,,ball,Ball,0,0,0,0,0.094,0.0,R,Changeup,91.3,R,L
716356,2023-10-01,2023,9,Bot,71,5,1,2,1,CWS,SD,656024,623352,,,,664954,643265,676946,666703,673490,B,,ball,Ball,0,0,0,0,0.045,0.0,R,Sinker,98.0,R,L
716356,2023-10-01,2023,9,Bot,71,4,1,2,1,CWS,SD,656024,623352,,,,664954,643265,676946,666703,673490,S,,foul,Foul,0,0,0,0,0.0,0.0,R,Sinker,97.8,R,L
716356,2023-10-01,2023,9,Bot,71,3,1,1,1,CWS,SD,656024,623352,,,,664954,643265,676946,666703,673490,S,,foul,Foul,0,0,0,0,-0.068,0.0,R,Sinker,97.8,R,L
716356,2023-10-01,2023,9,Bot,71,2,1,0,1,CWS,SD,656024,623352,,,,664954,643265,676946,666703,673490,S,,called_strike,Called Strike,0,0,0,0,-0.05,0.0,R,Sinker,96.4,R,L
716356,2023-10-01,2023,9,Bot,71,1,0,0,1,CWS,SD,656024,623352,,,,664954,643265,676946,666703,673490,B,,ball,Ball,0,0,0,0,0.039,0.0,R,Slider,85.6,R,L
716356,2023-10-01,2023,9,Bot,70,4,1,2,0,CWS,SD,572204,623352,,,,664954,643265,676946,666703,673490,S,strikeout,swinging_strike,Trayce Thompson strikes out swinging.,0,0,0,0,-0.193,-0.057,R,Sinker,97.7,R,L
716356,2023-10-01,2023,9,Bot,70,3,1,1,0,CWS,SD,572204,623352,,,,664954,643265,676946,666703,673490,S,,called_strike,Called Strike,0,0,0,0,-0.061,0.0,R,Sinker,96.8,R,L
716356,2023-10-01,2023,9,Bot,70,2,1,0,0,CWS,SD,572204,623352,,,,664954,643265,676946,666703,673490,S,,called_strike,Called Strike,0,0,0,0,-0.052,0.0,R,Sinker,95.3,R,L
716356,2023-10-01,2023,9,Bot,70,1,0,0,0,CWS,SD,572204,623352,,,,664954,643265,676946,666703,673490,B,,ball,Ball,0,0,0,0,0.04,0.0,R,Sinker,95.9,R,L
716356,2023-10-01,2023,9,Top,69,3,2,0,2,CWS,SD,666703,543766,643265,,,656024,683734,621545,672820,462101,X,field_out,hit_into_play,Eguy Rosario pops out to second baseman Zach Remillard.,0,0,0,0,-0.353,0.064,R,Cutter,92.2,R,R
716356,2023-10-01,2023,9,Top,69,2,1,0,2,CWS,SD,666703,543766,643265,,,656024,683734,621545,672820,462101,B,,ball,Ball,0,0,0,0,0.037,0.0,R,Cutter,92.4,R,R
716356,2023-10-01,2023,9,Top,69,1,0,0,2,CWS,SD,666703,543766,643265,,,656024,683734,621545,672820,462101,B,,ball,Ball,0,0,0,0,0.03,0.0,R,Cutter,92.5,R,R
716356,2023-10-01,2023,9,Top,68,2,0,1,1,CWS,SD,663757,543766,643265,,,656024,683734,621545,672820,462101,X,field_out,hit_into_play,Trent Grisham lines out to right fielder Gavin Sheets.,0,0,0,0,-0.215,0.072,R,Changeup,84.1,L,R
716356,2023-10-01,2023,9,Top,68,1,0,0,1,CWS,SD,663757,543766,643265,,,656024,683734,621545,672820,462101,S,,called_strike,Called Strike,0,0,0,0,-0.042,0.0,R,Cutter,93.5,L,R
716356,2023-10-01,2023,9,Top,67,6,3,2,1,CWS,SD,643265,543766,,,,656024,683734,621545,672820,462101,B,walk,ball,Garrett Cooper walks.,0,0,0,0,0.36,-0.06,R,Cutter,93.3,R,R
716356,2023-10-01,2023,9,Top,67,5,3,1,1,CWS,SD,643265,543766,,,,656024,683734,621545,672820,462101,S,,foul,Foul,0,0,0,0,-0.104,0.0,R,Cutter,93.5,R,R
716356,2023-10-01,2023,9,Top,67,4,3,0,1,CWS,SD,643265,543766,,,,656024,683734,621545,672820,462101,S,,called_strike,Called Strike,0,0,0,0,-0.083,0.0,R,Cutter,93.1,R,R
716356,2023-10-01,2023,9,Top,67,3,2,0,1,CWS,SD,643265,543766,,,,656024,683734,621545,672820,462101,B,,ball,Ball,0,0,0,0,0.142,0.0,R,Cutter,92.8,R,R
716356,2023-10-01,2023,9,Top,67,2,1,0,1,CWS,SD,643265,543766,,,,656024,683734,621545,672820,462101,B,,ball,Ball,0,0,0,0,0.066,0.0,R,Sweeper,82.4,R,R
716356,2023-10-01,2023,9,Top,67,1,0,0,1,CWS,SD,643265,543766,,,,656024,683734,621545,672820,462101,B,,ball,Ball,0,0,0,0,0.039,0.0,R,Cutter,93.6,R,R
716356,2023-10-01,2023,9,Top,66,6,2,2,0,CWS,SD,595777,543766,,,,656024,683734,621545,672820,462101,X,field_out,hit_into_play,Jurickson Profar flies out to left fielder Tyler Naquin.,0,0,0,0,-0.239,0.058,R,Sweeper,84.7,L,R
716356,2023-10-01,2023,9,Top,66,5,2,2,0,CWS,SD,595777,543766,,,,656024,683734,621545,672820,462101,S,,foul,Foul,0,0,0,0,0.0,0.0,R,Cutter,95.1,L,R
716356,2023-10-01,2023,9,Top,66,4,1,2,0,CWS,SD,595777,543766,,,,656024,683734,621545,672820,462101,B,,ball,Ball,0,0,0,0,0.046,0.0,R,Cutter,93.3,L,R
716356,2023-10-01,2023,9,Top,66,3,1,1,0,CWS,SD,595777,543766,,,,656024,683734,621545,672820,462101,S,,foul,Foul,0,0,0,0,-0.061,0.0,R,Changeup,83.5,L,R
716356,2023-10-01,2023,9,Top,66,2,0,1,0,CWS,SD,595777,543766,,,,656024,683734,621545,672820,462101,B,,ball,Ball,0,0,0,0,0.031,0.0,R,Sinker,94.2,L,R
716356,2023-10-01,2023,9,Top,66,1,0,0,0,CWS,SD,595777,543766,,,,656024,683734,621545,672820,462101,S,,called_strike,Called Strike,0,0,0,0,-0.042,0.0,R,Curveball,81.4,L,R
716356,2023-10-01,2023,8,Bot,65,4,1,2,2,CWS,SD,571980,676680,672820,683734,,664954,643265,676946,666703,673490,S,strikeout,called_strike,Tyler Naquin called out on strikes.,0,0,0,0,-0.213,-0.089,R,4-Seam Fastball,92.5,L,L
716356,2023-10-01,2023,8,Bot,65,3,1,1,2,CWS,SD,571980,676680,672820,683734,,664954,643265,676946,666703,673490,S,,foul,Foul,0,0,0,0,-0.069,0.0,R,Sweeper,77.3,L,L
716356,2023-10-01,2023,8,Bot,65,2,1,0,2,CWS,SD,571980,676680,672820,683734,,664954,643265,676946,666703,673490,S,,swinging_strike,Swinging Strike,0,0,0,0,-0.045,0.0,R,Sinker,91.0,L,L
716356,2023-10-01,2023,8,Bot,65,1,0,0,2,CWS,SD,571980,676680,672820,683734,,664954,643265,676946,666703,673490,B,,ball,Ball,0,0,0,0,0.03,0.0,R,Sweeper,79.2,L,L
716356,2023-10-01,2023,8,Bot,64,3,2,0,2,CWS,SD,672820,676680,,683734,,664954,643265,676946,666703,673490,B,,ball,Ball,0,0,0,0,0.037,0.0,R,Sweeper,77.4,R,L
716356,2023-10-01,2023,8,Bot,64,2,1,0,2,CWS,SD,672820,676680,,683734,,664954,643265,676946,666703,673490,B,,ball,Ball,0,0,0,0,0.029,0.0,R,Sinker,91.1,R,L
716356,2023-10-01,2023,8,Bot,64,1,0,0,2,CWS,SD,672820,676680,,683734,,664954,643265,676946,666703,673490,B,,ball,Ball,0,0,0,0,0.02,0.0,R,Sinker,90.3,R,L
716356,2023-10-01,2023,8,Bot,63,4,1,2,1,CWS,SD,518735,676680,683734,,,664954,643265,676946,666703,673490,X,field_out,hit_into_play,"Yasmani Grandal grounds out, third baseman Eguy Rosario to first baseman Garrett Cooper. Andrew Vaughn to 2nd.",0,0,0,0,-0.261,-0.025,R,Sweeper,78.3,R,L
716356,2023-10-01,2023,8,Bot,63,3,1,1,1,CWS,SD,518735,676680,683734,,,664954,643265,676946,666703,673490,S,,swinging_strike,Swinging Strike,0,0,0,0,-0.055,0.0,R,Sinker,92.1,R,L
716356,2023-10-01,2023,8,Bot,63,2,1,0,1,CWS,SD,518735,676680,683734,,,664954,643265,676946,666703,673490,S,,called_strike,Called Strike,0,0,0,0,-0.053,0.0,R,Sweeper,77.6,R,L
716356,2023-10-01,2023,8,Bot,63,1,0,0,1,CWS,SD,518735,676680,683734,,,664954,643265,676946,666703,673490,B,,ball,Ball,0,0,0,0,0.036,0.0,R,Sweeper,78.1,R,L
716356,2023-10-01,2023,8,Bot,62,2,0,1,0,CWS,SD,657757,676680,683734,,,664954,643265,676946,666703,673490,X,field_out,hit_into_play,Gavin Sheets flies out to left fielder Jurickson Profar.,0,0,0,0,-0.205,-0.063,R,Sinker,91.4,L,L
716356,2023-10-01,2023,8,Bot,62,1,0,0,0,CWS,SD,657757,676680,683734,,,664954,643265,676946,666703,673490,S,,called_strike,Called Strike,0,0,0,0,-0.036,0.0,R,Sweeper,78.9,L,L
716356,2023-10-01,2023,8,Bot,61,1,0,0,0,CWS,SD,683734,676680,,,,664954,643265,676946,666703,673490,X,single,hit_into_play,Andrew Vaughn singles on a ground ball to right fielder Jose Azocar.,0,0,0,0,0.432,0.064,R,Sinker,91.9,R,L
716356,2023-10-01,2023,8,Top,60,7,2,2,2,CWS,SD,640492,676979,,,,656024,683734,621545,672820,462101,S,strikeout,swinging_strike,Jose Azocar strikes out swinging.,0,0,0,0,-0.233,0.025,R,4-Seam Fastball,96.7,R,L
716356,2023-10-01,2023,8,Top,60,6,2,2,2,CWS,SD,640492,676979,,,,656024,683734,621545,672820,462101,S,,foul,Foul,0,0,0,0,0.0,0.0,R,Sweeper,85.6,R,L
716356,2023-10-01,2023,8,Top,60,5,2,2,2,CWS,SD,640492,676979,,,,656024,683734,621545,672820,462101,S,,foul,Foul,0,0,0,0,0.0,0.0,R,4-Seam Fastball,96.9,R,L
716356,2023-10-01,2023,8,Top,60,4,2,1,2,CWS,SD,640492,676979,,,,656024,683734,621545,672820,462101,S,,swinging_strike,Swinging Strike,0,0,0,0,-0.081,0.0,R,4-Seam Fastball,94.0,R,L
716356,2023-10-01,2023,8,Top,60,3,1,1,2,CWS,SD,640492,676979,,,,656024,683734,621545,672820,462101,B,,ball,Ball,0,0,0,0,0.053,0.0,R,4-Seam Fastball,96.5,R,L
716356,2023-10-01,2023,8,Top,60,2,0,1,2,CWS,SD,640492,676979,,,,656024,683734,621545,672820,462101,B,,ball,Ball,0,0,0,0,0.031,0.0,R,4-Seam Fastball,94.3,R,L
716356,2023-10-01,2023,8,Top,60,1,0,0,2,CWS,SD,640492,676979,,,,656024,683734,621545,672820,462101,S,,swinging_strike,Swinging Strike,0,0,0,0,-0.045,0.0,R,4-Seam Fastball,97.3,R,L
716356,2023-10-01,2023,8,Top,59,5,2,2,1,CWS,SD,596847,676979,,,,656024,683734,621545,672820,462101,S,strikeout,called_strike,Ji Man Choi called out on strikes.,0,0,0,0,-0.234,0.034,R,Sweeper,87.3,L,L
716356,2023-10-01,2023,8,Top,59,4,2,1,1,CWS,SD,596847,676979,,,,656024,683734,621545,672820,462101,S,,swinging_strike,Swinging Strike,0,0,0,0,-0.076,0.0,R,4-Seam Fastball,96.8,L,L
716356,2023-10-01,2023,8,Top,59,3,1,1,1,CWS,SD,596847,676979,,,,656024,683734,621545,672820,462101,B,,ball,Ball,0,0,0,0,0.054,0.0,R,4-Seam Fastball,96.4,L,L
716356,2023-10-01,2023,8,Top,59,2,1,0,1,CWS,SD,596847,676979,,,,656024,683734,621545,672820,462101,S,,called_strike,Called Strike,0,0,0,0,-0.05,0.0,R,4-Seam Fastball,97.0,L,L
716356,2023-10-01,2023,8,Top,59,1,0,0,1,CWS,SD,596847,676979,,,,656024,683734,621545,672820,462101,B,,ball,Ball,0,0,0,0,0.039,0.0,R,4-Seam Fastball,97.0,L,L
716356,2023-10-01,2023,8,Top,58,4,2,1,0,CWS,SD,673490,676979,,,,656024,683734,621545,672820,462101,X,field_out,hit_into_play,Ha-Seong Kim pops out to first baseman Andrew Vaughn.,0,0,0,0,-0.313,0.046,R,4-Seam Fastball,96.7,R,L
716356,2023-10-01,2023,8,Top,58,3,1,1,0,CWS,SD,673490,676979,,,,656024,683734,621545,672820,462101,B,,ball,Ball,0,0,0,0,0.059,0.0,R,4-Seam Fastball,96.0,R,L
716356,2023-10-01,2023,8,Top,58,2,1,0,0,CWS,SD,673490,676979,,,,656024,683734,621545,672820,462101,S,,called_strike,Called Strike,0,0,0,0,-0.052,0.0,R,4-Seam Fastball,96.6,R,L
716356,2023-10-01,2023,8,Top,58,1,0,0,0,CWS,SD,673490,676979,,,,656024,683734,621545,672820,462101,B,,ball,Ball,0,0,0,0,0.04,0.0,R,4-Seam Fastball,95.0,R,L
716356,2023-10-01,2023,7,Bot,57,5,3,1,2,CWS,SD,621545,605130,,,572204,664954,643265,676946,666703,673490,X,field_out,hit_into_play,"Zach Remillard grounds out, shortstop Ha-Seong Kim to first baseman Garrett Cooper.",0,0,0,0,-0.376,-0.074,R,Sweeper,81.7,R,R
716356,2023-10-01,2023,7,Bot,57,4,2,1,2,CWS,SD,621545,605130,,,572204,664954,643265,676946,666703,673490,B,,ball,Ball,0,0,0,0,0.052,0.0,R,Sweeper,82.6,R,R
716356,2023-10-01,2023,7,Bot,57,3,1,1,2,CWS,SD,621545,605130,,,572204,664954,643265,676946,666703,673490,B,,blocked_ball,Ball In Dirt,0,0,0,0,0.039,0.0,R,Curveball,78.1,R,R
716356,2023-10-01,2023,7,Bot,57,2,1,0,2,CWS,SD,621545,605130,,,572204,664954,643265,676946,666703,673490,S,,foul,Foul,0,0,0,0,-0.035,0.0,R,Sweeper,82.9,R,R
716356,2023-10-01,2023,7,Bot,57,1,0,0,2,CWS,SD,621545,605130,,,572204,664954,643265,676946,666703,673490,B,,blocked_ball,Ball In Dirt,0,0,0,0,0.028,0.0,R,Sweeper,82.9,R,R
716356,2023-10-01,2023,7,Bot,56,4,1,2,1,CWS,SD,462101,605130,,,572204,664954,643265,676946,666703,673490,S,strikeout,swinging_strike_blocked,Elvis Andrus strikes out swinging.,0,0,0,0,-0.295,-0.119,R,Curveball,78.7,R,R
716356,2023-10-01,2023,7,Bot,56,3,1,1,1,CWS,SD,462101,605130,,572204,,664954,643265,676946,666703,673490,S,,called_strike,Called Strike,0,0,0,0,-0.078,0.069,R,Sinker,94.1,R,R
716356,2023-10-01,2023,7,Bot,56,2,0,1,1,CWS,SD,462101,605130,,572204,,664954,643265,676946,666703,673490,B,,ball,Ball,0,0,0,0,0.024,0.0,R,Sweeper,81.6,R,R
716356,2023-10-01,2023,7,Bot,56,1,0,0,1,CWS,SD,462101,605130,,572204,,664954,643265,676946,666703,673490,S,,called_strike,Called Strike,0,0,0,0,-0.038,0.0,R,Sweeper,83.1,R,R
716356,2023-10-01,2023,7,Bot,55,1,0,0,0,CWS,SD,656024,605130,572204,,,664954,643265,676946,666703,673490,X,field_out,hit_into_play,"Carlos Perez grounds out, third baseman Eguy Rosario to first baseman Garrett Cooper. Trayce Thompson to 2nd.",0,0,0,0,-0.35,-0.019,R,Sinker,93.4,R,R
716356,2023-10-01,2023,7,Bot,54,7,3,2,0,CWS,SD,572204,605130,,,,664954,643265,676946,666703,673490,B,walk,ball,Trayce Thompson walks.,0,0,0,0,0.347,0.057,R,Curveball,77.8,R,R
716356,2023-10-01,2023,7,Bot,54,6,3,2,0,CWS,SD,572204,605130,,,,664954,643265,676946,666703,673490,S,,foul,Foul,0,0,0,0,0.0,0.0,R,Sweeper,81.7,R,R
716356,2023-10-01,2023,7,Bot,54,5,2,2,0,CWS,SD,572204,605130,,,,664954,643265,676946,666703,673490,B,,ball,Ball,0,0,0,0,0.115,0.0,R,4-Seam Fastball,93.1,R,R
716356,2023-10-01,2023,7,Bot,54,4,2,1,0,CWS,SD,572204,605130,,,,664954,643265,676946,666703,673490,S,,called_strike,Called Strike,0,0,0,0,-0.074,0.0,R,Sweeper,82.0,R,R
716356,2023-10-01,2023,7,Bot,54,3,1,1,0,CWS,SD,572204,605130,,,,664954,643265,676946,666703,673490,B,,ball,Ball,0,0,0,0,0.059,0.0,R,Curveball,77.0,R,R
716356,2023-10-01,2023,7,Bot,54,2,0,1,0,CWS,SD,572204,605130,,,,664954,643265,676946,666703,673490,B,,ball,Ball,0,0,0,0,0.031,0.0,R,Curveball,77.8,R,R
716356,2023-10-01,2023,7,Bot,54,1,0,0,0,CWS,SD,572204,605130,,,,664954,643265,676946,666703,673490,S,,called_strike,Called Strike,0,0,0,0,-0.042,0.0,R,4-Seam Fastball,93.9,R,R
716356,2023-10-01,2023,7,Top,53,6,3,2,2,CWS,SD,676946,670990,666703,663757,,656024,683734,621545,672820,462101,S,strikeout,called_strike,Matthew Batten called out on strikes.,0,0,0,0,-0.311,0.075,R,Sinker,95.3,R,R
716356,2023-10-01,2023,7,Top,53,5,2,2,2,CWS,SD,676946,670990,666703,663757,,656024,683734,621545,672820,462101,B,,ball,Ball,0,0,0,0,0.064,0.0,R,Sinker,94.8,R,R
716356,2023-10-01,2023,7,Top,53,4,2,1,2,CWS,SD,676946,670990,666703,663757,,656024,683734,621545,672820,462101,S,,called_strike,Called Strike,0,0,0,0,-0.06,0.0,R,Sinker,94.8,R,R
716356,2023-10-01,2023,7,Top,53,3,1,1,2,CWS,SD,676946,670990,666703,663757,,656024,683734,621545,672820,462101,B,,ball,Ball,0,0,0,0,0.025,0.0,R,Sweeper,81.4,R,R
716356,2023-10-01,2023,7,Top,53,2,1,0,2,CWS,SD,676946,670990,666703,663757,,656024,683734,621545,672820,462101,S,,called_strike,Called Strike,0,0,0,0,-0.045,0.0,R,Sinker,94.6,R,R
716356,2023-10-01,2023,7,Top,53,1,0,0,2,CWS,SD,676946,670990,666703,663757,,656024,683734,621545,672820,462101,B,,ball,Ball,0,0,0,0,0.03,0.0,R,Sweeper,81.7,R,R
716356,2023-10-01,2023,7,Top,52,4,1,2,1,CWS,SD,664954,670990,666703,663757,,656024,683734,621545,672820,462101,S,strikeout,called_strike,Brett Sullivan called out on strikes.,0,0,0,0,-0.173,0.072,R,Sinker,95.3,L,R
716356,2023-10-01,2023,7,Top,52,3,1,1,1,CWS,SD,664954,670990,666703,663757,,656024,683734,621545,672820,462101,S,,foul,Foul,0,0,0,0,-0.059,0.0,R,Sinker,96.1,L,R
716356,2023-10-01,2023,7,Top,52,2,0,1,1,CWS,SD,664954,670990,666703,663757,,656024,683734,621545,672820,462101,B,,ball,Ball,0,0,0,0,0.031,0.0,R,Sinker,96.2,L,R
716356,2023-10-01,2023,7,Top,52,1,0,0,1,CWS,SD,664954,670990,666703,663757,,656024,683734,621545,672820,462101,S,,called_strike,Called Strike,0,0,0,0,-0.04,0.0,R,Sinker,96.0,L,R
716356,2023-10-01,2023,7,Top,51,5,2,2,1,CWS,SD,666703,670990,663757,,,656024,683734,621545,672820,462101,X,single,hit_into_play,Eguy Rosario singles on a pop up to right fielder Gavin Sheets. Trent Grisham to 2nd.,0,0,0,0,0.44,-0.057,R,Sweeper,80.3,R,R
716356,2023-10-01,2023,7,Top,51,4,2,1,1,CWS,SD,666703,670990,663757,,,656024,683734,621545,672820,462101,S,,swinging_strike,Swinging Strike,0,0,0,0,-0.054,0.0,R,Sinker,95.6,R,R
716356,2023-10-01,2023,7,Top,51,3,1,1,1,CWS,SD,666703,670990,663757,,,656024,683734,621545,672820,462101,B,,ball,Ball,0,0,0,0,0.046,0.0,R,Sweeper,80.6,R,R
716356,2023-10-01,2023,7,Top,51,2,1,0,1,CWS,SD,666703,670990,663757,,,656024,683734,621545,672820,462101,S,,called_strike,Called Strike,0,0,0,0,-0.053,0.0,R,Sweeper,81.4,R,R
716356,2023-10-01,2023,7,Top,51,1,0,0,1,CWS,SD,666703,670990,663757,,,656024,683734,621545,672820,462101,B,,ball,Ball,0,0,0,0,0.036,0.0,R,Sinker,94.9,R,R
716356,2023-10-01,2023,7,Top,50,4,3,0,1,CWS,SD,663757,670990,,,,656024,683734,621545,672820,462101,B,walk,ball,Trent Grisham walks.,0,0,0,0,0.173,-0.043,R,Sinker,95.0,L,R
716356,2023-10-01,2023,7,Top,50,3,2,0,1,CWS,SD,663757,670990,,,,656024,683734,621545,672820,462101,B,,ball,Ball,0,0,0,0,0.142,0.0,R,Sinker,93.3,L,R
716356,2023-10-01,2023,7,Top,50,2,1,0,1,CWS,SD,663757,670990,,,,656024,683734,621545,672820,462101,B,,ball,Ball,0,0,0,0,0.066,0.0,R,Sinker,93.7,L,R
716356,2023-10-01,2023,7,Top,50,1,0,0,1,CWS,SD,663757,670990,,,,656024,683734,621545,672820,462101,B,,ball,Ball,0,0,0,0,0.039,0.0,R,Sinker,95.6,L,R
716356,2023-10-01,2023,7,Top,49,5,2,2,0,CWS,SD,643265,670990,,,,656024,683734,621545,672820,462101,X,field_out,hit_into_play,"Garrett Cooper grounds out, third baseman Lenyn Sosa to first baseman Andrew Vaughn.",0,0,0,0,-0.239,0.039,R,Sinker,94.2,R,R
716356,2023-10-01,2023,7,Top,49,4,2,1,0,CWS,SD,643265,670990,,,,656024,683734,621545,672820,462101,S,,called_strike,Called Strike,0,0,0,0,-0.074,0.0,R,Sinker,94.2,R,R
716356,2023-10-01,2023,7,Top,49,3,2,0,0,CWS,SD,643265,670990,,,,656024,683734,621545,672820,462101,S,,called_strike,Called Strike,0,0,0,0,-0.065,0.0,R,Sinker,93.5,R,R
716356,2023-10-01,2023,7,Top,49,2,1,0,0,CWS,SD,643265,670990,,,,656024,683734,621545,672820,462101,B,,ball,Ball,0,0,0,0,0.071,0.0,R,Sinker,94.9,R,R
716356,2023-10-01,2023,7,Top,49,1,0,0,0,CWS,SD,643265,670990,,,,656024,683734,621545,672820,462101,B,,ball,Ball,0,0,0,0,0.04,0.0,R,Sinker,93.6,R,R
716356,2023-10-01,2023,6,Bot,48,6,2,2,2,CWS,SD,571980,678061,672820,518735,,664954,643265,676946,666703,673490,S,strikeout,swinging_strike,Tyler Naquin strikes out swinging.,0,0,0,0,-0.246,-0.065,R,Curveball,82.7,L,L
716356,2023-10-01,2023,6,Bot,48,5,1,2,2,CWS,SD,571980,678061,672820,518735,,664954,643265,676946,666703,673490,B,,blocked_ball,Ball In Dirt,0,0,0,0,0.033,0.0,R,Curveball,84.6,L,L
716356,2023-10-01,2023,6,Bot,48,4,1,2,2,CWS,SD,571980,678061,672820,518735,,664954,643265,676946,666703,673490,S,,foul,Foul,0,0,0,0,0.0,0.0,R,4-Seam Fastball,96.8,L,L
716356,2023-10-01,2023,6,Bot,48,3,1,1,2,CWS,SD,571980,678061,672820,518735,,664954,643265,676946,666703,673490,S,,swinging_strike,Swinging Strike,0,0,0,0,-0.069,0.0,R,Curveball,80.5,L,L
716356,2023-10-01,2023,6,Bot,48,2,1,0,2,CWS,SD,571980,678061,672820,518735,,664954,643265,676946,666703,673490,S,,called_strike,Called Strike,0,0,0,0,-0.045,0.0,R,Curveball,81.1,L,L
716356,2023-10-01,2023,6,Bot,48,1,0,0,2,CWS,SD,571980,678061,672820,518735,,664954,643265,676946,666703,673490,B,,ball,Ball,0,0,0,0,0.03,0.0,R,4-Seam Fastball,96.0,L,L
716356,2023-10-01,2023,6,Bot,47,6,3,2,2,CWS,SD,672820,678061,518735,,,664954,643265,676946,666703,673490,B,walk,ball,Lenyn Sosa walks. Yasmani Grandal to 2nd.,0,0,0,0,0.258,0.029,R,Curveball,81.5,R,L
716356,2023-10-01,2023,6,Bot,47,5,3,1,2,CWS,SD,672820,678061,518735,,,664954,643265,676946,666703,673490,S,,foul,Foul,0,0,0,0,-0.094,0.0,R,4-Seam Fastball,96.2,R,L
716356,2023-10-01,2023,6,Bot,47,4,3,0,2,CWS,SD,672820,678061,518735,,,664954,643265,676946,666703,673490,S,,called_strike,Called Strike,0,0,0,0,-0.058,0.0,R,4-Seam Fastball,95.3,R,L
716356,2023-10-01,2023,6,Bot,47,3,2,0,2,CWS,SD,672820,678061,518735,,,664954,643265,676946,666703,673490,B,,ball,Ball,0,0,0,0,0.104,0.0,R,Curveball,81.4,R,L
716356,2023-10-01,2023,6,Bot,47,2,1,0,2,CWS,SD,672820,678061,518735,,,664954,643265,676946,666703,673490,B,,ball,Ball,0,0,0,0,0.037,0.0,R,Curveball,80.1,R,L
716356,2023-10-01,2023,6,Bot,47,1,0,0,2,CWS,SD,672820,678061,518735,,,664954,643265,676946,666703,673490,B,,ball,Ball,0,0,0,0,0.03,0.0,R,Curveball,80.5,R,L
716356,2023-10-01,2023,6,Bot,46,1,0,0,2,CWS,SD,518735,678061,,,,664954,643265,676946,666703,673490,X,single,hit_into_play,Yasmani Grandal singles on a line drive to right fielder Jose Azocar.,0,0,0,0,0.344,0.019,R,4-Seam Fastball,94.7,R,L
716356,2023-10-01,2023,6,Bot,45,5,2,2,1,CWS,SD,657757,678061,,,,664954,643265,676946,666703,673490,S,strikeout,called_strike,Gavin Sheets called out on strikes.,0,0,0,0,-0.234,-0.024,R,Curveball,82.2,L,L
716356,2023-10-01,2023,6,Bot,45,4,1,2,1,CWS,SD,657757,678061,,,,664954,643265,676946,666703,673490,B,,ball,Ball,0,0,0,0,0.045,0.0,R,Curveball,83.1,L,L
716356,2023-10-01,2023,6,Bot,45,3,1,1,1,CWS,SD,657757,678061,,,,664954,643265,676946,666703,673490,S,,swinging_strike,Swinging Strike,0,0,0,0,-0.068,0.0,R,4-Seam Fastball,96.1,L,L
716356,2023-10-01,2023,6,Bot,45,2,1,0,1,CWS,SD,657757,678061,,,,664954,643265,676946,666703,673490,S,,called_strike,Called Strike,0,0,0,0,-0.05,0.0,R,Curveball,82.2,L,L
716356,2023-10-01,2023,6,Bot,45,1,0,0,1,CWS,SD,657757,678061,,,,664954,643265,676946,666703,673490,B,,ball,Ball,0,0,0,0,0.039,0.0,R,4-Seam Fastball,93.7,L,L
716356,2023-10-01,2023,6,Bot,44,5,2,2,0,CWS,SD,683734,678061,,,,664954,643265,676946,666703,673490,S,strikeout,swinging_strike,"Andrew Vaughn strikes out swinging, catcher Brett Sullivan to first baseman Garrett Cooper.",0,0,0,0,-0.239,-0.033,R,4-Seam Fastball,95.2,R,L
716356,2023-10-01,2023,6,Bot,44,4,1,2,0,CWS,SD,683734,678061,,,,664954,643265,676946,666703,673490,B,,ball,Ball,0,0,0,0,0.046,0.0,R,Split-Finger,88.0,R,L
716356,2023-10-01,2023,6,Bot,44,3,1,1,0,CWS,SD,683734,678061,,,,664954,643265,676946,666703,673490,S,,called_strike,Called Strike,0,0,0,0,-0.061,0.0,R,Curveball,81.0,R,L
716356,2023-10-01,2023,6,Bot,44,2,0,1,0,CWS,SD,683734,678061,,,,664954,643265,676946,666703,673490,B,,ball,Ball,0,0,0,0,0.031,0.0,R,Curveball,80.8,R,L
716356,2023-10-01,2023,6,Bot,44,1,0,0,0,CWS,SD,683734,678061,,,,664954,643265,676946,666703,673490,S,,called_strike,Called Strike,0,0,0,0,-0.042,0.0,R,Curveball,79.8,R,L
716356,2023-10-01,2023,6,Top,43,1,0,0,2,CWS,SD,595777,570632,640492,676946,,656024,683734,621545,672820,462101,X,field_out,hit_into_play,"Jurickson Profar grounds out, second baseman Zach Remillard to first baseman Andrew Vaughn.",0,0,0,0,-0.296,0.065,R,Changeup,89.6,L,R
716356,2023-10-01,2023,6,Top,42,4,3,0,2,CWS,SD,640492,570632,,676946,,656024,683734,621545,672820,462101,B,walk,ball,Jose Azocar walks.,0,0,0,0,0.052,-0.012,R,Sinker,95.3,R,R
716356,2023-10-01,2023,6,Top,42,3,2,0,2,CWS,SD,640492,570632,,676946,,656024,683734,621545,672820,462101,B,,ball,Ball,0,0,0,0,0.037,0.0,R,Slider,87.5,R,R
716356,2023-10-01,2023,6,Top,42,2,1,0,2,CWS,SD,640492,570632,676946,,,656024,683734,621545,672820,462101,B,,ball,Ball,0,0,0,0,0.037,-0.018,R,Sinker,95.6,R,R
716356,2023-10-01,2023,6,Top,42,1,0,0,2,CWS,SD,640492,570632,676946,,,656024,683734,621545,672820,462101,B,,ball,Ball,0,0,0,0,0.03,0.0,R,Slider,88.9,R,R
716356,2023-10-01,2023,6,Top,41,5,3,1,1,CWS,SD,596847,570632,676946,,,656024,683734,621545,672820,462101,X,field_out,hit_into_play,Ji Man Choi flies out to left fielder Tyler Naquin.,0,0,0,0,-0.386,0.043,R,Sinker,94.4,L,R
716356,2023-10-01,2023,6,Top,41,4,2,1,1,CWS,SD,596847,570632,676946,,,656024,683734,621545,672820,462101,B,,ball,Ball,0,0,0,0,0.1,0.0,R,Sinker,94.9,L,R
716356,2023-10-01,2023,6,Top,41,3,2,0,1,CWS,SD,596847,570632,676946,,,656024,683734,621545,672820,462101,S,,foul,Foul,0,0,0,0,-0.061,0.0,R,Sinker,95.2,L,R
716356,2023-10-01,2023,6,Top,41,2,1,0,1,CWS,SD,596847,570632,676946,,,656024,683734,621545,672820,462101,B,,ball,Ball,0,0,0,0,0.054,0.0,R,Changeup,88.2,L,R
716356,2023-10-01,2023,6,Top,41,1,0,0,1,CWS,SD,596847,570632,676946,,,656024,683734,621545,672820,462101,B,,ball,Ball,0,0,0,0,0.036,0.0,R,Changeup,90.0,L,R
716356,2023-10-01,2023,6,Top,40,3,0,2,0,CWS,SD,673490,570632,676946,,,656024,683734,621545,672820,462101,X,field_out,hit_into_play,Ha-Seong Kim lines out to left fielder Tyler Naquin.,0,0,0,0,-0.162,0.049,R,Sinker,96.0,R,R
716356,2023-10-01,2023,6,Top,40,2,0,1,0,CWS,SD,673490,570632,676946,,,656024,683734,621545,672820,462101,S,,swinging_strike,Swinging Strike,0,0,0,0,-0.043,0.0,R,Slider,88.1,R,R
716356,2023-10-01,2023,6,Top,40,1,0,0,0,CWS,SD,673490,570632,676946,,,656024,683734,621545,672820,462101,S,,called_strike,Called Strike,0,0,0,0,-0.036,0.0,R,Slider,85.5,R,R
716356,2023-10-01,2023,6,Top,39,5,2,2,0,CWS,SD,676946,570632,,,,656024,683734,621545,672820,462101,X,single,hit_into_play,Matthew Batten singles on a ground ball to right fielder Gavin Sheets.,0,0,0,0,0.459,-0.053,R,Sinker,96.1,R,R
716356,2023-10-01,2023,6,Top,39,4,2,1,0,CWS,SD,676946,570632,,,,656024,683734,621545,672820,462101,S,,swinging_strike,Swinging Strike,0,0,0,0,-0.074,0.0,R,Slider,88.1,R,R
716356,2023-10-01,2023,6,Top,39,3,1,1,0,CWS,SD,676946,570632,,,,656024,683734,621545,672820,462101,B,,ball,Ball,0,0,0,0,0.059,0.0,R,Slider,86.6,R,R
716356,2023-10-01,2023,6,Top,39,2,1,0,0,CWS,SD,676946,570632,,,,656024,683734,621545,672820,462101,S,,called_strike,Called Strike,0,0,0,0,-0.052,0.0,R,Sinker,95.2,R,R
716356,2023-10-01,2023,6,Top,39,1,0,0,0,CWS,SD,676946,570632,,,,656024,683734,621545,672820,462101,B,,ball,Ball,0,0,0,0,0.04,0.0,R,Sinker,94.5,R,R
716356,2023-10-01,2023,5,Bot,38,6,3,2,2,CWS,SD,621545,658648,,,,664954,643265,676946,666703,673490,S,strikeout,swinging_strike,Zach Remillard strikes out swinging.,0,0,0,0,-0.336,-0.014,R,Changeup,83.0,R,R
716356,2023-10-01,2023,5,Bot,38,5,3,1,2,CWS,SD,621545,658648,,,,664954,643265,676946,666703,673490,S,,foul_tip,Foul Tip,0,0,0,0,-0.093,0.0,R,Sweeper,79.9,R,R
716356,2023-10-01,2023,5,Bot,38,4,3,0,2,CWS,SD,621545,658648,,,,664954,643265,676946,666703,673490,S,,called_strike,Called Strike,0,0,0,0,-0.057,0.0,R,Sinker,91.8,R,R
716356,2023-10-01,2023,5,Bot,38,3,2,0,2,CWS,SD,621545,658648,,,,664954,643265,676946,666703,673490,B,,ball,Ball,0,0,0,0,0.113,0.0,R,4-Seam Fastball,92.5,R,R
716356,2023-10-01,2023,5,Bot,38,2,1,0,2,CWS,SD,621545,658648,,,,664954,643265,676946,666703,673490,B,,ball,Ball,0,0,0,0,0.056,0.0,R,Changeup,82.5,R,R
716356,2023-10-01,2023,5,Bot,38,1,0,0,2,CWS,SD,621545,658648,,,,664954,643265,676946,666703,673490,B,,ball,Ball,0,0,0,0,0.043,0.0,R,Curveball,76.9,R,R
716356,2023-10-01,2023,5,Bot,37,5,2,2,1,CWS,SD,462101,658648,,,,664954,643265,676946,666703,673490,S,strikeout,swinging_strike,Elvis Andrus strikes out swinging.,0,0,0,0,-0.234,-0.022,R,Changeup,82.6,R,R
716356,2023-10-01,2023,5,Bot,37,4,1,2,1,CWS,SD,462101,658648,,,,664954,643265,676946,666703,673490,B,,ball,Ball,0,0,0,0,0.045,0.0,R,Sweeper,79.9,R,R
716356,2023-10-01,2023,5,Bot,37,3,1,1,1,CWS,SD,462101,658648,,,,664954,643265,676946,666703,673490,S,,foul,Foul,0,0,0,0,-0.068,0.0,R,Changeup,83.3,R,R
716356,2023-10-01,2023,5,Bot,37,2,0,1,1,CWS,SD,462101,658648,,,,664954,643265,676946,666703,673490,B,,ball,Ball,0,0,0,0,0.03,0.0,R,Curveball,75.8,R,R
716356,2023-10-01,2023,5,Bot,37,1,0,0,1,CWS,SD,462101,658648,,,,664954,643265,676946,666703,673490,S,,called_strike,Called Strike,0,0,0,0,-0.041,0.0,R,4-Seam Fastball,93.7,R,R
716356,2023-10-01,2023,5,Bot,36,1,0,0,0,CWS,SD,656024,658648,,,,664954,643265,676946,666703,673490,X,field_out,hit_into_play,Carlos Perez flies out to right fielder Jose Azocar.,0,0,0,0,-0.265,-0.029,R,4-Seam Fastball,94.9,R,R
716356,2023-10-01,2023,5,Top,35,3,1,1,2,CWS,SD,664954,570632,666703,,,656024,683734,621545,672820,462101,X,field_out,hit_into_play,"Brett Sullivan grounds out, second baseman Zach Remillard to first baseman Andrew Vaughn.",0,0,0,0,-0.266,0.031,R,Sinker,94.1,L,R
716356,2023-10-01,2023,5,Top,35,2,1,0,2,CWS,SD,664954,570632,666703,,,656024,683734,621545,672820,462101,S,,foul,Foul,0,0,0,0,-0.05,0.0,R,Sinker,94.9,L,R
716356,2023-10-01,2023,5,Top,35,1,0,0,2,CWS,SD,664954,570632,666703,,,656024,683734,621545,672820,462101,B,,ball,Ball,0,0,0,0,0.03,0.0,R,Changeup,89.5,L,R
716356,2023-10-01,2023,5,Top,34,8,3,2,2,CWS,SD,666703,570632,,,,656024,683734,621545,672820,462101,B,walk,ball,Eguy Rosario walks.,0,0,0,0,0.286,-0.017,R,Slider,87.7,R,R
716356,2023-10-01,2023,5,Top,34,7,3,2,2,CWS,SD,666703,570632,,,,656024,683734,621545,672820,462101,S,,foul,Foul,0,0,0,0,0.0,0.0,R,Sinker,96.2,R,R
716356,2023-10-01,2023,5,Top,34,6,2,2,2,CWS,SD,666703,570632,,,,656024,683734,621545,672820,462101,B,,ball,Ball,0,0,0,0,0.104,0.0,R,Sinker,95.3,R,R
716356,2023-10-01,2023,5,Top,34,5,1,2,2,CWS,SD,666703,570632,,,,656024,683734,621545,672820,462101,B,,ball,Ball,0,0,0,0,0.041,0.0,R,Slider,87.7,R,R
716356,2023-10-01,2023,5,Top,34,4,1,2,2,CWS,SD,666703,570632,,,,656024,683734,621545,672820,462101,S,,foul,Foul,0,0,0,0,0.0,0.0,R,Slider,88.1,R,R
716356,2023-10-01,2023,5,Top,34,3,0,2,2,CWS,SD,666703,570632,,,,656024,683734,621545,672820,462101,B,,ball,Ball,0,0,0,0,0.022,0.0,R,Sinker,94.8,R,R
716356,2023-10-01,2023,5,Top,34,2,0,1,2,CWS,SD,666703,570632,,,,656024,683734,621545,672820,462101,S,,swinging_strike,Swinging Strike,0,0,0,0,-0.061,0.0,R,Sinker,95.4,R,R
716356,2023-10-01,2023,5,Top,34,1,0,0,2,CWS,SD,666703,570632,,,,656024,683734,621545,672820,462101,S,,called_strike,Called Strike,0,0,0,0,-0.045,0.0,R,Slider,86.5,R,R
716356,2023-10-01,2023,5,Top,33,4,1,2,1,CWS,SD,663757,570632,,,,656024,683734,621545,672820,462101,S,strikeout,swinging_strike,Trent Grisham strikes out swinging.,0,0,0,0,-0.189,0.021,R,Changeup,89.4,L,R
716356,2023-10-01,2023,5,Top,33,3,0,2,1,CWS,SD,663757,570632,,,,656024,683734,621545,672820,462101,B,,ball,Ball,0,0,0,0,0.019,0.0,R,Changeup,86.2,L,R
716356,2023-10-01,2023,5,Top,33,2,0,1,1,CWS,SD,663757,570632,,,,656024,683734,621545,672820,462101,S,,foul,Foul,0,0,0,0,-0.057,0.0,R,Changeup,88.5,L,R
716356,2023-10-01,2023,5,Top,33,1,0,0,1,CWS,SD,663757,570632,,,,656024,683734,621545,672820,462101,S,,called_strike,Called Strike,0,0,0,0,-0.041,0.0,R,Sinker,94.9,L,R
716356,2023-10-01,2023,5,Top,32,3,0,2,0,CWS,SD,643265,570632,,,,656024,683734,621545,672820,462101,X,field_out,hit_into_play,"Garrett Cooper grounds out, third baseman Lenyn Sosa to first baseman Andrew Vaughn.",0,0,0,0,-0.169,0.03,R,Sinker,95.5,R,R
716356,2023-10-01,2023,5,Top,32,2,0,1,0,CWS,SD,643265,570632,,,,656024,683734,621545,672820,462101,S,,swinging_strike,Swinging Strike,0,0,0,0,-0.054,0.0,R,Sinker,94.1,R,R
716356,2023-10-01,2023,5,Top,32,1,0,0,0,CWS,SD,643265,570632,,,,656024,683734,621545,672820,462101,S,,called_strike,Called Strike,0,0,0,0,-0.042,0.0,R,Sinker,93.9,R,R
716356,2023-10-01,2023,4,Bot,31,2,1,0,2,CWS,SD,572204,658648,672820,,,664954,643265,673490,666703,593428,X,field_out,hit_into_play,"Trayce Thompson grounds out softly, third baseman Eguy Rosario to first baseman Garrett Cooper.",0,0,0,0,-0.316,-0.028,R,Changeup,82.7,R,R
716356,2023-10-01,2023,4,Bot,31,1,0,0,2,CWS,SD,572204,658648,672820,,,664954,643265,673490,666703,593428,B,,ball,Ball,0,0,0,0,0.03,0.0,R,4-Seam Fastball,94.7,R,R
716356,2023-10-01,2023,4,Bot,30,4,1,2,1,CWS,SD,571980,658648,672820,,,664954,643265,673490,666703,593428,S,strikeout,swinging_strike,Tyler Naquin strikes out swinging.,0,0,0,0,-0.183,-0.034,R,Changeup,83.5,L,R
716356,2023-10-01,2023,4,Bot,30,3,0,2,1,CWS,SD,571980,658648,672820,,,664954,643265,673490,666703,593428,B,,ball,Ball,0,0,0,0,0.023,0.0,R,Changeup,83.0,L,R
716356,2023-10-01,2023,4,Bot,30,2,0,1,1,CWS,SD,571980,658648,672820,,,664954,643265,673490,666703,593428,S,,foul,Foul,0,0,0,0,-0.053,0.0,R,Curveball,77.8,L,R
716356,2023-10-01,2023,4,Bot,30,1,0,0,1,CWS,SD,571980,658648,672820,,,664954,643265,673490,666703,593428,S,,called_strike,Called Strike,0,0,0,0,-0.042,0.0,R,Sinker,94.5,L,R
716356,2023-10-01,2023,4,Bot,29,2,1,0,1,CWS,SD,672820,658648,,,,664954,643265,673490,666703,593428,X,single,hit_into_play,Lenyn Sosa singles on a ground ball to center fielder Trent Grisham.,0,0,0,0,0.377,0.03,R,Sinker,92.3,R,R
716356,2023-10-01,2023,4,Bot,29,1,0,0,1,CWS,SD,672820,658648,,,,664954,643265,673490,666703,593428,B,,ball,Ball,0,0,0,0,0.039,0.0,R,Sinker,91.3,R,R
716356,2023-10-01,2023,4,Bot,28,6,3,2,0,CWS,SD,518735,658648,,,,664954,643265,673490,666703,593428,X,field_out,hit_into_play,Yasmani Grandal pops out to third baseman Eguy Rosario in foul territory.,0,0,0,0,-0.353,-0.027,R,Changeup,84.4,L,R
716356,2023-10-01,2023,4,Bot,28,5,2,2,0,CWS,SD,518735,658648,,,,664954,643265,673490,666703,593428,B,,ball,Ball,0,0,0,0,0.115,0.0,R,Changeup,83.2,L,R
716356,2023-10-01,2023,4,Bot,28,4,1,2,0,CWS,SD,518735,658648,,,,664954,643265,673490,666703,593428,B,,ball,Ball,0,0,0,0,0.046,0.0,R,4-Seam Fastball,93.3,L,R
716356,2023-10-01,2023,4,Bot,28,3,0,2,0,CWS,SD,518735,658648,,,,664954,643265,673490,666703,593428,B,,ball,Ball,0,0,0,0,0.024,0.0,R,4-Seam Fastball,93.0,L,R
716356,2023-10-01,2023,4,Bot,28,2,0,1,0,CWS,SD,518735,658648,,,,664954,643265,673490,666703,593428,S,,swinging_strike,Swinging Strike,0,0,0,0,-0.054,0.0,R,Curveball,77.1,L,R
716356,2023-10-01,2023,4,Bot,28,1,0,0,0,CWS,SD,518735,658648,,,,664954,643265,673490,666703,593428,S,,called_strike,Called Strike,0,0,0,0,-0.042,0.0,R,Curveball,76.2,L,R
716356,2023-10-01,2023,4,Top,27,6,3,2,2,CWS,SD,595777,570632,,640492,,656024,683734,621545,672820,462101,X,field_out,hit_into_play,"Jurickson Profar grounds out, third baseman Lenyn Sosa to first baseman Andrew Vaughn.",0,0,0,0,-0.271,0.041,R,Sinker,96.3,L,R
716356,2023-10-01,2023,4,Top,27,5,2,2,2,CWS,SD,595777,570632,,640492,,656024,683734,621545,672820,462101,B,,ball,Ball,0,0,0,0,0.051,0.0,R,Slider,87.4,L,R
716356,2023-10-01,2023,4,Top,27,4,1,2,2,CWS,SD,595777,570632,,640492,,656024,683734,621545,672820,462101,B,,ball,Ball,0,0,0,0,0.015,0.0,R,Changeup,87.6,L,R
716356,2023-10-01,2023,4,Top,27,3,1,1,2,CWS,SD,595777,570632,,640492,,656024,683734,621545,672820,462101,S,,called_strike,Called Strike,0,0,0,0,-0.064,0.0,R,Sinker,95.9,L,R
716356,2023-10-01,2023,4,Top,27,2,0,1,2,CWS,SD,595777,570632,,640492,,656024,683734,621545,672820,462101,B,,ball,Ball,0,0,0,0,0.02,0.0,R,Changeup,88.2,L,R
716356,2023-10-01,2023,4,Top,27,1,0,0,2,CWS,SD,595777,570632,,640492,,656024,683734,621545,672820,462101,S,,foul,Foul,0,0,0,0,-0.046,0.0,R,Changeup,87.8,L,R
716356,2023-10-01,2023,4,Top,26,5,2,2,2,CWS,SD,640492,570632,,,,656024,683734,621545,672820,462101,X,double,hit_into_play,Jose Azocar doubles (6) on a line drive to left fielder Tyler Naquin.,0,0,0,0,0.617,-0.028,R,Slider,87.5,R,R
716356,2023-10-01,2023,4,Top,26,4,1,2,2,CWS,SD,640492,570632,,,,656024,683734,621545,672820,462101,B,,ball,Ball,0,0,0,0,0.041,0.0,R,Slider,85.7,R,R
716356,2023-10-01,2023,4,Top,26,3,0,2,2,CWS,SD,640492,570632,,,,656024,683734,621545,672820,462101,B,,ball,Ball,0,0,0,0,0.022,0.0,R,Slider,86.2,R,R
716356,2023-10-01,2023,4,Top,26,2,0,1,2,CWS,SD,640492,570632,,,,656024,683734,621545,672820,462101,S,,foul,Foul,0,0,0,0,-0.061,0.0,R,Sinker,96.9,R,R
716356,2023-10-01,2023,4,Top,26,1,0,0,2,CWS,SD,640492,570632,,,,656024,683734,621545,672820,462101,S,,swinging_strike,Swinging Strike,0,0,0,0,-0.045,0.0,R,Sinker,96.8,R,R
716356,2023-10-01,2023,4,Top,25,5,2,2,1,CWS,SD,596847,570632,,,,656024,683734,621545,672820,462101,X,field_out,hit_into_play,"Ji Man Choi grounds out, first baseman Andrew Vaughn to pitcher Jose Urena.",0,0,0,0,-0.234,0.019,R,Changeup,86.5,L,R
716356,2023-10-01,2023,4,Top,25,4,2,1,1,CWS,SD,596847,570632,,,,656024,683734,621545,672820,462101,S,,called_strike,Called Strike,0,0,0,0,-0.076,0.0,R,Sinker,95.7,L,R
716356,2023-10-01,2023,4,Top,25,3,1,1,1,CWS,SD,596847,570632,,,,656024,683734,621545,672820,462101,B,,ball,Ball,0,0,0,0,0.054,0.0,R,Changeup,90.0,L,R
716356,2023-10-01,2023,4,Top,25,2,1,0,1,CWS,SD,596847,570632,,,,656024,683734,621545,672820,462101,S,,foul,Foul,0,0,0,0,-0.05,0.0,R,Sinker,95.0,L,R
716356,2023-10-01,2023,4,Top,25,1,0,0,1,CWS,SD,596847,570632,,,,656024,683734,621545,672820,462101,B,,ball,Ball,0,0,0,0,0.039,0.0,R,Changeup,86.5,L,R
716356,2023-10-01,2023,4,Top,24,5,2,2,0,CWS,SD,673490,570632,,,,656024,683734,621545,672820,462101,X,field_out,hit_into_play,"Ha-Seong Kim grounds out, shortstop Elvis Andrus to first baseman Andrew Vaughn.",0,0,0,0,-0.239,0.027,R,Slider,87.2,R,R
716356,2023-10-01,2023,4,Top,24,4,1,2,0,CWS,SD,673490,570632,,,,656024,683734,621545,672820,462101,B,,ball,Ball,0,0,0,0,0.046,0.0,R,Changeup,88.5,R,R
716356,2023-10-01,2023,4,Top,24,3,1,1,0,CWS,SD,673490,570632,,,,656024,683734,621545,672820,462101,S,,foul,Foul,0,0,0,0,-0.061,0.0,R,Sinker,96.0,R,R
716356,2023-10-01,2023,4,Top,24,2,1,0,0,CWS,SD,673490,570632,,,,656024,683734,621545,672820,462101,S,,foul,Foul,0,0,0,0,-0.052,0.0,R,Sinker,94.5,R,R
716356,2023-10-01,2023,4,Top,24,1,0,0,0,CWS,SD,673490,570632,,,,656024,683734,621545,672820,462101,B,,ball,Ball,0,0,0,0,0.04,0.0,R,Sinker,94.2,R,R
716356,2023-10-01,2023,3,Bot,23,6,3,2,2,CWS,SD,657757,658648,,621545,,664954,643265,673490,666703,593428,X,field_out,hit_into_play,Gavin Sheets grounds out to first baseman Garrett Cooper.,0,0,0,0,-0.271,-0.038,R,4-Seam Fastball,94.5,L,R
716356,2023-10-01,2023,3,Bot,23,5,3,1,2,CWS,SD,657757,658648,,621545,,664954,643265,673490,666703,593428,S,,called_strike,Called Strike,0,0,0,0,-0.087,0.0,R,4-Seam Fastball,96.2,L,R
716356,2023-10-01,2023,3,Bot,23,4,3,0,2,CWS,SD,657757,658648,,621545,,664954,643265,673490,666703,593428,S,,foul,Foul,0,0,0,0,-0.023,0.0,R,Sinker,93.5,L,R
716356,2023-10-01,2023,3,Bot,23,3,2,0,2,CWS,SD,657757,658648,,621545,,664954,643265,673490,666703,593428,B,,ball,Ball,0,0,0,0,0.037,0.0,R,Changeup,84.8,L,R
716356,2023-10-01,2023,3,Bot,23,2,1,0,2,CWS,SD,657757,658648,,621545,,664954,643265,673490,666703,593428,B,,blocked_ball,Ball In Dirt,0,0,0,0,0.029,0.0,R,Curveball,76.4,L,R
716356,2023-10-01,2023,3,Bot,23,1,0,0,2,CWS,SD,657757,658648,,621545,,664954,643265,673490,666703,593428,B,,ball,Ball,0,0,0,0,0.02,0.0,R,4-Seam Fastball,95.5,L,R
716356,2023-10-01,2023,3,Bot,22,4,0,2,1,CWS,SD,683734,658648,621545,,,664954,643265,673490,666703,593428,X,field_out,hit_into_play,"Andrew Vaughn grounds out, second baseman Ha-Seong Kim to first baseman Garrett Cooper. Zach Remillard to 2nd.",0,0,0,0,-0.238,-0.019,R,Sweeper,80.0,R,R
716356,2023-10-01,2023,3,Bot,22,3,0,2,1,CWS,SD,683734,658648,621545,,,664954,643265,673490,666703,593428,S,,foul,Foul,0,0,0,0,0.0,0.0,R,Changeup,83.4,R,R
716356,2023-10-01,2023,3,Bot,22,2,0,1,1,CWS,SD,683734,658648,621545,,,664954,643265,673490,666703,593428,S,,foul,Foul,0,0,0,0,-0.053,0.0,R,Curveball,76.4,R,R
716356,2023-10-01,2023,3,Bot,22,1,0,0,1,CWS,SD,683734,658648,621545,,,664954,643265,673490,666703,593428,S,,called_strike,Called Strike,0,0,0,0,-0.042,0.0,R,Sinker,91.6,R,R
716356,2023-10-01,2023,3,Bot,21,2,0,1,1,CWS,SD,621545,658648,,,,664954,643265,673490,666703,593428,X,single,hit_into_play,Zach Remillard singles on a soft bunt ground ball to third baseman Eguy Rosario.,0,0,0,0,0.159,0.028,R,Curveball,75.5,R,R
716356,2023-10-01,2023,3,Bot,21,1,0,0,1,CWS,SD,621545,658648,,,,664954,643265,673490,666703,593428,S,,swinging_strike,Swinging Strike,0,0,0,0,-0.041,0.0,R,Changeup,83.2,R,R
716356,2023-10-01,2023,3,Bot,20,4,2,1,0,CWS,SD,462101,658648,,,,664954,643265,673490,666703,593428,X,field_out,hit_into_play,"Elvis Andrus grounds out, third baseman Eguy Rosario to first baseman Garrett Cooper.",0,0,0,0,-0.313,-0.025,R,Changeup,83.8,R,R
716356,2023-10-01,2023,3,Bot,20,3,2,0,0,CWS,SD,462101,658648,,,,664954,643265,673490,666703,593428,S,,foul,Foul,0,0,0,0,-0.065,0.0,R,Sinker,92.0,R,R
716356,2023-10-01,2023,3,Bot,20,2,1,0,0,CWS,SD,462101,658648,,,,664954,643265,673490,666703,593428,B,,ball,Ball,0,0,0,0,0.071,0.0,R,Sinker,92.2,R,R
716356,2023-10-01,2023,3,Bot,20,1,0,0,0,CWS,SD,462101,658648,,,,664954,643265,673490,666703,593428,B,,ball,Ball,0,0,0,0,0.04,0.0,R,Curveball,76.1,R,R
716356,2023-10-01,2023,3,Top,19,3,0,2,2,CWS,SD,593428,570632,,,,656024,683734,621545,672820,462101,S,strikeout,swinging_strike,Xander Bogaerts strikes out swinging.,0,0,0,0,-0.169,0.011,R,Slider,89.9,R,R
716356,2023-10-01,2023,3,Top,19,2,0,1,2,CWS,SD,593428,570632,,,,656024,683734,621545,672820,462101,S,,called_strike,Called Strike,0,0,0,0,-0.061,0.0,R,Slider,86.4,R,R
716356,2023-10-01,2023,3,Top,19,1,0,0,2,CWS,SD,593428,570632,,,,656024,683734,621545,672820,462101,S,,called_strike,Called Strike,0,0,0,0,-0.045,0.0,R,4-Seam Fastball,97.3,R,R
716356,2023-10-01,2023,3,Top,18,7,3,2,1,CWS,SD,664954,570632,,,,656024,683734,621545,672820,462101,X,field_out,hit_into_play,"Brett Sullivan grounds out, second baseman Zach Remillard to first baseman Andrew Vaughn.",0,0,0,0,-0.328,0.018,R,Sinker,96.2,L,R
716356,2023-10-01,2023,3,Top,18,6,3,2,1,CWS,SD,664954,570632,,,,656024,683734,621545,672820,462101,S,,foul,Foul,0,0,0,0,0.0,0.0,R,Sinker,95.2,L,R
716356,2023-10-01,2023,3,Top,18,5,3,1,1,CWS,SD,664954,570632,,,,656024,683734,621545,672820,462101,S,,swinging_strike,Swinging Strike,0,0,0,0,-0.104,0.0,R,Sinker,95.6,L,R
716356,2023-10-01,2023,3,Top,18,4,2,1,1,CWS,SD,664954,570632,,,,656024,683734,621545,672820,462101,B,,ball,Ball,0,0,0,0,0.122,0.0,R,Changeup,88.6,L,R
716356,2023-10-01,2023,3,Top,18,3,2,0,1,CWS,SD,664954,570632,,,,656024,683734,621545,672820,462101,S,,called_strike,Called Strike,0,0,0,0,-0.062,0.0,R,Sinker,94.2,L,R
716356,2023-10-01,2023,3,Top,18,2,1,0,1,CWS,SD,664954,570632,,,,656024,683734,621545,672820,462101,B,,ball,Ball,0,0,0,0,0.066,0.0,R,Changeup,87.9,L,R
716356,2023-10-01,2023,3,Top,18,1,0,0,1,CWS,SD,664954,570632,,,,656024,683734,621545,672820,462101,B,,ball,Ball,0,0,0,0,0.039,0.0,R,Sinker,95.9,L,R
716356,2023-10-01,2023,3,Top,17,4,1,2,0,CWS,SD,666703,570632,,,,656024,683734,621545,672820,462101,S,strikeout,swinging_strike,Eguy Rosario strikes out swinging.,0,0,0,0,-0.193,0.025,R,Sinker,95.9,R,R
716356,2023-10-01,2023,3,Top,17,3,0,2,0,CWS,SD,666703,570632,,,,656024,683734,621545,672820,462101,B,,ball,Ball,0,0,0,0,0.024,0.0,R,Slider,87.4,R,R
716356,2023-10-01,2023,3,Top,17,2,0,1,0,CWS,SD,666703,570632,,,,656024,683734,621545,672820,462101,S,,swinging_strike,Swinging Strike,0,0,0,0,-0.054,0.0,R,Slider,84.7,R,R
716356,2023-10-01,2023,3,Top,17,1,0,0,0,CWS,SD,666703,570632,,,,656024,683734,621545,672820,462101,S,,foul_tip,Foul Tip,0,0,0,0,-0.042,0.0,R,Slider,84.4,R,R
716356,2023-10-01,2023,2,Bot,16,6,3,2,2,CWS,SD,656024,658648,572204,,,664954,643265,673490,666703,593428,X,field_out,hit_into_play,"Carlos Perez grounds out, shortstop Xander Bogaerts to first baseman Garrett Cooper.",0,0,0,0,-0.305,-0.024,R,Sinker,93.3,R,R
716356,2023-10-01,2023,2,Bot,16,5,2,2,2,CWS,SD,656024,658648,572204,,,664954,643265,673490,666703,593428,B,,ball,Ball,0,0,0,0,0.065,0.0,R,Curveball,77.0,R,R
716356,2023-10-01,2023,2,Bot,16,4,1,2,2,CWS,SD,656024,658648,572204,,,664954,643265,673490,666703,593428,B,,ball,Ball,0,0,0,0,0.034,0.0,R,Changeup,83.0,R,R
716356,2023-10-01,2023,2,Bot,16,3,0,2,2,CWS,SD,656024,658648,572204,,,664954,643265,673490,666703,593428,B,,blocked_ball,Ball In Dirt,0,0,0,0,0.02,0.0,R,Changeup,84.0,R,R
716356,2023-10-01,2023,2,Bot,16,2,0,1,2,CWS,SD,656024,658648,572204,,,664954,643265,673490,666703,593428,S,,swinging_strike,Swinging Strike,0,0,0,0,-0.055,0.0,R,Changeup,81.9,R,R
716356,2023-10-01,2023,2,Bot,16,1,0,0,2,CWS,SD,656024,658648,572204,,,664954,643265,673490,666703,593428,S,,called_strike,Called Strike,0,0,0,0,-0.045,0.0,R,Sinker,93.4,R,R
716356,2023-10-01,2023,2,Bot,15,7,2,2,2,CWS,SD,572204,658648,,,,664954,643265,673490,666703,593428,B,hit_by_pitch,hit_by_pitch,Trayce Thompson hit by pitch.,0,0,0,0,0.39,0.013,R,Curveball,76.1,R,R
716356,2023-10-01,2023,2,Bot,15,6,2,2,2,CWS,SD,572204,658648,,,,664954,643265,673490,666703,593428,S,,foul,Foul,0,0,0,0,0.0,0.0,R,4-Seam Fastball,93.5,R,R
716356,2023-10-01,2023,2,Bot,15,5,2,2,2,CWS,SD,572204,658648,,,,664954,643265,673490,666703,593428,S,,foul,Foul,0,0,0,0,0.0,0.0,R,Changeup,83.8,R,R
716356,2023-10-01,2023,2,Bot,15,4,1,2,2,CWS,SD,572204,658648,,,,664954,643265,673490,666703,593428,B,,ball,Ball,0,0,0,0,0.041,0.0,R,Sweeper,82.4,R,R
716356,2023-10-01,2023,2,Bot,15,3,0,2,2,CWS,SD,572204,658648,,,,664954,643265,673490,666703,593428,B,,ball,Ball,0,0,0,0,0.022,0.0,R,Sweeper,80.8,R,R
716356,2023-10-01,2023,2,Bot,15,2,0,1,2,CWS,SD,572204,658648,,,,664954,643265,673490,666703,593428,S,,foul,Foul,0,0,0,0,-0.061,0.0,R,Curveball,77.6,R,R
716356,2023-10-01,2023,2,Bot,15,1,0,0,2,CWS,SD,572204,658648,,,,664954,643265,673490,666703,593428,S,,called_strike,Called Strike,0,0,0,0,-0.045,0.0,R,4-Seam Fastball,93.3,R,R
716356,2023-10-01,2023,2,Bot,14,4,1,2,1,CWS,SD,571980,658648,,,,664954,643265,673490,666703,593428,S,strikeout,swinging_strike,Tyler Naquin strikes out swinging.,0,0,0,0,-0.189,-0.016,R,4-Seam Fastball,93.1,L,R
716356,2023-10-01,2023,2,Bot,14,3,0,2,1,CWS,SD,571980,658648,,,,664954,643265,673490,666703,593428,B,,ball,Ball,0,0,0,0,0.019,0.0,R,4-Seam Fastball,93.2,L,R
716356,2023-10-01,2023,2,Bot,14,2,0,1,1,CWS,SD,571980,658648,,,,664954,643265,673490,666703,593428,S,,foul,Foul,0,0,0,0,-0.057,0.0,R,Sinker,93.3,L,R
716356,2023-10-01,2023,2,Bot,14,1,0,0,1,CWS,SD,571980,658648,,,,664954,643265,673490,666703,593428,S,,swinging_strike,Swinging Strike,0,0,0,0,-0.041,0.0,R,Changeup,84.0,L,R
716356,2023-10-01,2023,2,Bot,13,5,2,2,0,CWS,SD,672820,658648,,,,664954,643265,673490,666703,593428,S,strikeout,called_strike,Lenyn Sosa called out on strikes.,0,0,0,0,-0.239,-0.023,R,Sinker,94.4,R,R
716356,2023-10-01,2023,2,Bot,13,4,2,1,0,CWS,SD,672820,658648,,,,664954,643265,673490,666703,593428,S,,swinging_strike,Swinging Strike,0,0,0,0,-0.074,0.0,R,Changeup,83.7,R,R
716356,2023-10-01,2023,2,Bot,13,3,1,1,0,CWS,SD,672820,658648,,,,664954,643265,673490,666703,593428,B,,ball,Ball,0,0,0,0,0.059,0.0,R,Changeup,82.6,R,R
716356,2023-10-01,2023,2,Bot,13,2,1,0,0,CWS,SD,672820,658648,,,,664954,643265,673490,666703,593428,S,,foul,Foul,0,0,0,0,-0.052,0.0,R,Sinker,93.1,R,R
716356,2023-10-01,2023,2,Bot,13,1,0,0,0,CWS,SD,672820,658648,,,,664954,643265,673490,666703,593428,B,,ball,Ball,0,0,0,0,0.04,0.0,R,Curveball,76.1,R,R
716356,2023-10-01,2023,2,Top,12,5,3,1,2,CWS,SD,663757,570632,,,,656024,683734,621545,672820,462101,X,field_out,hit_into_play,"Trent Grisham grounds out, second baseman Zach Remillard to first baseman Andrew Vaughn.",0,0,0,0,-0.43,0.01,R,Sinker,96.2,L,R
716356,2023-10-01,2023,2,Top,12,4,2,1,2,CWS,SD,663757,570632,,,,656024,683734,621545,672820,462101,B,,ball,Ball,0,0,0,0,0.116,0.0,R,Sinker,96.4,L,R
716356,2023-10-01,2023,2,Top,12,3,1,1,2,CWS,SD,663757,570632,,,,656024,683734,621545,672820,462101,B,,ball,Ball,0,0,0,0,0.053,0.0,R,Changeup,89.8,L,R
716356,2023-10-01,2023,2,Top,12,2,1,0,2,CWS,SD,663757,570632,,,,656024,683734,621545,672820,462101,S,,called_strike,Called Strike,0,0,0,0,-0.056,0.0,R,Sinker,97.5,L,R
716356,2023-10-01,2023,2,Top,12,1,0,0,2,CWS,SD,663757,570632,,,,656024,683734,621545,672820,462101,B,,ball,Ball,0,0,0,0,0.043,0.0,R,4-Seam Fastball,97.9,L,R
716356,2023-10-01,2023,2,Top,11,3,1,1,0,CWS,SD,643265,570632,595777,,,656024,683734,621545,672820,462101,X,grounded_into_double_play,hit_into_play,"Garrett Cooper grounds into a double play, third baseman Lenyn Sosa to second baseman Zach Remillard to first baseman Andrew Vaughn. Jurickson Profar out at 2nd. Garrett Cooper out at 1st.",0,0,0,0,-0.338,0.078,R,Slider,88.6,R,R
716356,2023-10-01,2023,2,Top,11,2,1,0,0,CWS,SD,643265,570632,595777,,,656024,683734,621545,672820,462101,S,,foul,Foul,0,0,0,0,-0.042,0.0,R,Slider,87.3,R,R
716356,2023-10-01,2023,2,Top,11,1,0,0,0,CWS,SD,643265,570632,595777,,,656024,683734,621545,672820,462101,B,,ball,Ball,0,0,0,0,0.03,0.0,R,Sinker,95.1,R,R
716356,2023-10-01,2023,2,Top,10,4,1,2,0,CWS,SD,595777,570632,,,,656024,683734,621545,672820,462101,X,single,hit_into_play,Jurickson Profar singles on a ground ball to left fielder Tyler Naquin.,0,0,0,0,0.504,-0.038,R,Sinker,95.9,L,R
716356,2023-10-01,2023,2,Top,10,3,0,2,0,CWS,SD,595777,570632,,,,656024,683734,621545,672820,462101,B,,ball,Ball,0,0,0,0,0.024,0.0,R,Changeup,87.2,L,R
716356,2023-10-01,2023,2,Top,10,2,0,1,0,CWS,SD,595777,570632,,,,656024,683734,621545,672820,462101,S,,called_strike,Called Strike,0,0,0,0,-0.054,0.0,R,Changeup,87.4,L,R
716356,2023-10-01,2023,2,Top,10,1,0,0,0,CWS,SD,595777,570632,,,,656024,683734,621545,672820,462101,S,,called_strike,Called Strike,0,0,0,0,-0.042,0.0,R,Changeup,84.4,L,R
716356,2023-10-01,2023,1,Bot,9,6,3,2,2,CWS,SD,518735,658648,657757,621545,,664954,643265,673490,666703,593428,S,strikeout,called_strike,Yasmani Grandal called out on strikes.,0,0,0,0,-0.311,-0.042,R,Changeup,83.5,L,R
716356,2023-10-01,2023,1,Bot,9,5,2,2,2,CWS,SD,518735,658648,657757,621545,,664954,643265,673490,666703,593428,B,,blocked_ball,Ball In Dirt,0,0,0,0,0.064,0.0,R,Changeup,83.0,L,R
716356,2023-10-01,2023,1,Bot,9,4,2,1,2,CWS,SD,518735,658648,657757,621545,,664954,643265,673490,666703,593428,S,,foul,Foul,0,0,0,0,-0.06,0.0,R,Sinker,93.6,L,R
716356,2023-10-01,2023,1,Bot,9,3,1,1,2,CWS,SD,518735,658648,657757,621545,,664954,643265,673490,666703,593428,B,,ball,Ball,0,0,0,0,0.025,0.0,R,Changeup,82.3,L,R
716356,2023-10-01,2023,1,Bot,9,2,1,0,2,CWS,SD,518735,658648,657757,621545,,664954,643265,673490,666703,593428,S,,foul,Foul,0,0,0,0,-0.045,0.0,R,Changeup,81.8,L,R
716356,2023-10-01,2023,1,Bot,9,1,0,0,2,CWS,SD,518735,658648,657757,621545,,664954,643265,673490,666703,593428,B,,ball,Ball,0,0,0,0,0.03,0.0,R,Sinker,91.7,L,R
716356,2023-10-01,2023,1,Bot,8,1,0,0,2,CWS,SD,657757,658648,621545,,,664954,643265,673490,666703,593428,X,field_error,hit_into_play,"Gavin Sheets reaches on a missed catch error by pitcher Pedro Avila, assist to second baseman Ha-Seong Kim. Zach Remillard to 2nd.",0,0,0,0,0.385,0.02,R,Sinker,93.6,L,R
716356,2023-10-01,2023,1,Bot,7,5,2,2,1,CWS,SD,683734,658648,621545,,,664954,643265,673490,666703,593428,S,strikeout,swinging_strike,Andrew Vaughn strikes out swinging.,0,0,0,0,-0.23,-0.028,R,Changeup,84.1,R,R
716356,2023-10-01,2023,1,Bot,7,4,1,2,1,CWS,SD,683734,658648,621545,,,664954,643265,673490,666703,593428,B,,ball,Ball,0,0,0,0,0.047,0.0,R,Sweeper,80.9,R,R
716356,2023-10-01,2023,1,Bot,7,3,1,1,1,CWS,SD,683734,658648,621545,,,664954,643265,673490,666703,593428,S,,foul,Foul,0,0,0,0,-0.055,0.0,R,Curveball,76.5,R,R
716356,2023-10-01,2023,1,Bot,7,2,1,0,1,CWS,SD,683734,658648,621545,,,664954,643265,673490,666703,593428,S,,foul,Foul,0,0,0,0,-0.053,0.0,R,Curveball,75.9,R,R
716356,2023-10-01,2023,1,Bot,7,1,0,0,1,CWS,SD,683734,658648,621545,,,664954,643265,673490,666703,593428,B,,ball,Ball,0,0,0,0,0.036,0.0,R,Sinker,93.2,R,R
716356,2023-10-01,2023,1,Bot,6,2,0,1,1,CWS,SD,621545,658648,,,,664954,643265,673490,666703,593428,X,single,hit_into_play,Zach Remillard singles on a ground ball to center fielder Trent Grisham.,0,0,0,0,0.457,0.024,R,Sinker,92.6,R,R
716356,2023-10-01,2023,1,Bot,6,1,0,0,1,CWS,SD,621545,658648,,,,664954,643265,673490,666703,593428,S,,foul,Foul,0,0,0,0,-0.041,0.0,R,Sinker,92.8,R,R
716356,2023-10-01,2023,1,Bot,5,3,2,0,0,CWS,SD,462101,658648,,,,664954,643265,673490,666703,593428,X,field_out,hit_into_play,"Elvis Andrus grounds out, shortstop Xander Bogaerts to first baseman Garrett Cooper.",0,0,0,0,-0.377,-0.021,R,Sinker,93.2,R,R
716356,2023-10-01,2023,1,Bot,5,2,1,0,0,CWS,SD,462101,658648,,,,664954,643265,673490,666703,593428,B,,ball,Ball,0,0,0,0,0.071,0.0,R,4-Seam Fastball,91.8,R,R
716356,2023-10-01,2023,1,Bot,5,1,0,0,0,CWS,SD,462101,658648,,,,664954,643265,673490,666703,593428,B,,ball,Ball,0,0,0,0,0.04,0.0,R,4-Seam Fastball,91.5,R,R
716356,2023-10-01,2023,1,Top,4,4,1,2,2,CWS,SD,665487,570632,665742,,,656024,683734,621545,672820,462101,X,field_out,hit_into_play,"Fernando Tatis Jr. grounds out, shortstop Elvis Andrus to first baseman Andrew Vaughn.",0,0,0,0,-0.207,0.022,R,Slider,85.8,R,R
716356,2023-10-01,2023,1,Top,4,3,1,1,2,CWS,SD,665487,570632,665742,,,656024,683734,621545,672820,462101,S,,called_strike,Called Strike,0,0,0,0,-0.06,0.0,R,Slider,87.7,R,R
716356,2023-10-01,2023,1,Top,4,2,1,0,2,CWS,SD,665487,570632,665742,,,656024,683734,621545,672820,462101,S,,swinging_strike,Swinging Strike,0,0,0,0,-0.05,0.0,R,Slider,87.4,R,R
716356,2023-10-01,2023,1,Top,4,1,0,0,2,CWS,SD,665487,570632,665742,,,656024,683734,621545,672820,462101,B,,ball,Ball,0,0,0,0,0.03,0.0,R,Sinker,95.8,R,R
716356,2023-10-01,2023,1,Top,3,6,3,2,2,CWS,SD,665742,570632,,,,656024,683734,621545,672820,462101,B,walk,ball,Juan Soto walks.,0,0,0,0,0.286,-0.012,R,Slider,87.3,L,R
716356,2023-10-01,2023,1,Top,3,5,2,2,2,CWS,SD,665742,570632,,,,656024,683734,621545,672820,462101,B,,ball,Ball,0,0,0,0,0.104,0.0,R,Changeup,87.0,L,R
716356,2023-10-01,2023,1,Top,3,4,2,1,2,CWS,SD,665742,570632,,,,656024,683734,621545,672820,462101,S,,called_strike,Called Strike,0,0,0,0,-0.081,0.0,R,Changeup,89.3,L,R
716356,2023-10-01,2023,1,Top,3,3,2,0,2,CWS,SD,665742,570632,,,,656024,683734,621545,672820,462101,S,,foul_tip,Foul Tip,0,0,0,0,-0.06,0.0,R,Sinker,95.6,L,R
716356,2023-10-01,2023,1,Top,3,2,1,0,2,CWS,SD,665742,570632,,,,656024,683734,621545,672820,462101,B,,ball,Ball,0,0,0,0,0.056,0.0,R,Sinker,95.1,L,R
716356,2023-10-01,2023,1,Top,3,1,0,0,2,CWS,SD,665742,570632,,,,656024,683734,621545,672820,462101,B,,ball,Ball,0,0,0,0,0.043,0.0,R,Changeup,89.4,L,R
716356,2023-10-01,2023,1,Top,2,4,1,2,1,CWS,SD,673490,570632,,,,656024,683734,621545,672820,462101,X,field_out,hit_into_play,Ha-Seong Kim flies out to center fielder Trayce Thompson.,0,0,0,0,-0.189,0.015,R,Slider,88.3,R,R
716356,2023-10-01,2023,1,Top,2,3,1,1,1,CWS,SD,673490,570632,,,,656024,683734,621545,672820,462101,S,,swinging_strike,Swinging Strike,0,0,0,0,-0.068,0.0,R,Slider,86.6,R,R
716356,2023-10-01,2023,1,Top,2,2,0,1,0,CWS,SD,673490,570632,593428,,,656024,683734,621545,672820,462101,B,,ball,Ball,0,0,0,0,0.024,0.058,R,Sinker,94.5,R,R
716356,2023-10-01,2023,1,Top,2,1,0,0,0,CWS,SD,673490,570632,593428,,,656024,683734,621545,672820,462101,S,,called_strike,Called Strike,0,0,0,0,-0.036,0.0,R,Sinker,95.3,R,R
716356,2023-10-01,2023,1,Top,1,2,0,1,0,CWS,SD,593428,570632,,,,656024,683734,621545,672820,462101,X,single,hit_into_play,Xander Bogaerts singles on a ground ball to left fielder Tyler Naquin.,0,0,0,0,0.474,-0.036,R,Sinker,96.2,R,R
716356,2023-10-01,2023,1,Top,1,1,0,0,0,CWS,SD,593428,570632,,,,656024,683734,621545,672820,462101,S,,swinging_strike,Swinging Strike,0,0,0,0,-0.042,0.0,R,Sinker,95.6,R,R
716355,2023-10-01,2023,9,Bot,72,3,0,2,2,NYM,PHI,624413,547179,,,,596117,595909,681082,664761,624641,X,field_out,hit_into_play,Pete Alonso pops out to shortstop Edmundo Sosa.,1,9,1,9,-0.169,-0.001,R,Changeup,86.9,R,R
716355,2023-10-01,2023,9,Bot,72,2,0,1,2,NYM,PHI,624413,547179,,,,596117,595909,681082,664761,624641,S,,foul,Foul,1,9,1,9,-0.061,0.0,R,Sweeper,84.0,R,R
716355,2023-10-01,2023,9,Bot,72,1,0,0,2,NYM,PHI,624413,547179,,,,596117,595909,681082,664761,624641,S,,called_strike,Called Strike,1,9,1,9,-0.045,0.0,R,Slider,86.1,R,R
716355,2023-10-01,2023,9,Bot,71,6,1,2,1,NYM,PHI,677595,547179,,,,596117,595909,681082,664761,624641,S,strikeout,swinging_strike,Ronny Mauricio strikes out swinging.,1,9,1,9,-0.189,0.0,R,Changeup,86.4,L,R
716355,2023-10-01,2023,9,Bot,71,5,1,2,1,NYM,PHI,677595,547179,,,,596117,595909,681082,664761,624641,S,,foul,Foul,1,9,1,9,0.0,0.0,R,Curveball,84.2,L,R
716355,2023-10-01,2023,9,Bot,71,4,1,2,1,NYM,PHI,677595,547179,,,,596117,595909,681082,664761,624641,S,,foul,Foul,1,9,1,9,0.0,0.0,R,Changeup,86.9,L,R
716355,2023-10-01,2023,9,Bot,71,3,1,1,1,NYM,PHI,677595,547179,,,,596117,595909,681082,664761,624641,S,,foul,Foul,1,9,1,9,-0.068,0.0,R,Changeup,86.1,L,R
716355,2023-10-01,2023,9,Bot,71,2,0,1,1,NYM,PHI,677595,547179,,,,596117,595909,681082,664761,624641,B,,ball,Ball,1,9,1,9,0.03,0.0,R,Slider,87.9,L,R
716355,2023-10-01,2023,9,Bot,71,1,0,0,1,NYM,PHI,677595,547179,,,,596117,595909,681082,664761,624641,S,,called_strike,Called Strike,1,9,1,9,-0.041,0.0,R,Curveball,83.7,L,R
716355,2023-10-01,2023,9,Bot,70,5,2,2,0,NYM,PHI,542364,547179,,,,596117,595909,681082,664761,624641,X,field_out,hit_into_play,Rafael Ortega flies out to center fielder Johan Rojas.,1,9,1,9,-0.239,0.0,R,Slider,88.0,L,R
716355,2023-10-01,2023,9,Bot,70,4,1,2,0,NYM,PHI,542364,547179,,,,596117,595909,681082,664761,624641,B,,ball,Ball,1,9,1,9,0.046,0.0,R,Changeup,86.5,L,R
716355,2023-10-01,2023,9,Bot,70,3,1,1,0,NYM,PHI,542364,547179,,,,596117,595909,681082,664761,624641,S,,called_strike,Called Strike,1,9,1,9,-0.061,0.0,R,Curveball,82.4,L,R
716355,2023-10-01,2023,9,Bot,70,2,1,0,0,NYM,PHI,542364,547179,,,,596117,595909,681082,664761,624641,S,,foul,Foul,1,9,1,9,-0.052,0.0,R,4-Seam Fastball,95.3,L,R
716355,2023-10-01,2023,9,Bot,70,1,0,0,0,NYM,PHI,542364,547179,,,,596117,595909,681082,664761,624641,B,,ball,Ball,1,9,1,9,0.04,0.0,R,Slider,89.0,L,R
716355,2023-10-01,2023,9,Top,69,4,0,2,2,NYM,PHI,624641,641743,,,,605421,624413,677595,683146,596019,S,strikeout,swinging_strike,Edmundo Sosa strikes out swinging.,1,9,9,1,-0.169,0.0,R,4-Seam Fastball,94.2,R,L
716355,2023-10-01,2023,9,Top,69,3,0,2,2,NYM,PHI,624641,641743,,,,605421,624413,677595,683146,596019,S,,foul,Foul,1,9,9,1,0.0,0.0,R,4-Seam Fastball,95.1,R,L
716355,2023-10-01,2023,9,Top,69,2,0,1,2,NYM,PHI,624641,641743,,,,605421,624413,677595,683146,596019,S,,foul,Foul,1,9,9,1,-0.061,0.0,R,4-Seam Fastball,95.7,R,L
716355,2023-10-01,2023,9,Top,69,1,0,0,2,NYM,PHI,624641,641743,,,,605421,624413,677595,683146,596019,S,,foul,Foul,1,9,9,1,-0.045,0.0,R,4-Seam Fastball,94.7,R,L
716355,2023-10-01,2023,9,Top,68,3,0,2,2,NYM,PHI,669016,641743,681082,665506,,605421,624413,677595,683146,596019,X,home_run,hit_into_play,Brandon Marsh homers (12) on a fly ball to center field.   Cristian Pache scores.    Bryson Stott scores.,1,6,6,1,1.754,-0.005,R,Sweeper,79.9,L,L
716355,2023-10-01,2023,9,Top,68,2,0,1,2,NYM,PHI,669016,641743,681082,665506,,605421,624413,677595,683146,596019,S,,foul_tip,Foul Tip,1,6,6,1,-0.061,0.0,R,4-Seam Fastball,95.1,L,L
716355,2023-10-01,2023,9,Top,68,1,0,0,2,NYM,PHI,669016,641743,681082,665506,,605421,624413,677595,683146,596019,S,,called_strike,Called Strike,1,6,6,1,-0.04,0.0,R,Slider,87.6,L,L
716355,2023-10-01,2023,9,Top,67,2,1,0,1,NYM,PHI,664761,641743,681082,665506,596117,605421,624413,677595,683146,596019,X,sac_fly,hit_into_play,Alec Bohm out on a sacrifice fly to left fielder Tim Locastro.   Garrett Stubbs scores.,1,5,5,1,-0.193,-0.002,R,4-Seam Fastball,95.6,R,L
716355,2023-10-01,2023,9,Top,67,1,0,0,1,NYM,PHI,664761,641743,681082,665506,596117,605421,624413,677595,683146,596019,B,,ball,Ball,1,5,5,1,0.032,0.0,R,Slider,89.1,R,L
716355,2023-10-01,2023,9,Top,66,6,3,2,1,NYM,PHI,681082,641743,,665506,596117,605421,624413,677595,683146,596019,B,walk,ball,Bryson Stott walks.,1,5,5,1,0.155,0.0,R,Sweeper,79.5,L,L
716355,2023-10-01,2023,9,Top,66,5,3,1,1,NYM,PHI,681082,641743,,665506,596117,605421,624413,677595,683146,596019,S,,foul,Foul,1,5,5,1,-0.094,0.0,R,Slider,85.4,L,L
716355,2023-10-01,2023,9,Top,66,4,3,0,1,NYM,PHI,681082,641743,,665506,596117,605421,624413,677595,683146,596019,S,,called_strike,Called Strike,1,5,5,1,-0.021,0.0,R,4-Seam Fastball,93.8,L,L
716355,2023-10-01,2023,9,Top,66,3,2,0,1,NYM,PHI,681082,641743,,665506,596117,605421,624413,677595,683146,596019,B,,ball,Ball,1,5,5,1,0.05,0.0,R,4-Seam Fastball,93.7,L,L
716355,2023-10-01,2023,9,Top,66,2,1,0,1,NYM,PHI,681082,641743,,665506,596117,605421,624413,677595,683146,596019,B,,ball,Ball,1,5,5,1,0.024,0.0,R,4-Seam Fastball,93.8,L,L
716355,2023-10-01,2023,9,Top,66,1,0,0,1,NYM,PHI,681082,641743,,665506,596117,605421,624413,677595,683146,596019,B,,ball,Ball,1,5,5,1,0.017,0.0,R,Slider,86.9,L,L
716355,2023-10-01,2023,9,Top,65,6,3,2,0,NYM,PHI,642215,660593,665506,596117,,605421,624413,677595,683146,596019,X,field_out,hit_into_play,"Weston Wilson grounds out, shortstop Francisco Lindor to first baseman Pete Alonso.   Garrett Stubbs to 3rd.    Cristian Pache to 2nd.",1,5,5,1,-0.366,0.0,R,Sinker,91.5,R,R
716355,2023-10-01,2023,9,Top,65,5,3,1,0,NYM,PHI,642215,660593,665506,596117,,605421,624413,677595,683146,596019,S,,foul,Foul,1,5,5,1,-0.111,0.0,R,Sinker,91.4,R,R
716355,2023-10-01,2023,9,Top,65,4,2,1,0,NYM,PHI,642215,660593,665506,596117,,605421,624413,677595,683146,596019,B,,ball,Ball,1,5,5,1,0.131,0.0,R,4-Seam Fastball,91.9,R,R
716355,2023-10-01,2023,9,Top,65,3,1,1,0,NYM,PHI,642215,660593,665506,596117,,605421,624413,677595,683146,596019,B,,ball,Ball,1,5,5,1,0.052,0.0,R,Slider,80.0,R,R
716355,2023-10-01,2023,9,Top,65,2,1,0,0,NYM,PHI,642215,660593,665506,596117,,605421,624413,677595,683146,596019,S,,foul,Foul,1,5,5,1,-0.055,0.0,R,Sinker,91.1,R,R
716355,2023-10-01,2023,9,Top,65,1,0,0,0,NYM,PHI,642215,660593,665506,596117,,605421,624413,677595,683146,596019,B,,ball,Ball,1,5,5,1,0.042,0.0,R,Sinker,92.2,R,R
716355,2023-10-01,2023,9,Top,64,2,0,1,0,NYM,PHI,665506,660593,596117,,,605421,624413,677595,683146,596019,X,single,hit_into_play,Cristian Pache singles on a line drive to left fielder Tim Locastro.   Garrett Stubbs to 2nd.,1,5,5,1,0.489,-0.003,R,Slider,79.8,R,R
716355,2023-10-01,2023,9,Top,64,1,0,0,0,NYM,PHI,665506,660593,596117,,,605421,624413,677595,683146,596019,S,,swinging_strike,Swinging Strike,1,5,5,1,-0.036,0.0,R,Sinker,90.9,R,R
716355,2023-10-01,2023,9,Top,63,5,1,2,0,NYM,PHI,596117,660593,,,679032,605421,624413,677595,683146,596019,X,single,hit_into_play,Garrett Stubbs singles on a line drive to center fielder Rafael Ortega.   Johan Rojas scores.,1,4,4,1,0.459,-0.005,R,Changeup,85.2,L,R
716355,2023-10-01,2023,9,Top,63,4,0,2,0,NYM,PHI,596117,660593,,,679032,605421,624413,677595,683146,596019,B,,ball,Ball,1,4,4,1,0.029,0.0,R,Changeup,84.3,L,R
716355,2023-10-01,2023,9,Top,63,3,0,2,0,NYM,PHI,596117,660593,,,679032,605421,624413,677595,683146,596019,S,,foul,Foul,1,4,4,1,0.0,0.0,R,4-Seam Fastball,91.0,L,R
716355,2023-10-01,2023,9,Top,63,2,0,1,0,NYM,PHI,596117,660593,,,679032,605421,624413,677595,683146,596019,S,,foul,Foul,1,4,4,1,-0.08,0.0,R,Cutter,85.9,L,R
716355,2023-10-01,2023,9,Top,63,1,0,0,0,NYM,PHI,596117,660593,,,679032,605421,624413,677595,683146,596019,S,,swinging_strike,Swinging Strike,1,4,4,1,-0.045,0.0,R,4-Seam Fastball,91.1,L,R
716355,2023-10-01,2023,9,Top,62,5,2,2,0,NYM,PHI,679032,660593,595909,,,605421,624413,677595,683146,596019,X,triple,hit_into_play,Johan Rojas triples (2) on a line drive to center fielder Rafael Ortega.   Jake Cave scores.,1,3,3,1,1.005,-0.044,R,Sinker,92.3,R,R
716355,2023-10-01,2023,9,Top,62,4,1,2,0,NYM,PHI,679032,660593,595909,,,605421,624413,677595,683146,596019,B,,ball,Ball,1,3,3,1,0.045,0.0,R,Slider,79.2,R,R
716355,2023-10-01,2023,9,Top,62,3,1,1,0,NYM,PHI,679032,660593,595909,,,605421,624413,677595,683146,596019,S,,foul,Foul,1,3,3,1,-0.059,0.0,R,Sinker,91.8,R,R
716355,2023-10-01,2023,9,Top,62,2,1,0,0,NYM,PHI,679032,660593,595909,,,605421,624413,677595,683146,596019,S,,foul,Foul,1,3,3,1,-0.042,0.0,R,Sinker,90.8,R,R
716355,2023-10-01,2023,9,Top,62,1,0,0,0,NYM,PHI,679032,660593,595909,,,605421,624413,677595,683146,596019,B,,ball,Ball,1,3,3,1,0.03,0.0,R,Slider,80.1,R,R
716355,2023-10-01,2023,9,Top,61,8,3,2,0,NYM,PHI,595909,660593,,,,605421,624413,677595,683146,596019,B,walk,ball,Jake Cave walks.,1,3,3,1,0.347,-0.011,R,4-Seam Fastball,91.6,L,R
716355,2023-10-01,2023,9,Top,61,7,3,2,0,NYM,PHI,595909,660593,,,,605421,624413,677595,683146,596019,S,,foul,Foul,1,3,3,1,0.0,0.0,R,Cutter,87.6,L,R
716355,2023-10-01,2023,9,Top,61,6,3,2,0,NYM,PHI,595909,660593,,,,605421,624413,677595,683146,596019,S,,foul,Foul,1,3,3,1,0.0,0.0,R,Sinker,91.9,L,R
716355,2023-10-01,2023,9,Top,61,5,2,2,0,NYM,PHI,595909,660593,,,,605421,624413,677595,683146,596019,B,,ball,Ball,1,3,3,1,0.115,0.0,R,Slider,80.3,L,R
716355,2023-10-01,2023,9,Top,61,4,1,2,0,NYM,PHI,595909,660593,,,,605421,624413,677595,683146,596019,B,,ball,Ball,1,3,3,1,0.046,0.0,R,4-Seam Fastball,91.2,L,R
716355,2023-10-01,2023,9,Top,61,3,1,1,0,NYM,PHI,595909,660593,,,,605421,624413,677595,683146,596019,S,,foul,Foul,1,3,3,1,-0.061,0.0,R,Cutter,86.1,L,R
716355,2023-10-01,2023,9,Top,61,2,1,0,0,NYM,PHI,595909,660593,,,,605421,624413,677595,683146,596019,S,,foul,Foul,1,3,3,1,-0.052,0.0,R,Sinker,90.5,L,R
716355,2023-10-01,2023,9,Top,61,1,0,0,0,NYM,PHI,595909,660593,,,,605421,624413,677595,683146,596019,B,,ball,Ball,1,3,3,1,0.04,0.0,R,Changeup,83.3,L,R
716355,2023-10-01,2023,8,Bot,60,3,0,2,2,NYM,PHI,641796,642397,,,,596117,595909,681082,664761,624641,S,strikeout,called_strike,Tim Locastro called out on strikes.,1,3,1,3,-0.169,-0.016,R,Slider,89.2,R,L
716355,2023-10-01,2023,8,Bot,60,2,0,1,2,NYM,PHI,641796,642397,,,,596117,595909,681082,664761,624641,S,,foul_tip,Foul Tip,1,3,1,3,-0.061,0.0,R,4-Seam Fastball,99.5,R,L
716355,2023-10-01,2023,8,Bot,60,1,0,0,2,NYM,PHI,641796,642397,,,,596117,595909,681082,664761,624641,S,,called_strike,Called Strike,1,3,1,3,-0.045,0.0,R,Sinker,99.7,R,L
716355,2023-10-01,2023,8,Bot,59,4,1,2,1,NYM,PHI,621466,642397,,,,596117,595909,681082,664761,624641,S,strikeout,swinging_strike,DJ Stewart strikes out swinging.,1,3,1,3,-0.189,-0.028,R,Slider,89.7,L,L
716355,2023-10-01,2023,8,Bot,59,3,0,2,1,NYM,PHI,621466,642397,,,,596117,595909,681082,664761,624641,B,,ball,Ball,1,3,1,3,0.019,0.0,R,4-Seam Fastball,100.2,L,L
716355,2023-10-01,2023,8,Bot,59,2,0,1,1,NYM,PHI,621466,642397,,,,596117,595909,681082,664761,624641,S,,foul,Foul,1,3,1,3,-0.057,0.0,R,Sinker,98.7,L,L
716355,2023-10-01,2023,8,Bot,59,1,0,0,1,NYM,PHI,621466,642397,,,,596117,595909,681082,664761,624641,S,,called_strike,Called Strike,1,3,1,3,-0.041,0.0,R,4-Seam Fastball,100.1,L,L
716355,2023-10-01,2023,8,Bot,58,2,0,1,0,NYM,PHI,605421,642397,,,,596117,595909,681082,664761,624641,X,field_out,hit_into_play,"Michael Perez grounds out, shortstop Edmundo Sosa to first baseman Jake Cave.",1,3,1,3,-0.223,-0.041,R,Sinker,98.8,L,L
716355,2023-10-01,2023,8,Bot,58,1,0,0,0,NYM,PHI,605421,642397,,,,596117,595909,681082,664761,624641,S,,called_strike,Called Strike,1,3,1,3,-0.042,0.0,R,Sinker,99.7,L,L
716355,2023-10-01,2023,8,Top,57,2,0,1,1,NYM,PHI,624641,660593,669016,,681082,605421,624413,677595,683146,596019,X,grounded_into_double_play,hit_into_play,"Edmundo Sosa grounds into a double play, third baseman Brett Baty to second baseman Ronny Mauricio to first baseman Pete Alonso.   Brandon Marsh out at 2nd.    Edmundo Sosa out at 1st.",1,3,3,1,-0.295,0.063,R,Sinker,91.7,R,R
716355,2023-10-01,2023,8,Top,57,1,0,0,1,NYM,PHI,624641,660593,669016,,681082,605421,624413,677595,683146,596019,S,,foul,Foul,1,3,3,1,-0.044,0.0,R,Sinker,91.4,R,R
716355,2023-10-01,2023,8,Top,56,3,2,0,1,NYM,PHI,669016,660593,,681082,642215,605421,624413,677595,683146,596019,X,single,hit_into_play,Brandon Marsh singles on a sharp line drive to right fielder DJ Stewart.   Weston Wilson scores.    Bryson Stott to 3rd.,1,2,2,1,0.467,-0.069,R,Changeup,84.3,L,R
716355,2023-10-01,2023,8,Top,56,2,1,0,1,NYM,PHI,669016,660593,,681082,642215,605421,624413,677595,683146,596019,B,,ball,Ball,1,2,2,1,0.024,0.0,R,Cutter,87.3,L,R
716355,2023-10-01,2023,8,Top,56,1,0,0,1,NYM,PHI,669016,660593,,681082,642215,605421,624413,677595,683146,596019,B,,ball,Ball,1,2,2,1,0.017,0.0,R,Cutter,85.2,L,R
716355,2023-10-01,2023,8,Top,55,2,0,1,0,NYM,PHI,664761,660593,,681082,642215,605421,624413,677595,683146,596019,X,field_out,hit_into_play,"Alec Bohm grounds out, third baseman Brett Baty to first baseman Pete Alonso.",1,2,2,1,-0.178,0.045,R,Sinker,90.9,R,R
716355,2023-10-01,2023,8,Top,55,1,0,0,0,NYM,PHI,664761,660593,,681082,642215,605421,624413,677595,683146,596019,S,,called_strike,Called Strike,1,2,2,1,-0.049,0.0,R,Slider,79.5,R,R
716355,2023-10-01,2023,8,Top,54,2,1,0,0,NYM,PHI,681082,660593,642215,,,605421,624413,677595,683146,596019,X,double,hit_into_play,Bryson Stott doubles (32) on a fly ball to center fielder Rafael Ortega.   Weston Wilson to 3rd.,1,2,2,1,0.69,-0.097,R,Changeup,84.7,L,R
716355,2023-10-01,2023,8,Top,54,1,0,0,0,NYM,PHI,681082,660593,642215,,,605421,624413,677595,683146,596019,B,,ball,Ball,1,2,2,1,0.03,0.0,R,Sinker,90.7,L,R
716355,2023-10-01,2023,8,Top,53,2,0,1,0,NYM,PHI,642215,660593,,,,605421,624413,677595,683146,596019,X,single,hit_into_play,Weston Wilson singles on a soft ground ball to catcher Michael Perez.,1,2,2,1,0.474,-0.033,R,Sinker,91.0,R,R
716355,2023-10-01,2023,8,Top,53,1,0,0,0,NYM,PHI,642215,660593,,,,605421,624413,677595,683146,596019,S,,foul,Foul,1,2,2,1,-0.042,0.0,R,Sinker,90.4,R,R
716355,2023-10-01,2023,7,Bot,52,3,1,1,1,NYM,PHI,683146,622554,596019,,,596117,595909,681082,664761,624641,X,grounded_into_double_play,hit_into_play,"Brett Baty grounds into a double play, second baseman Bryson Stott to shortstop Edmundo Sosa to first baseman Jake Cave.   Francisco Lindor out at 2nd.    Brett Baty out at 1st.",1,2,1,2,-0.316,-0.113,R,4-Seam Fastball,97.3,L,R
716355,2023-10-01,2023,7,Bot,52,2,1,0,1,NYM,PHI,683146,622554,596019,,,596117,595909,681082,664761,624641,S,,swinging_strike,Swinging Strike,1,2,1,2,-0.053,0.0,R,4-Seam Fastball,96.0,L,R
716355,2023-10-01,2023,7,Bot,52,1,0,0,1,NYM,PHI,683146,622554,596019,,,596117,595909,681082,664761,624641,B,,ball,Ball,1,2,1,2,0.036,0.0,R,Slider,87.4,L,R
716355,2023-10-01,2023,7,Bot,51,5,2,2,0,NYM,PHI,668901,656793,596019,,,596117,595909,681082,664761,624641,S,strikeout,swinging_strike,Mark Vientos strikes out swinging.,1,2,1,2,-0.21,-0.071,R,Changeup,87.4,R,R
716355,2023-10-01,2023,7,Bot,51,4,1,2,0,NYM,PHI,668901,656793,596019,,,596117,595909,681082,664761,624641,B,,ball,Ball,1,2,1,2,0.045,0.0,R,Changeup,87.5,R,R
716355,2023-10-01,2023,7,Bot,51,3,1,1,0,NYM,PHI,668901,656793,596019,,,596117,595909,681082,664761,624641,S,,swinging_strike,Swinging Strike,1,2,1,2,-0.059,0.0,R,Changeup,86.6,R,R
716355,2023-10-01,2023,7,Bot,51,2,0,1,0,NYM,PHI,668901,656793,596019,,,596117,595909,681082,664761,624641,B,,ball,Ball,1,2,1,2,0.024,0.0,R,Sinker,92.2,R,R
716355,2023-10-01,2023,7,Bot,51,1,0,0,0,NYM,PHI,668901,656793,596019,,,596117,595909,681082,664761,624641,S,,called_strike,Called Strike,1,2,1,2,-0.036,0.0,R,Sinker,90.5,R,R
716355,2023-10-01,2023,7,Bot,50,7,3,2,0,NYM,PHI,596019,656793,,,,596117,595909,681082,664761,624641,B,walk,ball,Francisco Lindor walks.,1,2,1,2,0.347,0.077,R,Changeup,86.5,L,R
716355,2023-10-01,2023,7,Bot,50,6,2,2,0,NYM,PHI,596019,656793,,,,596117,595909,681082,664761,624641,B,,ball,Ball,1,2,1,2,0.115,0.0,R,Slider,83.2,L,R
716355,2023-10-01,2023,7,Bot,50,5,2,2,0,NYM,PHI,596019,656793,,,,596117,595909,681082,664761,624641,S,,foul,Foul,1,2,1,2,0.0,0.0,R,Sinker,92.6,L,R
716355,2023-10-01,2023,7,Bot,50,4,1,2,0,NYM,PHI,596019,656793,,,,596117,595909,681082,664761,624641,B,,ball,Ball,1,2,1,2,0.046,0.0,R,4-Seam Fastball,94.1,L,R
716355,2023-10-01,2023,7,Bot,50,3,1,1,0,NYM,PHI,596019,656793,,,,596117,595909,681082,664761,624641,S,,foul,Foul,1,2,1,2,-0.061,0.0,R,Changeup,86.6,L,R
716355,2023-10-01,2023,7,Bot,50,2,1,0,0,NYM,PHI,596019,656793,,,,596117,595909,681082,664761,624641,S,,foul,Foul,1,2,1,2,-0.052,0.0,R,Changeup,85.8,L,R
716355,2023-10-01,2023,7,Bot,50,1,0,0,0,NYM,PHI,596019,656793,,,,596117,595909,681082,664761,624641,B,,ball,Ball,1,2,1,2,0.04,0.0,R,Changeup,86.1,L,R
716355,2023-10-01,2023,7,Top,49,5,2,2,2,NYM,PHI,665506,660593,,,,682626,624413,677595,683146,596019,S,strikeout,swinging_strike,Cristian Pache strikes out swinging.,1,2,2,1,-0.233,0.012,R,Changeup,86.2,R,R
716355,2023-10-01,2023,7,Top,49,4,2,1,2,NYM,PHI,665506,660593,,,,682626,624413,677595,683146,596019,S,,swinging_strike,Swinging Strike,1,2,2,1,-0.081,0.0,R,Changeup,85.3,R,R
716355,2023-10-01,2023,7,Top,49,3,1,1,2,NYM,PHI,665506,660593,,,,682626,624413,677595,683146,596019,B,,ball,Ball,1,2,2,1,0.053,0.0,R,Slider,79.8,R,R
716355,2023-10-01,2023,7,Top,49,2,1,0,2,NYM,PHI,665506,660593,,,,682626,624413,677595,683146,596019,S,,foul,Foul,1,2,2,1,-0.056,0.0,R,Sinker,92.8,R,R
716355,2023-10-01,2023,7,Top,49,1,0,0,2,NYM,PHI,665506,660593,,,,682626,624413,677595,683146,596019,B,,ball,Ball,1,2,2,1,0.043,0.0,R,Cutter,89.1,R,R
716355,2023-10-01,2023,7,Top,48,4,1,2,1,NYM,PHI,596117,660593,,,,682626,624413,677595,683146,596019,S,strikeout,called_strike,Garrett Stubbs called out on strikes.,1,2,2,1,-0.189,0.018,R,Sinker,92.8,L,R
716355,2023-10-01,2023,7,Top,48,3,0,2,1,NYM,PHI,596117,660593,,,,682626,624413,677595,683146,596019,B,,ball,Ball,1,2,2,1,0.019,0.0,R,4-Seam Fastball,91.6,L,R
716355,2023-10-01,2023,7,Top,48,2,0,1,1,NYM,PHI,596117,660593,,,,682626,624413,677595,683146,596019,S,,foul,Foul,1,2,2,1,-0.057,0.0,R,Changeup,85.1,L,R
716355,2023-10-01,2023,7,Top,48,1,0,0,1,NYM,PHI,596117,660593,,,,682626,624413,677595,683146,596019,S,,called_strike,Called Strike,1,2,2,1,-0.041,0.0,R,Sinker,91.4,L,R
716355,2023-10-01,2023,7,Top,47,1,0,0,0,NYM,PHI,679032,660593,,,,682626,624413,677595,683146,596019,X,field_out,hit_into_play,"Johan Rojas bunt grounds out, catcher Francisco Alvarez to first baseman Pete Alonso.",1,2,2,1,0.111,0.024,R,Sinker,91.5,R,R
716355,2023-10-01,2023,6,Bot,46,2,0,1,2,NYM,PHI,624413,656793,542364,,,596117,595909,681082,664761,624641,X,force_out,hit_into_play,"Pete Alonso grounds into a force out, shortstop Edmundo Sosa to second baseman Bryson Stott.   Rafael Ortega out at 2nd.",1,2,1,2,-0.241,-0.042,R,Sinker,93.2,R,R
716355,2023-10-01,2023,6,Bot,46,1,0,0,2,NYM,PHI,624413,656793,542364,,,596117,595909,681082,664761,624641,S,,foul,Foul,1,2,1,2,-0.045,0.0,R,Changeup,86.9,R,R
716355,2023-10-01,2023,6,Bot,45,1,0,0,1,NYM,PHI,677595,656793,542364,,,596117,595909,681082,664761,624641,X,field_out,hit_into_play,Ronny Mauricio lines out to right fielder Brandon Marsh.,1,2,1,2,-0.257,-0.05,R,Changeup,87.2,L,R
716355,2023-10-01,2023,6,Bot,44,8,3,2,1,NYM,PHI,542364,656793,,,,596117,595909,681082,664761,624641,B,walk,ball,Rafael Ortega walks.,1,2,1,2,0.36,0.045,R,Sinker,93.1,L,R
716355,2023-10-01,2023,6,Bot,44,7,2,2,1,NYM,PHI,542364,656793,,,,596117,595909,681082,664761,624641,B,,ball,Ball,1,2,1,2,0.094,0.0,R,Changeup,87.5,L,R
716355,2023-10-01,2023,6,Bot,44,6,1,2,1,NYM,PHI,542364,656793,,,,596117,595909,681082,664761,624641,B,,ball,Ball,1,2,1,2,0.045,0.0,R,Slider,85.9,L,R
716355,2023-10-01,2023,6,Bot,44,5,0,2,1,NYM,PHI,542364,656793,,,,596117,595909,681082,664761,624641,B,,ball,Ball,1,2,1,2,0.019,0.0,R,Changeup,83.6,L,R
716355,2023-10-01,2023,6,Bot,44,4,0,2,1,NYM,PHI,542364,656793,,,,596117,595909,681082,664761,624641,S,,foul,Foul,1,2,1,2,0.0,0.0,R,Changeup,87.4,L,R
716355,2023-10-01,2023,6,Bot,44,3,0,2,1,NYM,PHI,542364,656793,,,,596117,595909,681082,664761,624641,S,,foul,Foul,1,2,1,2,0.0,0.0,R,4-Seam Fastball,93.8,L,R
716355,2023-10-01,2023,6,Bot,44,2,0,1,1,NYM,PHI,542364,656793,,,,596117,595909,681082,664761,624641,S,,foul,Foul,1,2,1,2,-0.057,0.0,R,4-Seam Fastball,93.4,L,R
716355,2023-10-01,2023,6,Bot,44,1,0,0,1,NYM,PHI,542364,656793,,,,596117,595909,681082,664761,624641,S,,called_strike,Called Strike,1,2,1,2,-0.041,0.0,R,4-Seam Fastball,92.0,L,R
716355,2023-10-01,2023,6,Bot,43,7,3,2,0,NYM,PHI,641796,656793,,,,596117,595909,681082,664761,624641,S,strikeout,swinging_strike,Tim Locastro strikes out swinging.,1,2,1,2,-0.353,-0.04,R,Sinker,91.9,R,R
716355,2023-10-01,2023,6,Bot,43,6,2,2,0,NYM,PHI,641796,656793,,,,596117,595909,681082,664761,624641,B,,ball,Ball,1,2,1,2,0.115,0.0,R,4-Seam Fastball,93.1,R,R
716355,2023-10-01,2023,6,Bot,43,5,2,2,0,NYM,PHI,641796,656793,,,,596117,595909,681082,664761,624641,S,,foul,Foul,1,2,1,2,0.0,0.0,R,Changeup,86.9,R,R
716355,2023-10-01,2023,6,Bot,43,4,1,2,0,NYM,PHI,641796,656793,,,,596117,595909,681082,664761,624641,B,,ball,Ball,1,2,1,2,0.046,0.0,R,4-Seam Fastball,93.7,R,R
716355,2023-10-01,2023,6,Bot,43,3,1,1,0,NYM,PHI,641796,656793,,,,596117,595909,681082,664761,624641,S,,swinging_strike,Swinging Strike,1,2,1,2,-0.061,0.0,R,Changeup,86.5,R,R
716355,2023-10-01,2023,6,Bot,43,2,1,0,0,NYM,PHI,641796,656793,,,,596117,595909,681082,664761,624641,S,,foul,Foul,1,2,1,2,-0.052,0.0,R,Sinker,92.0,R,R
716355,2023-10-01,2023,6,Bot,43,1,0,0,0,NYM,PHI,641796,656793,,,,596117,595909,681082,664761,624641,B,,ball,Ball,1,2,1,2,0.04,0.0,R,Sinker,92.9,R,R
716355,2023-10-01,2023,6,Top,42,10,3,2,2,NYM,PHI,595909,676130,,,,682626,624413,677595,683146,596019,S,strikeout,swinging_strike,Jake Cave strikes out swinging.,1,2,2,1,-0.336,0.012,R,Curveball,79.9,L,R
716355,2023-10-01,2023,6,Top,42,9,3,2,2,NYM,PHI,595909,676130,,,,682626,624413,677595,683146,596019,S,,foul,Foul,1,2,2,1,0.0,0.0,R,Slider,84.5,L,R
716355,2023-10-01,2023,6,Top,42,8,3,2,2,NYM,PHI,595909,676130,,,,682626,624413,677595,683146,596019,S,,foul,Foul,1,2,2,1,0.0,0.0,R,4-Seam Fastball,93.5,L,R
716355,2023-10-01,2023,6,Top,42,7,2,2,2,NYM,PHI,595909,676130,,,,682626,624413,677595,683146,596019,B,,ball,Ball,1,2,2,1,0.104,0.0,R,Changeup,87.4,L,R
716355,2023-10-01,2023,6,Top,42,6,1,2,2,NYM,PHI,595909,676130,,,,682626,624413,677595,683146,596019,B,,ball,Ball,1,2,2,1,0.041,0.0,R,4-Seam Fastball,93.4,L,R
716355,2023-10-01,2023,6,Top,42,5,1,2,2,NYM,PHI,595909,676130,,,,682626,624413,677595,683146,596019,S,,foul,Foul,1,2,2,1,0.0,0.0,R,4-Seam Fastball,93.9,L,R
716355,2023-10-01,2023,6,Top,42,4,0,2,2,NYM,PHI,595909,676130,,,,682626,624413,677595,683146,596019,B,,ball,Ball,1,2,2,1,0.022,0.0,R,Curveball,79.5,L,R
716355,2023-10-01,2023,6,Top,42,3,0,2,2,NYM,PHI,595909,676130,,,,682626,624413,677595,683146,596019,S,,foul,Foul,1,2,2,1,0.0,0.0,R,4-Seam Fastball,95.2,L,R
716355,2023-10-01,2023,6,Top,42,2,0,1,2,NYM,PHI,595909,676130,,,,682626,624413,677595,683146,596019,S,,foul,Foul,1,2,2,1,-0.061,0.0,R,Changeup,85.5,L,R
716355,2023-10-01,2023,6,Top,42,1,0,0,2,NYM,PHI,595909,676130,,,,682626,624413,677595,683146,596019,S,,called_strike,Called Strike,1,2,2,1,-0.045,0.0,R,4-Seam Fastball,93.7,L,R
716355,2023-10-01,2023,6,Top,41,4,1,2,1,NYM,PHI,624641,676130,,,,682626,624413,677595,683146,596019,S,strikeout,swinging_strike,Edmundo Sosa strikes out swinging.,1,2,2,1,-0.189,0.018,R,4-Seam Fastball,93.9,R,R
716355,2023-10-01,2023,6,Top,41,3,0,2,1,NYM,PHI,624641,676130,,,,682626,624413,677595,683146,596019,B,,ball,Ball,1,2,2,1,0.019,0.0,R,Changeup,85.3,R,R
716355,2023-10-01,2023,6,Top,41,2,0,1,1,NYM,PHI,624641,676130,,,,682626,624413,677595,683146,596019,S,,foul_tip,Foul Tip,1,2,2,1,-0.057,0.0,R,4-Seam Fastball,95.1,R,R
716355,2023-10-01,2023,6,Top,41,1,0,0,1,NYM,PHI,624641,676130,,,,682626,624413,677595,683146,596019,S,,swinging_strike,Swinging Strike,1,2,2,1,-0.041,0.0,R,4-Seam Fastball,94.0,R,R
716355,2023-10-01,2023,6,Top,40,5,3,1,0,NYM,PHI,669016,676130,,,,682626,624413,677595,683146,596019,X,field_out,hit_into_play,Brandon Marsh flies out to left fielder Tim Locastro.,1,2,2,1,-0.442,0.024,R,Sinker,91.7,L,R
716355,2023-10-01,2023,6,Top,40,4,2,1,0,NYM,PHI,669016,676130,,,,682626,624413,677595,683146,596019,B,,ball,Ball,1,2,2,1,0.129,0.0,R,Sinker,91.8,L,R
716355,2023-10-01,2023,6,Top,40,3,1,1,0,NYM,PHI,669016,676130,,,,682626,624413,677595,683146,596019,B,,ball,Ball,1,2,2,1,0.059,0.0,R,4-Seam Fastball,92.8,L,R
716355,2023-10-01,2023,6,Top,40,2,1,0,0,NYM,PHI,669016,676130,,,,682626,624413,677595,683146,596019,S,,foul,Foul,1,2,2,1,-0.052,0.0,R,Sinker,91.5,L,R
716355,2023-10-01,2023,6,Top,40,1,0,0,0,NYM,PHI,669016,676130,,,,682626,624413,677595,683146,596019,B,,ball,Ball,1,2,2,1,0.04,0.0,R,Sinker,91.4,L,R
716355,2023-10-01,2023,6,Top,39,3,0,2,0,NYM,PHI,664761,676130,,,,682626,624413,677595,683146,596019,X,home_run,hit_into_play,Alec Bohm homers (20) on a fly ball to right field.,1,1,1,1,1.211,-0.167,R,4-Seam Fastball,94.0,R,R
716355,2023-10-01,2023,6,Top,39,2,0,1,0,NYM,PHI,664761,676130,,,,682626,624413,677595,683146,596019,S,,foul,Foul,1,1,1,1,-0.054,0.0,R,Slider,85.2,R,R
716355,2023-10-01,2023,6,Top,39,1,0,0,0,NYM,PHI,664761,676130,,,,682626,624413,677595,683146,596019,S,,called_strike,Called Strike,1,1,1,1,-0.042,0.0,R,Curveball,79.1,R,R
716355,2023-10-01,2023,5,Bot,38,1,0,0,2,NYM,PHI,621466,656793,,,,596117,595909,681082,664761,624641,X,field_out,hit_into_play,"DJ Stewart grounds out, second baseman Bryson Stott to first baseman Jake Cave.",1,1,1,1,-0.275,-0.014,R,4-Seam Fastball,92.6,L,R
716355,2023-10-01,2023,5,Bot,37,4,1,2,1,NYM,PHI,682626,656793,,,,596117,595909,681082,664761,624641,S,strikeout,called_strike,Francisco Alvarez called out on strikes.,1,1,1,1,-0.189,-0.022,R,Changeup,87.2,R,R
716355,2023-10-01,2023,5,Bot,37,3,1,1,1,NYM,PHI,682626,656793,,,,596117,595909,681082,664761,624641,S,,swinging_strike,Swinging Strike,1,1,1,1,-0.068,0.0,R,Sinker,92.9,R,R
716355,2023-10-01,2023,5,Bot,37,2,1,0,1,NYM,PHI,682626,656793,,,,596117,595909,681082,664761,624641,S,,called_strike,Called Strike,1,1,1,1,-0.05,0.0,R,Sinker,92.7,R,R
716355,2023-10-01,2023,5,Bot,37,1,0,0,1,NYM,PHI,682626,656793,,,,596117,595909,681082,664761,624641,B,,ball,Ball,1,1,1,1,0.039,0.0,R,Sinker,92.5,R,R
716355,2023-10-01,2023,5,Bot,36,4,2,1,0,NYM,PHI,683146,656793,,,,596117,595909,681082,664761,624641,X,field_out,hit_into_play,"Brett Baty grounds out, shortstop Edmundo Sosa to first baseman Jake Cave.",1,1,1,1,-0.313,-0.029,R,Changeup,87.0,L,R
716355,2023-10-01,2023,5,Bot,36,3,2,0,0,NYM,PHI,683146,656793,,,,596117,595909,681082,664761,624641,S,,foul,Foul,1,1,1,1,-0.065,0.0,R,4-Seam Fastball,93.1,L,R
716355,2023-10-01,2023,5,Bot,36,2,1,0,0,NYM,PHI,683146,656793,,,,596117,595909,681082,664761,624641,B,,ball,Ball,1,1,1,1,0.071,0.0,R,Changeup,85.9,L,R
716355,2023-10-01,2023,5,Bot,36,1,0,0,0,NYM,PHI,683146,656793,,,,596117,595909,681082,664761,624641,B,,ball,Ball,1,1,1,1,0.04,0.0,R,Changeup,85.9,L,R
716355,2023-10-01,2023,5,Top,35,5,3,1,2,NYM,PHI,681082,676130,665506,596117,,682626,624413,677595,683146,596019,X,field_out,hit_into_play,Bryson Stott lines out to right fielder DJ Stewart.,1,1,1,1,-0.358,0.058,R,Sinker,91.6,L,R
716355,2023-10-01,2023,5,Top,35,4,2,1,2,NYM,PHI,681082,676130,665506,596117,,682626,624413,677595,683146,596019,B,,ball,Ball,1,1,1,1,0.052,0.0,R,4-Seam Fastball,93.8,L,R
716355,2023-10-01,2023,5,Top,35,3,2,0,2,NYM,PHI,681082,676130,665506,596117,,682626,624413,677595,683146,596019,S,,called_strike,Called Strike,1,1,1,1,-0.041,0.0,R,4-Seam Fastball,92.6,L,R
716355,2023-10-01,2023,5,Top,35,2,1,0,2,NYM,PHI,681082,676130,665506,596117,,682626,624413,677595,683146,596019,B,,ball,Ball,1,1,1,1,0.021,0.0,R,4-Seam Fastball,93.5,L,R
716355,2023-10-01,2023,5,Top,35,1,0,0,2,NYM,PHI,681082,676130,665506,596117,,682626,624413,677595,683146,596019,B,,ball,Ball,1,1,1,1,0.03,0.0,R,Curveball,80.3,L,R
716355,2023-10-01,2023,5,Top,34,1,0,0,1,NYM,PHI,592206,676130,665506,596117,,682626,624413,677595,683146,596019,X,field_out,hit_into_play,Nick Castellanos pops out to second baseman Ronny Mauricio.,1,1,1,1,-0.238,0.057,R,4-Seam Fastball,94.4,R,R
716355,2023-10-01,2023,5,Top,33,6,3,2,1,NYM,PHI,665506,676130,596117,,,682626,624413,677595,683146,596019,B,walk,ball,Cristian Pache walks.   Garrett Stubbs to 2nd.,1,1,1,1,0.266,-0.047,R,4-Seam Fastball,93.3,R,R
716355,2023-10-01,2023,5,Top,33,5,2,2,1,NYM,PHI,665506,676130,596117,,,682626,624413,677595,683146,596019,B,,blocked_ball,Ball In Dirt,1,1,1,1,0.084,0.0,R,Changeup,87.3,R,R
716355,2023-10-01,2023,5,Top,33,4,1,2,1,NYM,PHI,665506,676130,596117,,,682626,624413,677595,683146,596019,B,,ball,Ball,1,1,1,1,0.047,0.0,R,4-Seam Fastball,94.3,R,R
716355,2023-10-01,2023,5,Top,33,3,0,2,1,NYM,PHI,665506,676130,596117,,,682626,624413,677595,683146,596019,B,,ball,Ball,1,1,1,1,0.023,0.0,R,Slider,86.6,R,R
716355,2023-10-01,2023,5,Top,33,2,0,1,1,NYM,PHI,665506,676130,596117,,,682626,624413,677595,683146,596019,S,,called_strike,Called Strike,1,1,1,1,-0.053,0.0,R,Slider,85.6,R,R
716355,2023-10-01,2023,5,Top,33,1,0,0,1,NYM,PHI,665506,676130,596117,,,682626,624413,677595,683146,596019,S,,swinging_strike,Swinging Strike,1,1,1,1,-0.042,0.0,R,Slider,85.9,R,R
716355,2023-10-01,2023,5,Top,32,1,0,0,1,NYM,PHI,596117,676130,,,,682626,624413,677595,683146,596019,X,single,hit_into_play,Garrett Stubbs singles on a fly ball to shortstop Francisco Lindor.,1,1,1,1,0.416,-0.033,R,Sinker,92.7,L,R
716355,2023-10-01,2023,5,Top,31,2,0,1,0,NYM,PHI,679032,676130,,,,682626,624413,677595,683146,596019,X,field_out,hit_into_play,Johan Rojas flies out to center fielder Rafael Ortega.,1,1,1,1,-0.223,0.03,R,4-Seam Fastball,93.6,R,R
716355,2023-10-01,2023,5,Top,31,1,0,0,0,NYM,PHI,679032,676130,,,,682626,624413,677595,683146,596019,S,,called_strike,Called Strike,1,1,1,1,-0.042,0.0,R,4-Seam Fastball,93.5,R,R
716355,2023-10-01,2023,4,Bot,30,3,1,1,2,NYM,PHI,668901,656793,,,677595,596117,595909,681082,664761,624641,X,field_out,hit_into_play,Mark Vientos pops out to first baseman Jake Cave in foul territory.,1,1,1,1,-0.286,-0.047,R,Sinker,93.0,R,R
716355,2023-10-01,2023,4,Bot,30,2,0,1,2,NYM,PHI,668901,656793,,,677595,596117,595909,681082,664761,624641,B,,blocked_ball,Ball In Dirt,1,1,1,1,0.028,0.0,R,Changeup,87.5,R,R
716355,2023-10-01,2023,4,Bot,30,1,0,0,2,NYM,PHI,668901,656793,,,677595,596117,595909,681082,664761,624641,S,,foul,Foul,1,1,1,1,-0.036,0.0,R,Changeup,87.8,R,R
716355,2023-10-01,2023,4,Bot,29,1,0,0,1,NYM,PHI,596019,656793,,,677595,596117,595909,681082,664761,624641,X,field_out,hit_into_play,Francisco Lindor flies out to left fielder Brandon Marsh.,1,1,1,1,-0.149,-0.077,R,4-Seam Fastball,94.2,L,R
716355,2023-10-01,2023,4,Bot,28,4,2,1,0,NYM,PHI,624413,656793,,,677595,596117,595909,681082,664761,624641,X,field_out,hit_into_play,"Pete Alonso grounds out, shortstop Edmundo Sosa to first baseman Jake Cave.",1,1,1,1,-0.255,-0.046,R,Sinker,94.3,R,R
716355,2023-10-01,2023,4,Bot,28,3,1,1,0,NYM,PHI,624413,656793,,677595,,596117,595909,681082,664761,624641,B,,ball,Ball,1,1,1,1,0.05,0.036,R,Changeup,86.7,R,R
716355,2023-10-01,2023,4,Bot,28,2,1,0,0,NYM,PHI,624413,656793,677595,,,596117,595909,681082,664761,624641,S,,swinging_strike,Swinging Strike,1,1,1,1,-0.042,0.0,R,Changeup,86.2,R,R
716355,2023-10-01,2023,4,Bot,28,1,0,0,0,NYM,PHI,624413,656793,677595,,,596117,595909,681082,664761,624641,B,,ball,Ball,1,1,1,1,0.03,0.0,R,Sinker,93.9,R,R
716355,2023-10-01,2023,4,Bot,27,1,0,0,0,NYM,PHI,677595,656793,,,,596117,595909,681082,664761,624641,X,single,hit_into_play,Ronny Mauricio singles on a line drive to center fielder Johan Rojas.,1,1,1,1,0.432,0.043,R,4-Seam Fastball,93.4,L,R
716355,2023-10-01,2023,4,Top,26,2,1,0,2,NYM,PHI,595909,676130,,,,682626,624413,677595,683146,596019,X,field_out,hit_into_play,"Jake Cave grounds out, pitcher Jose Butto to first baseman Pete Alonso.",1,1,1,1,-0.317,0.013,R,Sinker,92.7,L,R
716355,2023-10-01,2023,4,Top,26,1,0,0,2,NYM,PHI,595909,676130,,,,682626,624413,677595,683146,596019,B,,ball,Ball,1,1,1,1,0.043,0.0,R,Curveball,80.3,L,R
716355,2023-10-01,2023,4,Top,25,4,1,2,1,NYM,PHI,624641,676130,,,,682626,624413,677595,683146,596019,S,strikeout,swinging_strike,Edmundo Sosa strikes out swinging.,1,1,1,1,-0.189,0.019,R,4-Seam Fastball,95.6,R,R
716355,2023-10-01,2023,4,Top,25,3,1,1,1,NYM,PHI,624641,676130,,,,682626,624413,677595,683146,596019,S,,swinging_strike,Swinging Strike,1,1,1,1,-0.068,0.0,R,4-Seam Fastball,94.1,R,R
716355,2023-10-01,2023,4,Top,25,2,0,1,1,NYM,PHI,624641,676130,,,,682626,624413,677595,683146,596019,B,,ball,Ball,1,1,1,1,0.03,0.0,R,4-Seam Fastball,95.0,R,R
716355,2023-10-01,2023,4,Top,25,1,0,0,1,NYM,PHI,624641,676130,,,,682626,624413,677595,683146,596019,S,,called_strike,Called Strike,1,1,1,1,-0.041,0.0,R,4-Seam Fastball,93.9,R,R
716355,2023-10-01,2023,4,Top,24,1,0,0,0,NYM,PHI,669016,676130,,,,682626,624413,677595,683146,596019,X,field_out,hit_into_play,Brandon Marsh flies out to center fielder Rafael Ortega.,1,1,1,1,-0.265,0.027,R,Curveball,78.1,L,R
716355,2023-10-01,2023,3,Bot,23,5,1,2,2,NYM,PHI,542364,656793,,,,596117,595909,681082,664761,624641,X,field_out,hit_into_play,Rafael Ortega grounds out to first baseman Jake Cave.,1,1,1,1,-0.191,-0.012,R,Changeup,86.0,L,R
716355,2023-10-01,2023,3,Bot,23,4,1,2,2,NYM,PHI,542364,656793,,,,596117,595909,681082,664761,624641,S,,foul,Foul,1,1,1,1,0.0,0.0,R,Slider,84.1,L,R
716355,2023-10-01,2023,3,Bot,23,3,0,2,2,NYM,PHI,542364,656793,,,,596117,595909,681082,664761,624641,B,,ball,Ball,1,1,1,1,0.022,0.0,R,Changeup,87.6,L,R
716355,2023-10-01,2023,3,Bot,23,2,0,1,2,NYM,PHI,542364,656793,,,,596117,595909,681082,664761,624641,S,,called_strike,Called Strike,1,1,1,1,-0.061,0.0,R,4-Seam Fastball,95.7,L,R
716355,2023-10-01,2023,3,Bot,23,1,0,0,2,NYM,PHI,542364,656793,,,,596117,595909,681082,664761,624641,S,,swinging_strike,Swinging Strike,1,1,1,1,-0.045,0.0,R,Changeup,87.1,L,R
716355,2023-10-01,2023,3,Bot,22,3,1,1,2,NYM,PHI,641796,656793,,,,596117,595909,681082,664761,624641,X,home_run,hit_into_play,Tim Locastro homers (2) on a fly ball to left center field.,0,1,0,1,2.61,0.128,R,4-Seam Fastball,94.0,R,R
716355,2023-10-01,2023,3,Bot,22,2,0,1,2,NYM,PHI,641796,656793,,,,596117,595909,681082,664761,624641,B,,ball,Ball,0,1,0,1,0.031,0.0,R,4-Seam Fastball,94.3,R,R
716355,2023-10-01,2023,3,Bot,22,1,0,0,2,NYM,PHI,641796,656793,,,,596117,595909,681082,664761,624641,S,,swinging_strike,Swinging Strike,0,1,0,1,-0.045,0.0,R,4-Seam Fastball,94.1,R,R
716355,2023-10-01,2023,3,Bot,21,5,2,2,1,NYM,PHI,621466,656793,,,,596117,595909,681082,664761,624641,X,field_out,hit_into_play,DJ Stewart lines out to left fielder Brandon Marsh.,0,1,0,1,-0.234,-0.019,R,4-Seam Fastball,94.2,L,R
716355,2023-10-01,2023,3,Bot,21,4,1,2,1,NYM,PHI,621466,656793,,,,596117,595909,681082,664761,624641,B,,ball,Ball,0,1,0,1,0.045,0.0,R,4-Seam Fastball,94.3,L,R
716355,2023-10-01,2023,3,Bot,21,3,0,2,1,NYM,PHI,621466,656793,,,,596117,595909,681082,664761,624641,B,,ball,Ball,0,1,0,1,0.019,0.0,R,Slider,85.6,L,R
716355,2023-10-01,2023,3,Bot,21,2,0,1,1,NYM,PHI,621466,656793,,,,596117,595909,681082,664761,624641,S,,foul_tip,Foul Tip,0,1,0,1,-0.057,0.0,R,4-Seam Fastball,93.3,L,R
716355,2023-10-01,2023,3,Bot,21,1,0,0,1,NYM,PHI,621466,656793,,,,596117,595909,681082,664761,624641,S,,called_strike,Called Strike,0,1,0,1,-0.041,0.0,R,4-Seam Fastball,93.6,L,R
716355,2023-10-01,2023,3,Bot,20,1,0,0,0,NYM,PHI,682626,656793,,,,596117,595909,681082,664761,624641,X,field_out,hit_into_play,"Francisco Alvarez grounds out, pitcher Nick Nelson to first baseman Jake Cave.",0,1,0,1,-0.265,-0.027,R,Sinker,92.9,R,R
716355,2023-10-01,2023,3,Top,19,8,1,2,2,NYM,PHI,664761,676130,681082,,,682626,624413,677595,683146,596019,S,strikeout,swinging_strike,Alec Bohm strikes out swinging.,0,1,1,0,-0.206,0.023,R,4-Seam Fastball,94.5,R,R
716355,2023-10-01,2023,3,Top,19,7,1,2,2,NYM,PHI,664761,676130,681082,,,682626,624413,677595,683146,596019,S,,foul,Foul,0,1,1,0,0.0,0.0,R,Curveball,81.8,R,R
716355,2023-10-01,2023,3,Top,19,6,1,2,2,NYM,PHI,664761,676130,681082,,,682626,624413,677595,683146,596019,S,,foul,Foul,0,1,1,0,0.0,0.0,R,4-Seam Fastball,95.1,R,R
716355,2023-10-01,2023,3,Top,19,5,1,2,2,NYM,PHI,664761,676130,681082,,,682626,624413,677595,683146,596019,S,,foul,Foul,0,1,1,0,0.0,0.0,R,4-Seam Fastball,95.0,R,R
716355,2023-10-01,2023,3,Top,19,4,0,2,2,NYM,PHI,664761,676130,681082,,,682626,624413,677595,683146,596019,B,,ball,Ball,0,1,1,0,0.02,0.0,R,Slider,86.2,R,R
716355,2023-10-01,2023,3,Top,19,3,0,2,2,NYM,PHI,664761,676130,681082,,,682626,624413,677595,683146,596019,S,,foul,Foul,0,1,1,0,0.0,0.0,R,4-Seam Fastball,95.2,R,R
716355,2023-10-01,2023,3,Top,19,2,0,1,2,NYM,PHI,664761,676130,681082,,,682626,624413,677595,683146,596019,S,,swinging_strike,Swinging Strike,0,1,1,0,-0.055,0.0,R,4-Seam Fastball,95.3,R,R
716355,2023-10-01,2023,3,Top,19,1,0,0,2,NYM,PHI,664761,676130,681082,,,682626,624413,677595,683146,596019,S,,called_strike,Called Strike,0,1,1,0,-0.045,0.0,R,4-Seam Fastball,94.1,R,R
716355,2023-10-01,2023,3,Top,18,3,1,1,2,NYM,PHI,681082,676130,,596117,,682626,624413,677595,683146,596019,X,single,hit_into_play,Bryson Stott singles on a line drive to center fielder Rafael Ortega.   Garrett Stubbs scores.,0,0,0,0,0.701,-0.11,R,Changeup,85.5,L,R
716355,2023-10-01,2023,3,Top,18,2,0,1,2,NYM,PHI,681082,676130,,596117,,682626,624413,677595,683146,596019,B,,ball,Ball,0,0,0,0,0.02,0.0,R,4-Seam Fastball,93.7,L,R
716355,2023-10-01,2023,3,Top,18,1,0,0,2,NYM,PHI,681082,676130,596117,,,682626,624413,677595,683146,596019,S,,called_strike,Called Strike,0,0,0,0,-0.045,-0.011,R,4-Seam Fastball,94.9,L,R
716355,2023-10-01,2023,3,Top,17,1,0,0,1,NYM,PHI,592206,676130,596117,,,682626,624413,677595,683146,596019,X,field_out,hit_into_play,Nick Castellanos pops out to first baseman Pete Alonso in foul territory.,0,0,0,0,-0.257,0.031,R,Slider,86.6,R,R
716355,2023-10-01,2023,3,Top,16,5,3,1,0,NYM,PHI,656941,676130,596117,,,682626,624413,677595,683146,596019,X,field_out,hit_into_play,Kyle Schwarber lines out sharply to right fielder DJ Stewart.,0,0,0,0,-0.372,0.037,R,Sinker,92.1,L,R
716355,2023-10-01,2023,3,Top,16,4,3,0,0,NYM,PHI,656941,676130,596117,,,682626,624413,677595,683146,596019,S,,called_strike,Called Strike,0,0,0,0,-0.07,0.0,R,Sinker,92.1,L,R
716355,2023-10-01,2023,3,Top,16,3,2,0,0,NYM,PHI,656941,676130,596117,,,682626,624413,677595,683146,596019,B,,ball,Ball,0,0,0,0,0.116,0.0,R,Sinker,92.1,L,R
716355,2023-10-01,2023,3,Top,16,2,1,0,0,NYM,PHI,656941,676130,596117,,,682626,624413,677595,683146,596019,B,,ball,Ball,0,0,0,0,0.055,0.0,R,4-Seam Fastball,94.1,L,R
716355,2023-10-01,2023,3,Top,16,1,0,0,0,NYM,PHI,656941,676130,596117,,,682626,624413,677595,683146,596019,B,,ball,Ball,0,0,0,0,0.03,0.0,R,Changeup,87.3,L,R
716355,2023-10-01,2023,3,Top,15,6,3,2,0,NYM,PHI,596117,676130,,,,682626,624413,677595,683146,596019,B,walk,ball,Garrett Stubbs walks.,0,0,0,0,0.347,-0.04,R,Sinker,92.5,L,R
716355,2023-10-01,2023,3,Top,15,5,3,1,0,NYM,PHI,596117,676130,,,,682626,624413,677595,683146,596019,S,,swinging_strike,Swinging Strike,0,0,0,0,-0.088,0.0,R,Sinker,93.7,L,R
716355,2023-10-01,2023,3,Top,15,4,3,0,0,NYM,PHI,596117,676130,,,,682626,624413,677595,683146,596019,S,,called_strike,Called Strike,0,0,0,0,-0.086,0.0,R,4-Seam Fastball,93.3,L,R
716355,2023-10-01,2023,3,Top,15,3,2,0,0,NYM,PHI,596117,676130,,,,682626,624413,677595,683146,596019,B,,ball,Ball,0,0,0,0,0.151,0.0,R,4-Seam Fastball,94.5,L,R
716355,2023-10-01,2023,3,Top,15,2,1,0,0,NYM,PHI,596117,676130,,,,682626,624413,677595,683146,596019,B,,ball,Ball,0,0,0,0,0.071,0.0,R,4-Seam Fastball,92.6,L,R
716355,2023-10-01,2023,3,Top,15,1,0,0,0,NYM,PHI,596117,676130,,,,682626,624413,677595,683146,596019,B,,ball,Ball,0,0,0,0,0.04,0.0,R,4-Seam Fastball,92.2,L,R
716355,2023-10-01,2023,2,Bot,14,3,1,1,2,NYM,PHI,683146,656793,,,,596117,595909,681082,664761,624641,X,field_out,hit_into_play,"Brett Baty grounds out, shortstop Edmundo Sosa to first baseman Jake Cave.",0,0,0,0,-0.261,-0.011,R,4-Seam Fastball,93.9,L,R
716355,2023-10-01,2023,2,Bot,14,2,0,1,2,NYM,PHI,683146,656793,,,,596117,595909,681082,664761,624641,B,,ball,Ball,0,0,0,0,0.031,0.0,R,4-Seam Fastball,94.6,L,R
716355,2023-10-01,2023,2,Bot,14,1,0,0,2,NYM,PHI,683146,656793,,,,596117,595909,681082,664761,624641,S,,foul,Foul,0,0,0,0,-0.045,0.0,R,4-Seam Fastball,94.8,L,R
716355,2023-10-01,2023,2,Bot,13,2,0,1,1,NYM,PHI,668901,656793,,,,596117,595909,681082,664761,624641,X,field_out,hit_into_play,Mark Vientos pops out to second baseman Bryson Stott.,0,0,0,0,-0.227,-0.016,R,Sinker,93.4,R,R
716355,2023-10-01,2023,2,Bot,13,1,0,0,1,NYM,PHI,668901,656793,,,,596117,595909,681082,664761,624641,S,,foul,Foul,0,0,0,0,-0.041,0.0,R,Sinker,92.7,R,R
716355,2023-10-01,2023,2,Bot,12,2,0,1,0,NYM,PHI,596019,656793,,,,596117,595909,681082,664761,624641,X,field_out,hit_into_play,"Francisco Lindor grounds out, second baseman Bryson Stott to first baseman Jake Cave.",0,0,0,0,-0.223,-0.023,R,Changeup,87.3,L,R
716355,2023-10-01,2023,2,Bot,12,1,0,0,0,NYM,PHI,596019,656793,,,,596117,595909,681082,664761,624641,S,,called_strike,Called Strike,0,0,0,0,-0.042,0.0,R,4-Seam Fastball,94.2,L,R
716355,2023-10-01,2023,2,Top,11,1,0,0,2,NYM,PHI,679032,676130,,,,682626,624413,677595,683146,596019,X,field_out,hit_into_play,Johan Rojas bunt lines out softly to third baseman Brett Baty.,0,0,0,0,-0.016,0.01,R,4-Seam Fastball,95.0,R,R
716355,2023-10-01,2023,2,Top,10,1,0,0,1,NYM,PHI,595909,676130,,,,682626,624413,677595,683146,596019,X,field_out,hit_into_play,Jake Cave lines out sharply to first baseman Pete Alonso.,0,0,0,0,-0.267,0.017,R,4-Seam Fastball,93.3,L,R
716355,2023-10-01,2023,2,Top,9,8,2,2,0,NYM,PHI,624641,676130,,,,682626,624413,677595,683146,596019,X,field_out,hit_into_play,Edmundo Sosa pops out to shortstop Francisco Lindor.,0,0,0,0,-0.239,0.023,R,Curveball,80.3,R,R
716355,2023-10-01,2023,2,Top,9,7,2,2,0,NYM,PHI,624641,676130,,,,682626,624413,677595,683146,596019,S,,foul,Foul,0,0,0,0,0.0,0.0,R,Changeup,86.3,R,R
716355,2023-10-01,2023,2,Top,9,6,2,2,0,NYM,PHI,624641,676130,,,,682626,624413,677595,683146,596019,S,,foul,Foul,0,0,0,0,0.0,0.0,R,4-Seam Fastball,95.1,R,R
716355,2023-10-01,2023,2,Top,9,5,2,2,0,NYM,PHI,624641,676130,,,,682626,624413,677595,683146,596019,S,,foul,Foul,0,0,0,0,0.0,0.0,R,Slider,86.1,R,R
716355,2023-10-01,2023,2,Top,9,4,1,2,0,NYM,PHI,624641,676130,,,,682626,624413,677595,683146,596019,B,,ball,Ball,0,0,0,0,0.046,0.0,R,Changeup,85.9,R,R
716355,2023-10-01,2023,2,Top,9,3,0,2,0,NYM,PHI,624641,676130,,,,682626,624413,677595,683146,596019,B,,ball,Ball,0,0,0,0,0.024,0.0,R,4-Seam Fastball,93.4,R,R
716355,2023-10-01,2023,2,Top,9,2,0,1,0,NYM,PHI,624641,676130,,,,682626,624413,677595,683146,596019,S,,foul,Foul,0,0,0,0,-0.054,0.0,R,Changeup,84.4,R,R
716355,2023-10-01,2023,2,Top,9,1,0,0,0,NYM,PHI,624641,676130,,,,682626,624413,677595,683146,596019,S,,called_strike,Called Strike,0,0,0,0,-0.042,0.0,R,4-Seam Fastball,93.3,R,R
716355,2023-10-01,2023,1,Bot,8,4,3,0,2,NYM,PHI,624413,621381,,,,596117,595909,681082,664761,624641,X,field_out,hit_into_play,"Pete Alonso grounds out, third baseman Alec Bohm to first baseman Jake Cave.",0,0,0,0,-0.487,-0.01,R,4-Seam Fastball,91.3,R,L
716355,2023-10-01,2023,1,Bot,8,3,2,0,2,NYM,PHI,624413,621381,,,,596117,595909,681082,664761,624641,B,,ball,Ball,0,0,0,0,0.113,0.0,R,4-Seam Fastball,92.8,R,L
716355,2023-10-01,2023,1,Bot,8,2,1,0,2,NYM,PHI,624413,621381,,,,596117,595909,681082,664761,624641,B,,ball,Ball,0,0,0,0,0.056,0.0,R,4-Seam Fastball,93.0,R,L
716355,2023-10-01,2023,1,Bot,8,1,0,0,2,NYM,PHI,624413,621381,,,,596117,595909,681082,664761,624641,B,,ball,Ball,0,0,0,0,0.043,0.0,R,4-Seam Fastball,92.1,R,L
716355,2023-10-01,2023,1,Bot,7,3,0,2,1,NYM,PHI,677595,621381,,,,596117,595909,681082,664761,624641,S,strikeout,swinging_strike,Ronny Mauricio strikes out swinging.,0,0,0,0,-0.17,-0.016,R,4-Seam Fastball,93.2,R,L
716355,2023-10-01,2023,1,Bot,7,2,0,1,1,NYM,PHI,677595,621381,,,,596117,595909,681082,664761,624641,S,,swinging_strike,Swinging Strike,0,0,0,0,-0.057,0.0,R,4-Seam Fastball,92.7,R,L
716355,2023-10-01,2023,1,Bot,7,1,0,0,1,NYM,PHI,677595,621381,,,,596117,595909,681082,664761,624641,S,,swinging_strike,Swinging Strike,0,0,0,0,-0.041,0.0,R,4-Seam Fastball,92.2,R,L
716355,2023-10-01,2023,1,Bot,6,6,3,2,0,NYM,PHI,542364,621381,,,,596117,595909,681082,664761,624641,S,strikeout,swinging_strike,Rafael Ortega strikes out swinging.,0,0,0,0,-0.353,-0.021,R,4-Seam Fastball,92.7,L,L
716355,2023-10-01,2023,1,Bot,6,5,2,2,0,NYM,PHI,542364,621381,,,,596117,595909,681082,664761,624641,B,,ball,Ball,0,0,0,0,0.115,0.0,R,Slider,83.1,L,L
716355,2023-10-01,2023,1,Bot,6,4,1,2,0,NYM,PHI,542364,621381,,,,596117,595909,681082,664761,624641,B,,ball,Ball,0,0,0,0,0.046,0.0,R,Slider,81.9,L,L
716355,2023-10-01,2023,1,Bot,6,3,1,1,0,NYM,PHI,542364,621381,,,,596117,595909,681082,664761,624641,S,,foul,Foul,0,0,0,0,-0.061,0.0,R,Sinker,92.4,L,L
716355,2023-10-01,2023,1,Bot,6,2,1,0,0,NYM,PHI,542364,621381,,,,596117,595909,681082,664761,624641,S,,called_strike,Called Strike,0,0,0,0,-0.052,0.0,R,4-Seam Fastball,92.5,L,L
716355,2023-10-01,2023,1,Bot,6,1,0,0,0,NYM,PHI,542364,621381,,,,596117,595909,681082,664761,624641,B,,ball,Ball,0,0,0,0,0.04,0.0,R,4-Seam Fastball,92.9,L,L
716355,2023-10-01,2023,1,Top,5,5,1,2,2,NYM,PHI,669016,676130,664761,,681082,682626,624413,677595,683146,596019,X,field_out,hit_into_play,"Brandon Marsh grounds out, second baseman Ronny Mauricio to first baseman Pete Alonso.",0,0,0,0,-0.228,0.047,R,Slider,86.5,L,R
716355,2023-10-01,2023,1,Top,5,4,0,2,2,NYM,PHI,669016,676130,664761,,681082,682626,624413,677595,683146,596019,B,,ball,Ball,0,0,0,0,0.02,0.0,R,Sinker,94.3,L,R
716355,2023-10-01,2023,1,Top,5,3,0,2,2,NYM,PHI,669016,676130,664761,,681082,682626,624413,677595,683146,596019,S,,foul,Foul,0,0,0,0,0.0,0.0,R,Slider,87.9,L,R
716355,2023-10-01,2023,1,Top,5,2,0,1,2,NYM,PHI,669016,676130,664761,,681082,682626,624413,677595,683146,596019,S,,foul_tip,Foul Tip,0,0,0,0,-0.054,0.0,R,Sinker,93.1,L,R
716355,2023-10-01,2023,1,Top,5,1,0,0,2,NYM,PHI,669016,676130,664761,,681082,682626,624413,677595,683146,596019,S,,called_strike,Called Strike,0,0,0,0,-0.052,0.0,R,Sinker,93.9,L,R
716355,2023-10-01,2023,1,Top,4,7,3,2,2,NYM,PHI,664761,676130,681082,,,682626,624413,677595,683146,596019,X,single,hit_into_play,Alec Bohm singles on a ground ball to left fielder Tim Locastro.   Bryson Stott to 3rd.,0,0,0,0,0.349,-0.025,R,Changeup,86.4,R,R
716355,2023-10-01,2023,1,Top,4,6,3,2,2,NYM,PHI,664761,676130,681082,,,682626,624413,677595,683146,596019,S,,foul,Foul,0,0,0,0,0.0,0.0,R,4-Seam Fastball,94.5,R,R
716355,2023-10-01,2023,1,Top,4,5,2,2,2,NYM,PHI,664761,676130,681082,,,682626,624413,677595,683146,596019,B,,ball,Ball,0,0,0,0,0.065,0.0,R,4-Seam Fastball,95.3,R,R
716355,2023-10-01,2023,1,Top,4,4,1,2,2,NYM,PHI,664761,676130,681082,,,682626,624413,677595,683146,596019,B,,blocked_ball,Ball In Dirt,0,0,0,0,0.034,0.0,R,Slider,86.8,R,R
716355,2023-10-01,2023,1,Top,4,3,0,2,2,NYM,PHI,664761,676130,681082,,,682626,624413,677595,683146,596019,B,,ball,Ball,0,0,0,0,0.02,0.0,R,4-Seam Fastball,95.5,R,R
716355,2023-10-01,2023,1,Top,4,2,0,1,2,NYM,PHI,664761,676130,681082,,,682626,624413,677595,683146,596019,S,,swinging_strike,Swinging Strike,0,0,0,0,-0.055,0.0,R,4-Seam Fastball,94.8,R,R
716355,2023-10-01,2023,1,Top,4,1,0,0,2,NYM,PHI,664761,676130,681082,,,682626,624413,677595,683146,596019,S,,called_strike,Called Strike,0,0,0,0,-0.045,0.0,R,4-Seam Fastball,95.1,R,R
716355,2023-10-01,2023,1,Top,3,5,2,2,2,NYM,PHI,681082,676130,,,,682626,624413,677595,683146,596019,X,single,hit_into_play,Bryson Stott singles on a ground ball to center fielder Rafael Ortega.,0,0,0,0,0.385,-0.012,R,Changeup,86.3,L,R
716355,2023-10-01,2023,1,Top,3,4,1,2,2,NYM,PHI,681082,676130,,,,682626,624413,677595,683146,596019,B,,ball,Ball,0,0,0,0,0.041,0.0,R,4-Seam Fastball,95.7,L,R
716355,2023-10-01,2023,1,Top,3,3,1,1,2,NYM,PHI,681082,676130,,,,682626,624413,677595,683146,596019,S,,foul,Foul,0,0,0,0,-0.069,0.0,R,Changeup,85.9,L,R
716355,2023-10-01,2023,1,Top,3,2,0,1,2,NYM,PHI,681082,676130,,,,682626,624413,677595,683146,596019,B,,ball,Ball,0,0,0,0,0.031,0.0,R,4-Seam Fastball,94.0,L,R
716355,2023-10-01,2023,1,Top,3,1,0,0,2,NYM,PHI,681082,676130,,,,682626,624413,677595,683146,596019,S,,called_strike,Called Strike,0,0,0,0,-0.045,0.0,R,4-Seam Fastball,94.4,L,R
716355,2023-10-01,2023,1,Top,2,3,1,1,1,NYM,PHI,592206,676130,,,,682626,624413,677595,683146,596019,X,field_out,hit_into_play,Nick Castellanos pops out to first baseman Pete Alonso in foul territory.,0,0,0,0,-0.257,0.015,R,4-Seam Fastball,94.2,R,R
716355,2023-10-01,2023,1,Top,2,2,0,1,1,NYM,PHI,592206,676130,,,,682626,624413,677595,683146,596019,B,,ball,Ball,0,0,0,0,0.03,0.0,R,4-Seam Fastball,94.7,R,R
716355,2023-10-01,2023,1,Top,2,1,0,0,1,NYM,PHI,592206,676130,,,,682626,624413,677595,683146,596019,S,,foul,Foul,0,0,0,0,-0.041,0.0,R,4-Seam Fastball,94.9,R,R
716355,2023-10-01,2023,1,Top,1,2,1,0,0,NYM,PHI,656941,676130,,,,682626,624413,677595,683146,596019,X,field_out,hit_into_play,"Kyle Schwarber grounds out, second baseman Ronny Mauricio to first baseman Pete Alonso.",0,0,0,0,-0.306,0.022,R,4-Seam Fastball,92.9,L,R
716355,2023-10-01,2023,1,Top,1,1,0,0,0,NYM,PHI,656941,676130,,,,682626,624413,677595,683146,596019,B,,ball,Ball,0,0,0,0,0.04,0.0,R,4-Seam Fastball,93.2,L,R
716354,2023-10-01,2023,9,Bot,92,3,1,1,2,ATL,WSH,592696,640448,,671739,,686452,642086,671277,545121,682928,X,field_out,hit_into_play,Eddie Rosario lines out to left fielder Jake Alu.,9,10,9,10,-0.269,-0.142,R,4-Seam Fastball,96.8,L,R
716354,2023-10-01,2023,9,Bot,92,2,0,1,2,ATL,WSH,592696,640448,,671739,,686452,642086,671277,545121,682928,B,,ball,Ball,9,10,9,10,0.02,0.0,R,4-Seam Fastball,98.7,L,R
716354,2023-10-01,2023,9,Bot,92,1,0,0,2,ATL,WSH,592696,640448,,671739,,686452,642086,671277,545121,682928,S,,swinging_strike,Swinging Strike,9,10,9,10,-0.046,0.0,R,4-Seam Fastball,99.1,L,R
716354,2023-10-01,2023,9,Bot,91,3,0,2,1,ATL,WSH,518595,640448,,671739,,686452,642086,671277,545121,682928,S,strikeout,swinging_strike,Travis d'Arnaud strikes out swinging.,9,10,9,10,-0.19,-0.136,R,4-Seam Fastball,99.0,R,R
716354,2023-10-01,2023,9,Bot,91,2,0,1,1,ATL,WSH,518595,640448,,671739,,686452,642086,671277,545121,682928,S,,called_strike,Called Strike,9,10,9,10,-0.069,0.0,R,4-Seam Fastball,97.5,R,R
716354,2023-10-01,2023,9,Bot,91,1,0,0,1,ATL,WSH,518595,640448,,671739,,686452,642086,671277,545121,682928,S,,foul,Foul,9,10,9,10,-0.038,0.0,R,4-Seam Fastball,97.5,R,R
716354,2023-10-01,2023,9,Bot,90,3,1,1,1,ATL,WSH,671739,640448,,,,686452,642086,671277,545121,682928,X,double,hit_into_play,Michael Harris II doubles (33) on a sharp line drive to right fielder Lane Thomas.,9,10,9,10,0.673,0.17,R,4-Seam Fastball,96.6,L,R
716354,2023-10-01,2023,9,Bot,90,2,0,1,1,ATL,WSH,671739,640448,,,,686452,642086,671277,545121,682928,B,,ball,Ball,9,10,9,10,0.03,0.0,R,Split-Finger,89.6,L,R
716354,2023-10-01,2023,9,Bot,90,1,0,0,1,ATL,WSH,671739,640448,,,,686452,642086,671277,545121,682928,S,,swinging_strike,Swinging Strike,9,10,9,10,-0.041,0.0,R,Split-Finger,89.2,L,R
716354,2023-10-01,2023,9,Bot,89,5,2,2,1,ATL,WSH,542303,640448,,,,686452,642086,671277,545121,682928,X,home_run,hit_into_play,Marcell Ozuna homers (40) on a fly ball to right center field.,8,10,8,10,1.616,0.065,R,4-Seam Fastball,98.5,R,R
716354,2023-10-01,2023,9,Bot,89,4,1,2,1,ATL,WSH,542303,640448,,,,686452,642086,671277,545121,682928,B,,ball,Ball,8,10,8,10,0.045,0.0,R,Slider,89.3,R,R
716354,2023-10-01,2023,9,Bot,89,3,1,1,1,ATL,WSH,542303,640448,,,,686452,642086,671277,545121,682928,S,,foul,Foul,8,10,8,10,-0.068,0.0,R,4-Seam Fastball,97.0,R,R
716354,2023-10-01,2023,9,Bot,89,2,0,1,1,ATL,WSH,542303,640448,,,,686452,642086,671277,545121,682928,B,,ball,Ball,8,10,8,10,0.03,0.0,R,Split-Finger,89.2,R,R
716354,2023-10-01,2023,9,Bot,89,1,0,0,1,ATL,WSH,542303,640448,,,,686452,642086,671277,545121,682928,S,,swinging_strike,Swinging Strike,8,10,8,10,-0.041,0.0,R,Slider,88.1,R,R
716354,2023-10-01,2023,9,Bot,88,5,1,2,0,ATL,WSH,670032,640448,,,,686452,642086,671277,545121,682928,X,field_out,hit_into_play,Nicky Lopez flies out to left fielder Jake Alu.,8,10,8,10,-0.193,-0.044,R,Split-Finger,90.1,L,R
716354,2023-10-01,2023,9,Bot,88,4,1,2,0,ATL,WSH,670032,640448,,,,686452,642086,671277,545121,682928,S,,foul,Foul,8,10,8,10,0.0,0.0,R,4-Seam Fastball,98.4,L,R
716354,2023-10-01,2023,9,Bot,88,3,1,1,0,ATL,WSH,670032,640448,,,,686452,642086,671277,545121,682928,S,,foul,Foul,8,10,8,10,-0.061,0.0,R,4-Seam Fastball,97.0,L,R
716354,2023-10-01,2023,9,Bot,88,2,0,1,0,ATL,WSH,670032,640448,,,,686452,642086,671277,545121,682928,B,,ball,Ball,8,10,8,10,0.031,0.0,R,4-Seam Fastball,97.2,L,R
716354,2023-10-01,2023,9,Bot,88,1,0,0,0,ATL,WSH,670032,640448,,,,686452,642086,671277,545121,682928,S,,swinging_strike,Swinging Strike,8,10,8,10,-0.042,0.0,R,4-Seam Fastball,96.5,L,R
716354,2023-10-01,2023,9,Top,87,7,3,2,2,ATL,WSH,657041,543859,,696285,686452,518595,670032,645277,663586,606115,X,field_out,hit_into_play,"Lane Thomas grounds out sharply, third baseman Austin Riley to first baseman Nicky Lopez.",8,10,10,8,-0.261,0.018,R,Slider,82.0,R,R
716354,2023-10-01,2023,9,Top,87,6,2,2,2,ATL,WSH,657041,543859,,696285,686452,518595,670032,645277,663586,606115,B,,ball,Ball,8,10,10,8,0.055,0.0,R,4-Seam Fastball,94.6,R,R
716354,2023-10-01,2023,9,Top,87,5,2,2,2,ATL,WSH,657041,543859,,696285,686452,518595,670032,645277,663586,606115,S,,foul,Foul,8,10,10,8,0.0,0.0,R,4-Seam Fastball,94.1,R,R
716354,2023-10-01,2023,9,Top,87,4,1,2,2,ATL,WSH,657041,543859,,696285,686452,518595,670032,645277,663586,606115,B,,ball,Ball,8,10,10,8,0.018,0.0,R,Slider,84.0,R,R
716354,2023-10-01,2023,9,Top,87,3,1,1,2,ATL,WSH,657041,543859,,696285,686452,518595,670032,645277,663586,606115,S,,called_strike,Called Strike,8,10,10,8,-0.066,0.0,R,Slider,83.9,R,R
716354,2023-10-01,2023,9,Top,87,2,0,1,2,ATL,WSH,657041,543859,,696285,686452,518595,670032,645277,663586,606115,B,,ball,Ball,8,10,10,8,0.001,0.0,R,4-Seam Fastball,94.1,R,R
716354,2023-10-01,2023,9,Top,87,1,0,0,2,ATL,WSH,657041,543859,,696285,686452,518595,670032,645277,663586,606115,S,,foul,Foul,8,10,10,8,-0.037,0.0,R,Slider,83.0,R,R
716354,2023-10-01,2023,9,Top,86,3,1,1,1,ATL,WSH,682928,543859,,696285,686452,518595,670032,645277,663586,606115,X,field_out,hit_into_play,CJ Abrams flies out to left fielder Eddie Rosario in foul territory.,8,10,10,8,-0.178,0.026,R,4-Seam Fastball,93.7,L,R
716354,2023-10-01,2023,9,Top,86,2,0,1,1,ATL,WSH,682928,543859,,696285,686452,518595,670032,645277,663586,606115,B,,ball,Ball,8,10,10,8,0.02,0.0,R,4-Seam Fastball,95.7,L,R
716354,2023-10-01,2023,9,Top,86,1,0,0,1,ATL,WSH,682928,543859,696285,,686452,518595,670032,645277,663586,606115,S,,called_strike,Called Strike,8,10,10,8,-0.044,-0.006,R,4-Seam Fastball,95.4,L,R
716354,2023-10-01,2023,9,Top,85,5,2,2,1,ATL,WSH,696285,543859,686452,642086,671277,518595,670032,645277,663586,606115,X,single,hit_into_play,Jacob Young singles on a sharp line drive to left fielder Eddie Rosario.   Luis Garcia scores.    Dominic Smith scores.    Drew Millas to 3rd.,8,8,8,8,0.504,-0.237,R,4-Seam Fastball,95.1,R,R
716354,2023-10-01,2023,9,Top,85,4,2,1,1,ATL,WSH,696285,543859,686452,642086,671277,518595,670032,645277,663586,606115,S,,foul_tip,Foul Tip,8,8,8,8,-0.055,0.0,R,4-Seam Fastball,94.2,R,R
716354,2023-10-01,2023,9,Top,85,3,2,0,1,ATL,WSH,696285,543859,686452,642086,671277,518595,670032,645277,663586,606115,S,,foul,Foul,8,8,8,8,-0.101,0.0,R,4-Seam Fastball,94.1,R,R
716354,2023-10-01,2023,9,Top,85,2,1,0,1,ATL,WSH,696285,543859,686452,642086,671277,518595,670032,645277,663586,606115,B,,ball,Ball,8,8,8,8,0.068,0.0,R,4-Seam Fastball,95.2,R,R
716354,2023-10-01,2023,9,Top,85,1,0,0,1,ATL,WSH,696285,543859,686452,642086,671277,518595,670032,645277,663586,606115,B,,ball,Ball,8,8,8,8,0.032,0.0,R,Slider,82.8,R,R
716354,2023-10-01,2023,9,Top,84,8,3,2,1,ATL,WSH,686452,543859,642086,671277,656308,518595,670032,645277,663586,606115,B,walk,ball,Drew Millas walks.   Michael Chavis scores.    Luis Garcia to 3rd.    Dominic Smith to 2nd.,8,7,7,8,0.331,-0.262,R,4-Seam Fastball,94.4,L,R
716354,2023-10-01,2023,9,Top,84,7,3,2,1,ATL,WSH,686452,543859,642086,671277,656308,518595,670032,645277,663586,606115,S,,foul,Foul,8,7,7,8,0.0,0.0,R,4-Seam Fastball,92.3,L,R
716354,2023-10-01,2023,9,Top,84,6,2,2,1,ATL,WSH,686452,543859,642086,671277,656308,518595,670032,645277,663586,606115,B,,ball,Ball,8,7,7,8,0.085,0.0,R,4-Seam Fastball,95.2,L,R
716354,2023-10-01,2023,9,Top,84,5,2,2,1,ATL,WSH,686452,543859,642086,671277,656308,518595,670032,645277,663586,606115,S,,foul,Foul,8,7,7,8,0.0,0.0,R,4-Seam Fastball,93.7,L,R
716354,2023-10-01,2023,9,Top,84,4,1,2,1,ATL,WSH,686452,543859,642086,671277,656308,518595,670032,645277,663586,606115,B,,ball,Ball,8,7,7,8,0.038,0.0,R,4-Seam Fastball,95.3,L,R
716354,2023-10-01,2023,9,Top,84,3,1,1,1,ATL,WSH,686452,543859,642086,671277,656308,518595,670032,645277,663586,606115,S,,foul,Foul,8,7,7,8,-0.071,0.0,R,4-Seam Fastball,94.7,L,R
716354,2023-10-01,2023,9,Top,84,2,1,0,1,ATL,WSH,686452,543859,642086,671277,656308,518595,670032,645277,663586,606115,S,,called_strike,Called Strike,8,7,7,8,-0.056,0.0,R,4-Seam Fastball,93.0,L,R
716354,2023-10-01,2023,9,Top,84,1,0,0,1,ATL,WSH,686452,543859,642086,671277,656308,518595,670032,645277,663586,606115,B,,ball,Ball,8,7,7,8,0.032,0.0,R,4-Seam Fastball,95.1,L,R
716354,2023-10-01,2023,9,Top,82,1,0,0,0,ATL,WSH,545121,543859,671277,656308,,518595,670032,645277,663586,606115,X,sac_bunt,hit_into_play,"Ildemaro Vargas out on a sacrifice bunt, third baseman Austin Riley to second baseman Ozzie Albies.   Michael Chavis to 3rd.    Luis Garcia to 2nd.",8,7,7,8,-0.004,-0.018,R,4-Seam Fastball,94.6,L,R
716354,2023-10-01,2023,9,Top,81,6,3,2,0,ATL,WSH,671277,543859,656308,,,518595,670032,645277,663586,606115,B,walk,ball,Luis Garcia walks.   Michael Chavis to 2nd.,8,7,7,8,0.311,-0.154,R,4-Seam Fastball,93.1,L,R
716354,2023-10-01,2023,9,Top,81,5,3,1,0,ATL,WSH,671277,543859,656308,,,518595,670032,645277,663586,606115,S,,swinging_strike,Swinging Strike,8,7,7,8,-0.068,0.0,R,4-Seam Fastball,93.7,L,R
716354,2023-10-01,2023,9,Top,81,4,3,0,0,ATL,WSH,671277,543859,656308,,,518595,670032,645277,663586,606115,S,,called_strike,Called Strike,8,7,7,8,-0.07,0.0,R,4-Seam Fastball,93.7,L,R
716354,2023-10-01,2023,9,Top,81,3,2,0,0,ATL,WSH,671277,543859,656308,,,518595,670032,645277,663586,606115,B,,ball,Ball,8,7,7,8,0.116,0.0,R,4-Seam Fastball,93.7,L,R
716354,2023-10-01,2023,9,Top,81,2,1,0,0,ATL,WSH,671277,543859,656308,,,518595,670032,645277,663586,606115,B,,ball,Ball,8,7,7,8,0.055,0.0,R,Slider,82.8,L,R
716354,2023-10-01,2023,9,Top,81,1,0,0,0,ATL,WSH,671277,543859,656308,,,518595,670032,645277,663586,606115,B,,ball,Ball,8,7,7,8,0.03,0.0,R,4-Seam Fastball,95.1,L,R
716354,2023-10-01,2023,9,Top,80,3,1,1,0,ATL,WSH,660688,543859,,,,518595,670032,645277,663586,606115,X,single,hit_into_play,Keibert Ruiz singles on a line drive to center fielder Michael Harris II.,8,7,7,8,0.443,-0.115,R,4-Seam Fastball,93.7,L,R
716354,2023-10-01,2023,9,Top,80,2,1,0,0,ATL,WSH,660688,543859,,,,518595,670032,645277,663586,606115,S,,called_strike,Called Strike,8,7,7,8,-0.052,0.0,R,Slider,83.1,L,R
716354,2023-10-01,2023,9,Top,80,1,0,0,0,ATL,WSH,660688,543859,,,,518595,670032,645277,663586,606115,B,,ball,Ball,8,7,7,8,0.04,0.0,R,Sweeper,79.9,L,R
716354,2023-10-01,2023,8,Bot,79,3,0,2,2,ATL,WSH,663586,640451,606115,,,686452,608841,671277,545121,682928,S,strikeout,swinging_strike,Austin Riley strikes out swinging.,8,7,8,7,-0.186,-0.014,R,4-Seam Fastball,99.0,R,R
716354,2023-10-01,2023,8,Bot,79,2,0,1,2,ATL,WSH,663586,640451,606115,,,686452,608841,671277,545121,682928,S,,called_strike,Called Strike,8,7,8,7,-0.055,0.0,R,4-Seam Fastball,98.5,R,R
716354,2023-10-01,2023,8,Bot,79,1,0,0,2,ATL,WSH,663586,640451,606115,,,686452,608841,671277,545121,682928,S,,called_strike,Called Strike,8,7,8,7,-0.045,0.0,R,4-Seam Fastball,98.3,R,R
716354,2023-10-01,2023,8,Bot,78,2,1,0,1,ATL,WSH,645277,640451,606115,,,686452,608841,671277,545121,682928,X,field_out,hit_into_play,Ozzie Albies flies out to left fielder Alex Call.,8,7,8,7,-0.293,-0.016,R,4-Seam Fastball,98.6,L,R
716354,2023-10-01,2023,8,Bot,78,1,0,0,1,ATL,WSH,645277,640451,606115,,,686452,608841,671277,545121,682928,B,,ball,Ball,8,7,8,7,0.036,0.0,R,4-Seam Fastball,98.2,L,R
716354,2023-10-01,2023,8,Bot,77,3,0,2,0,ATL,WSH,607680,640451,606115,,,686452,608841,671277,545121,682928,X,field_out,hit_into_play,Kevin Pillar flies out to center fielder Jacob Young.,8,7,8,7,-0.162,-0.018,R,Slider,85.8,R,R
716354,2023-10-01,2023,8,Bot,77,2,0,1,0,ATL,WSH,607680,640451,606115,,,686452,608841,671277,545121,682928,S,,foul_tip,Foul Tip,8,7,8,7,-0.043,0.0,R,4-Seam Fastball,97.7,R,R
716354,2023-10-01,2023,8,Bot,77,1,0,0,0,ATL,WSH,607680,640451,606115,,,686452,608841,671277,545121,682928,S,,called_strike,Called Strike,8,7,8,7,-0.036,0.0,R,4-Seam Fastball,96.9,R,R
716354,2023-10-01,2023,8,Bot,76,1,0,0,0,ATL,WSH,606115,640451,,592696,,686452,608841,671277,545121,682928,X,single,hit_into_play,Orlando Arcia singles on a ground ball to center fielder Jacob Young.   Eddie Rosario scores.,7,7,7,7,0.504,0.151,R,Slider,83.6,R,R
716354,2023-10-01,2023,8,Bot,75,4,2,1,0,ATL,WSH,592696,640451,,,,686452,608841,671277,545121,682928,X,double,hit_into_play,Eddie Rosario doubles (24) on a fly ball to right fielder Lane Thomas.,7,7,7,7,0.658,0.134,R,Split-Finger,88.6,L,R
716354,2023-10-01,2023,8,Bot,75,3,2,0,0,ATL,WSH,592696,640451,,,,686452,608841,671277,545121,682928,S,,foul,Foul,7,7,7,7,-0.065,0.0,R,4-Seam Fastball,96.8,L,R
716354,2023-10-01,2023,8,Bot,75,2,1,0,0,ATL,WSH,592696,640451,,,,686452,608841,671277,545121,682928,B,,ball,Ball,7,7,7,7,0.071,0.0,R,4-Seam Fastball,96.9,L,R
716354,2023-10-01,2023,8,Bot,75,1,0,0,0,ATL,WSH,592696,640451,,,,686452,608841,671277,545121,682928,B,,ball,Ball,7,7,7,7,0.04,0.0,R,4-Seam Fastball,96.4,L,R
716354,2023-10-01,2023,8,Top,74,2,0,1,2,ATL,WSH,608841,641729,657041,,682928,518595,670032,645277,663586,606115,X,field_out,hit_into_play,Joey Meneses lines out sharply to center fielder Michael Harris II.,7,7,7,7,-0.256,0.106,R,4-Seam Fastball,96.5,R,R
716354,2023-10-01,2023,8,Top,74,1,0,0,2,ATL,WSH,608841,641729,657041,,682928,518595,670032,645277,663586,606115,S,,foul,Foul,7,7,7,7,-0.052,0.0,R,4-Seam Fastball,96.5,R,R
716354,2023-10-01,2023,8,Top,73,3,1,1,2,ATL,WSH,657041,641729,,682928,,518595,670032,645277,663586,606115,X,single,hit_into_play,Lane Thomas singles on a soft ground ball to third baseman Austin Riley.   CJ Abrams to 3rd.,7,7,7,7,0.701,-0.027,R,Slider,86.6,R,R
716354,2023-10-01,2023,8,Top,73,2,0,1,2,ATL,WSH,657041,641729,,682928,,518595,670032,645277,663586,606115,B,,ball,Ball,7,7,7,7,0.02,0.0,R,Slider,86.4,R,R
716354,2023-10-01,2023,8,Top,73,1,0,0,2,ATL,WSH,657041,641729,682928,,,518595,670032,645277,663586,606115,S,,called_strike,Called Strike,7,7,7,7,-0.045,-0.028,R,4-Seam Fastball,96.0,R,R
716354,2023-10-01,2023,8,Top,72,5,1,2,2,ATL,WSH,682928,641729,,,669743,518595,670032,645277,663586,606115,X,single,hit_into_play,"CJ Abrams singles on a sharp line drive to shortstop Orlando Arcia, deflected by pitcher Joe Jimenez.   Alex Call scores.",7,6,6,7,0.796,-0.225,R,Slider,85.6,L,R
716354,2023-10-01,2023,8,Top,72,4,1,2,2,ATL,WSH,682928,641729,,,669743,518595,670032,645277,663586,606115,S,,foul,Foul,7,6,6,7,0.0,0.0,R,4-Seam Fastball,95.5,L,R
716354,2023-10-01,2023,8,Top,72,3,0,2,2,ATL,WSH,682928,641729,,,669743,518595,670032,645277,663586,606115,B,,ball,Ball,7,6,6,7,0.018,0.0,R,4-Seam Fastball,96.2,L,R
716354,2023-10-01,2023,8,Top,72,2,0,1,2,ATL,WSH,682928,641729,,,669743,518595,670032,645277,663586,606115,S,,foul,Foul,7,6,6,7,-0.051,0.0,R,4-Seam Fastball,96.5,L,R
716354,2023-10-01,2023,8,Top,72,1,0,0,2,ATL,WSH,682928,641729,,,669743,518595,670032,645277,663586,606115,S,,called_strike,Called Strike,7,6,6,7,-0.036,0.0,R,4-Seam Fastball,97.0,L,R
716354,2023-10-01,2023,8,Top,71,4,1,2,1,ATL,WSH,696285,641729,,669743,545121,518595,670032,645277,663586,606115,X,field_out,hit_into_play,"Jacob Young grounds out, second baseman Ozzie Albies to first baseman Nicky Lopez.   Ildemaro Vargas scores.    Alex Call to 3rd.",7,5,5,7,-0.113,0.057,R,Slider,87.4,R,R
716354,2023-10-01,2023,8,Top,71,3,1,1,1,ATL,WSH,696285,641729,,669743,545121,518595,670032,645277,663586,606115,S,,foul,Foul,7,5,5,7,-0.08,0.0,R,4-Seam Fastball,95.8,R,R
716354,2023-10-01,2023,8,Top,71,2,0,1,1,ATL,WSH,696285,641729,,669743,545121,518595,670032,645277,663586,606115,B,,ball,Ball,7,5,5,7,0.02,0.0,R,Slider,85.1,R,R
716354,2023-10-01,2023,8,Top,71,1,0,0,1,ATL,WSH,696285,641729,,669743,545121,518595,670032,645277,663586,606115,S,,foul,Foul,7,5,5,7,-0.038,0.0,R,Slider,86.3,R,R
716354,2023-10-01,2023,8,Top,70,4,2,1,0,ATL,WSH,686452,543272,669743,545121,,518595,670032,645277,663586,606115,X,sac_bunt,hit_into_play,"Drew Millas out on a sacrifice bunt, third baseman Austin Riley to second baseman Ozzie Albies.   Ildemaro Vargas to 3rd.    Alex Call to 2nd.",7,5,5,7,-0.043,0.02,R,4-Seam Fastball,92.2,R,L
716354,2023-10-01,2023,8,Top,70,3,2,0,0,ATL,WSH,686452,543272,669743,545121,,518595,670032,645277,663586,606115,S,,called_strike,Called Strike,7,5,5,7,-0.08,0.0,R,4-Seam Fastball,91.4,R,L
716354,2023-10-01,2023,8,Top,70,2,1,0,0,ATL,WSH,686452,543272,669743,545121,,518595,670032,645277,663586,606115,B,,ball,Ball,7,5,5,7,0.078,0.0,R,Sweeper,79.5,R,L
716354,2023-10-01,2023,8,Top,70,1,0,0,0,ATL,WSH,686452,543272,669743,545121,,518595,670032,645277,663586,606115,B,,ball,Ball,7,5,5,7,0.042,0.0,R,Sweeper,80.5,R,L
716354,2023-10-01,2023,8,Top,69,5,3,1,0,ATL,WSH,669743,543272,545121,,,518595,670032,645277,663586,606115,B,walk,ball,Alex Call walks.   Ildemaro Vargas to 2nd.,7,5,5,7,0.242,-0.102,R,4-Seam Fastball,90.8,R,L
716354,2023-10-01,2023,8,Top,69,4,3,0,0,ATL,WSH,669743,543272,545121,,,518595,670032,645277,663586,606115,S,,called_strike,Called Strike,7,5,5,7,-0.07,0.0,R,4-Seam Fastball,91.7,R,L
716354,2023-10-01,2023,8,Top,69,3,2,0,0,ATL,WSH,669743,543272,545121,,,518595,670032,645277,663586,606115,B,,ball,Ball,7,5,5,7,0.116,0.0,R,4-Seam Fastball,92.5,R,L
716354,2023-10-01,2023,8,Top,69,2,1,0,0,ATL,WSH,669743,543272,545121,,,518595,670032,645277,663586,606115,B,,ball,Ball,7,5,5,7,0.055,0.0,R,4-Seam Fastball,90.8,R,L
716354,2023-10-01,2023,8,Top,69,1,0,0,0,ATL,WSH,669743,543272,545121,,,518595,670032,645277,663586,606115,B,,ball,Ball,7,5,5,7,0.03,0.0,R,4-Seam Fastball,91.6,R,L
716354,2023-10-01,2023,8,Top,68,8,3,2,0,ATL,WSH,545121,543272,,,,518595,670032,645277,663586,606115,X,single,hit_into_play,Ildemaro Vargas singles on a fly ball to right fielder Kevin Pillar.,7,5,5,7,0.344,-0.066,R,4-Seam Fastball,91.2,R,L
716354,2023-10-01,2023,8,Top,68,7,3,2,0,ATL,WSH,545121,543272,,,,518595,670032,645277,663586,606115,S,,foul,Foul,7,5,5,7,0.0,0.0,R,4-Seam Fastball,91.4,R,L
716354,2023-10-01,2023,8,Top,68,6,3,2,0,ATL,WSH,545121,543272,,,,518595,670032,645277,663586,606115,S,,foul,Foul,7,5,5,7,0.0,0.0,R,4-Seam Fastball,90.2,R,L
716354,2023-10-01,2023,8,Top,68,5,2,2,0,ATL,WSH,545121,543272,,,,518595,670032,645277,663586,606115,B,,ball,Ball,7,5,5,7,0.115,0.0,R,4-Seam Fastball,91.8,R,L
716354,2023-10-01,2023,8,Top,68,4,1,2,0,ATL,WSH,545121,543272,,,,518595,670032,645277,663586,606115,B,,ball,Ball,7,5,5,7,0.046,0.0,R,Sweeper,79.3,R,L
716354,2023-10-01,2023,8,Top,68,3,0,2,0,ATL,WSH,545121,543272,,,,518595,670032,645277,663586,606115,B,,ball,Ball,7,5,5,7,0.024,0.0,R,Sweeper,79.3,R,L
716354,2023-10-01,2023,8,Top,68,2,0,1,0,ATL,WSH,545121,543272,,,,518595,670032,645277,663586,606115,S,,swinging_strike,Swinging Strike,7,5,5,7,-0.054,0.0,R,Sweeper,80.2,R,L
716354,2023-10-01,2023,8,Top,68,1,0,0,0,ATL,WSH,545121,543272,,,,518595,670032,645277,663586,606115,S,,called_strike,Called Strike,7,5,5,7,-0.042,0.0,R,Sweeper,80.3,R,L
716354,2023-10-01,2023,7,Bot,67,3,2,0,2,ATL,WSH,518595,678606,671739,542303,,686452,608841,671277,545121,682928,X,field_out,hit_into_play,Travis d'Arnaud pops out to second baseman Luis Garcia.,7,5,7,5,-0.347,-0.02,R,Sinker,95.7,R,L
716354,2023-10-01,2023,7,Bot,67,2,1,0,2,ATL,WSH,518595,678606,671739,542303,,686452,608841,671277,545121,682928,B,,ball,Ball,7,5,7,5,0.021,0.0,R,Changeup,85.2,R,L
716354,2023-10-01,2023,7,Bot,67,1,0,0,2,ATL,WSH,518595,678606,671739,542303,,686452,608841,671277,545121,682928,B,,ball,Ball,7,5,7,5,0.03,0.0,R,Sinker,94.6,R,L
716354,2023-10-01,2023,7,Bot,66,6,2,2,2,ATL,WSH,671739,678606,542303,670032,645277,686452,608841,671277,545121,682928,X,single,hit_into_play,Michael Harris II singles on a sharp ground ball to second baseman Luis Garcia.   Ozzie Albies scores.    Nicky Lopez scores.    Marcell Ozuna to 2nd.,5,5,5,5,0.563,0.274,R,Sinker,97.1,L,L
716354,2023-10-01,2023,7,Bot,66,5,2,2,2,ATL,WSH,671739,678606,542303,670032,645277,686452,608841,671277,545121,682928,S,,foul,Foul,5,5,5,5,0.0,0.0,R,Sinker,96.5,L,L
716354,2023-10-01,2023,7,Bot,66,4,2,1,2,ATL,WSH,671739,678606,542303,670032,645277,686452,608841,671277,545121,682928,S,,called_strike,Called Strike,5,5,5,5,-0.076,0.0,R,Sinker,96.4,L,L
716354,2023-10-01,2023,7,Bot,66,3,2,0,2,ATL,WSH,671739,678606,542303,670032,645277,686452,608841,671277,545121,682928,S,,called_strike,Called Strike,5,5,5,5,-0.059,0.0,R,Sinker,95.7,L,L
716354,2023-10-01,2023,7,Bot,66,2,1,0,2,ATL,WSH,671739,678606,542303,670032,645277,686452,608841,671277,545121,682928,B,,ball,Ball,5,5,5,5,0.058,0.0,R,Sinker,94.6,L,L
716354,2023-10-01,2023,7,Bot,66,1,0,0,2,ATL,WSH,671739,678606,542303,670032,645277,686452,608841,671277,545121,682928,B,,ball,Ball,5,5,5,5,0.035,0.0,R,Sinker,94.8,L,L
716354,2023-10-01,2023,7,Bot,65,7,3,2,2,ATL,WSH,542303,676265,670032,645277,,686452,608841,671277,545121,682928,B,walk,ball,Marcell Ozuna walks.   Ozzie Albies to 3rd.    Nicky Lopez to 2nd.,5,5,5,5,0.188,0.041,R,4-Seam Fastball,92.7,R,R
716354,2023-10-01,2023,7,Bot,65,6,3,2,2,ATL,WSH,542303,676265,670032,645277,,686452,608841,671277,545121,682928,S,,foul,Foul,5,5,5,5,0.0,0.0,R,Knuckle Curve,85.1,R,R
716354,2023-10-01,2023,7,Bot,65,5,2,2,2,ATL,WSH,542303,676265,670032,645277,,686452,608841,671277,545121,682928,B,,ball,Ball,5,5,5,5,0.064,0.0,R,Knuckle Curve,86.2,R,R
716354,2023-10-01,2023,7,Bot,65,4,1,2,2,ATL,WSH,542303,676265,670032,645277,,686452,608841,671277,545121,682928,B,,ball,Ball,5,5,5,5,0.033,0.0,R,Knuckle Curve,85.1,R,R
716354,2023-10-01,2023,7,Bot,65,3,1,1,2,ATL,WSH,542303,676265,670032,645277,,686452,608841,671277,545121,682928,S,,called_strike,Called Strike,5,5,5,5,-0.069,0.0,R,Knuckle Curve,84.7,R,R
716354,2023-10-01,2023,7,Bot,65,2,0,1,2,ATL,WSH,542303,676265,670032,645277,,686452,608841,671277,545121,682928,B,,ball,Ball,5,5,5,5,0.025,0.0,R,4-Seam Fastball,93.4,R,R
716354,2023-10-01,2023,7,Bot,65,1,0,0,2,ATL,WSH,542303,676265,670032,645277,,686452,608841,671277,545121,682928,S,,foul_tip,Foul Tip,5,5,5,5,-0.04,0.0,R,Knuckle Curve,84.3,R,R
716354,2023-10-01,2023,7,Bot,64,6,3,2,2,ATL,WSH,670032,676265,645277,,,686452,608841,671277,545121,682928,B,walk,ball,Nicky Lopez walks.   Ozzie Albies to 2nd.,5,5,5,5,0.258,0.034,R,Knuckle Curve,84.1,L,R
716354,2023-10-01,2023,7,Bot,64,5,2,2,2,ATL,WSH,670032,676265,645277,,,686452,608841,671277,545121,682928,B,,ball,Ball,5,5,5,5,0.065,0.0,R,Knuckle Curve,84.9,L,R
716354,2023-10-01,2023,7,Bot,64,4,2,1,2,ATL,WSH,670032,676265,645277,,,686452,608841,671277,545121,682928,S,,swinging_strike_blocked,Swinging Strike (Blocked),5,5,5,5,-0.063,0.0,R,Knuckle Curve,85.9,L,R
716354,2023-10-01,2023,7,Bot,64,3,1,1,2,ATL,WSH,670032,676265,645277,,,686452,608841,671277,545121,682928,B,,ball,Ball,5,5,5,5,0.036,0.0,R,4-Seam Fastball,92.9,L,R
716354,2023-10-01,2023,7,Bot,64,2,0,1,2,ATL,WSH,670032,676265,645277,,,686452,608841,671277,545121,682928,B,,ball,Ball,5,5,5,5,0.025,0.0,R,4-Seam Fastball,92.7,L,R
716354,2023-10-01,2023,7,Bot,64,1,0,0,2,ATL,WSH,670032,676265,645277,,,686452,608841,671277,545121,682928,S,,called_strike,Called Strike,5,5,5,5,-0.045,0.0,R,Knuckle Curve,85.4,L,R
716354,2023-10-01,2023,7,Bot,63,5,2,2,1,ATL,WSH,663586,676265,645277,,,686452,608841,671277,545121,682928,S,strikeout,swinging_strike,Austin Riley strikes out swinging.,5,5,5,5,-0.23,-0.048,R,Knuckle Curve,85.9,R,R
716354,2023-10-01,2023,7,Bot,63,4,1,2,1,ATL,WSH,663586,676265,645277,,,686452,608841,671277,545121,682928,B,,blocked_ball,Ball In Dirt,5,5,5,5,0.047,0.0,R,Knuckle Curve,86.7,R,R
716354,2023-10-01,2023,7,Bot,63,3,0,2,1,ATL,WSH,663586,676265,645277,,,686452,608841,671277,545121,682928,B,,ball,Ball,5,5,5,5,0.023,0.0,R,4-Seam Fastball,93.9,R,R
716354,2023-10-01,2023,7,Bot,63,2,0,1,1,ATL,WSH,663586,676265,645277,,,686452,608841,671277,545121,682928,S,,swinging_strike,Swinging Strike,5,5,5,5,-0.053,0.0,R,Knuckle Curve,85.6,R,R
716354,2023-10-01,2023,7,Bot,63,1,0,0,1,ATL,WSH,663586,676265,645277,,,686452,608841,671277,545121,682928,S,,called_strike,Called Strike,5,5,5,5,-0.042,0.0,R,4-Seam Fastball,93.8,R,R
716354,2023-10-01,2023,7,Bot,62,3,1,1,1,ATL,WSH,645277,676265,,,,686452,608841,671277,545121,682928,X,single,hit_into_play,Ozzie Albies singles on a sharp line drive to right fielder Lane Thomas.,5,5,5,5,0.427,0.041,R,4-Seam Fastball,94.0,L,R
716354,2023-10-01,2023,7,Bot,62,2,1,0,1,ATL,WSH,645277,676265,,,,686452,608841,671277,545121,682928,S,,foul,Foul,5,5,5,5,-0.05,0.0,R,4-Seam Fastball,92.8,L,R
716354,2023-10-01,2023,7,Bot,62,1,0,0,1,ATL,WSH,645277,676265,,,,686452,608841,671277,545121,682928,B,,ball,Ball,5,5,5,5,0.039,0.0,R,Knuckle Curve,86.2,L,R
716354,2023-10-01,2023,7,Bot,61,4,1,2,0,ATL,WSH,607680,676265,,,,686452,608841,671277,545121,682928,X,field_out,hit_into_play,Kevin Pillar lines out to second baseman Luis Garcia.,5,5,5,5,-0.193,-0.038,R,Knuckle Curve,85.3,R,R
716354,2023-10-01,2023,7,Bot,61,3,1,1,0,ATL,WSH,607680,676265,,,,686452,608841,671277,545121,682928,S,,swinging_strike,Swinging Strike,5,5,5,5,-0.061,0.0,R,Knuckle Curve,85.9,R,R
716354,2023-10-01,2023,7,Bot,61,2,1,0,0,ATL,WSH,607680,676265,,,,686452,608841,671277,545121,682928,S,,foul,Foul,5,5,5,5,-0.052,0.0,R,4-Seam Fastball,92.7,R,R
716354,2023-10-01,2023,7,Bot,61,1,0,0,0,ATL,WSH,607680,676265,,,,686452,608841,671277,545121,682928,B,,ball,Ball,5,5,5,5,0.04,0.0,R,4-Seam Fastball,93.0,R,R
716354,2023-10-01,2023,7,Top,60,2,0,1,2,ATL,WSH,545121,445926,671277,,657041,518595,670032,645277,663586,606115,B,truncated_pa,ball,"Lane Thomas caught stealing home, catcher Travis d'Arnaud to shortstop Orlando Arcia to catcher Travis d'Arnaud.",5,5,5,5,-0.246,0.087,R,Cutter,88.2,L,R
716354,2023-10-01,2023,7,Top,60,1,0,0,2,ATL,WSH,545121,445926,671277,,657041,518595,670032,645277,663586,606115,S,,called_strike,Called Strike,5,5,5,5,-0.052,0.0,R,Cutter,88.8,L,R
716354,2023-10-01,2023,7,Top,59,4,3,0,2,ATL,WSH,671277,445926,,,657041,518595,670032,645277,663586,606115,B,walk,ball,Luis Garcia walks.,5,5,5,5,0.049,-0.016,R,Cutter,88.0,L,R
716354,2023-10-01,2023,7,Top,59,3,2,0,2,ATL,WSH,671277,445926,,,657041,518595,670032,645277,663586,606115,B,,ball,Ball,5,5,5,5,0.056,0.0,R,Changeup,84.6,L,R
716354,2023-10-01,2023,7,Top,59,2,1,0,2,ATL,WSH,671277,445926,,,657041,518595,670032,645277,663586,606115,B,,blocked_ball,Ball In Dirt,5,5,5,5,0.041,0.0,R,Cutter,89.1,L,R
716354,2023-10-01,2023,7,Top,59,1,0,0,2,ATL,WSH,671277,445926,,,657041,518595,670032,645277,663586,606115,B,,ball,Ball,5,5,5,5,0.028,0.0,R,Cutter,89.4,L,R
716354,2023-10-01,2023,7,Top,58,2,1,0,1,ATL,WSH,660688,445926,,657041,,518595,670032,645277,663586,606115,X,field_out,hit_into_play,Keibert Ruiz lines out to center fielder Michael Harris II.   Lane Thomas to 3rd.,5,5,5,5,-0.325,0.052,R,Changeup,83.9,L,R
716354,2023-10-01,2023,7,Top,58,1,0,0,1,ATL,WSH,660688,445926,,657041,,518595,670032,645277,663586,606115,B,,ball,Ball,5,5,5,5,0.034,0.0,R,Cutter,88.2,L,R
716354,2023-10-01,2023,7,Top,57,1,0,0,0,ATL,WSH,608841,445926,657041,,,518595,670032,645277,663586,606115,X,field_out,hit_into_play,"Joey Meneses grounds out, pitcher Jesse Chavez to first baseman Nicky Lopez.   Lane Thomas to 2nd.",5,5,5,5,-0.35,0.022,R,Sinker,89.6,R,R
716354,2023-10-01,2023,7,Top,56,3,1,1,0,ATL,WSH,657041,445926,,,,518595,670032,645277,663586,606115,X,single,hit_into_play,Lane Thomas singles on a ground ball to left fielder Eddie Rosario.,5,5,5,5,0.443,-0.059,R,Curveball,75.9,R,R
716354,2023-10-01,2023,7,Top,56,2,0,1,0,ATL,WSH,657041,445926,,,,518595,670032,645277,663586,606115,B,,ball,Ball,5,5,5,5,0.031,0.0,R,Curveball,77.3,R,R
716354,2023-10-01,2023,7,Top,56,1,0,0,0,ATL,WSH,657041,445926,,,,518595,670032,645277,663586,606115,S,,called_strike,Called Strike,5,5,5,5,-0.042,0.0,R,Cutter,89.1,R,R
716354,2023-10-01,2023,6,Bot,55,4,0,2,2,ATL,WSH,606115,676265,,,,686452,608841,545121,666198,682928,S,strikeout,swinging_strike,Orlando Arcia strikes out swinging.,5,5,5,5,-0.169,-0.017,R,Knuckle Curve,85.0,R,R
716354,2023-10-01,2023,6,Bot,55,3,0,2,2,ATL,WSH,606115,676265,,,,686452,608841,545121,666198,682928,S,,foul,Foul,5,5,5,5,0.0,0.0,R,Knuckle Curve,85.3,R,R
716354,2023-10-01,2023,6,Bot,55,2,0,1,2,ATL,WSH,606115,676265,,,,686452,608841,545121,666198,682928,S,,swinging_strike,Swinging Strike,5,5,5,5,-0.061,0.0,R,4-Seam Fastball,92.9,R,R
716354,2023-10-01,2023,6,Bot,55,1,0,0,2,ATL,WSH,606115,676265,,,,686452,608841,545121,666198,682928,S,,swinging_strike,Swinging Strike,5,5,5,5,-0.045,0.0,R,Knuckle Curve,84.8,R,R
716354,2023-10-01,2023,6,Bot,54,2,1,0,1,ATL,WSH,592696,676265,,,,686452,608841,545121,666198,682928,X,field_out,hit_into_play,"Eddie Rosario grounds out, second baseman Ildemaro Vargas to first baseman Joey Meneses.",5,5,5,5,-0.306,-0.024,R,Knuckle Curve,84.4,L,R
716354,2023-10-01,2023,6,Bot,54,1,0,0,1,ATL,WSH,592696,676265,,,,686452,608841,545121,666198,682928,B,,ball,Ball,5,5,5,5,0.039,0.0,R,Knuckle Curve,84.5,L,R
716354,2023-10-01,2023,6,Bot,53,3,1,1,0,ATL,WSH,518595,676265,,,,686452,608841,545121,666198,682928,X,field_out,hit_into_play,Travis d'Arnaud flies out to right fielder Lane Thomas.,5,5,5,5,-0.254,-0.033,R,Knuckle Curve,83.8,R,R
716354,2023-10-01,2023,6,Bot,53,2,0,1,0,ATL,WSH,518595,676265,,,,686452,608841,545121,666198,682928,B,,ball,Ball,5,5,5,5,0.031,0.0,R,4-Seam Fastball,92.6,R,R
716354,2023-10-01,2023,6,Bot,53,1,0,0,0,ATL,WSH,518595,676265,,,,686452,608841,545121,666198,682928,S,,foul,Foul,5,5,5,5,-0.042,0.0,R,4-Seam Fastball,92.6,R,R
716354,2023-10-01,2023,6,Top,52,5,2,2,2,ATL,WSH,682928,689266,,,,518595,670032,645277,663586,606115,X,field_out,hit_into_play,"CJ Abrams grounds out, shortstop Orlando Arcia to first baseman Nicky Lopez.",5,5,5,5,-0.233,0.016,R,Cutter,85.7,L,L
716354,2023-10-01,2023,6,Top,52,4,1,2,2,ATL,WSH,682928,689266,,,,518595,670032,645277,663586,606115,B,,ball,Ball,5,5,5,5,0.041,0.0,R,Slider,79.2,L,L
716354,2023-10-01,2023,6,Top,52,3,1,1,2,ATL,WSH,682928,689266,,,,518595,670032,645277,663586,606115,S,,foul,Foul,5,5,5,5,-0.069,0.0,R,4-Seam Fastball,92.8,L,L
716354,2023-10-01,2023,6,Top,52,2,1,0,2,ATL,WSH,682928,689266,,,,518595,670032,645277,663586,606115,S,,foul,Foul,5,5,5,5,-0.056,0.0,R,Slider,78.0,L,L
716354,2023-10-01,2023,6,Top,52,1,0,0,2,ATL,WSH,682928,689266,,,,518595,670032,645277,663586,606115,B,,ball,Ball,5,5,5,5,0.043,0.0,R,Slider,78.3,L,L
716354,2023-10-01,2023,6,Top,51,5,2,2,1,ATL,WSH,696285,689266,,,,518595,670032,645277,663586,606115,X,field_out,hit_into_play,Jacob Young lines out to right fielder Kevin Pillar.,5,5,5,5,-0.234,0.025,R,Cutter,82.5,R,L
716354,2023-10-01,2023,6,Top,51,4,2,1,1,ATL,WSH,696285,689266,,,,518595,670032,645277,663586,606115,S,,swinging_strike,Swinging Strike,5,5,5,5,-0.076,0.0,R,Cutter,84.6,R,L
716354,2023-10-01,2023,6,Top,51,3,1,1,1,ATL,WSH,696285,689266,,,,518595,670032,645277,663586,606115,B,,ball,Ball,5,5,5,5,0.054,0.0,R,Cutter,83.8,R,L
716354,2023-10-01,2023,6,Top,51,2,0,1,1,ATL,WSH,696285,689266,,,,518595,670032,645277,663586,606115,B,,ball,Ball,5,5,5,5,0.03,0.0,R,Changeup,80.5,R,L
716354,2023-10-01,2023,6,Top,51,1,0,0,1,ATL,WSH,696285,689266,,,,518595,670032,645277,663586,606115,S,,called_strike,Called Strike,5,5,5,5,-0.041,0.0,R,4-Seam Fastball,90.8,R,L
716354,2023-10-01,2023,6,Top,50,1,0,0,0,ATL,WSH,686452,689266,,,,518595,670032,645277,663586,606115,X,field_out,hit_into_play,"Drew Millas grounds out, shortstop Orlando Arcia to first baseman Nicky Lopez.",5,5,5,5,-0.265,0.033,R,Changeup,79.4,R,L
716354,2023-10-01,2023,5,Bot,49,1,0,0,2,ATL,WSH,671739,671131,663586,,645277,686452,608841,545121,666198,682928,X,field_out,hit_into_play,Michael Harris II flies out to left fielder Alex Call.,5,5,5,5,-0.309,-0.066,R,4-Seam Fastball,95.5,L,R
716354,2023-10-01,2023,5,Bot,48,5,1,2,1,ATL,WSH,542303,671131,663586,,645277,686452,608841,545121,666198,682928,X,field_out,hit_into_play,Marcell Ozuna pops out to shortstop CJ Abrams.,5,5,5,5,-0.032,-0.087,R,Slider,85.2,R,R
716354,2023-10-01,2023,5,Bot,48,4,1,2,1,ATL,WSH,542303,671131,663586,,645277,686452,608841,545121,666198,682928,S,,foul,Foul,5,5,5,5,0.0,0.0,R,Slider,84.3,R,R
716354,2023-10-01,2023,5,Bot,48,3,1,1,1,ATL,WSH,542303,671131,663586,,645277,686452,608841,545121,666198,682928,S,,foul,Foul,5,5,5,5,-0.098,0.0,R,Changeup,89.9,R,R
716354,2023-10-01,2023,5,Bot,48,2,0,1,1,ATL,WSH,542303,671131,663586,,645277,686452,608841,545121,666198,682928,B,,ball,Ball,5,5,5,5,0.035,0.0,R,Changeup,89.9,R,R
716354,2023-10-01,2023,5,Bot,48,1,0,0,1,ATL,WSH,542303,671131,663586,,645277,686452,608841,545121,666198,682928,S,,swinging_strike,Swinging Strike,5,5,5,5,-0.044,0.0,R,Slider,85.2,R,R
716354,2023-10-01,2023,5,Bot,47,4,2,1,0,ATL,WSH,670032,671131,663586,645277,,686452,608841,545121,666198,682928,X,field_out,hit_into_play,Nicky Lopez lines out sharply to right fielder Lane Thomas.   Ozzie Albies to 3rd.,5,5,5,5,-0.271,-0.024,R,4-Seam Fastball,95.4,L,R
716354,2023-10-01,2023,5,Bot,47,3,1,1,0,ATL,WSH,670032,671131,663586,645277,,686452,608841,545121,666198,682928,B,,ball,Ball,5,5,5,5,0.052,0.0,R,4-Seam Fastball,96.0,L,R
716354,2023-10-01,2023,5,Bot,47,2,0,1,0,ATL,WSH,670032,671131,663586,645277,,686452,608841,545121,666198,682928,B,,ball,Ball,5,5,5,5,0.034,0.0,R,4-Seam Fastball,95.9,L,R
716354,2023-10-01,2023,5,Bot,47,1,0,0,0,ATL,WSH,670032,671131,663586,645277,,686452,608841,545121,666198,682928,S,,foul,Foul,5,5,5,5,-0.048,0.0,R,4-Seam Fastball,95.7,L,R
716354,2023-10-01,2023,5,Bot,46,3,0,2,0,ATL,WSH,663586,671131,645277,,,686452,608841,545121,666198,682928,X,single,hit_into_play,Austin Riley singles on a sharp line drive to left fielder Alex Call.   Ozzie Albies to 2nd.,5,5,5,5,0.532,0.065,R,Changeup,89.0,R,R
716354,2023-10-01,2023,5,Bot,46,2,0,1,0,ATL,WSH,663586,671131,645277,,,686452,608841,545121,666198,682928,S,,foul,Foul,5,5,5,5,-0.043,0.0,R,Changeup,88.7,R,R
716354,2023-10-01,2023,5,Bot,46,1,0,0,0,ATL,WSH,663586,671131,645277,,,686452,608841,545121,666198,682928,S,,called_strike,Called Strike,5,5,5,5,-0.036,0.0,R,Sinker,94.2,R,R
716354,2023-10-01,2023,5,Bot,45,5,2,2,0,ATL,WSH,645277,671131,,,,686452,608841,545121,666198,682928,X,single,hit_into_play,Ozzie Albies singles on a line drive to right fielder Lane Thomas.,5,5,5,5,0.459,0.047,R,4-Seam Fastball,94.1,L,R
716354,2023-10-01,2023,5,Bot,45,4,1,2,0,ATL,WSH,645277,671131,,,,686452,608841,545121,666198,682928,B,,ball,Ball,5,5,5,5,0.046,0.0,R,Changeup,88.9,L,R
716354,2023-10-01,2023,5,Bot,45,3,1,1,0,ATL,WSH,645277,671131,,,,686452,608841,545121,666198,682928,S,,swinging_strike,Swinging Strike,5,5,5,5,-0.061,0.0,R,Changeup,88.3,L,R
716354,2023-10-01,2023,5,Bot,45,2,0,1,0,ATL,WSH,645277,671131,,,,686452,608841,545121,666198,682928,B,,ball,Ball,5,5,5,5,0.031,0.0,R,4-Seam Fastball,94.8,L,R
716354,2023-10-01,2023,5,Bot,45,1,0,0,0,ATL,WSH,645277,671131,,,,686452,608841,545121,666198,682928,S,,foul,Foul,5,5,5,5,-0.042,0.0,R,4-Seam Fastball,94.7,L,R
716354,2023-10-01,2023,5,Top,44,3,0,2,2,ATL,WSH,669743,689266,666198,,,518595,670032,645277,663586,606115,S,strikeout,swinging_strike,Alex Call strikes out swinging.,5,5,5,5,-0.186,0.031,R,4-Seam Fastball,93.4,R,L
716354,2023-10-01,2023,5,Top,44,2,0,1,2,ATL,WSH,669743,689266,666198,,,518595,670032,645277,663586,606115,S,,foul,Foul,5,5,5,5,-0.055,0.0,R,Cutter,83.4,R,L
716354,2023-10-01,2023,5,Top,44,1,0,0,2,ATL,WSH,669743,689266,666198,,,518595,670032,645277,663586,606115,S,,called_strike,Called Strike,5,5,5,5,-0.045,0.0,R,Cutter,83.6,R,L
716354,2023-10-01,2023,5,Top,43,5,3,1,1,ATL,WSH,545121,689266,666198,,,518595,670032,645277,663586,606115,X,field_out,hit_into_play,Ildemaro Vargas flies out to right fielder Kevin Pillar.,5,5,5,5,-0.386,0.037,R,4-Seam Fastball,91.7,R,L
716354,2023-10-01,2023,5,Top,43,4,3,0,1,ATL,WSH,545121,689266,666198,,,518595,670032,645277,663586,606115,S,,called_strike,Called Strike,5,5,5,5,-0.072,0.0,R,4-Seam Fastball,90.7,R,L
716354,2023-10-01,2023,5,Top,43,3,2,0,1,ATL,WSH,545121,689266,666198,,,518595,670032,645277,663586,606115,B,,ball,Ball,5,5,5,5,0.11,0.0,R,4-Seam Fastball,91.2,R,L
716354,2023-10-01,2023,5,Top,43,2,1,0,1,ATL,WSH,545121,689266,666198,,,518595,670032,645277,663586,606115,B,,ball,Ball,5,5,5,5,0.054,0.0,R,Cutter,83.6,R,L
716354,2023-10-01,2023,5,Top,43,1,0,0,1,ATL,WSH,545121,689266,666198,,,518595,670032,645277,663586,606115,B,,ball,Ball,5,5,5,5,0.036,0.0,R,Cutter,83.5,R,L
716354,2023-10-01,2023,5,Top,42,1,0,0,1,ATL,WSH,666198,689266,,,,518595,670032,645277,663586,606115,X,single,hit_into_play,Carter Kieboom singles on a sharp line drive to left fielder Eddie Rosario.,5,5,5,5,0.416,-0.033,R,4-Seam Fastball,91.7,R,L
716354,2023-10-01,2023,5,Top,41,3,1,1,0,ATL,WSH,660688,689266,,,,518595,670032,645277,663586,606115,X,field_out,hit_into_play,Keibert Ruiz flies out to center fielder Michael Harris II.,5,5,5,5,-0.254,0.03,R,4-Seam Fastball,91.4,R,L
716354,2023-10-01,2023,5,Top,41,2,0,1,0,ATL,WSH,660688,689266,,,,518595,670032,645277,663586,606115,B,,ball,Ball,5,5,5,5,0.031,0.0,R,Changeup,79.9,R,L
716354,2023-10-01,2023,5,Top,41,1,0,0,0,ATL,WSH,660688,689266,,,,518595,670032,645277,663586,606115,S,,foul,Foul,5,5,5,5,-0.042,0.0,R,Slider,77.1,R,L
716354,2023-10-01,2023,4,Bot,40,1,0,0,2,ATL,WSH,607680,671131,,,,686452,608841,545121,666198,682928,X,field_out,hit_into_play,Kevin Pillar pops out to shortstop CJ Abrams.,5,5,5,5,-0.275,-0.013,R,4-Seam Fastball,95.7,R,R
716354,2023-10-01,2023,4,Bot,39,5,2,2,1,ATL,WSH,606115,671131,,,,686452,608841,545121,666198,682928,X,field_out,hit_into_play,Orlando Arcia pops out to first baseman Joey Meneses in foul territory.,5,5,5,5,-0.234,-0.019,R,Sinker,94.9,R,R
716354,2023-10-01,2023,4,Bot,39,4,1,2,1,ATL,WSH,606115,671131,,,,686452,608841,545121,666198,682928,B,,ball,Ball,5,5,5,5,0.045,0.0,R,4-Seam Fastball,95.9,R,R
716354,2023-10-01,2023,4,Bot,39,3,0,2,1,ATL,WSH,606115,671131,,,,686452,608841,545121,666198,682928,B,,ball,Ball,5,5,5,5,0.019,0.0,R,Slider,87.1,R,R
716354,2023-10-01,2023,4,Bot,39,2,0,1,1,ATL,WSH,606115,671131,,,,686452,608841,545121,666198,682928,S,,called_strike,Called Strike,5,5,5,5,-0.057,0.0,R,Slider,86.2,R,R
716354,2023-10-01,2023,4,Bot,39,1,0,0,1,ATL,WSH,606115,671131,,,,686452,608841,545121,666198,682928,S,,called_strike,Called Strike,5,5,5,5,-0.041,0.0,R,Sinker,96.3,R,R
716354,2023-10-01,2023,4,Bot,38,5,2,2,0,ATL,WSH,592696,671131,,,,686452,608841,545121,666198,682928,S,strikeout,swinging_strike,Eddie Rosario strikes out swinging.,5,5,5,5,-0.239,-0.027,R,4-Seam Fastball,97.0,L,R
716354,2023-10-01,2023,4,Bot,38,4,1,2,0,ATL,WSH,592696,671131,,,,686452,608841,545121,666198,682928,B,,ball,Ball,5,5,5,5,0.046,0.0,R,Curveball,79.5,L,R
716354,2023-10-01,2023,4,Bot,38,3,0,2,0,ATL,WSH,592696,671131,,,,686452,608841,545121,666198,682928,B,,ball,Ball,5,5,5,5,0.024,0.0,R,Curveball,81.2,L,R
716354,2023-10-01,2023,4,Bot,38,2,0,1,0,ATL,WSH,592696,671131,,,,686452,608841,545121,666198,682928,S,,foul,Foul,5,5,5,5,-0.054,0.0,R,4-Seam Fastball,96.8,L,R
716354,2023-10-01,2023,4,Bot,38,1,0,0,0,ATL,WSH,592696,671131,,,,686452,608841,545121,666198,682928,S,,swinging_strike,Swinging Strike,5,5,5,5,-0.042,0.0,R,4-Seam Fastball,94.9,L,R
716354,2023-10-01,2023,4,Top,37,6,3,2,2,ATL,WSH,608841,689266,,,,518595,670032,645277,663586,606115,X,field_out,hit_into_play,Joey Meneses flies out to center fielder Michael Harris II.,5,5,5,5,-0.336,0.013,R,4-Seam Fastball,91.3,R,L
716354,2023-10-01,2023,4,Top,37,5,3,1,2,ATL,WSH,608841,689266,,,,518595,670032,645277,663586,606115,S,,foul,Foul,5,5,5,5,-0.093,0.0,R,4-Seam Fastball,91.1,R,L
716354,2023-10-01,2023,4,Top,37,4,2,1,2,ATL,WSH,608841,689266,,,,518595,670032,645277,663586,606115,B,,ball,Ball,5,5,5,5,0.116,0.0,R,4-Seam Fastball,91.8,R,L
716354,2023-10-01,2023,4,Top,37,3,1,1,2,ATL,WSH,608841,689266,,,,518595,670032,645277,663586,606115,B,,ball,Ball,5,5,5,5,0.053,0.0,R,Changeup,79.1,R,L
716354,2023-10-01,2023,4,Top,37,2,0,1,2,ATL,WSH,608841,689266,,,,518595,670032,645277,663586,606115,B,,ball,Ball,5,5,5,5,0.031,0.0,R,Changeup,80.1,R,L
716354,2023-10-01,2023,4,Top,37,1,0,0,2,ATL,WSH,608841,689266,,,,518595,670032,645277,663586,606115,S,,called_strike,Called Strike,5,5,5,5,-0.045,0.0,R,Slider,76.3,R,L
716354,2023-10-01,2023,4,Top,36,3,1,1,1,ATL,WSH,657041,689266,,,,518595,670032,645277,663586,606115,X,field_out,hit_into_play,Lane Thomas flies out to center fielder Michael Harris II.,5,5,5,5,-0.257,0.019,R,Slider,78.4,R,L
716354,2023-10-01,2023,4,Top,36,2,0,1,1,ATL,WSH,657041,689266,,,,518595,670032,645277,663586,606115,B,,ball,Ball,5,5,5,5,0.03,0.0,R,Changeup,81.1,R,L
716354,2023-10-01,2023,4,Top,36,1,0,0,1,ATL,WSH,657041,689266,,,,518595,670032,645277,663586,606115,S,,called_strike,Called Strike,5,5,5,5,-0.041,0.0,R,Cutter,85.0,R,L
716354,2023-10-01,2023,4,Top,35,1,0,0,0,ATL,WSH,682928,689266,,,,518595,670032,645277,663586,606115,X,field_out,hit_into_play,"CJ Abrams grounds out, second baseman Ozzie Albies to first baseman Nicky Lopez.",5,5,5,5,-0.265,0.027,R,Cutter,83.7,L,L
716354,2023-10-01,2023,3,Bot,34,4,1,2,2,ATL,WSH,518595,671131,,,,686452,608841,545121,666198,682928,S,strikeout,swinging_strike,Travis d'Arnaud strikes out swinging.,5,5,5,5,-0.191,-0.012,R,Slider,85.6,R,R
716354,2023-10-01,2023,3,Bot,34,3,0,2,2,ATL,WSH,518595,671131,,,,686452,608841,545121,666198,682928,B,,ball,Ball,5,5,5,5,0.022,0.0,R,Slider,88.1,R,R
716354,2023-10-01,2023,3,Bot,34,2,0,1,2,ATL,WSH,518595,671131,,,,686452,608841,545121,666198,682928,S,,swinging_strike,Swinging Strike,5,5,5,5,-0.061,0.0,R,4-Seam Fastball,96.5,R,R
716354,2023-10-01,2023,3,Bot,34,1,0,0,2,ATL,WSH,518595,671131,,,,686452,608841,545121,666198,682928,S,,swinging_strike,Swinging Strike,5,5,5,5,-0.045,0.0,R,Slider,86.3,R,R
716354,2023-10-01,2023,3,Bot,33,5,0,2,1,ATL,WSH,671739,671131,,,,686452,608841,545121,666198,682928,X,field_out,hit_into_play,"Michael Harris II grounds out, second baseman Ildemaro Vargas to first baseman Joey Meneses.",5,5,5,5,-0.17,-0.017,R,Changeup,89.8,L,R
716354,2023-10-01,2023,3,Bot,33,4,0,2,1,ATL,WSH,671739,671131,,,,686452,608841,545121,666198,682928,S,,foul,Foul,5,5,5,5,0.0,0.0,R,4-Seam Fastball,96.6,L,R
716354,2023-10-01,2023,3,Bot,33,3,0,2,1,ATL,WSH,671739,671131,,,,686452,608841,545121,666198,682928,S,,foul,Foul,5,5,5,5,0.0,0.0,R,Slider,81.1,L,R
716354,2023-10-01,2023,3,Bot,33,2,0,1,1,ATL,WSH,671739,671131,,,,686452,608841,545121,666198,682928,S,,swinging_strike,Swinging Strike,5,5,5,5,-0.057,0.0,R,Slider,80.6,L,R
716354,2023-10-01,2023,3,Bot,33,1,0,0,1,ATL,WSH,671739,671131,,,,686452,608841,545121,666198,682928,S,,foul,Foul,5,5,5,5,-0.041,0.0,R,4-Seam Fastball,96.9,L,R
716354,2023-10-01,2023,3,Bot,32,4,2,1,1,ATL,WSH,542303,671131,670032,645277,,686452,608841,545121,666198,682928,X,home_run,hit_into_play,Marcell Ozuna homers (39) on a fly ball to center field.   Ozzie Albies scores.    Nicky Lopez scores.,2,5,2,5,1.171,0.262,R,4-Seam Fastball,96.9,R,R
716354,2023-10-01,2023,3,Bot,32,3,1,1,1,ATL,WSH,542303,671131,670032,645277,,686452,608841,545121,666198,682928,B,,blocked_ball,Ball In Dirt,2,5,2,5,0.039,0.0,R,Slider,86.5,R,R
716354,2023-10-01,2023,3,Bot,32,2,0,1,1,ATL,WSH,542303,671131,670032,645277,,686452,608841,545121,666198,682928,B,,ball,Ball,2,5,2,5,0.031,0.0,R,4-Seam Fastball,96.6,R,R
716354,2023-10-01,2023,3,Bot,32,1,0,0,1,ATL,WSH,542303,671131,670032,645277,,686452,608841,545121,666198,682928,S,,foul,Foul,2,5,2,5,-0.04,0.0,R,Changeup,89.9,R,R
716354,2023-10-01,2023,3,Bot,31,6,2,2,1,ATL,WSH,670032,671131,645277,,,686452,608841,545121,666198,682928,B,hit_by_pitch,hit_by_pitch,Nicky Lopez hit by pitch.    Ozzie Albies to 2nd.,2,5,2,5,0.361,0.04,R,Curveball,81.8,L,R
716354,2023-10-01,2023,3,Bot,31,5,2,2,1,ATL,WSH,670032,671131,645277,,,686452,608841,545121,666198,682928,S,,foul,Foul,2,5,2,5,0.0,0.0,R,4-Seam Fastball,96.4,L,R
716354,2023-10-01,2023,3,Bot,31,4,2,1,1,ATL,WSH,670032,671131,645277,,,686452,608841,545121,666198,682928,S,,foul_tip,Foul Tip,2,5,2,5,-0.054,0.0,R,4-Seam Fastball,96.0,L,R
716354,2023-10-01,2023,3,Bot,31,3,2,0,1,ATL,WSH,670032,671131,645277,,,686452,608841,545121,666198,682928,S,,foul,Foul,2,5,2,5,-0.061,0.0,R,4-Seam Fastball,96.5,L,R
716354,2023-10-01,2023,3,Bot,31,2,1,0,1,ATL,WSH,670032,671131,645277,,,686452,608841,545121,666198,682928,B,,ball,Ball,2,5,2,5,0.054,0.0,R,4-Seam Fastball,96.2,L,R
716354,2023-10-01,2023,3,Bot,31,1,0,0,1,ATL,WSH,670032,671131,645277,,,686452,608841,545121,666198,682928,B,,ball,Ball,2,5,2,5,0.036,0.0,R,4-Seam Fastball,97.4,L,R
716354,2023-10-01,2023,3,Bot,30,5,3,1,0,ATL,WSH,663586,671131,645277,,,686452,608841,545121,666198,682928,X,field_out,hit_into_play,Austin Riley flies out sharply to center fielder Jacob Young.,2,5,2,5,-0.372,-0.036,R,4-Seam Fastball,96.1,R,R
716354,2023-10-01,2023,3,Bot,30,4,3,0,0,ATL,WSH,663586,671131,645277,,,686452,608841,545121,666198,682928,S,,foul,Foul,2,5,2,5,-0.07,0.0,R,4-Seam Fastball,96.8,R,R
716354,2023-10-01,2023,3,Bot,30,3,2,0,0,ATL,WSH,663586,671131,645277,,,686452,608841,545121,666198,682928,B,,ball,Ball,2,5,2,5,0.116,0.0,R,4-Seam Fastball,96.7,R,R
716354,2023-10-01,2023,3,Bot,30,2,1,0,0,ATL,WSH,663586,671131,645277,,,686452,608841,545121,666198,682928,B,,ball,Ball,2,5,2,5,0.055,0.0,R,Sinker,95.1,R,R
716354,2023-10-01,2023,3,Bot,30,1,0,0,0,ATL,WSH,663586,671131,645277,,,686452,608841,545121,666198,682928,B,,ball,Ball,2,5,2,5,0.03,0.0,R,Sinker,96.2,R,R
716354,2023-10-01,2023,3,Bot,29,7,3,2,0,ATL,WSH,645277,671131,,,,686452,608841,545121,666198,682928,B,walk,ball,Ozzie Albies walks.,2,5,2,5,0.347,0.039,R,4-Seam Fastball,96.3,L,R
716354,2023-10-01,2023,3,Bot,29,6,3,2,0,ATL,WSH,645277,671131,,,,686452,608841,545121,666198,682928,S,,foul,Foul,2,5,2,5,0.0,0.0,R,4-Seam Fastball,96.7,L,R
716354,2023-10-01,2023,3,Bot,29,5,3,1,0,ATL,WSH,645277,671131,,,,686452,608841,545121,666198,682928,S,,called_strike,Called Strike,2,5,2,5,-0.088,0.0,R,4-Seam Fastball,95.4,L,R
716354,2023-10-01,2023,3,Bot,29,4,2,1,0,ATL,WSH,645277,671131,,,,686452,608841,545121,666198,682928,B,,ball,Ball,2,5,2,5,0.129,0.0,R,4-Seam Fastball,95.7,L,R
716354,2023-10-01,2023,3,Bot,29,3,1,1,0,ATL,WSH,645277,671131,,,,686452,608841,545121,666198,682928,B,,ball,Ball,2,5,2,5,0.059,0.0,R,Curveball,80.6,L,R
716354,2023-10-01,2023,3,Bot,29,2,1,0,0,ATL,WSH,645277,671131,,,,686452,608841,545121,666198,682928,S,,swinging_strike,Swinging Strike,2,5,2,5,-0.052,0.0,R,4-Seam Fastball,95.5,L,R
716354,2023-10-01,2023,3,Bot,29,1,0,0,0,ATL,WSH,645277,671131,,,,686452,608841,545121,666198,682928,B,,ball,Ball,2,5,2,5,0.04,0.0,R,Curveball,80.0,L,R
716354,2023-10-01,2023,3,Top,28,2,0,1,2,ATL,WSH,696285,689266,,,545121,518595,670032,645277,663586,606115,X,field_out,hit_into_play,Jacob Young flies out to right fielder Kevin Pillar.,2,5,5,2,-0.258,0.023,R,4-Seam Fastball,91.7,R,L
716354,2023-10-01,2023,3,Top,28,1,0,0,2,ATL,WSH,696285,689266,,,545121,518595,670032,645277,663586,606115,S,,foul_bunt,Foul Bunt,2,5,5,2,-0.036,0.0,R,4-Seam Fastball,92.7,R,L
716354,2023-10-01,2023,3,Top,27,1,0,0,1,ATL,WSH,686452,689266,,545121,,518595,670032,645277,663586,606115,X,field_out,hit_into_play,Drew Millas flies out to center fielder Michael Harris II.   Ildemaro Vargas to 3rd.,2,5,5,2,-0.29,0.017,R,4-Seam Fastball,91.7,R,L
716354,2023-10-01,2023,3,Top,26,3,1,1,0,ATL,WSH,669743,689266,,545121,,518595,670032,645277,663586,606115,X,field_out,hit_into_play,Alex Call flies out to left fielder Eddie Rosario.,2,5,5,2,-0.242,0.025,R,Changeup,80.3,R,L
716354,2023-10-01,2023,3,Top,26,2,0,1,0,ATL,WSH,669743,689266,,545121,,518595,670032,645277,663586,606115,B,,blocked_ball,Ball In Dirt,2,5,5,2,0.02,0.0,R,Slider,78.2,R,L
716354,2023-10-01,2023,3,Top,26,1,0,0,0,ATL,WSH,669743,689266,,545121,,518595,670032,645277,663586,606115,S,,swinging_strike,Swinging Strike,2,5,5,2,-0.046,0.0,R,Slider,78.1,R,L
716354,2023-10-01,2023,3,Top,25,1,0,0,0,ATL,WSH,545121,689266,,,,518595,670032,645277,663586,606115,X,double,hit_into_play,Ildemaro Vargas doubles (13) on a line drive to left fielder Eddie Rosario.,2,5,5,2,0.706,-0.036,R,4-Seam Fastball,92.0,R,L
716354,2023-10-01,2023,2,Bot,24,2,0,1,2,ATL,WSH,607680,671131,,,,686452,608841,545121,666198,682928,X,field_out,hit_into_play,Kevin Pillar lines out to third baseman Carter Kieboom.,2,5,2,5,-0.23,-0.009,R,Slider,86.5,R,R
716354,2023-10-01,2023,2,Bot,24,1,0,0,2,ATL,WSH,607680,671131,,,,686452,608841,545121,666198,682928,S,,called_strike,Called Strike,2,5,2,5,-0.045,0.0,R,4-Seam Fastball,97.0,R,R
716354,2023-10-01,2023,2,Bot,23,1,0,0,1,ATL,WSH,606115,671131,,,,686452,608841,545121,666198,682928,X,field_out,hit_into_play,"Orlando Arcia grounds out, shortstop CJ Abrams to first baseman Joey Meneses.",2,5,2,5,-0.267,-0.015,R,Sinker,95.7,R,R
716354,2023-10-01,2023,2,Bot,22,3,1,1,0,ATL,WSH,592696,671131,,,,686452,608841,545121,666198,682928,X,field_out,hit_into_play,Eddie Rosario flies out to right fielder Lane Thomas.,2,5,2,5,-0.254,-0.022,R,Slider,87.1,L,R
716354,2023-10-01,2023,2,Bot,22,2,0,1,0,ATL,WSH,592696,671131,,,,686452,608841,545121,666198,682928,B,,ball,Ball,2,5,2,5,0.031,0.0,R,4-Seam Fastball,96.0,L,R
716354,2023-10-01,2023,2,Bot,22,1,0,0,0,ATL,WSH,592696,671131,,,,686452,608841,545121,666198,682928,S,,called_strike,Called Strike,2,5,2,5,-0.042,0.0,R,4-Seam Fastball,95.5,L,R
716354,2023-10-01,2023,2,Top,21,2,0,1,2,ATL,WSH,666198,689266,660688,,,518595,621566,645277,663586,606115,X,force_out,hit_into_play,"Carter Kieboom grounds into a force out, third baseman Austin Riley to second baseman Ozzie Albies.   Keibert Ruiz out at 2nd.",2,5,5,2,-0.241,0.014,R,Cutter,82.9,R,L
716354,2023-10-01,2023,2,Top,21,1,0,0,2,ATL,WSH,666198,689266,660688,,,518595,621566,645277,663586,606115,S,,called_strike,Called Strike,2,5,5,2,-0.045,0.0,R,4-Seam Fastball,92.5,R,L
716354,2023-10-01,2023,2,Top,20,5,1,2,2,ATL,WSH,660688,689266,,657041,,518595,621566,645277,663586,606115,X,single,hit_into_play,Keibert Ruiz singles on a ground ball to left fielder Eddie Rosario.   Lane Thomas scores.,2,4,4,2,0.764,-0.078,R,4-Seam Fastball,93.4,R,L
716354,2023-10-01,2023,2,Top,20,4,0,2,2,ATL,WSH,660688,689266,,657041,,518595,621566,645277,663586,606115,B,,ball,Ball,2,4,4,2,0.018,0.0,R,4-Seam Fastball,92.7,R,L
716354,2023-10-01,2023,2,Top,20,3,0,2,2,ATL,WSH,660688,689266,,657041,,518595,621566,645277,663586,606115,S,,foul,Foul,2,4,4,2,0.0,0.0,R,Changeup,81.5,R,L
716354,2023-10-01,2023,2,Top,20,2,0,1,2,ATL,WSH,660688,689266,,657041,,518595,621566,645277,663586,606115,S,,foul,Foul,2,4,4,2,-0.061,0.0,R,4-Seam Fastball,92.6,R,L
716354,2023-10-01,2023,2,Top,20,1,0,0,2,ATL,WSH,660688,689266,,657041,,518595,621566,645277,663586,606115,S,,called_strike,Called Strike,2,4,4,2,-0.046,0.0,R,4-Seam Fastball,92.3,R,L
716354,2023-10-01,2023,2,Top,19,2,0,1,1,ATL,WSH,608841,689266,,657041,,518595,621566,645277,663586,606115,X,field_out,hit_into_play,Joey Meneses flies out to left fielder Eddie Rosario.,2,4,4,2,-0.252,0.026,R,Changeup,80.9,R,L
716354,2023-10-01,2023,2,Top,19,1,0,0,1,ATL,WSH,608841,689266,,657041,,518595,621566,645277,663586,606115,S,,called_strike,Called Strike,2,4,4,2,-0.038,0.0,R,4-Seam Fastball,91.4,R,L
716354,2023-10-01,2023,2,Top,18,4,1,2,1,ATL,WSH,657041,689266,,,,518595,621566,645277,663586,606115,X,double,hit_into_play,Lane Thomas doubles (36) on a sharp fly ball to center fielder Michael Harris II.,2,4,4,2,0.741,-0.032,R,4-Seam Fastball,92.6,R,L
716354,2023-10-01,2023,2,Top,18,3,0,2,1,ATL,WSH,657041,689266,,,,518595,621566,645277,663586,606115,B,,ball,Ball,2,4,4,2,0.019,0.0,R,Changeup,81.7,R,L
716354,2023-10-01,2023,2,Top,18,2,0,1,1,ATL,WSH,657041,689266,,,,518595,621566,645277,663586,606115,S,,foul,Foul,2,4,4,2,-0.057,0.0,R,Changeup,81.4,R,L
716354,2023-10-01,2023,2,Top,18,1,0,0,1,ATL,WSH,657041,689266,,,,518595,621566,645277,663586,606115,S,,called_strike,Called Strike,2,4,4,2,-0.041,0.0,R,Slider,77.5,R,L
716354,2023-10-01,2023,2,Top,17,2,1,0,0,ATL,WSH,682928,689266,,,,518595,621566,645277,663586,606115,X,field_out,hit_into_play,CJ Abrams grounds out to first baseman Matt Olson.,2,4,4,2,-0.306,0.017,R,Slider,77.7,L,L
716354,2023-10-01,2023,2,Top,17,1,0,0,0,ATL,WSH,682928,689266,,,,518595,621566,645277,663586,606115,B,,ball,Ball,2,4,4,2,0.04,0.0,R,Slider,76.8,L,L
716354,2023-10-01,2023,1,Bot,16,3,0,2,2,ATL,WSH,518595,671131,542303,621566,,686452,608841,545121,666198,682928,S,strikeout,called_strike,Travis d'Arnaud called out on strikes.,2,4,2,4,-0.195,-0.044,R,4-Seam Fastball,97.5,R,R
716354,2023-10-01,2023,1,Bot,16,2,0,1,2,ATL,WSH,518595,671131,542303,621566,,686452,608841,545121,666198,682928,S,,foul,Foul,2,4,2,4,-0.061,0.0,R,4-Seam Fastball,96.2,R,R
716354,2023-10-01,2023,1,Bot,16,1,0,0,2,ATL,WSH,518595,671131,542303,621566,,686452,608841,545121,666198,682928,S,,called_strike,Called Strike,2,4,2,4,-0.04,0.0,R,Sinker,94.8,R,R
716354,2023-10-01,2023,1,Bot,15,6,2,2,1,ATL,WSH,671739,671131,542303,621566,,686452,608841,545121,666198,682928,X,field_out,hit_into_play,Michael Harris II pops out to third baseman Carter Kieboom on the infield fly rule.,2,4,2,4,-0.198,-0.046,R,4-Seam Fastball,96.8,L,R
716354,2023-10-01,2023,1,Bot,15,5,2,2,1,ATL,WSH,671739,671131,542303,621566,,686452,608841,545121,666198,682928,S,,foul,Foul,2,4,2,4,0.0,0.0,R,4-Seam Fastball,97.3,L,R
716354,2023-10-01,2023,1,Bot,15,4,2,1,1,ATL,WSH,671739,671131,542303,621566,,686452,608841,545121,666198,682928,S,,foul,Foul,2,4,2,4,-0.07,0.0,R,Changeup,90.6,L,R
716354,2023-10-01,2023,1,Bot,15,3,2,0,1,ATL,WSH,671739,671131,542303,621566,,686452,608841,545121,666198,682928,S,,foul,Foul,2,4,2,4,-0.079,0.0,R,4-Seam Fastball,95.7,L,R
716354,2023-10-01,2023,1,Bot,15,2,1,0,1,ATL,WSH,671739,671131,542303,621566,,686452,608841,545121,666198,682928,B,,ball,Ball,2,4,2,4,0.067,0.0,R,4-Seam Fastball,96.2,L,R
716354,2023-10-01,2023,1,Bot,15,1,0,0,1,ATL,WSH,671739,671131,542303,621566,,686452,608841,545121,666198,682928,B,,ball,Ball,2,4,2,4,0.042,0.0,R,4-Seam Fastball,96.2,L,R
716354,2023-10-01,2023,1,Bot,14,1,0,0,1,ATL,WSH,542303,671131,621566,,,686452,608841,545121,666198,682928,B,hit_by_pitch,hit_by_pitch,Marcell Ozuna hit by pitch.    Matt Olson to 2nd.,2,4,2,4,0.336,0.038,R,Curveball,79.0,R,R
716354,2023-10-01,2023,1,Bot,13,5,2,2,1,ATL,WSH,621566,671131,,663586,645277,686452,608841,545121,666198,682928,X,single,hit_into_play,Matt Olson singles on a ground ball to right fielder Lane Thomas.   Ozzie Albies scores.    Austin Riley scores.,0,4,0,4,0.599,0.092,R,4-Seam Fastball,96.5,L,R
716354,2023-10-01,2023,1,Bot,13,4,2,1,1,ATL,WSH,621566,671131,,663586,645277,686452,608841,545121,666198,682928,S,,foul,Foul,0,4,0,4,-0.09,0.0,R,Curveball,80.0,L,R
716354,2023-10-01,2023,1,Bot,13,3,2,0,1,ATL,WSH,621566,671131,,663586,645277,686452,608841,545121,666198,682928,S,,called_strike,Called Strike,0,4,0,4,-0.042,0.0,R,4-Seam Fastball,96.7,L,R
716354,2023-10-01,2023,1,Bot,13,2,1,0,1,ATL,WSH,621566,671131,,663586,645277,686452,608841,545121,666198,682928,B,,ball,Ball,0,4,0,4,0.024,0.0,R,4-Seam Fastball,95.8,L,R
716354,2023-10-01,2023,1,Bot,13,1,0,0,1,ATL,WSH,621566,671131,,663586,645277,686452,608841,545121,666198,682928,B,,ball,Ball,0,4,0,4,0.017,0.0,R,4-Seam Fastball,96.6,L,R
716354,2023-10-01,2023,1,Bot,12,3,1,1,1,ATL,WSH,663586,671131,645277,,,686452,608841,545121,666198,682928,X,double,hit_into_play,Austin Riley doubles (32) on a sharp line drive to left fielder Alex Call.   Ozzie Albies to 3rd.,0,4,0,4,0.818,0.068,R,Sinker,95.9,R,R
716354,2023-10-01,2023,1,Bot,12,2,0,1,1,ATL,WSH,663586,671131,645277,,,686452,608841,545121,666198,682928,B,,ball,Ball,0,4,0,4,0.025,0.0,R,Slider,87.7,R,R
716354,2023-10-01,2023,1,Bot,12,1,0,0,1,ATL,WSH,663586,671131,645277,,,686452,608841,545121,666198,682928,S,,called_strike,Called Strike,0,4,0,4,-0.042,0.0,R,Slider,86.0,R,R
716354,2023-10-01,2023,1,Bot,11,4,3,0,1,ATL,WSH,645277,671131,,,,686452,608841,545121,666198,682928,B,walk,ball,Ozzie Albies walks.,0,4,0,4,0.173,0.02,R,4-Seam Fastball,96.4,L,R
716354,2023-10-01,2023,1,Bot,11,3,2,0,1,ATL,WSH,645277,671131,,,,686452,608841,545121,666198,682928,B,,ball,Ball,0,4,0,4,0.142,0.0,R,4-Seam Fastball,96.2,L,R
716354,2023-10-01,2023,1,Bot,11,2,1,0,1,ATL,WSH,645277,671131,,,,686452,608841,545121,666198,682928,B,,ball,Ball,0,4,0,4,0.066,0.0,R,4-Seam Fastball,96.7,L,R
716354,2023-10-01,2023,1,Bot,11,1,0,0,1,ATL,WSH,645277,671131,,,,686452,608841,545121,666198,682928,B,,ball,Ball,0,4,0,4,0.039,0.0,R,4-Seam Fastball,97.7,L,R
716354,2023-10-01,2023,1,Bot,10,4,1,2,0,ATL,WSH,660670,671131,,,,686452,608841,545121,666198,682928,S,strikeout,swinging_strike,Ronald Acuna Jr.  strikes out swinging.,0,4,0,4,-0.193,-0.018,R,Slider,85.7,R,R
716354,2023-10-01,2023,1,Bot,10,3,1,1,0,ATL,WSH,660670,671131,,,,686452,608841,545121,666198,682928,S,,foul,Foul,0,4,0,4,-0.061,0.0,R,4-Seam Fastball,95.9,R,R
716354,2023-10-01,2023,1,Bot,10,2,0,1,0,ATL,WSH,660670,671131,,,,686452,608841,545121,666198,682928,B,,ball,Ball,0,4,0,4,0.031,0.0,R,Slider,86.7,R,R
716354,2023-10-01,2023,1,Bot,10,1,0,0,0,ATL,WSH,660670,671131,,,,686452,608841,545121,666198,682928,S,,called_strike,Called Strike,0,4,0,4,-0.042,0.0,R,Slider,85.9,R,R
716354,2023-10-01,2023,1,Top,9,1,0,0,2,ATL,WSH,696285,689266,686452,669743,,518595,621566,645277,663586,606115,X,field_out,hit_into_play,Jacob Young lines out to right fielder Ronald Acuna Jr.,0,4,4,0,-0.295,0.02,R,Slider,78.3,R,L
716354,2023-10-01,2023,1,Top,8,10,3,2,2,ATL,WSH,686452,689266,669743,,,518595,621566,645277,663586,606115,B,walk,ball,Drew Millas walks.   Alex Call to 2nd.,0,4,4,0,0.258,-0.009,R,4-Seam Fastball,93.2,R,L
716354,2023-10-01,2023,1,Top,8,9,3,2,2,ATL,WSH,686452,689266,669743,,,518595,621566,645277,663586,606115,S,,foul,Foul,0,4,4,0,0.0,0.0,R,4-Seam Fastball,94.2,R,L
716354,2023-10-01,2023,1,Top,8,8,3,2,2,ATL,WSH,686452,689266,669743,,,518595,621566,645277,663586,606115,S,,foul,Foul,0,4,4,0,0.0,0.0,R,4-Seam Fastball,94.2,R,L
716354,2023-10-01,2023,1,Top,8,7,3,2,2,ATL,WSH,686452,689266,669743,,,518595,621566,645277,663586,606115,S,,foul,Foul,0,4,4,0,0.0,0.0,R,4-Seam Fastball,92.6,R,L
716354,2023-10-01,2023,1,Top,8,6,2,2,2,ATL,WSH,686452,689266,669743,,,518595,621566,645277,663586,606115,B,,blocked_ball,Ball In Dirt,0,4,4,0,0.065,0.0,R,Changeup,82.2,R,L
716354,2023-10-01,2023,1,Top,8,5,2,2,2,ATL,WSH,686452,689266,669743,,,518595,621566,645277,663586,606115,S,,foul,Foul,0,4,4,0,0.0,0.0,R,Cutter,85.3,R,L
716354,2023-10-01,2023,1,Top,8,4,1,2,2,ATL,WSH,686452,689266,669743,,,518595,621566,645277,663586,606115,B,,ball,Ball,0,4,4,0,0.034,0.0,R,4-Seam Fastball,93.7,R,L
716354,2023-10-01,2023,1,Top,8,3,1,1,2,ATL,WSH,686452,689266,669743,,,518595,621566,645277,663586,606115,S,,swinging_strike,Swinging Strike,0,4,4,0,-0.06,0.0,R,Cutter,85.0,R,L
716354,2023-10-01,2023,1,Top,8,2,0,1,2,ATL,WSH,686452,689266,669743,,,518595,621566,645277,663586,606115,B,,ball,Ball,0,4,4,0,0.025,0.0,R,4-Seam Fastball,91.9,R,L
716354,2023-10-01,2023,1,Top,8,1,0,0,2,ATL,WSH,686452,689266,669743,,,518595,621566,645277,663586,606115,S,,called_strike,Called Strike,0,4,4,0,-0.045,0.0,R,4-Seam Fastball,91.8,R,L
716354,2023-10-01,2023,1,Top,7,5,2,2,2,ATL,WSH,669743,689266,,,660688,518595,621566,645277,663586,606115,X,single,hit_into_play,Alex Call singles on a ground ball to third baseman Austin Riley.   Keibert Ruiz scores.,0,3,3,0,0.759,-0.059,R,Changeup,83.0,R,L
716354,2023-10-01,2023,1,Top,7,4,2,1,2,ATL,WSH,669743,689266,,,660688,518595,621566,645277,663586,606115,S,,foul,Foul,0,3,3,0,-0.063,0.0,R,4-Seam Fastball,93.4,R,L
716354,2023-10-01,2023,1,Top,7,3,1,1,2,ATL,WSH,669743,689266,,,660688,518595,621566,645277,663586,606115,B,,ball,Ball,0,3,3,0,0.039,0.0,R,Cutter,84.8,R,L
716354,2023-10-01,2023,1,Top,7,2,0,1,2,ATL,WSH,669743,689266,,,660688,518595,621566,645277,663586,606115,B,,ball,Ball,0,3,3,0,0.028,0.0,R,Cutter,85.2,R,L
716354,2023-10-01,2023,1,Top,7,1,0,0,2,ATL,WSH,669743,689266,,,660688,518595,621566,645277,663586,606115,S,,called_strike,Called Strike,0,3,3,0,-0.036,0.0,R,4-Seam Fastball,93.0,R,L
716354,2023-10-01,2023,1,Top,6,3,0,2,1,ATL,WSH,545121,689266,,660688,,518595,621566,645277,663586,606115,X,field_out,hit_into_play,Ildemaro Vargas flies out to right fielder Ronald Acuna Jr.  Keibert Ruiz to 3rd.,0,3,3,0,-0.183,0.018,R,4-Seam Fastball,93.3,R,L
716354,2023-10-01,2023,1,Top,6,2,0,1,1,ATL,WSH,545121,689266,,660688,,518595,621566,645277,663586,606115,S,,foul,Foul,0,3,3,0,-0.069,0.0,R,Slider,78.3,R,L
716354,2023-10-01,2023,1,Top,6,1,0,0,1,ATL,WSH,545121,689266,,660688,,518595,621566,645277,663586,606115,S,,called_strike,Called Strike,0,3,3,0,-0.038,0.0,R,4-Seam Fastball,93.0,R,L
716354,2023-10-01,2023,1,Top,5,1,0,0,0,ATL,WSH,666198,689266,,660688,,518595,621566,645277,663586,606115,X,field_out,hit_into_play,"Carter Kieboom grounds out, shortstop Orlando Arcia to first baseman Matt Olson.",0,3,3,0,-0.215,0.025,R,4-Seam Fastball,92.0,R,L
716354,2023-10-01,2023,1,Top,4,6,1,2,0,ATL,WSH,660688,689266,,608841,657041,518595,621566,645277,663586,606115,X,double,hit_into_play,Keibert Ruiz hits a ground-rule double (24) on a line drive down the left-field line.   Lane Thomas scores.    Joey Meneses scores.,0,1,1,0,0.814,-0.086,R,Cutter,86.5,R,L
716354,2023-10-01,2023,1,Top,4,5,1,2,0,ATL,WSH,660688,689266,,608841,657041,518595,621566,645277,663586,606115,S,,foul,Foul,0,1,1,0,0.0,0.0,R,Cutter,85.3,R,L
716354,2023-10-01,2023,1,Top,4,4,1,2,0,ATL,WSH,660688,689266,,608841,657041,518595,621566,645277,663586,606115,S,,foul,Foul,0,1,1,0,0.0,0.0,R,4-Seam Fastball,93.8,R,L
716354,2023-10-01,2023,1,Top,4,3,1,1,0,ATL,WSH,660688,689266,,608841,657041,518595,621566,645277,663586,606115,S,,foul,Foul,0,1,1,0,-0.081,0.0,R,4-Seam Fastball,92.5,R,L
716354,2023-10-01,2023,1,Top,4,2,0,1,0,ATL,WSH,660688,689266,,608841,657041,518595,621566,645277,663586,606115,B,,ball,Ball,0,1,1,0,0.037,0.0,R,4-Seam Fastball,93.4,R,L
716354,2023-10-01,2023,1,Top,4,1,0,0,0,ATL,WSH,660688,689266,,608841,657041,518595,621566,645277,663586,606115,S,,foul,Foul,0,1,1,0,-0.049,0.0,R,Slider,79.5,R,L
716354,2023-10-01,2023,1,Top,3,2,0,1,0,ATL,WSH,608841,689266,657041,,682928,518595,621566,645277,663586,606115,X,double,hit_into_play,Joey Meneses doubles (36) on a sharp fly ball to left fielder Eddie Rosario.   CJ Abrams scores.    Lane Thomas to 3rd.,0,0,0,0,0.661,-0.103,R,Cutter,85.9,R,L
716354,2023-10-01,2023,1,Top,3,1,0,0,0,ATL,WSH,608841,689266,657041,,682928,518595,621566,645277,663586,606115,S,,foul,Foul,0,0,0,0,-0.02,0.0,R,Cutter,86.7,R,L
716354,2023-10-01,2023,1,Top,2,5,2,2,0,ATL,WSH,657041,689266,,682928,,518595,621566,645277,663586,606115,X,single,hit_into_play,Lane Thomas singles on a ground ball to center fielder Michael Harris II.   CJ Abrams to 3rd.,0,0,0,0,0.56,-0.062,R,Changeup,82.8,R,L
716354,2023-10-01,2023,1,Top,2,4,2,1,0,ATL,WSH,657041,689266,,682928,,518595,621566,645277,663586,606115,S,,foul,Foul,0,0,0,0,-0.082,0.0,R,Cutter,86.9,R,L
716354,2023-10-01,2023,1,Top,2,3,1,1,0,ATL,WSH,657041,689266,682928,,,518595,621566,645277,663586,606115,B,,ball,Ball,0,0,0,0,0.042,-0.024,R,Slider,77.7,R,L
716354,2023-10-01,2023,1,Top,2,2,0,1,0,ATL,WSH,657041,689266,682928,,,518595,621566,645277,663586,606115,B,,ball,Ball,0,0,0,0,0.024,0.0,R,4-Seam Fastball,92.3,R,L
716354,2023-10-01,2023,1,Top,2,1,0,0,0,ATL,WSH,657041,689266,682928,,,518595,621566,645277,663586,606115,S,,foul,Foul,0,0,0,0,-0.036,0.0,R,4-Seam Fastball,92.9,R,L
716354,2023-10-01,2023,1,Top,1,1,0,0,0,ATL,WSH,682928,689266,,,,518595,621566,645277,663586,606115,X,single,hit_into_play,CJ Abrams singles on a ground ball to center fielder Michael Harris II.,0,0,0,0,0.432,-0.036,R,4-Seam Fastball,93.1,L,L
716353,2023-10-01,2023,9,Top,70,5,2,2,2,STL,CIN,656413,664854,,666181,682622,668800,663609,676761,578570,691026,S,strikeout,swinging_strike,Stuart Fairchild strikes out swinging.,4,3,3,4,-0.208,0.197,R,4-Seam Fastball,101.4,R,R
716353,2023-10-01,2023,9,Top,70,4,1,2,2,STL,CIN,656413,664854,,666181,682622,668800,663609,676761,578570,691026,B,,blocked_ball,Ball In Dirt,4,3,3,4,0.018,0.0,R,Slider,89.7,R,R
716353,2023-10-01,2023,9,Top,70,3,1,1,2,STL,CIN,656413,664854,,666181,682622,668800,663609,676761,578570,691026,S,,swinging_strike,Swinging Strike,4,3,3,4,-0.066,0.0,R,Slider,90.4,R,R
716353,2023-10-01,2023,9,Top,70,2,1,0,2,STL,CIN,656413,664854,,666181,682622,668800,663609,676761,578570,691026,S,,foul,Foul,4,3,3,4,-0.053,0.0,R,4-Seam Fastball,102.0,R,R
716353,2023-10-01,2023,9,Top,70,1,0,0,2,STL,CIN,656413,664854,,666181,682622,668800,663609,676761,578570,691026,B,,ball,Ball,4,3,3,4,0.018,0.0,R,Slider,89.8,R,R
716353,2023-10-01,2023,9,Top,69,4,1,2,1,STL,CIN,669222,664854,,666181,682622,668800,663609,676761,578570,691026,S,strikeout,swinging_strike,Nick Senzel strikes out swinging.,4,3,3,4,-0.331,0.248,R,Slider,89.2,R,R
716353,2023-10-01,2023,9,Top,69,3,0,2,1,STL,CIN,669222,664854,666181,,682622,668800,663609,676761,578570,691026,B,,ball,Ball,4,3,3,4,0.002,-0.08,R,Slider,90.5,R,R
716353,2023-10-01,2023,9,Top,69,2,0,1,1,STL,CIN,669222,664854,666181,,682622,668800,663609,676761,578570,691026,S,,foul,Foul,4,3,3,4,-0.065,0.0,R,Slider,89.1,R,R
716353,2023-10-01,2023,9,Top,69,1,0,0,1,STL,CIN,669222,664854,666181,,682622,668800,663609,676761,578570,691026,S,,called_strike,Called Strike,4,3,3,4,-0.044,0.0,R,Slider,86.4,R,R
716353,2023-10-01,2023,9,Top,68,1,0,0,1,STL,CIN,666181,664854,,682622,,668800,663609,676761,578570,691026,X,single,hit_into_play,Will Benson singles on a line drive to right fielder Jordan Walker.   Noelvi Marte to 3rd.,4,3,3,4,0.544,-0.141,R,4-Seam Fastball,100.1,L,R
716353,2023-10-01,2023,9,Top,67,1,0,0,1,STL,CIN,682622,664854,,,,668800,663609,676761,578570,691026,X,double,hit_into_play,Noelvi Marte doubles (7) on a line drive to right fielder Jordan Walker.,4,3,3,4,0.662,-0.137,R,4-Seam Fastball,99.2,R,R
716353,2023-10-01,2023,9,Top,66,5,2,2,0,STL,CIN,687952,664854,,,,668800,663609,676761,578570,691026,X,field_out,hit_into_play,"Christian Encarnacion-Strand grounds out softly, first baseman Luken Baker to pitcher Ryan Helsley.",4,3,3,4,-0.239,0.071,R,Slider,87.4,R,R
716353,2023-10-01,2023,9,Top,66,4,1,2,0,STL,CIN,687952,664854,,,,668800,663609,676761,578570,691026,B,,ball,Ball,4,3,3,4,0.046,0.0,R,Slider,90.8,R,R
716353,2023-10-01,2023,9,Top,66,3,1,1,0,STL,CIN,687952,664854,,,,668800,663609,676761,578570,691026,S,,called_strike,Called Strike,4,3,3,4,-0.061,0.0,R,4-Seam Fastball,99.7,R,R
716353,2023-10-01,2023,9,Top,66,2,1,0,0,STL,CIN,687952,664854,,,,668800,663609,676761,578570,691026,S,,foul,Foul,4,3,3,4,-0.052,0.0,R,4-Seam Fastball,98.7,R,R
716353,2023-10-01,2023,9,Top,66,1,0,0,0,STL,CIN,687952,664854,,,,668800,663609,676761,578570,691026,B,,ball,Ball,4,3,3,4,0.04,0.0,R,4-Seam Fastball,99.2,R,R
716353,2023-10-01,2023,8,Bot,65,5,1,2,2,STL,CIN,676761,641427,,,,571912,663886,669222,682622,682829,X,field_out,hit_into_play,"Irving Lopez grounds out, first baseman Tyler Stephenson to pitcher Alan Busenitz.",4,3,4,3,-0.191,-0.007,R,4-Seam Fastball,93.9,L,R
716353,2023-10-01,2023,8,Bot,65,4,1,2,2,STL,CIN,676761,641427,,,,571912,663886,669222,682622,682829,S,,foul,Foul,4,3,4,3,0.0,0.0,R,Curveball,83.0,L,R
716353,2023-10-01,2023,8,Bot,65,3,0,2,2,STL,CIN,676761,641427,,,,571912,663886,669222,682622,682829,B,,ball,Ball,4,3,4,3,0.022,0.0,R,4-Seam Fastball,94.4,L,R
716353,2023-10-01,2023,8,Bot,65,2,0,1,2,STL,CIN,676761,641427,,,,571912,663886,669222,682622,682829,S,,called_strike,Called Strike,4,3,4,3,-0.061,0.0,R,Curveball,83.7,L,R
716353,2023-10-01,2023,8,Bot,65,1,0,0,2,STL,CIN,676761,641427,,,,571912,663886,669222,682622,682829,S,,called_strike,Called Strike,4,3,4,3,-0.045,0.0,R,Curveball,83.3,L,R
716353,2023-10-01,2023,8,Bot,64,5,0,2,1,STL,CIN,425794,641427,,,,571912,663886,669222,682622,682829,S,strikeout,swinging_strike,Adam Wainwright strikes out swinging.,4,3,4,3,-0.17,-0.009,R,4-Seam Fastball,95.3,R,R
716353,2023-10-01,2023,8,Bot,64,4,0,2,1,STL,CIN,425794,641427,,,,571912,663886,669222,682622,682829,S,,foul,Foul,4,3,4,3,0.0,0.0,R,4-Seam Fastball,94.4,R,R
716353,2023-10-01,2023,8,Bot,64,3,0,2,1,STL,CIN,425794,641427,,,,571912,663886,669222,682622,682829,S,,foul,Foul,4,3,4,3,0.0,0.0,R,4-Seam Fastball,95.0,R,R
716353,2023-10-01,2023,8,Bot,64,2,0,1,1,STL,CIN,425794,641427,,,,571912,663886,669222,682622,682829,S,,swinging_strike,Swinging Strike,4,3,4,3,-0.057,0.0,R,4-Seam Fastball,94.3,R,R
716353,2023-10-01,2023,8,Bot,64,1,0,0,1,STL,CIN,425794,641427,,,,571912,663886,669222,682622,682829,S,,called_strike,Called Strike,4,3,4,3,-0.041,0.0,R,4-Seam Fastball,95.2,R,R
716353,2023-10-01,2023,8,Bot,63,5,2,2,0,STL,CIN,668800,641427,,,,571912,663886,669222,682622,682829,S,strikeout,called_strike,Andrew Knizner called out on strikes.,4,3,4,3,-0.239,-0.013,R,Sweeper,84.0,R,R
716353,2023-10-01,2023,8,Bot,63,4,1,2,0,STL,CIN,668800,641427,,,,571912,663886,669222,682622,682829,B,,ball,Ball,4,3,4,3,0.046,0.0,R,Sweeper,83.2,R,R
716353,2023-10-01,2023,8,Bot,63,3,0,2,0,STL,CIN,668800,641427,,,,571912,663886,669222,682622,682829,B,,ball,Ball,4,3,4,3,0.024,0.0,R,Sweeper,84.2,R,R
716353,2023-10-01,2023,8,Bot,63,2,0,1,0,STL,CIN,668800,641427,,,,571912,663886,669222,682622,682829,S,,foul,Foul,4,3,4,3,-0.054,0.0,R,Sinker,93.8,R,R
716353,2023-10-01,2023,8,Bot,63,1,0,0,0,STL,CIN,668800,641427,,,,571912,663886,669222,682622,682829,S,,called_strike,Called Strike,4,3,4,3,-0.042,0.0,R,Slider,84.1,R,R
716353,2023-10-01,2023,8,Top,62,3,2,0,2,STL,CIN,663886,667463,,,,668800,663609,676761,665877,691026,X,field_out,hit_into_play,"Tyler Stephenson grounds out, pitcher John King to first baseman Luken Baker.",4,3,3,4,-0.374,0.025,R,Sinker,92.3,R,L
716353,2023-10-01,2023,8,Top,62,2,1,0,2,STL,CIN,663886,667463,,,,668800,663609,676761,665877,691026,B,,ball,Ball,4,3,3,4,0.056,0.0,R,Sinker,92.4,R,L
716353,2023-10-01,2023,8,Top,62,1,0,0,2,STL,CIN,663886,667463,,,,668800,663609,676761,665877,691026,B,,ball,Ball,4,3,3,4,0.043,0.0,R,Sinker,92.8,R,L
716353,2023-10-01,2023,8,Top,61,6,3,2,1,STL,CIN,682829,667463,,,,668800,663609,676761,665877,691026,S,strikeout,swinging_strike,Elly De La Cruz strikes out swinging.,4,3,3,4,-0.328,0.039,R,Changeup,84.9,R,L
716353,2023-10-01,2023,8,Top,61,5,2,2,1,STL,CIN,682829,667463,,,,668800,663609,676761,665877,691026,B,,ball,Ball,4,3,3,4,0.094,0.0,R,Changeup,84.4,R,L
716353,2023-10-01,2023,8,Top,61,4,1,2,1,STL,CIN,682829,667463,,,,668800,663609,676761,665877,691026,B,,ball,Ball,4,3,3,4,0.045,0.0,R,Sinker,93.5,R,L
716353,2023-10-01,2023,8,Top,61,3,1,1,1,STL,CIN,682829,667463,,,,668800,663609,676761,665877,691026,S,,foul,Foul,4,3,3,4,-0.068,0.0,R,Changeup,83.4,R,L
716353,2023-10-01,2023,8,Top,61,2,0,1,1,STL,CIN,682829,667463,,,,668800,663609,676761,665877,691026,B,,ball,Ball,4,3,3,4,0.03,0.0,R,Changeup,84.6,R,L
716353,2023-10-01,2023,8,Top,61,1,0,0,1,STL,CIN,682829,667463,,,,668800,663609,676761,665877,691026,S,,swinging_strike,Swinging Strike,4,3,3,4,-0.041,0.0,R,Changeup,83.8,R,L
716353,2023-10-01,2023,8,Top,60,3,0,2,0,STL,CIN,605361,667463,,,,668800,663609,676761,665877,691026,S,strikeout,swinging_strike_blocked,Nick Martini strikes out swinging.,4,3,3,4,-0.169,0.054,R,Slider,84.8,L,L
716353,2023-10-01,2023,8,Top,60,2,0,1,0,STL,CIN,605361,667463,,,,668800,663609,676761,665877,691026,S,,foul,Foul,4,3,3,4,-0.054,0.0,R,Changeup,83.0,L,L
716353,2023-10-01,2023,8,Top,60,1,0,0,0,STL,CIN,605361,667463,,,,668800,663609,676761,665877,691026,S,,swinging_strike,Swinging Strike,4,3,3,4,-0.042,0.0,R,Sinker,91.7,L,L
716353,2023-10-01,2023,7,Bot,59,2,0,1,2,STL,CIN,680700,641427,,,,571912,663886,669222,682622,682829,X,field_out,hit_into_play,"Richie Palacios grounds out, shortstop Elly De La Cruz to first baseman Tyler Stephenson.",4,3,4,3,-0.23,-0.009,R,Cutter,91.5,L,R
716353,2023-10-01,2023,7,Bot,59,1,0,0,2,STL,CIN,680700,641427,,,,571912,663886,669222,682622,682829,S,,called_strike,Called Strike,4,3,4,3,-0.045,0.0,R,Curveball,83.6,L,R
716353,2023-10-01,2023,7,Bot,58,4,1,2,1,STL,CIN,663609,641427,,,,571912,663886,669222,682622,682829,X,field_out,hit_into_play,Luken Baker flies out to right fielder Will Benson.,4,3,4,3,-0.189,-0.014,R,Curveball,83.6,R,R
716353,2023-10-01,2023,7,Bot,58,3,1,1,1,STL,CIN,663609,641427,,,,571912,663886,669222,682622,682829,S,,foul,Foul,4,3,4,3,-0.068,0.0,R,Sinker,95.0,R,R
716353,2023-10-01,2023,7,Bot,58,2,1,0,1,STL,CIN,663609,641427,,,,571912,663886,669222,682622,682829,S,,called_strike,Called Strike,4,3,4,3,-0.05,0.0,R,Sweeper,83.2,R,R
716353,2023-10-01,2023,7,Bot,58,1,0,0,1,STL,CIN,663609,641427,,,,571912,663886,669222,682622,682829,B,,ball,Ball,4,3,4,3,0.039,0.0,R,Cutter,91.3,R,R
716353,2023-10-01,2023,7,Bot,57,2,1,0,0,STL,CIN,691023,641427,,,,571912,663886,669222,682622,682829,X,field_out,hit_into_play,Jordan Walker flies out sharply to center fielder Stuart Fairchild.,4,3,4,3,-0.306,-0.018,R,Sinker,95.0,R,R
716353,2023-10-01,2023,7,Bot,57,1,0,0,0,STL,CIN,691023,641427,,,,571912,663886,669222,682622,682829,B,,ball,Ball,4,3,4,3,0.04,0.0,R,Sweeper,83.4,R,R
716353,2023-10-01,2023,7,Top,56,3,0,2,2,STL,CIN,571912,571945,,656413,,668800,663609,676761,665877,691026,X,field_out,hit_into_play,Luke Maile flies out sharply to center fielder Tommy Edman.,4,3,3,4,-0.187,0.065,R,4-Seam Fastball,94.2,R,R
716353,2023-10-01,2023,7,Top,56,2,0,1,2,STL,CIN,571912,571945,,656413,,668800,663609,676761,665877,691026,S,,swinging_strike,Swinging Strike,4,3,3,4,-0.061,0.0,R,4-Seam Fastball,94.1,R,R
716353,2023-10-01,2023,7,Top,56,1,0,0,2,STL,CIN,571912,571945,,656413,,668800,663609,676761,665877,691026,S,,foul,Foul,4,3,3,4,-0.046,0.0,R,4-Seam Fastball,93.5,R,R
716353,2023-10-01,2023,7,Top,55,2,0,1,2,STL,CIN,656413,571945,666181,,,668800,663609,676761,665877,691026,X,double,hit_into_play,Stuart Fairchild doubles (16) on a sharp fly ball to left fielder Richie Palacios.   Will Benson scores.,4,2,2,4,0.926,-0.131,R,Slider,85.8,R,R
716353,2023-10-01,2023,7,Top,55,1,0,0,2,STL,CIN,656413,571945,666181,,,668800,663609,676761,665877,691026,S,,foul,Foul,4,2,2,4,-0.045,0.0,R,4-Seam Fastball,94.1,R,R
716353,2023-10-01,2023,7,Top,54,4,1,2,1,STL,CIN,669222,571945,666181,,,668800,663609,676761,665877,691026,S,strikeout,swinging_strike,Nick Senzel strikes out swinging.,4,2,2,4,-0.183,0.042,R,4-Seam Fastball,94.1,R,R
716353,2023-10-01,2023,7,Top,54,3,1,1,1,STL,CIN,669222,571945,666181,,,668800,663609,676761,665877,691026,S,,foul,Foul,4,2,2,4,-0.055,0.0,R,Curveball,76.5,R,R
716353,2023-10-01,2023,7,Top,54,2,0,1,1,STL,CIN,669222,571945,666181,,,668800,663609,676761,665877,691026,B,,blocked_ball,Ball In Dirt,4,2,2,4,0.025,0.0,R,Curveball,75.3,R,R
716353,2023-10-01,2023,7,Top,54,1,0,0,1,STL,CIN,669222,571945,666181,,,668800,663609,676761,665877,691026,S,,foul,Foul,4,2,2,4,-0.042,0.0,R,4-Seam Fastball,91.8,R,R
716353,2023-10-01,2023,7,Top,53,1,0,0,1,STL,CIN,666181,571945,,,,668800,663609,676761,665877,691026,X,single,hit_into_play,Will Benson singles on a ground ball to left fielder Richie Palacios.,4,2,2,4,0.416,-0.039,R,4-Seam Fastball,93.7,L,R
716353,2023-10-01,2023,7,Top,52,4,0,2,0,STL,CIN,682622,571945,,,,668800,663609,676761,665877,691026,S,strikeout,swinging_strike,Noelvi Marte strikes out swinging.,4,2,2,4,-0.169,0.033,R,Curveball,75.3,R,R
716353,2023-10-01,2023,7,Top,52,3,0,2,0,STL,CIN,682622,571945,,,,668800,663609,676761,665877,691026,S,,foul,Foul,4,2,2,4,0.0,0.0,R,4-Seam Fastball,93.4,R,R
716353,2023-10-01,2023,7,Top,52,2,0,1,0,STL,CIN,682622,571945,,,,668800,663609,676761,665877,691026,S,,called_strike,Called Strike,4,2,2,4,-0.054,0.0,R,4-Seam Fastball,92.6,R,R
716353,2023-10-01,2023,7,Top,52,1,0,0,0,STL,CIN,682622,571945,,,,668800,663609,676761,665877,691026,S,,called_strike,Called Strike,4,2,2,4,-0.042,0.0,R,Curveball,74.5,R,R
716353,2023-10-01,2023,6,Bot,51,5,0,2,2,STL,CIN,663457,622065,,,,571912,663886,669222,682622,682829,S,strikeout,swinging_strike,Lars Nootbaar strikes out swinging.,4,2,4,2,-0.169,-0.007,R,Changeup,83.9,L,L
716353,2023-10-01,2023,6,Bot,51,4,0,2,2,STL,CIN,663457,622065,,,,571912,663886,669222,682622,682829,S,,foul,Foul,4,2,4,2,0.0,0.0,R,Sinker,89.7,L,L
716353,2023-10-01,2023,6,Bot,51,3,0,2,2,STL,CIN,663457,622065,,,,571912,663886,669222,682622,682829,S,,foul,Foul,4,2,4,2,0.0,0.0,R,Curveball,78.8,L,L
716353,2023-10-01,2023,6,Bot,51,2,0,1,2,STL,CIN,663457,622065,,,,571912,663886,669222,682622,682829,S,,foul,Foul,4,2,4,2,-0.061,0.0,R,Sinker,89.4,L,L
716353,2023-10-01,2023,6,Bot,51,1,0,0,2,STL,CIN,663457,622065,,,,571912,663886,669222,682622,682829,S,,called_strike,Called Strike,4,2,4,2,-0.045,0.0,R,Curveball,80.1,L,L
716353,2023-10-01,2023,6,Bot,50,1,0,0,1,STL,CIN,669242,622065,,,,571912,663886,669222,682622,682829,X,field_out,hit_into_play,Tommy Edman flies out sharply to center fielder Stuart Fairchild.,4,2,4,2,-0.267,-0.009,R,Sinker,88.1,R,L
716353,2023-10-01,2023,6,Bot,49,2,1,0,0,STL,CIN,691026,622065,,,,571912,663886,669222,682622,682829,X,field_out,hit_into_play,Masyn Winn pops out to second baseman Nick Senzel.,4,2,4,2,-0.306,-0.012,R,4-Seam Fastball,89.8,R,L
716353,2023-10-01,2023,6,Bot,49,1,0,0,0,STL,CIN,691026,622065,,,,571912,663886,669222,682622,682829,B,,ball,Ball,4,2,4,2,0.04,0.0,R,Changeup,81.6,R,L
716353,2023-10-01,2023,6,Top,48,3,0,2,2,STL,CIN,687952,571945,,,,668800,663609,676761,665877,691026,S,strikeout,swinging_strike,Christian Encarnacion-Strand strikes out swinging.,4,2,2,4,-0.169,0.012,R,4-Seam Fastball,94.7,R,R
716353,2023-10-01,2023,6,Top,48,2,0,1,2,STL,CIN,687952,571945,,,,668800,663609,676761,665877,691026,S,,swinging_strike,Swinging Strike,4,2,2,4,-0.061,0.0,R,4-Seam Fastball,93.7,R,R
716353,2023-10-01,2023,6,Top,48,1,0,0,2,STL,CIN,687952,571945,,,,668800,663609,676761,665877,691026,S,,swinging_strike,Swinging Strike,4,2,2,4,-0.045,0.0,R,4-Seam Fastball,94.1,R,R
716353,2023-10-01,2023,6,Top,47,5,3,1,1,STL,CIN,663886,571945,,,,668800,663609,676761,665877,691026,X,field_out,hit_into_play,Tyler Stephenson lines out sharply to center fielder Tommy Edman.,4,2,2,4,-0.432,0.021,R,Sinker,91.9,R,R
716353,2023-10-01,2023,6,Top,47,4,2,1,1,STL,CIN,663886,571945,,,,668800,663609,676761,665877,691026,B,,ball,Ball,4,2,2,4,0.122,0.0,R,Slider,83.7,R,R
716353,2023-10-01,2023,6,Top,47,3,1,1,1,STL,CIN,663886,571945,,,,668800,663609,676761,665877,691026,B,,ball,Ball,4,2,2,4,0.054,0.0,R,Curveball,73.9,R,R
716353,2023-10-01,2023,6,Top,47,2,0,1,1,STL,CIN,663886,571945,,,,668800,663609,676761,665877,691026,B,,ball,Ball,4,2,2,4,0.03,0.0,R,Slider,85.2,R,R
716353,2023-10-01,2023,6,Top,47,1,0,0,1,STL,CIN,663886,571945,,,,668800,663609,676761,665877,691026,S,,called_strike,Called Strike,4,2,2,4,-0.041,0.0,R,Curveball,75.3,R,R
716353,2023-10-01,2023,6,Top,46,4,0,2,0,STL,CIN,682829,571945,,,,668800,663609,676761,665877,691026,S,strikeout,called_strike,Elly De La Cruz called out on strikes.,4,2,2,4,-0.169,0.03,R,4-Seam Fastball,92.2,L,R
716353,2023-10-01,2023,6,Top,46,3,0,2,0,STL,CIN,682829,571945,,,,668800,663609,676761,665877,691026,S,,foul,Foul,4,2,2,4,0.0,0.0,R,Curveball,74.5,L,R
716353,2023-10-01,2023,6,Top,46,2,0,1,0,STL,CIN,682829,571945,,,,668800,663609,676761,665877,691026,S,,swinging_strike,Swinging Strike,4,2,2,4,-0.054,0.0,R,4-Seam Fastball,91.3,L,R
716353,2023-10-01,2023,6,Top,46,1,0,0,0,STL,CIN,682829,571945,,,,668800,663609,676761,665877,691026,S,,swinging_strike,Swinging Strike,4,2,2,4,-0.042,0.0,R,Slider,84.0,L,R
716353,2023-10-01,2023,5,Bot,45,8,3,2,2,STL,CIN,676761,668881,665877,668800,691023,571912,663886,669222,682622,682829,X,field_out,hit_into_play,Irving Lopez flies out to center fielder Stuart Fairchild.,4,2,4,2,-0.283,-0.043,R,4-Seam Fastball,99.5,L,R
716353,2023-10-01,2023,5,Bot,45,7,3,2,2,STL,CIN,676761,668881,665877,668800,691023,571912,663886,669222,682622,682829,S,,foul,Foul,4,2,4,2,0.0,0.0,R,4-Seam Fastball,99.4,L,R
716353,2023-10-01,2023,5,Bot,45,6,2,2,2,STL,CIN,676761,668881,665877,668800,691023,571912,663886,669222,682622,682829,B,,ball,Ball,4,2,4,2,0.058,0.0,R,Slider,86.3,L,R
716353,2023-10-01,2023,5,Bot,45,5,2,2,2,STL,CIN,676761,668881,665877,668800,691023,571912,663886,669222,682622,682829,S,,foul,Foul,4,2,4,2,0.0,0.0,R,4-Seam Fastball,99.8,L,R
716353,2023-10-01,2023,5,Bot,45,4,2,1,2,STL,CIN,676761,668881,665877,668800,691023,571912,663886,669222,682622,682829,S,,called_strike,Called Strike,4,2,4,2,-0.076,0.0,R,Slider,86.0,L,R
716353,2023-10-01,2023,5,Bot,45,3,1,1,2,STL,CIN,676761,668881,665877,668800,691023,571912,663886,669222,682622,682829,B,,ball,Ball,4,2,4,2,0.047,0.0,R,Slider,86.8,L,R
716353,2023-10-01,2023,5,Bot,45,2,0,1,2,STL,CIN,676761,668881,665877,668800,691023,571912,663886,669222,682622,682829,B,,ball,Ball,4,2,4,2,0.034,0.0,R,4-Seam Fastball,98.6,L,R
716353,2023-10-01,2023,5,Bot,45,1,0,0,2,STL,CIN,676761,668881,665877,668800,691023,571912,663886,669222,682622,682829,S,,foul,Foul,4,2,4,2,-0.047,0.0,R,4-Seam Fastball,99.1,L,R
716353,2023-10-01,2023,5,Bot,44,4,3,0,2,STL,CIN,665877,668881,668800,,691023,571912,663886,669222,682622,682829,B,walk,ball,Jose Fermin walks.   Andrew Knizner to 2nd.,4,2,4,2,0.029,0.012,R,4-Seam Fastball,98.4,R,R
716353,2023-10-01,2023,5,Bot,44,3,2,0,2,STL,CIN,665877,668881,668800,,691023,571912,663886,669222,682622,682829,B,,ball,Ball,4,2,4,2,0.057,0.0,R,Slider,88.0,R,R
716353,2023-10-01,2023,5,Bot,44,2,1,0,2,STL,CIN,665877,668881,668800,,691023,571912,663886,669222,682622,682829,B,,ball,Ball,4,2,4,2,0.042,0.0,R,Slider,85.7,R,R
716353,2023-10-01,2023,5,Bot,44,1,0,0,2,STL,CIN,665877,668881,668800,,691023,571912,663886,669222,682622,682829,B,,ball,Ball,4,2,4,2,0.042,0.0,R,4-Seam Fastball,98.9,R,R
716353,2023-10-01,2023,5,Bot,43,1,0,0,2,STL,CIN,668800,668881,691023,,,571912,663886,669222,682622,682829,X,single,hit_into_play,Andrew Knizner singles on a ground ball to left fielder Nick Martini.   Jordan Walker to 3rd.,4,2,4,2,0.368,0.017,R,Slider,87.3,R,R
716353,2023-10-01,2023,5,Bot,42,1,0,0,1,STL,CIN,680700,668881,691023,,,571912,663886,669222,682622,682829,X,field_out,hit_into_play,Richie Palacios flies out to center fielder Stuart Fairchild.,4,2,4,2,-0.257,-0.018,R,Changeup,90.6,L,R
716353,2023-10-01,2023,5,Bot,41,6,1,2,0,STL,CIN,663609,668881,691023,,,571912,663886,669222,682622,682829,S,strikeout,called_strike,Luken Baker called out on strikes.,4,2,4,2,-0.165,-0.02,R,4-Seam Fastball,97.4,R,R
716353,2023-10-01,2023,5,Bot,41,5,1,2,0,STL,CIN,663609,668881,691023,,,571912,663886,669222,682622,682829,S,,foul,Foul,4,2,4,2,0.0,0.0,R,4-Seam Fastball,98.7,R,R
716353,2023-10-01,2023,5,Bot,41,4,1,2,0,STL,CIN,663609,668881,691023,,,571912,663886,669222,682622,682829,S,,foul,Foul,4,2,4,2,0.0,0.0,R,Slider,88.9,R,R
716353,2023-10-01,2023,5,Bot,41,3,0,2,0,STL,CIN,663609,668881,691023,,,571912,663886,669222,682622,682829,B,,ball,Ball,4,2,4,2,0.008,0.0,R,Slider,89.5,R,R
716353,2023-10-01,2023,5,Bot,41,2,0,1,0,STL,CIN,663609,668881,691023,,,571912,663886,669222,682622,682829,S,,swinging_strike,Swinging Strike,4,2,4,2,-0.043,0.0,R,Slider,88.1,R,R
716353,2023-10-01,2023,5,Bot,41,1,0,0,0,STL,CIN,663609,668881,691023,,,571912,663886,669222,682622,682829,S,,called_strike,Called Strike,4,2,4,2,-0.036,0.0,R,4-Seam Fastball,99.4,R,R
716353,2023-10-01,2023,5,Bot,40,6,3,2,0,STL,CIN,691023,668881,,,,571912,663886,669222,682622,682829,X,single,hit_into_play,Jordan Walker singles on a line drive to center fielder Stuart Fairchild.,4,2,4,2,0.344,0.021,R,Slider,87.3,R,R
716353,2023-10-01,2023,5,Bot,40,5,2,2,0,STL,CIN,691023,668881,,,,571912,663886,669222,682622,682829,B,,ball,Ball,4,2,4,2,0.115,0.0,R,4-Seam Fastball,97.4,R,R
716353,2023-10-01,2023,5,Bot,40,4,1,2,0,STL,CIN,691023,668881,,,,571912,663886,669222,682622,682829,B,,ball,Ball,4,2,4,2,0.046,0.0,R,Slider,86.0,R,R
716353,2023-10-01,2023,5,Bot,40,3,1,1,0,STL,CIN,691023,668881,,,,571912,663886,669222,682622,682829,S,,swinging_strike,Swinging Strike,4,2,4,2,-0.061,0.0,R,Slider,85.8,R,R
716353,2023-10-01,2023,5,Bot,40,2,0,1,0,STL,CIN,691023,668881,,,,571912,663886,669222,682622,682829,B,,ball,Ball,4,2,4,2,0.031,0.0,R,Changeup,88.6,R,R
716353,2023-10-01,2023,5,Bot,40,1,0,0,0,STL,CIN,691023,668881,,,,571912,663886,669222,682622,682829,S,,swinging_strike,Swinging Strike,4,2,4,2,-0.042,0.0,R,Slider,86.5,R,R
716353,2023-10-01,2023,5,Top,39,6,1,2,2,STL,CIN,605361,571945,,,,668800,663609,676761,665877,691026,S,strikeout,called_strike,Nick Martini called out on strikes.,4,2,2,4,-0.191,0.012,R,4-Seam Fastball,94.2,L,R
716353,2023-10-01,2023,5,Top,39,5,1,2,2,STL,CIN,605361,571945,,,,668800,663609,676761,665877,691026,S,,foul,Foul,4,2,2,4,0.0,0.0,R,4-Seam Fastball,94.2,L,R
716353,2023-10-01,2023,5,Top,39,4,0,2,2,STL,CIN,605361,571945,,,,668800,663609,676761,665877,691026,B,,ball,Ball,4,2,2,4,0.022,0.0,R,Sinker,93.7,L,R
716353,2023-10-01,2023,5,Top,39,3,0,2,2,STL,CIN,605361,571945,,,,668800,663609,676761,665877,691026,S,,foul,Foul,4,2,2,4,0.0,0.0,R,Curveball,75.2,L,R
716353,2023-10-01,2023,5,Top,39,2,0,1,2,STL,CIN,605361,571945,,,,668800,663609,676761,665877,691026,S,,foul,Foul,4,2,2,4,-0.061,0.0,R,Changeup,86.2,L,R
716353,2023-10-01,2023,5,Top,39,1,0,0,2,STL,CIN,605361,571945,,,,668800,663609,676761,665877,691026,S,,called_strike,Called Strike,4,2,2,4,-0.045,0.0,R,Curveball,76.1,L,R
716353,2023-10-01,2023,5,Top,38,3,0,2,1,STL,CIN,571912,571945,,,,668800,663609,676761,665877,691026,S,strikeout,swinging_strike_blocked,Luke Maile strikes out swinging.,4,2,2,4,-0.17,0.019,R,Curveball,76.6,R,R
716353,2023-10-01,2023,5,Top,38,2,0,1,1,STL,CIN,571912,571945,,,,668800,663609,676761,665877,691026,S,,foul,Foul,4,2,2,4,-0.057,0.0,R,4-Seam Fastball,92.5,R,R
716353,2023-10-01,2023,5,Top,38,1,0,0,1,STL,CIN,571912,571945,,,,668800,663609,676761,665877,691026,S,,called_strike,Called Strike,4,2,2,4,-0.041,0.0,R,Slider,84.5,R,R
716353,2023-10-01,2023,5,Top,37,2,0,1,0,STL,CIN,656413,571945,,,,668800,663609,676761,665877,691026,X,field_out,hit_into_play,Stuart Fairchild flies out to right fielder Jordan Walker.,4,2,2,4,-0.223,0.028,R,4-Seam Fastball,92.8,R,R
716353,2023-10-01,2023,5,Top,37,1,0,0,0,STL,CIN,656413,571945,,,,668800,663609,676761,665877,691026,S,,foul,Foul,4,2,2,4,-0.042,0.0,R,4-Seam Fastball,92.6,R,R
716353,2023-10-01,2023,4,Bot,36,5,2,2,2,STL,CIN,663457,668881,,,,571912,663886,669222,682622,682829,S,strikeout,called_strike,Lars Nootbaar called out on strikes.,4,2,4,2,-0.233,-0.007,R,Slider,83.9,L,R
716353,2023-10-01,2023,4,Bot,36,4,2,1,1,STL,CIN,663457,668881,669242,,,571912,663886,669222,682622,682829,S,,called_strike,Called Strike,4,2,4,2,-0.054,-0.027,R,Slider,87.6,L,R
716353,2023-10-01,2023,4,Bot,36,3,1,1,1,STL,CIN,663457,668881,669242,,,571912,663886,669222,682622,682829,B,,ball,Ball,4,2,4,2,0.046,0.0,R,4-Seam Fastball,98.3,L,R
716353,2023-10-01,2023,4,Bot,36,2,0,1,1,STL,CIN,663457,668881,669242,,,571912,663886,669222,682622,682829,B,,ball,Ball,4,2,4,2,0.025,0.0,R,Changeup,90.1,L,R
716353,2023-10-01,2023,4,Bot,36,1,0,0,1,STL,CIN,663457,668881,669242,,,571912,663886,669222,682622,682829,S,,called_strike,Called Strike,4,2,4,2,-0.042,0.0,R,Slider,87.2,L,R
716353,2023-10-01,2023,4,Bot,35,4,2,1,1,STL,CIN,669242,668881,,,,571912,663886,669222,682622,682829,X,single,hit_into_play,Tommy Edman singles on a line drive to right fielder Will Benson.,4,2,4,2,0.373,0.016,R,4-Seam Fastball,97.5,L,R
716353,2023-10-01,2023,4,Bot,35,3,1,1,1,STL,CIN,669242,668881,,,,571912,663886,669222,682622,682829,B,,ball,Ball,4,2,4,2,0.054,0.0,R,Changeup,89.9,L,R
716353,2023-10-01,2023,4,Bot,35,2,1,0,1,STL,CIN,669242,668881,,,,571912,663886,669222,682622,682829,S,,foul,Foul,4,2,4,2,-0.05,0.0,R,4-Seam Fastball,96.2,L,R
716353,2023-10-01,2023,4,Bot,35,1,0,0,1,STL,CIN,669242,668881,,,,571912,663886,669222,682622,682829,B,,ball,Ball,4,2,4,2,0.039,0.0,R,Changeup,88.5,L,R
716353,2023-10-01,2023,4,Bot,34,1,0,0,0,STL,CIN,691026,668881,,,,571912,663886,669222,682622,682829,X,field_out,hit_into_play,"Masyn Winn grounds out, shortstop Elly De La Cruz to first baseman Tyler Stephenson.",4,2,4,2,-0.265,-0.014,R,Slider,84.9,R,R
716353,2023-10-01,2023,4,Top,33,1,0,0,2,STL,CIN,669222,571945,687952,,,668800,663609,676761,665877,691026,X,field_out,hit_into_play,Nick Senzel pops out to third baseman Jose Fermin.,4,2,2,4,-0.286,0.025,R,Slider,84.4,R,R
716353,2023-10-01,2023,4,Top,32,2,1,0,1,STL,CIN,666181,571945,687952,,,668800,663609,676761,665877,691026,X,field_out,hit_into_play,Will Benson flies out to right fielder Jordan Walker.,4,2,2,4,-0.293,0.033,R,Slider,86.7,L,R
716353,2023-10-01,2023,4,Top,32,1,0,0,1,STL,CIN,666181,571945,687952,,,668800,663609,676761,665877,691026,B,,ball,Ball,4,2,2,4,0.036,0.0,R,Slider,87.6,L,R
716353,2023-10-01,2023,4,Top,31,2,0,1,0,STL,CIN,682622,571945,687952,,,668800,663609,676761,665877,691026,X,field_out,hit_into_play,Noelvi Marte flies out to right fielder Jordan Walker.,4,2,2,4,-0.205,0.041,R,4-Seam Fastball,92.3,R,R
716353,2023-10-01,2023,4,Top,31,1,0,0,0,STL,CIN,682622,571945,687952,,,668800,663609,676761,665877,691026,S,,called_strike,Called Strike,4,2,2,4,-0.036,0.0,R,Sinker,91.6,R,R
716353,2023-10-01,2023,4,Top,30,5,2,2,0,STL,CIN,687952,571945,,,,668800,663609,676761,665877,691026,X,single,hit_into_play,Christian Encarnacion-Strand singles on a line drive to center fielder Tommy Edman.,4,2,2,4,0.459,-0.044,R,Slider,86.7,R,R
716353,2023-10-01,2023,4,Top,30,4,2,1,0,STL,CIN,687952,571945,,,,668800,663609,676761,665877,691026,S,,called_strike,Called Strike,4,2,2,4,-0.074,0.0,R,4-Seam Fastball,92.9,R,R
716353,2023-10-01,2023,4,Top,30,3,1,1,0,STL,CIN,687952,571945,,,,668800,663609,676761,665877,691026,B,,ball,Ball,4,2,2,4,0.059,0.0,R,Curveball,76.6,R,R
716353,2023-10-01,2023,4,Top,30,2,0,1,0,STL,CIN,687952,571945,,,,668800,663609,676761,665877,691026,B,,ball,Ball,4,2,2,4,0.031,0.0,R,4-Seam Fastball,93.4,R,R
716353,2023-10-01,2023,4,Top,30,1,0,0,0,STL,CIN,687952,571945,,,,668800,663609,676761,665877,691026,S,,swinging_strike,Swinging Strike,4,2,2,4,-0.042,0.0,R,Sinker,91.6,R,R
716353,2023-10-01,2023,3,Bot,29,3,1,1,2,STL,CIN,676761,668881,665877,,680700,571912,663886,669222,682622,682829,X,field_out,hit_into_play,"Irving Lopez grounds out, second baseman Nick Senzel to first baseman Tyler Stephenson.",4,2,4,2,-0.301,-0.034,R,4-Seam Fastball,98.4,L,R
716353,2023-10-01,2023,3,Bot,29,2,1,0,2,STL,CIN,676761,668881,665877,,680700,571912,663886,669222,682622,682829,S,,foul,Foul,4,2,4,2,-0.055,0.0,R,Slider,86.9,L,R
716353,2023-10-01,2023,3,Bot,29,1,0,0,2,STL,CIN,676761,668881,665877,,680700,571912,663886,669222,682622,682829,B,,ball,Ball,4,2,4,2,0.042,0.0,R,4-Seam Fastball,98.8,L,R
716353,2023-10-01,2023,3,Bot,28,2,1,0,2,STL,CIN,665877,668881,680700,663609,,571912,663886,669222,682622,682829,X,single,hit_into_play,Jose Fermin singles on a ground ball to center fielder Stuart Fairchild.   Luken Baker scores.    Richie Palacios to 3rd.,3,2,3,2,0.518,0.104,R,4-Seam Fastball,98.6,R,R
716353,2023-10-01,2023,3,Bot,28,1,0,0,2,STL,CIN,665877,668881,680700,663609,,571912,663886,669222,682622,682829,B,,blocked_ball,Ball In Dirt,3,2,3,2,0.03,0.0,R,Slider,86.1,R,R
716353,2023-10-01,2023,3,Bot,27,3,0,2,1,STL,CIN,668800,668881,680700,663609,,571912,663886,669222,682622,682829,S,strikeout,swinging_strike,Andrew Knizner strikes out swinging.,3,2,3,2,-0.151,-0.038,R,Slider,86.5,R,R
716353,2023-10-01,2023,3,Bot,27,2,0,1,1,STL,CIN,668800,668881,680700,663609,,571912,663886,669222,682622,682829,S,,foul,Foul,3,2,3,2,-0.05,0.0,R,Slider,88.1,R,R
716353,2023-10-01,2023,3,Bot,27,1,0,0,1,STL,CIN,668800,668881,680700,663609,,571912,663886,669222,682622,682829,S,,swinging_strike,Swinging Strike,3,2,3,2,-0.04,0.0,R,Slider,88.2,R,R
716353,2023-10-01,2023,3,Bot,26,6,2,2,1,STL,CIN,680700,668881,,663609,,571912,663886,669222,682622,682829,B,hit_by_pitch,hit_by_pitch,Richie Palacios hit by pitch.,3,2,3,2,0.257,0.015,R,4-Seam Fastball,99.9,L,R
716353,2023-10-01,2023,3,Bot,26,5,1,2,1,STL,CIN,680700,668881,,663609,,571912,663886,669222,682622,682829,B,,ball,Ball,3,2,3,2,0.04,0.0,R,Slider,86.3,L,R
716353,2023-10-01,2023,3,Bot,26,4,1,2,1,STL,CIN,680700,668881,,663609,,571912,663886,669222,682622,682829,S,,foul,Foul,3,2,3,2,0.0,0.0,R,Slider,86.7,L,R
716353,2023-10-01,2023,3,Bot,26,3,0,2,1,STL,CIN,680700,668881,,663609,,571912,663886,669222,682622,682829,B,,ball,Ball,3,2,3,2,0.015,0.0,R,4-Seam Fastball,99.0,L,R
716353,2023-10-01,2023,3,Bot,26,2,0,1,1,STL,CIN,680700,668881,,663609,,571912,663886,669222,682622,682829,S,,swinging_strike,Swinging Strike,3,2,3,2,-0.069,0.0,R,4-Seam Fastball,99.1,L,R
716353,2023-10-01,2023,3,Bot,26,1,0,0,1,STL,CIN,680700,668881,,663609,,571912,663886,669222,682622,682829,S,,called_strike,Called Strike,3,2,3,2,-0.038,0.0,R,Slider,85.8,L,R
716353,2023-10-01,2023,3,Bot,25,1,0,0,1,STL,CIN,663609,668881,,691023,,571912,663886,669222,682622,682829,X,double,hit_into_play,Luken Baker doubles (3) on a sharp line drive to left fielder Nick Martini.   Jordan Walker scores.,2,2,2,2,0.812,0.115,R,4-Seam Fastball,98.7,R,R
716353,2023-10-01,2023,3,Bot,24,2,1,0,1,STL,CIN,691023,668881,,669242,,571912,663886,669222,682622,682829,X,double,hit_into_play,Jordan Walker doubles (19) on a sharp line drive to center fielder Stuart Fairchild.   Tommy Edman scores.,1,2,1,2,0.778,0.123,R,4-Seam Fastball,98.5,R,R
716353,2023-10-01,2023,3,Bot,24,1,0,0,1,STL,CIN,691023,668881,669242,,,571912,663886,669222,682622,682829,B,,ball,Ball,1,2,1,2,0.036,0.02,R,Slider,87.9,R,R
716353,2023-10-01,2023,3,Bot,23,6,3,2,0,STL,CIN,663457,668881,669242,,,571912,663886,669222,682622,682829,X,field_out,hit_into_play,Lars Nootbaar flies out sharply to center fielder Stuart Fairchild.,1,2,1,2,-0.303,-0.041,R,4-Seam Fastball,99.6,L,R
716353,2023-10-01,2023,3,Bot,23,5,2,2,0,STL,CIN,663457,668881,669242,,,571912,663886,669222,682622,682829,B,,ball,Ball,1,2,1,2,0.088,0.0,R,4-Seam Fastball,99.3,L,R
716353,2023-10-01,2023,3,Bot,23,4,2,1,0,STL,CIN,663457,668881,669242,,,571912,663886,669222,682622,682829,S,,foul,Foul,1,2,1,2,-0.056,0.0,R,4-Seam Fastball,99.1,L,R
716353,2023-10-01,2023,3,Bot,23,3,2,0,0,STL,CIN,663457,668881,669242,,,571912,663886,669222,682622,682829,S,,foul,Foul,1,2,1,2,-0.055,0.0,R,4-Seam Fastball,97.3,L,R
716353,2023-10-01,2023,3,Bot,23,2,1,0,0,STL,CIN,663457,668881,669242,,,571912,663886,669222,682622,682829,B,,ball,Ball,1,2,1,2,0.055,0.0,R,Slider,83.9,L,R
716353,2023-10-01,2023,3,Bot,23,1,0,0,0,STL,CIN,663457,668881,669242,,,571912,663886,669222,682622,682829,B,,ball,Ball,1,2,1,2,0.03,0.0,R,4-Seam Fastball,97.6,L,R
716353,2023-10-01,2023,3,Bot,22,9,3,2,0,STL,CIN,669242,668881,,,,571912,663886,669222,682622,682829,X,single,hit_into_play,Tommy Edman singles on a ground ball to left fielder Nick Martini.,1,2,1,2,0.344,0.044,R,Slider,84.3,L,R
716353,2023-10-01,2023,3,Bot,22,8,2,2,0,STL,CIN,669242,668881,,,,571912,663886,669222,682622,682829,B,,ball,Ball,1,2,1,2,0.115,0.0,R,4-Seam Fastball,97.7,L,R
716353,2023-10-01,2023,3,Bot,22,7,2,2,0,STL,CIN,669242,668881,,,,571912,663886,669222,682622,682829,S,,foul,Foul,1,2,1,2,0.0,0.0,R,Slider,87.3,L,R
716353,2023-10-01,2023,3,Bot,22,6,2,2,0,STL,CIN,669242,668881,,,,571912,663886,669222,682622,682829,S,,foul,Foul,1,2,1,2,0.0,0.0,R,4-Seam Fastball,99.0,L,R
716353,2023-10-01,2023,3,Bot,22,5,1,2,0,STL,CIN,669242,668881,,,,571912,663886,669222,682622,682829,B,,ball,Ball,1,2,1,2,0.046,0.0,R,4-Seam Fastball,97.7,L,R
716353,2023-10-01,2023,3,Bot,22,4,0,2,0,STL,CIN,669242,668881,,,,571912,663886,669222,682622,682829,B,,ball,Ball,1,2,1,2,0.024,0.0,R,Slider,86.1,L,R
716353,2023-10-01,2023,3,Bot,22,3,0,2,0,STL,CIN,669242,668881,,,,571912,663886,669222,682622,682829,S,,foul,Foul,1,2,1,2,0.0,0.0,R,4-Seam Fastball,98.5,L,R
716353,2023-10-01,2023,3,Bot,22,2,0,1,0,STL,CIN,669242,668881,,,,571912,663886,669222,682622,682829,S,,swinging_strike,Swinging Strike,1,2,1,2,-0.054,0.0,R,Slider,86.4,L,R
716353,2023-10-01,2023,3,Bot,22,1,0,0,0,STL,CIN,669242,668881,,,,571912,663886,669222,682622,682829,S,,called_strike,Called Strike,1,2,1,2,-0.042,0.0,R,Slider,86.9,L,R
716353,2023-10-01,2023,3,Top,21,1,0,0,2,STL,CIN,663886,571945,,682829,,668800,663609,676761,665877,691026,X,field_out,hit_into_play,Tyler Stephenson flies out to center fielder Tommy Edman.,1,2,2,1,-0.295,0.033,R,Sinker,92.2,R,R
716353,2023-10-01,2023,3,Top,20,2,1,0,2,STL,CIN,682829,571945,,656413,,668800,663609,676761,665877,691026,X,double,hit_into_play,Elly De La Cruz doubles (15) on a sharp line drive to center fielder Tommy Edman.   Stuart Fairchild scores.,1,1,1,1,0.88,-0.12,R,Sinker,92.1,L,R
716353,2023-10-01,2023,3,Top,20,1,0,0,2,STL,CIN,682829,571945,,656413,,668800,663609,676761,665877,691026,B,,ball,Ball,1,1,1,1,0.02,0.0,R,Curveball,74.2,L,R
716353,2023-10-01,2023,3,Top,19,4,0,2,1,STL,CIN,605361,571945,,656413,,668800,663609,676761,665877,691026,X,field_out,hit_into_play,Nick Martini flies out to center fielder Tommy Edman.,1,1,1,1,-0.183,0.039,R,Slider,86.8,L,R
716353,2023-10-01,2023,3,Top,19,3,0,2,1,STL,CIN,605361,571945,,656413,,668800,663609,676761,665877,691026,S,,foul,Foul,1,1,1,1,0.0,0.0,R,4-Seam Fastball,93.6,L,R
716353,2023-10-01,2023,3,Top,19,2,0,1,1,STL,CIN,605361,571945,,656413,,668800,663609,676761,665877,691026,S,,swinging_strike,Swinging Strike,1,1,1,1,-0.069,0.0,R,Curveball,75.2,L,R
716353,2023-10-01,2023,3,Top,19,1,0,0,1,STL,CIN,605361,571945,,656413,,668800,663609,676761,665877,691026,S,,called_strike,Called Strike,1,1,1,1,-0.038,0.0,R,Sinker,92.7,L,R
716353,2023-10-01,2023,3,Top,18,3,0,2,0,STL,CIN,571912,571945,,656413,,668800,663609,676761,665877,691026,S,strikeout,swinging_strike,Luke Maile strikes out swinging.,1,1,1,1,-0.213,0.047,R,4-Seam Fastball,93.4,R,R
716353,2023-10-01,2023,3,Top,18,2,0,1,0,STL,CIN,571912,571945,,656413,,668800,663609,676761,665877,691026,S,,foul,Foul,1,1,1,1,-0.062,0.0,R,Curveball,75.2,R,R
716353,2023-10-01,2023,3,Top,18,1,0,0,0,STL,CIN,571912,571945,,656413,,668800,663609,676761,665877,691026,S,,called_strike,Called Strike,1,1,1,1,-0.046,0.0,R,4-Seam Fastball,92.5,R,R
716353,2023-10-01,2023,3,Top,17,7,2,2,0,STL,CIN,656413,571945,,,,668800,663609,676761,665877,691026,X,double,hit_into_play,Stuart Fairchild doubles (15) on a ground ball to left fielder Richie Palacios.,1,1,1,1,0.732,-0.069,R,Curveball,73.7,R,R
716353,2023-10-01,2023,3,Top,17,6,2,2,0,STL,CIN,656413,571945,,,,668800,663609,676761,665877,691026,S,,foul,Foul,1,1,1,1,0.0,0.0,R,4-Seam Fastball,94.0,R,R
716353,2023-10-01,2023,3,Top,17,5,1,2,0,STL,CIN,656413,571945,,,,668800,663609,676761,665877,691026,B,,ball,Ball,1,1,1,1,0.046,0.0,R,4-Seam Fastball,94.5,R,R
716353,2023-10-01,2023,3,Top,17,4,1,2,0,STL,CIN,656413,571945,,,,668800,663609,676761,665877,691026,S,,foul,Foul,1,1,1,1,0.0,0.0,R,Slider,86.9,R,R
716353,2023-10-01,2023,3,Top,17,3,1,1,0,STL,CIN,656413,571945,,,,668800,663609,676761,665877,691026,S,,called_strike,Called Strike,1,1,1,1,-0.061,0.0,R,4-Seam Fastball,92.1,R,R
716353,2023-10-01,2023,3,Top,17,2,0,1,0,STL,CIN,656413,571945,,,,668800,663609,676761,665877,691026,B,,ball,Ball,1,1,1,1,0.031,0.0,R,Slider,86.0,R,R
716353,2023-10-01,2023,3,Top,17,1,0,0,0,STL,CIN,656413,571945,,,,668800,663609,676761,665877,691026,S,,called_strike,Called Strike,1,1,1,1,-0.042,0.0,R,Curveball,74.6,R,R
716353,2023-10-01,2023,2,Bot,16,3,0,2,2,STL,CIN,691026,668881,,,668800,571912,663886,669222,682622,682829,S,strikeout,called_strike,Masyn Winn called out on strikes.,1,1,1,1,-0.19,-0.039,R,Slider,87.8,R,R
716353,2023-10-01,2023,2,Bot,16,2,0,1,2,STL,CIN,691026,668881,,,668800,571912,663886,669222,682622,682829,S,,foul,Foul,1,1,1,1,-0.051,0.0,R,4-Seam Fastball,98.8,R,R
716353,2023-10-01,2023,2,Bot,16,1,0,0,2,STL,CIN,691026,668881,,,668800,571912,663886,669222,682622,682829,S,,called_strike,Called Strike,1,1,1,1,-0.036,0.0,R,Slider,87.6,R,R
716353,2023-10-01,2023,2,Bot,15,2,0,1,1,STL,CIN,676761,668881,,668800,680700,571912,663886,669222,682622,682829,X,sac_fly,hit_into_play,Irving Lopez out on a sacrifice fly to right fielder Will Benson.   Richie Palacios scores.    Andrew Knizner to 3rd.,0,1,0,1,-0.158,0.003,R,4-Seam Fastball,98.8,L,R
716353,2023-10-01,2023,2,Bot,15,1,0,0,1,STL,CIN,676761,668881,,668800,680700,571912,663886,669222,682622,682829,S,,called_strike,Called Strike,0,1,0,1,-0.038,0.0,R,Slider,86.9,L,R
716353,2023-10-01,2023,2,Bot,14,1,0,0,0,STL,CIN,665877,668881,668800,680700,,571912,663886,669222,682622,682829,X,sac_bunt,hit_into_play,"Jose Fermin out on a sacrifice bunt, pitcher Hunter Greene to first baseman Tyler Stephenson.   Richie Palacios to 3rd.    Andrew Knizner to 2nd.",0,1,0,1,-0.004,-0.002,R,4-Seam Fastball,98.2,R,R
716353,2023-10-01,2023,2,Bot,13,7,3,2,0,STL,CIN,668800,668881,,680700,,571912,663886,669222,682622,682829,B,hit_by_pitch,hit_by_pitch,Andrew Knizner hit by pitch.,0,1,0,1,0.238,0.033,R,Slider,84.0,R,R
716353,2023-10-01,2023,2,Bot,13,6,2,2,0,STL,CIN,668800,668881,,680700,,571912,663886,669222,682622,682829,B,,ball,Ball,0,1,0,1,0.085,0.0,R,Slider,85.6,R,R
716353,2023-10-01,2023,2,Bot,13,5,1,2,0,STL,CIN,668800,668881,,680700,,571912,663886,669222,682622,682829,B,,ball,Ball,0,1,0,1,0.034,0.0,R,Slider,85.5,R,R
716353,2023-10-01,2023,2,Bot,13,4,1,2,0,STL,CIN,668800,668881,,680700,,571912,663886,669222,682622,682829,S,,foul,Foul,0,1,0,1,0.0,0.0,R,4-Seam Fastball,98.2,R,R
716353,2023-10-01,2023,2,Bot,13,3,1,1,0,STL,CIN,668800,668881,,680700,,571912,663886,669222,682622,682829,S,,swinging_strike,Swinging Strike,0,1,0,1,-0.066,0.0,R,4-Seam Fastball,98.1,R,R
716353,2023-10-01,2023,2,Bot,13,2,1,0,0,STL,CIN,668800,668881,,680700,,571912,663886,669222,682622,682829,S,,foul,Foul,0,1,0,1,-0.061,0.0,R,4-Seam Fastball,97.7,R,R
716353,2023-10-01,2023,2,Bot,13,1,0,0,0,STL,CIN,668800,668881,,680700,,571912,663886,669222,682622,682829,B,,ball,Ball,0,1,0,1,0.036,0.0,R,Slider,84.2,R,R
716353,2023-10-01,2023,2,Bot,12,1,0,0,0,STL,CIN,680700,668881,,,,571912,663886,669222,682622,682829,X,double,hit_into_play,Richie Palacios doubles (6) on a fly ball to right fielder Will Benson.,0,1,0,1,0.706,0.068,R,4-Seam Fastball,96.9,L,R
716353,2023-10-01,2023,2,Top,11,7,1,2,1,STL,CIN,669222,571945,666181,,,668800,663609,676761,665877,691026,S,strikeout_double_play,swinging_strike,"Nick Senzel strikes out swinging and Will Benson caught stealing 2nd, catcher Andrew Knizner to second baseman Irving Lopez to catcher Andrew Knizner.",0,1,1,0,-0.183,0.048,R,4-Seam Fastball,92.2,R,R
716353,2023-10-01,2023,2,Top,11,6,1,2,1,STL,CIN,669222,571945,666181,,,668800,663609,676761,665877,691026,S,,foul,Foul,0,1,1,0,0.0,0.0,R,4-Seam Fastball,92.4,R,R
716353,2023-10-01,2023,2,Top,11,5,1,2,1,STL,CIN,669222,571945,666181,,,668800,663609,676761,665877,691026,S,,foul,Foul,0,1,1,0,0.0,0.0,R,Sinker,92.9,R,R
716353,2023-10-01,2023,2,Top,11,4,0,2,1,STL,CIN,669222,571945,666181,,,668800,663609,676761,665877,691026,B,,ball,Ball,0,1,1,0,0.023,0.0,R,4-Seam Fastball,94.1,R,R
716353,2023-10-01,2023,2,Top,11,3,0,2,1,STL,CIN,669222,571945,666181,,,668800,663609,676761,665877,691026,S,,foul,Foul,0,1,1,0,0.0,0.0,R,Curveball,76.2,R,R
716353,2023-10-01,2023,2,Top,11,2,0,1,1,STL,CIN,669222,571945,666181,,,668800,663609,676761,665877,691026,S,,foul_tip,Foul Tip,0,1,1,0,-0.053,0.0,R,Curveball,75.4,R,R
716353,2023-10-01,2023,2,Top,11,1,0,0,1,STL,CIN,669222,571945,666181,,,668800,663609,676761,665877,691026,S,,called_strike,Called Strike,0,1,1,0,-0.042,0.0,R,4-Seam Fastball,92.1,R,R
716353,2023-10-01,2023,2,Top,10,1,0,0,1,STL,CIN,666181,571945,,,,668800,663609,676761,665877,691026,X,single,hit_into_play,Will Benson singles on a line drive to left fielder Richie Palacios.,0,1,1,0,0.416,-0.023,R,Sinker,92.8,L,R
716353,2023-10-01,2023,2,Top,9,4,2,1,0,STL,CIN,682622,571945,,,,668800,663609,676761,665877,691026,X,field_out,hit_into_play,Noelvi Marte flies out to center fielder Tommy Edman.,0,1,1,0,-0.313,0.02,R,Slider,86.8,R,R
716353,2023-10-01,2023,2,Top,9,3,1,1,0,STL,CIN,682622,571945,,,,668800,663609,676761,665877,691026,B,,ball,Ball,0,1,1,0,0.059,0.0,R,Curveball,76.2,R,R
716353,2023-10-01,2023,2,Top,9,2,1,0,0,STL,CIN,682622,571945,,,,668800,663609,676761,665877,691026,S,,called_strike,Called Strike,0,1,1,0,-0.052,0.0,R,Curveball,73.7,R,R
716353,2023-10-01,2023,2,Top,9,1,0,0,0,STL,CIN,682622,571945,,,,668800,663609,676761,665877,691026,B,,ball,Ball,0,1,1,0,0.04,0.0,R,4-Seam Fastball,92.1,R,R
716353,2023-10-01,2023,1,Bot,8,6,2,2,2,STL,CIN,663609,668881,691023,,,571912,458015,669222,682622,682829,S,strikeout,swinging_strike,Luken Baker strikes out swinging.,0,1,0,1,-0.239,-0.024,R,4-Seam Fastball,98.5,R,R
716353,2023-10-01,2023,1,Bot,8,5,1,2,2,STL,CIN,663609,668881,691023,,,571912,458015,669222,682622,682829,B,,ball,Ball,0,1,0,1,0.034,0.0,R,4-Seam Fastball,98.1,R,R
716353,2023-10-01,2023,1,Bot,8,4,1,2,2,STL,CIN,663609,668881,691023,,,571912,458015,669222,682622,682829,S,,foul,Foul,0,1,0,1,0.0,0.0,R,4-Seam Fastball,98.6,R,R
716353,2023-10-01,2023,1,Bot,8,3,0,2,2,STL,CIN,663609,668881,691023,,,571912,458015,669222,682622,682829,B,,blocked_ball,Ball In Dirt,0,1,0,1,0.02,0.0,R,Slider,85.8,R,R
716353,2023-10-01,2023,1,Bot,8,2,0,1,2,STL,CIN,663609,668881,691023,,,571912,458015,669222,682622,682829,S,,called_strike,Called Strike,0,1,0,1,-0.055,0.0,R,4-Seam Fastball,98.3,R,R
716353,2023-10-01,2023,1,Bot,8,1,0,0,2,STL,CIN,663609,668881,691023,,,571912,458015,669222,682622,682829,S,,foul,Foul,0,1,0,1,-0.045,0.0,R,4-Seam Fastball,97.0,R,R
716353,2023-10-01,2023,1,Bot,7,3,0,2,2,STL,CIN,691023,668881,,,,571912,458015,669222,682622,682829,X,single,hit_into_play,Jordan Walker singles on a ground ball to left fielder Nick Martini.,0,1,0,1,0.449,0.014,R,4-Seam Fastball,98.2,R,R
716353,2023-10-01,2023,1,Bot,7,2,0,1,2,STL,CIN,691023,668881,,,,571912,458015,669222,682622,682829,S,,foul,Foul,0,1,0,1,-0.061,0.0,R,Slider,84.8,R,R
716353,2023-10-01,2023,1,Bot,7,1,0,0,2,STL,CIN,691023,668881,,,,571912,458015,669222,682622,682829,S,,called_strike,Called Strike,0,1,0,1,-0.045,0.0,R,4-Seam Fastball,97.1,R,R
716353,2023-10-01,2023,1,Bot,6,4,2,1,1,STL,CIN,663457,668881,,,,571912,458015,669222,682622,682829,X,field_out,hit_into_play,Lars Nootbaar flies out to right fielder Will Benson.,0,1,0,1,-0.31,-0.017,R,4-Seam Fastball,96.7,L,R
716353,2023-10-01,2023,1,Bot,6,3,1,1,1,STL,CIN,663457,668881,,,,571912,458015,669222,682622,682829,B,,ball,Ball,0,1,0,1,0.054,0.0,R,Changeup,89.5,L,R
716353,2023-10-01,2023,1,Bot,6,2,0,1,1,STL,CIN,663457,668881,,,,571912,458015,669222,682622,682829,B,,ball,Ball,0,1,0,1,0.03,0.0,R,Slider,85.4,L,R
716353,2023-10-01,2023,1,Bot,6,1,0,0,1,STL,CIN,663457,668881,,,,571912,458015,669222,682622,682829,S,,called_strike,Called Strike,0,1,0,1,-0.041,0.0,R,Slider,86.1,L,R
716353,2023-10-01,2023,1,Bot,5,6,3,2,0,STL,CIN,669242,668881,,,,571912,458015,669222,682622,682829,S,strikeout,called_strike,Tommy Edman called out on strikes.,0,1,0,1,-0.353,-0.023,R,4-Seam Fastball,98.8,L,R
716353,2023-10-01,2023,1,Bot,5,5,2,2,0,STL,CIN,669242,668881,,,,571912,458015,669222,682622,682829,B,,ball,Ball,0,1,0,1,0.115,0.0,R,4-Seam Fastball,98.3,L,R
716353,2023-10-01,2023,1,Bot,5,4,2,1,0,STL,CIN,669242,668881,,,,571912,458015,669222,682622,682829,S,,foul_tip,Foul Tip,0,1,0,1,-0.074,0.0,R,Slider,86.4,L,R
716353,2023-10-01,2023,1,Bot,5,3,1,1,0,STL,CIN,669242,668881,,,,571912,458015,669222,682622,682829,B,,ball,Ball,0,1,0,1,0.059,0.0,R,4-Seam Fastball,97.6,L,R
716353,2023-10-01,2023,1,Bot,5,2,0,1,0,STL,CIN,669242,668881,,,,571912,458015,669222,682622,682829,B,,ball,Ball,0,1,0,1,0.031,0.0,R,4-Seam Fastball,98.0,L,R
716353,2023-10-01,2023,1,Bot,5,1,0,0,0,STL,CIN,669242,668881,,,,571912,458015,669222,682622,682829,S,,foul,Foul,0,1,0,1,-0.042,0.0,R,4-Seam Fastball,97.0,L,R
716353,2023-10-01,2023,1,Top,4,3,0,2,2,STL,CIN,687952,571945,,,,668800,663609,676761,665877,691026,X,field_out,hit_into_play,Christian Encarnacion-Strand pops out softly to catcher Andrew Knizner in foul territory.,0,1,1,0,-0.169,0.009,R,4-Seam Fastball,93.9,R,R
716353,2023-10-01,2023,1,Top,4,2,0,1,2,STL,CIN,687952,571945,,,,668800,663609,676761,665877,691026,S,,swinging_strike,Swinging Strike,0,1,1,0,-0.061,0.0,R,4-Seam Fastball,94.0,R,R
716353,2023-10-01,2023,1,Top,4,1,0,0,2,STL,CIN,687952,571945,,,,668800,663609,676761,665877,691026,S,,called_strike,Called Strike,0,1,1,0,-0.045,0.0,R,Slider,86.9,R,R
716353,2023-10-01,2023,1,Top,3,5,1,2,1,STL,CIN,458015,571945,,,,668800,663609,676761,665877,691026,S,strikeout,foul_tip,Joey Votto strikes out on a foul tip.,0,1,1,0,-0.189,0.014,R,Sinker,93.4,L,R
716353,2023-10-01,2023,1,Top,3,4,1,2,1,STL,CIN,458015,571945,,,,668800,663609,676761,665877,691026,S,,foul,Foul,0,1,1,0,0.0,0.0,R,4-Seam Fastball,95.1,L,R
716353,2023-10-01,2023,1,Top,3,3,1,1,1,STL,CIN,458015,571945,,,,668800,663609,676761,665877,691026,S,,called_strike,Called Strike,0,1,1,0,-0.068,0.0,R,Sinker,91.7,L,R
716353,2023-10-01,2023,1,Top,3,2,1,0,1,STL,CIN,458015,571945,,,,668800,663609,676761,665877,691026,S,,swinging_strike,Swinging Strike,0,1,1,0,-0.05,0.0,R,Slider,84.9,L,R
716353,2023-10-01,2023,1,Top,3,1,0,0,1,STL,CIN,458015,571945,,,,668800,663609,676761,665877,691026,B,,ball,Ball,0,1,1,0,0.039,0.0,R,4-Seam Fastball,92.6,L,R
716353,2023-10-01,2023,1,Top,2,3,0,2,0,STL,CIN,682829,571945,,,,668800,663609,676761,665877,691026,S,strikeout,swinging_strike,Elly De La Cruz strikes out swinging.,0,1,1,0,-0.169,0.02,R,Sinker,93.5,L,R
716353,2023-10-01,2023,1,Top,2,2,0,1,0,STL,CIN,682829,571945,,,,668800,663609,676761,665877,691026,S,,foul,Foul,0,1,1,0,-0.054,0.0,R,Curveball,75.9,L,R
716353,2023-10-01,2023,1,Top,2,1,0,0,0,STL,CIN,682829,571945,,,,668800,663609,676761,665877,691026,S,,swinging_strike,Swinging Strike,0,1,1,0,-0.042,0.0,R,Sinker,92.4,L,R
716353,2023-10-01,2023,1,Top,1,3,2,0,0,STL,CIN,605361,571945,,,,668800,663609,676761,665877,691026,X,home_run,hit_into_play,Nick Martini homers (6) on a fly ball to center field.,0,0,0,0,1.003,-0.101,R,4-Seam Fastball,91.6,L,R
716353,2023-10-01,2023,1,Top,1,2,1,0,0,STL,CIN,605361,571945,,,,668800,663609,676761,665877,691026,B,,ball,Ball,0,0,0,0,0.071,0.0,R,4-Seam Fastball,92.1,L,R
716353,2023-10-01,2023,1,Top,1,1,0,0,0,STL,CIN,605361,571945,,,,668800,663609,676761,665877,691026,B,,ball,Ball,0,0,0,0,0.04,0.0,R,Curveball,74.5,L,R
716352,2023-10-01,2023,9,Top,70,3,0,2,2,KC,NYY,677592,663704,,,,521692,668472,686681,672580,677951,S,strikeout,swinging_strike,Everson Pereira strikes out swinging.,5,2,2,5,-0.169,0.004,R,Curveball,83.5,R,R
716352,2023-10-01,2023,9,Top,70,2,0,1,2,KC,NYY,677592,663704,,,,521692,668472,686681,672580,677951,S,,foul,Foul,5,2,2,5,-0.061,0.0,R,Slider,86.8,R,R
716352,2023-10-01,2023,9,Top,70,1,0,0,2,KC,NYY,677592,663704,,,,521692,668472,686681,672580,677951,S,,foul,Foul,5,2,2,5,-0.045,0.0,R,Sinker,94.7,R,R
716352,2023-10-01,2023,9,Top,69,3,0,2,1,KC,NYY,672724,663704,,,,521692,668472,686681,672580,677951,X,field_out,hit_into_play,"Oswald Peraza grounds out, second baseman Michael Massey to first baseman Nick Pratto.",5,2,2,5,-0.17,0.009,R,Sinker,95.1,R,R
716352,2023-10-01,2023,9,Top,69,2,0,1,1,KC,NYY,672724,663704,,,,521692,668472,686681,672580,677951,S,,swinging_strike,Swinging Strike,5,2,2,5,-0.057,0.0,R,Slider,87.8,R,R
716352,2023-10-01,2023,9,Top,69,1,0,0,1,KC,NYY,672724,663704,,,,521692,668472,686681,672580,677951,S,,swinging_strike,Swinging Strike,5,2,2,5,-0.041,0.0,R,Slider,88.2,R,R
716352,2023-10-01,2023,9,Top,68,4,0,2,0,KC,NYY,665828,663704,,,,521692,668472,686681,672580,677951,S,strikeout,swinging_strike,Oswaldo Cabrera strikes out swinging.,5,2,2,5,-0.169,0.018,R,Curveball,83.5,L,R
716352,2023-10-01,2023,9,Top,68,3,0,2,0,KC,NYY,665828,663704,,,,521692,668472,686681,672580,677951,S,,foul,Foul,5,2,2,5,0.0,0.0,R,Sinker,94.9,L,R
716352,2023-10-01,2023,9,Top,68,2,0,1,0,KC,NYY,665828,663704,,,,521692,668472,686681,672580,677951,S,,foul_tip,Foul Tip,5,2,2,5,-0.054,0.0,R,Curveball,81.6,L,R
716352,2023-10-01,2023,9,Top,68,1,0,0,0,KC,NYY,665828,663704,,,,521692,668472,686681,672580,677951,S,,called_strike,Called Strike,5,2,2,5,-0.042,0.0,R,Sinker,94.7,L,R
716352,2023-10-01,2023,8,Bot,67,3,0,2,2,KC,NYY,668472,669711,,686681,,669224,518934,672724,643396,683011,S,strikeout,swinging_strike,Nick Pratto strikes out swinging.,5,2,5,2,-0.185,-0.004,R,4-Seam Fastball,93.1,L,R
716352,2023-10-01,2023,8,Bot,67,2,0,1,2,KC,NYY,668472,669711,,686681,,669224,518934,672724,643396,683011,S,,called_strike,Called Strike,5,2,5,2,-0.061,0.0,R,4-Seam Fastball,95.4,L,R
716352,2023-10-01,2023,8,Bot,67,1,0,0,2,KC,NYY,668472,669711,,686681,,669224,518934,672724,643396,683011,S,,swinging_strike,Swinging Strike,5,2,5,2,-0.046,0.0,R,Changeup,84.4,L,R
716352,2023-10-01,2023,8,Bot,66,2,0,1,1,KC,NYY,680118,669711,686681,,,669224,518934,672724,643396,683011,X,sac_bunt,hit_into_play,"Dairon Blanco out on a sacrifice bunt, pitcher Greg Weissert to first baseman DJ LeMahieu.   Michael Massey to 2nd.",5,2,5,2,0.058,-0.002,R,Sinker,92.4,R,R
716352,2023-10-01,2023,8,Bot,66,1,0,0,1,KC,NYY,680118,669711,686681,,,669224,518934,672724,643396,683011,S,,called_strike,Called Strike,5,2,5,2,-0.042,0.0,R,Sinker,95.3,R,R
716352,2023-10-01,2023,8,Bot,65,9,3,2,1,KC,NYY,686681,669711,,,,669224,518934,672724,643396,683011,B,walk,ball,Michael Massey walks.,5,2,5,2,0.36,0.003,R,Changeup,84.4,L,R
716352,2023-10-01,2023,8,Bot,65,8,3,2,1,KC,NYY,686681,669711,,,,669224,518934,672724,643396,683011,S,,foul,Foul,5,2,5,2,0.0,0.0,R,4-Seam Fastball,92.9,L,R
716352,2023-10-01,2023,8,Bot,65,7,2,2,1,KC,NYY,686681,669711,,,,669224,518934,672724,643396,683011,B,,ball,Ball,5,2,5,2,0.094,0.0,R,Sweeper,79.5,L,R
716352,2023-10-01,2023,8,Bot,65,6,2,2,1,KC,NYY,686681,669711,,,,669224,518934,672724,643396,683011,S,,foul,Foul,5,2,5,2,0.0,0.0,R,4-Seam Fastball,94.2,L,R
716352,2023-10-01,2023,8,Bot,65,5,2,2,1,KC,NYY,686681,669711,,,,669224,518934,672724,643396,683011,S,,foul,Foul,5,2,5,2,0.0,0.0,R,Sinker,93.3,L,R
716352,2023-10-01,2023,8,Bot,65,4,1,2,1,KC,NYY,686681,669711,,,,669224,518934,672724,643396,683011,B,,ball,Ball,5,2,5,2,0.045,0.0,R,Sweeper,79.1,L,R
716352,2023-10-01,2023,8,Bot,65,3,0,2,1,KC,NYY,686681,669711,,,,669224,518934,672724,643396,683011,B,,ball,Ball,5,2,5,2,0.019,0.0,R,4-Seam Fastball,92.2,L,R
716352,2023-10-01,2023,8,Bot,65,2,0,1,1,KC,NYY,686681,669711,,,,669224,518934,672724,643396,683011,S,,foul,Foul,5,2,5,2,-0.057,0.0,R,4-Seam Fastball,93.9,L,R
716352,2023-10-01,2023,8,Bot,65,1,0,0,1,KC,NYY,686681,669711,,,,669224,518934,672724,643396,683011,S,,called_strike,Called Strike,5,2,5,2,-0.041,0.0,R,Sinker,93.0,L,R
716352,2023-10-01,2023,8,Bot,64,1,0,0,0,KC,NYY,658668,669711,,,,669224,518934,672724,643396,683011,X,field_out,hit_into_play,Edward Olivares flies out to right fielder Oswaldo Cabrera.,5,2,5,2,-0.265,-0.003,R,Sinker,91.6,R,R
716352,2023-10-01,2023,8,Top,63,5,1,2,2,KC,NYY,643396,663704,,669224,,521692,668472,686681,672580,677951,S,strikeout,swinging_strike_blocked,Isiah Kiner-Falefa strikes out swinging.,5,2,2,5,-0.203,0.021,R,Curveball,81.7,R,R
716352,2023-10-01,2023,8,Top,63,4,1,2,2,KC,NYY,643396,663704,,669224,,521692,668472,686681,672580,677951,S,,foul,Foul,5,2,2,5,0.0,0.0,R,Curveball,82.5,R,R
716352,2023-10-01,2023,8,Top,63,3,1,1,2,KC,NYY,643396,663704,,669224,,521692,668472,686681,672580,677951,S,,foul,Foul,5,2,2,5,-0.064,0.0,R,Sinker,94.0,R,R
716352,2023-10-01,2023,8,Top,63,2,1,0,2,KC,NYY,643396,663704,,669224,,521692,668472,686681,672580,677951,S,,called_strike,Called Strike,5,2,2,5,-0.046,0.0,R,Slider,85.0,R,R
716352,2023-10-01,2023,8,Top,63,1,0,0,2,KC,NYY,643396,663704,,669224,,521692,668472,686681,672580,677951,B,,ball,Ball,5,2,2,5,0.02,0.0,R,Sinker,94.5,R,R
716352,2023-10-01,2023,8,Top,62,3,1,1,1,KC,NYY,543309,663704,,669224,,521692,668472,686681,672580,677951,X,field_out,hit_into_play,"Kyle Higashioka grounds out, third baseman Maikel Garcia to first baseman Nick Pratto.",5,2,2,5,-0.262,0.031,R,Curveball,81.8,R,R
716352,2023-10-01,2023,8,Top,62,2,1,0,1,KC,NYY,543309,663704,,669224,,521692,668472,686681,672580,677951,S,,called_strike,Called Strike,5,2,2,5,-0.049,0.0,R,Sinker,94.2,R,R
716352,2023-10-01,2023,8,Top,62,1,0,0,1,KC,NYY,543309,663704,,669224,,521692,668472,686681,672580,677951,B,,ball,Ball,5,2,2,5,0.034,0.0,R,Sinker,95.5,R,R
716352,2023-10-01,2023,8,Top,61,3,1,1,1,KC,NYY,669224,663704,,,,521692,668472,686681,672580,677951,X,double,hit_into_play,Austin Wells doubles (6) on a ground ball to left fielder Edward Olivares.,5,2,2,5,0.673,-0.033,R,Curveball,82.9,L,R
716352,2023-10-01,2023,8,Top,61,2,0,1,1,KC,NYY,669224,663704,,,,521692,668472,686681,672580,677951,B,,ball,Ball,5,2,2,5,0.03,0.0,R,Curveball,84.0,L,R
716352,2023-10-01,2023,8,Top,61,1,0,0,1,KC,NYY,669224,663704,,,,521692,668472,686681,672580,677951,S,,called_strike,Called Strike,5,2,2,5,-0.041,0.0,R,Sinker,94.6,L,R
716352,2023-10-01,2023,8,Top,60,5,2,2,0,KC,NYY,683011,663704,,,,521692,668472,686681,672580,677951,S,strikeout,swinging_strike,Anthony Volpe strikes out swinging.,5,2,2,5,-0.239,0.021,R,Curveball,83.1,R,R
716352,2023-10-01,2023,8,Top,60,4,2,1,0,KC,NYY,683011,663704,,,,521692,668472,686681,672580,677951,S,,called_strike,Called Strike,5,2,2,5,-0.074,0.0,R,Sinker,95.3,R,R
716352,2023-10-01,2023,8,Top,60,3,1,1,0,KC,NYY,683011,663704,,,,521692,668472,686681,672580,677951,B,,ball,Ball,5,2,2,5,0.059,0.0,R,Slider,87.0,R,R
716352,2023-10-01,2023,8,Top,60,2,0,1,0,KC,NYY,683011,663704,,,,521692,668472,686681,672580,677951,B,,ball,Ball,5,2,2,5,0.031,0.0,R,Curveball,82.0,R,R
716352,2023-10-01,2023,8,Top,60,1,0,0,0,KC,NYY,683011,663704,,,,521692,668472,686681,672580,677951,S,,called_strike,Called Strike,5,2,2,5,-0.042,0.0,R,Slider,87.2,R,R
716352,2023-10-01,2023,7,Bot,59,6,3,2,2,KC,NYY,669004,666745,,,,669224,518934,672724,643396,683011,S,strikeout,called_strike,MJ Melendez called out on strikes.,5,2,5,2,-0.336,-0.002,R,Changeup,88.4,L,R
716352,2023-10-01,2023,7,Bot,59,5,3,1,2,KC,NYY,669004,666745,,,,669224,518934,672724,643396,683011,S,,swinging_strike,Swinging Strike,5,2,5,2,-0.093,0.0,R,Sinker,94.1,L,R
716352,2023-10-01,2023,7,Bot,59,4,2,1,2,KC,NYY,669004,666745,,,,669224,518934,672724,643396,683011,B,,ball,Ball,5,2,5,2,0.116,0.0,R,4-Seam Fastball,94.5,L,R
716352,2023-10-01,2023,7,Bot,59,3,1,1,2,KC,NYY,669004,666745,,,,669224,518934,672724,643396,683011,B,,ball,Ball,5,2,5,2,0.053,0.0,R,Sinker,94.8,L,R
716352,2023-10-01,2023,7,Bot,59,2,1,0,2,KC,NYY,669004,666745,,,,669224,518934,672724,643396,683011,S,,called_strike,Called Strike,5,2,5,2,-0.056,0.0,R,Changeup,88.2,L,R
716352,2023-10-01,2023,7,Bot,59,1,0,0,2,KC,NYY,669004,666745,,,,669224,518934,672724,643396,683011,B,,ball,Ball,5,2,5,2,0.043,0.0,R,Knuckle Curve,79.4,L,R
716352,2023-10-01,2023,7,Bot,58,3,1,1,1,KC,NYY,521692,666745,,,,669224,518934,672724,643396,683011,X,field_out,hit_into_play,"Salvador Perez grounds out, third baseman Isiah Kiner-Falefa to first baseman DJ LeMahieu.",5,2,5,2,-0.257,-0.004,R,Changeup,89.2,R,R
716352,2023-10-01,2023,7,Bot,58,2,0,1,1,KC,NYY,521692,666745,,,,669224,518934,672724,643396,683011,B,,ball,Ball,5,2,5,2,0.03,0.0,R,4-Seam Fastball,95.6,R,R
716352,2023-10-01,2023,7,Bot,58,1,0,0,1,KC,NYY,521692,666745,,,,669224,518934,672724,643396,683011,S,,called_strike,Called Strike,5,2,5,2,-0.041,0.0,R,Sweeper,82.0,R,R
716352,2023-10-01,2023,7,Bot,57,4,1,2,0,KC,NYY,677951,666745,,,,669224,518934,672724,643396,683011,S,strikeout,swinging_strike,Bobby Witt Jr.  strikes out swinging.,5,2,5,2,-0.193,-0.005,R,4-Seam Fastball,95.5,R,R
716352,2023-10-01,2023,7,Bot,57,3,0,2,0,KC,NYY,677951,666745,,,,669224,518934,672724,643396,683011,B,,ball,Ball,5,2,5,2,0.024,0.0,R,Sweeper,82.8,R,R
716352,2023-10-01,2023,7,Bot,57,2,0,1,0,KC,NYY,677951,666745,,,,669224,518934,672724,643396,683011,S,,called_strike,Called Strike,5,2,5,2,-0.054,0.0,R,4-Seam Fastball,94.7,R,R
716352,2023-10-01,2023,7,Bot,57,1,0,0,0,KC,NYY,677951,666745,,,,669224,518934,672724,643396,683011,S,,swinging_strike,Swinging Strike,5,2,5,2,-0.042,0.0,R,Sinker,94.9,R,R
716352,2023-10-01,2023,7,Top,56,2,1,0,2,KC,NYY,518934,672578,677592,,,521692,668472,686681,672580,677951,X,force_out,hit_into_play,"DJ LeMahieu grounds into a force out, shortstop Bobby Witt Jr.  to second baseman Michael Massey.   Everson Pereira out at 2nd.",5,2,2,5,-0.316,0.02,R,4-Seam Fastball,97.6,R,R
716352,2023-10-01,2023,7,Top,56,1,0,0,2,KC,NYY,518934,672578,677592,,,521692,668472,686681,672580,677951,B,,ball,Ball,5,2,2,5,0.03,0.0,R,Knuckle Curve,81.7,R,R
716352,2023-10-01,2023,7,Top,55,4,1,2,1,KC,NYY,664314,672578,677592,,,521692,668472,686681,672580,677951,S,strikeout,swinging_strike,Estevan Florial strikes out swinging.,5,2,2,5,-0.183,0.028,R,Split-Finger,88.9,L,R
716352,2023-10-01,2023,7,Top,55,3,0,2,1,KC,NYY,664314,672578,677592,,,521692,668472,686681,672580,677951,B,,ball,Ball,5,2,2,5,0.023,0.0,R,4-Seam Fastball,99.8,L,R
716352,2023-10-01,2023,7,Top,55,2,0,1,1,KC,NYY,664314,672578,677592,,,521692,668472,686681,672580,677951,S,,called_strike,Called Strike,5,2,2,5,-0.053,0.0,R,4-Seam Fastball,99.4,L,R
716352,2023-10-01,2023,7,Top,55,1,0,0,1,KC,NYY,664314,672578,677592,,,521692,668472,686681,672580,677951,S,,swinging_strike,Swinging Strike,5,2,2,5,-0.042,0.0,R,4-Seam Fastball,97.9,L,R
716352,2023-10-01,2023,7,Top,54,6,3,2,1,KC,NYY,677592,672578,,,,521692,668472,686681,672580,677951,B,walk,ball,Everson Pereira walks.,5,2,2,5,0.36,-0.026,R,4-Seam Fastball,98.2,R,R
716352,2023-10-01,2023,7,Top,54,5,3,1,1,KC,NYY,677592,672578,,,,521692,668472,686681,672580,677951,S,,swinging_strike,Swinging Strike,5,2,2,5,-0.104,0.0,R,4-Seam Fastball,98.0,R,R
716352,2023-10-01,2023,7,Top,54,4,2,1,1,KC,NYY,677592,672578,,,,521692,668472,686681,672580,677951,B,,ball,Ball,5,2,2,5,0.122,0.0,R,4-Seam Fastball,98.8,R,R
716352,2023-10-01,2023,7,Top,54,3,2,0,1,KC,NYY,677592,672578,,,,521692,668472,686681,672580,677951,S,,swinging_strike,Swinging Strike,5,2,2,5,-0.062,0.0,R,4-Seam Fastball,97.1,R,R
716352,2023-10-01,2023,7,Top,54,2,1,0,1,KC,NYY,677592,672578,,,,521692,668472,686681,672580,677951,B,,ball,Ball,5,2,2,5,0.066,0.0,R,Slider,84.9,R,R
716352,2023-10-01,2023,7,Top,54,1,0,0,1,KC,NYY,677592,672578,,,,521692,668472,686681,672580,677951,B,,ball,Ball,5,2,2,5,0.039,0.0,R,4-Seam Fastball,98.1,R,R
716352,2023-10-01,2023,7,Top,53,2,1,0,0,KC,NYY,672724,672578,,,,521692,668472,686681,672580,677951,X,field_out,hit_into_play,"Oswald Peraza grounds out, second baseman Michael Massey to first baseman Nick Pratto.",5,2,2,5,-0.306,0.022,R,4-Seam Fastball,97.3,R,R
716352,2023-10-01,2023,7,Top,53,1,0,0,0,KC,NYY,672724,672578,,,,521692,668472,686681,672580,677951,B,,ball,Ball,5,2,2,5,0.04,0.0,R,4-Seam Fastball,96.6,R,R
716352,2023-10-01,2023,6,Bot,52,3,0,2,2,KC,NYY,672580,666745,,,680118,669224,518934,672724,643396,683011,S,strikeout,swinging_strike,Maikel Garcia strikes out swinging.,5,2,5,2,-0.19,-0.013,R,4-Seam Fastball,96.6,R,R
716352,2023-10-01,2023,6,Bot,52,2,0,1,2,KC,NYY,672580,666745,,,680118,669224,518934,672724,643396,683011,S,,called_strike,Called Strike,5,2,5,2,-0.051,0.0,R,Sinker,95.9,R,R
716352,2023-10-01,2023,6,Bot,52,1,0,0,2,KC,NYY,672580,666745,,,680118,669224,518934,672724,643396,683011,S,,called_strike,Called Strike,5,2,5,2,-0.036,0.0,R,4-Seam Fastball,96.3,R,R
716352,2023-10-01,2023,6,Bot,51,3,0,2,1,KC,NYY,622110,666745,,,680118,669224,518934,672724,643396,683011,S,strikeout,swinging_strike,Matt Duffy strikes out swinging.,5,2,5,2,-0.305,-0.022,R,4-Seam Fastball,96.3,R,R
716352,2023-10-01,2023,6,Bot,51,2,0,1,1,KC,NYY,622110,666745,,680118,,669224,518934,672724,643396,683011,S,,foul,Foul,5,2,5,2,-0.069,0.0,R,Sinker,95.7,R,R
716352,2023-10-01,2023,6,Bot,51,1,0,0,1,KC,NYY,622110,666745,,680118,,669224,518934,672724,643396,683011,S,,called_strike,Called Strike,5,2,5,2,-0.038,0.0,R,Sinker,95.8,R,R
716352,2023-10-01,2023,6,Bot,50,4,1,2,0,KC,NYY,668472,666745,680118,,,669224,518934,672724,643396,683011,S,strikeout,swinging_strike,Nick Pratto strikes out swinging.  Dairon Blanco steals (24) 2nd base.,5,2,5,2,-0.165,-0.004,R,4-Seam Fastball,96.1,L,R
716352,2023-10-01,2023,6,Bot,50,3,0,2,0,KC,NYY,668472,666745,680118,,,669224,518934,672724,643396,683011,B,,ball,Ball,5,2,5,2,0.008,0.0,R,Changeup,88.8,L,R
716352,2023-10-01,2023,6,Bot,50,2,0,1,0,KC,NYY,668472,666745,680118,,,669224,518934,672724,643396,683011,S,,foul,Foul,5,2,5,2,-0.043,0.0,R,4-Seam Fastball,95.9,L,R
716352,2023-10-01,2023,6,Bot,50,1,0,0,0,KC,NYY,668472,666745,680118,,,669224,518934,672724,643396,683011,S,,swinging_strike,Swinging Strike,5,2,5,2,-0.036,0.0,R,Changeup,88.7,L,R
716352,2023-10-01,2023,6,Bot,49,4,1,2,0,KC,NYY,680118,666745,,,,669224,518934,672724,643396,683011,X,single,hit_into_play,Dairon Blanco singles on a ground ball to center fielder Estevan Florial.,5,2,5,2,0.504,0.011,R,Sweeper,82.5,R,R
716352,2023-10-01,2023,6,Bot,49,3,0,2,0,KC,NYY,680118,666745,,,,669224,518934,672724,643396,683011,B,,ball,Ball,5,2,5,2,0.024,0.0,R,Sweeper,83.0,R,R
716352,2023-10-01,2023,6,Bot,49,2,0,1,0,KC,NYY,680118,666745,,,,669224,518934,672724,643396,683011,S,,foul,Foul,5,2,5,2,-0.054,0.0,R,Sweeper,81.2,R,R
716352,2023-10-01,2023,6,Bot,49,1,0,0,0,KC,NYY,680118,666745,,,,669224,518934,672724,643396,683011,S,,called_strike,Called Strike,5,2,5,2,-0.042,0.0,R,Sinker,94.9,R,R
716352,2023-10-01,2023,6,Top,48,2,1,0,2,KC,NYY,665828,664199,643396,,,521692,668472,686681,672580,677951,X,field_out,hit_into_play,Oswaldo Cabrera flies out to center fielder Dairon Blanco.,5,2,2,5,-0.316,0.021,R,4-Seam Fastball,95.2,L,R
716352,2023-10-01,2023,6,Top,48,1,0,0,2,KC,NYY,665828,664199,643396,,,521692,668472,686681,672580,677951,B,,ball,Ball,5,2,2,5,0.03,0.0,R,Changeup,87.6,L,R
716352,2023-10-01,2023,6,Top,47,4,2,1,2,KC,NYY,643396,664199,,669224,518934,521692,668472,686681,672580,677951,X,single,hit_into_play,Isiah Kiner-Falefa singles on a sharp line drive to left fielder Edward Olivares.   DJ LeMahieu scores.    Austin Wells scores.,5,0,0,5,0.73,-0.057,R,Slider,88.9,R,R
716352,2023-10-01,2023,6,Top,47,3,2,0,2,KC,NYY,643396,664199,,669224,518934,521692,668472,686681,672580,677951,S,,foul,Foul,5,0,0,5,-0.052,0.0,R,4-Seam Fastball,95.4,R,R
716352,2023-10-01,2023,6,Top,47,2,1,0,2,KC,NYY,643396,664199,,669224,518934,521692,668472,686681,672580,677951,B,,ball,Ball,5,0,0,5,0.037,0.0,R,Slider,87.9,R,R
716352,2023-10-01,2023,6,Top,47,1,0,0,2,KC,NYY,643396,664199,,669224,518934,521692,668472,686681,672580,677951,B,,ball,Ball,5,0,0,5,0.018,0.0,R,Slider,88.2,R,R
716352,2023-10-01,2023,6,Top,46,7,3,2,1,KC,NYY,543309,664199,,669224,518934,521692,668472,686681,672580,677951,X,field_out,hit_into_play,Kyle Higashioka flies out to shortstop Bobby Witt Jr.,5,0,0,5,-0.172,0.035,R,4-Seam Fastball,94.9,R,R
716352,2023-10-01,2023,6,Top,46,6,3,2,1,KC,NYY,543309,664199,,669224,518934,521692,668472,686681,672580,677951,S,,foul,Foul,5,0,0,5,0.0,0.0,R,4-Seam Fastball,96.0,R,R
716352,2023-10-01,2023,6,Top,46,5,3,1,1,KC,NYY,543309,664199,,669224,518934,521692,668472,686681,672580,677951,S,,called_strike,Called Strike,5,0,0,5,-0.094,0.0,R,4-Seam Fastball,96.0,R,R
716352,2023-10-01,2023,6,Top,46,4,2,1,1,KC,NYY,543309,664199,,669224,518934,521692,668472,686681,672580,677951,B,,ball,Ball,5,0,0,5,0.071,0.0,R,Slider,89.4,R,R
716352,2023-10-01,2023,6,Top,46,3,1,1,1,KC,NYY,543309,664199,,669224,518934,521692,668472,686681,672580,677951,B,,ball,Ball,5,0,0,5,0.018,0.0,R,Slider,89.4,R,R
716352,2023-10-01,2023,6,Top,46,2,1,0,1,KC,NYY,543309,664199,,669224,518934,521692,668472,686681,672580,677951,S,,swinging_strike,Swinging Strike,5,0,0,5,-0.036,0.0,R,Sweeper,84.3,R,R
716352,2023-10-01,2023,6,Top,46,1,0,0,1,KC,NYY,543309,664199,,669224,518934,521692,668472,686681,672580,677951,B,,ball,Ball,5,0,0,5,0.017,0.0,R,Sweeper,84.1,R,R
716352,2023-10-01,2023,6,Top,45,5,2,2,1,KC,NYY,669224,664199,518934,,,521692,668472,686681,672580,677951,X,double,hit_into_play,Austin Wells doubles (5) on a sharp fly ball to center fielder Dairon Blanco.   DJ LeMahieu to 3rd.,5,0,0,5,0.826,-0.038,R,4-Seam Fastball,94.4,L,R
716352,2023-10-01,2023,6,Top,45,4,2,1,1,KC,NYY,669224,664199,518934,,,521692,668472,686681,672580,677951,S,,foul,Foul,5,0,0,5,-0.054,0.0,R,Changeup,89.3,L,R
716352,2023-10-01,2023,6,Top,45,3,2,0,1,KC,NYY,669224,664199,518934,,,521692,668472,686681,672580,677951,S,,swinging_strike,Swinging Strike,5,0,0,5,-0.061,0.0,R,Changeup,89.3,L,R
716352,2023-10-01,2023,6,Top,45,2,1,0,1,KC,NYY,669224,664199,518934,,,521692,668472,686681,672580,677951,B,,ball,Ball,5,0,0,5,0.054,0.0,R,Changeup,88.9,L,R
716352,2023-10-01,2023,6,Top,45,1,0,0,1,KC,NYY,669224,664199,518934,,,521692,668472,686681,672580,677951,B,,ball,Ball,5,0,0,5,0.036,0.0,R,4-Seam Fastball,94.4,L,R
716352,2023-10-01,2023,6,Top,44,2,0,1,0,KC,NYY,683011,664199,518934,,,521692,668472,686681,672580,677951,X,field_out,hit_into_play,Anthony Volpe flies out to center fielder Dairon Blanco.,5,0,0,5,-0.205,0.017,R,Slider,88.0,R,R
716352,2023-10-01,2023,6,Top,44,1,0,0,0,KC,NYY,683011,664199,518934,,,521692,668472,686681,672580,677951,S,,swinging_strike,Swinging Strike,5,0,0,5,-0.036,0.0,R,Slider,88.9,R,R
716352,2023-10-01,2023,6,Top,43,6,3,2,0,KC,NYY,518934,425844,,,,521692,668472,686681,672580,677951,B,walk,ball,DJ LeMahieu walks.,5,0,0,5,0.347,-0.018,R,Sinker,89.5,R,R
716352,2023-10-01,2023,6,Top,43,5,2,2,0,KC,NYY,518934,425844,,,,521692,668472,686681,672580,677951,B,,ball,Ball,5,0,0,5,0.115,0.0,R,Sinker,90.2,R,R
716352,2023-10-01,2023,6,Top,43,4,2,1,0,KC,NYY,518934,425844,,,,521692,668472,686681,672580,677951,S,,foul,Foul,5,0,0,5,-0.074,0.0,R,Sinker,90.1,R,R
716352,2023-10-01,2023,6,Top,43,3,2,0,0,KC,NYY,518934,425844,,,,521692,668472,686681,672580,677951,S,,called_strike,Called Strike,5,0,0,5,-0.065,0.0,R,Sinker,89.1,R,R
716352,2023-10-01,2023,6,Top,43,2,1,0,0,KC,NYY,518934,425844,,,,521692,668472,686681,672580,677951,B,,ball,Ball,5,0,0,5,0.071,0.0,R,Slider,78.6,R,R
716352,2023-10-01,2023,6,Top,43,1,0,0,0,KC,NYY,518934,425844,,,,521692,668472,686681,672580,677951,B,,ball,Ball,5,0,0,5,0.04,0.0,R,Sinker,89.7,R,R
716352,2023-10-01,2023,5,Bot,42,3,0,2,2,KC,NYY,686681,666745,658668,,,669224,518934,672724,643396,683011,S,strikeout,swinging_strike,Michael Massey strikes out swinging.,5,0,5,0,-0.186,-0.003,R,4-Seam Fastball,95.8,L,R
716352,2023-10-01,2023,5,Bot,42,2,0,1,2,KC,NYY,686681,666745,658668,,,669224,518934,672724,643396,683011,S,,foul,Foul,5,0,5,0,-0.055,0.0,R,4-Seam Fastball,96.0,L,R
716352,2023-10-01,2023,5,Bot,42,1,0,0,2,KC,NYY,686681,666745,658668,,,669224,518934,672724,643396,683011,S,,foul,Foul,5,0,5,0,-0.045,0.0,R,Sinker,97.9,L,R
716352,2023-10-01,2023,5,Bot,41,3,0,2,1,KC,NYY,658668,666745,669004,,,669224,518934,672724,643396,683011,X,force_out,hit_into_play,"Edward Olivares grounds into a force out, second baseman Oswald Peraza to shortstop Anthony Volpe.   MJ Melendez out at 2nd.    Edward Olivares to 1st.",5,0,5,0,-0.238,-0.004,R,4-Seam Fastball,97.3,R,R
716352,2023-10-01,2023,5,Bot,41,2,0,1,1,KC,NYY,658668,666745,669004,,,669224,518934,672724,643396,683011,S,,foul,Foul,5,0,5,0,-0.053,0.0,R,4-Seam Fastball,96.5,R,R
716352,2023-10-01,2023,5,Bot,41,1,0,0,1,KC,NYY,658668,666745,669004,,,669224,518934,672724,643396,683011,S,,swinging_strike,Swinging Strike,5,0,5,0,-0.042,0.0,R,Sinker,95.8,R,R
716352,2023-10-01,2023,5,Bot,40,5,1,2,1,KC,NYY,669004,666745,,,,669224,518934,672724,643396,683011,X,single,hit_into_play,MJ Melendez singles on a ground ball to first baseman DJ LeMahieu.,5,0,5,0,0.495,0.003,R,Sinker,96.9,L,R
716352,2023-10-01,2023,5,Bot,40,4,1,2,1,KC,NYY,669004,666745,,,,669224,518934,672724,643396,683011,S,,foul,Foul,5,0,5,0,0.0,0.0,R,Changeup,89.9,L,R
716352,2023-10-01,2023,5,Bot,40,3,1,1,1,KC,NYY,669004,666745,,,,669224,518934,672724,643396,683011,S,,foul_tip,Foul Tip,5,0,5,0,-0.068,0.0,R,4-Seam Fastball,96.6,L,R
716352,2023-10-01,2023,5,Bot,40,2,1,0,1,KC,NYY,669004,666745,,,,669224,518934,672724,643396,683011,S,,called_strike,Called Strike,5,0,5,0,-0.05,0.0,R,Changeup,89.6,L,R
716352,2023-10-01,2023,5,Bot,40,1,0,0,1,KC,NYY,669004,666745,,,,669224,518934,672724,643396,683011,B,,ball,Ball,5,0,5,0,0.039,0.0,R,Sinker,96.4,L,R
716352,2023-10-01,2023,5,Bot,39,4,2,1,0,KC,NYY,521692,666745,,,677951,669224,518934,672724,643396,683011,X,sac_fly,hit_into_play,Salvador Perez out on a sacrifice fly to right fielder Oswaldo Cabrera.   Bobby Witt Jr.  scores.,4,0,4,0,-0.226,0.002,R,Sweeper,82.6,R,R
716352,2023-10-01,2023,5,Bot,39,3,1,1,0,KC,NYY,521692,666745,,,677951,669224,518934,672724,643396,683011,B,,blocked_ball,Ball In Dirt,4,0,4,0,0.036,0.0,R,Changeup,89.8,R,R
716352,2023-10-01,2023,5,Bot,39,2,0,1,0,KC,NYY,521692,666745,,,677951,669224,518934,672724,643396,683011,B,,blocked_ball,Ball In Dirt,4,0,4,0,0.017,0.0,R,Changeup,89.2,R,R
716352,2023-10-01,2023,5,Bot,39,1,0,0,0,KC,NYY,521692,666745,,,677951,669224,518934,672724,643396,683011,S,,called_strike,Called Strike,4,0,4,0,-0.045,0.0,R,4-Seam Fastball,95.9,R,R
716352,2023-10-01,2023,5,Bot,38,5,2,2,0,KC,NYY,677951,666745,,,,669224,518934,672724,643396,683011,X,triple,hit_into_play,Bobby Witt Jr.  triples (11) on a line drive to right fielder Oswaldo Cabrera.,4,0,4,0,1.018,0.023,R,Changeup,89.5,R,R
716352,2023-10-01,2023,5,Bot,38,4,1,2,0,KC,NYY,677951,666745,,,,669224,518934,672724,643396,683011,B,,ball,Ball,4,0,4,0,0.046,0.0,R,4-Seam Fastball,96.5,R,R
716352,2023-10-01,2023,5,Bot,38,3,1,1,0,KC,NYY,677951,666745,,,,669224,518934,672724,643396,683011,S,,foul,Foul,4,0,4,0,-0.061,0.0,R,Sinker,95.2,R,R
716352,2023-10-01,2023,5,Bot,38,2,0,1,0,KC,NYY,677951,666745,,,,669224,518934,672724,643396,683011,B,,ball,Ball,4,0,4,0,0.031,0.0,R,Sweeper,82.5,R,R
716352,2023-10-01,2023,5,Bot,38,1,0,0,0,KC,NYY,677951,666745,,,,669224,518934,672724,643396,683011,S,,called_strike,Called Strike,4,0,4,0,-0.042,0.0,R,Sinker,95.2,R,R
716352,2023-10-01,2023,5,Top,37,4,2,1,2,KC,NYY,664314,425844,,,,521692,668472,686681,672580,677951,X,field_out,hit_into_play,"Estevan Florial grounds out, second baseman Michael Massey to first baseman Nick Pratto.",4,0,0,4,-0.314,0.005,R,Changeup,86.8,L,R
716352,2023-10-01,2023,5,Top,37,3,1,1,2,KC,NYY,664314,425844,,,,521692,668472,686681,672580,677951,B,,ball,Ball,4,0,0,4,0.053,0.0,R,Changeup,87.4,L,R
716352,2023-10-01,2023,5,Top,37,2,0,1,2,KC,NYY,664314,425844,,,,521692,668472,686681,672580,677951,B,,ball,Ball,4,0,0,4,0.031,0.0,R,Curveball,68.6,L,R
716352,2023-10-01,2023,5,Top,37,1,0,0,2,KC,NYY,664314,425844,,,,521692,668472,686681,672580,677951,S,,called_strike,Called Strike,4,0,0,4,-0.045,0.0,R,4-Seam Fastball,89.7,L,R
716352,2023-10-01,2023,5,Top,36,5,2,2,1,KC,NYY,677592,425844,,,,521692,668472,686681,672580,677951,S,strikeout,swinging_strike,Everson Pereira strikes out swinging.,4,0,0,4,-0.234,0.011,R,Changeup,87.9,R,R
716352,2023-10-01,2023,5,Top,36,4,2,1,1,KC,NYY,677592,425844,,,,521692,668472,686681,672580,677951,S,,called_strike,Called Strike,4,0,0,4,-0.076,0.0,R,Slider,78.9,R,R
716352,2023-10-01,2023,5,Top,36,3,1,1,1,KC,NYY,677592,425844,,,,521692,668472,686681,672580,677951,B,,ball,Ball,4,0,0,4,0.054,0.0,R,Curveball,71.2,R,R
716352,2023-10-01,2023,5,Top,36,2,0,1,1,KC,NYY,677592,425844,,,,521692,668472,686681,672580,677951,B,,ball,Ball,4,0,0,4,0.03,0.0,R,Slider,80.6,R,R
716352,2023-10-01,2023,5,Top,36,1,0,0,1,KC,NYY,677592,425844,,,,521692,668472,686681,672580,677951,S,,swinging_strike,Swinging Strike,4,0,0,4,-0.041,0.0,R,Slider,80.1,R,R
716352,2023-10-01,2023,5,Top,35,6,3,2,0,KC,NYY,672724,425844,,,,521692,668472,686681,672580,677951,X,field_out,hit_into_play,"Oswald Peraza grounds out, shortstop Bobby Witt Jr.  to first baseman Nick Pratto.",4,0,0,4,-0.353,0.016,R,Changeup,87.6,R,R
716352,2023-10-01,2023,5,Top,35,5,2,2,0,KC,NYY,672724,425844,,,,521692,668472,686681,672580,677951,B,,ball,Ball,4,0,0,4,0.115,0.0,R,Changeup,87.4,R,R
716352,2023-10-01,2023,5,Top,35,4,2,1,0,KC,NYY,672724,425844,,,,521692,668472,686681,672580,677951,S,,foul,Foul,4,0,0,4,-0.074,0.0,R,Slider,79.2,R,R
716352,2023-10-01,2023,5,Top,35,3,1,1,0,KC,NYY,672724,425844,,,,521692,668472,686681,672580,677951,B,,ball,Ball,4,0,0,4,0.059,0.0,R,4-Seam Fastball,89.7,R,R
716352,2023-10-01,2023,5,Top,35,2,0,1,0,KC,NYY,672724,425844,,,,521692,668472,686681,672580,677951,B,,ball,Ball,4,0,0,4,0.031,0.0,R,4-Seam Fastball,89.6,R,R
716352,2023-10-01,2023,5,Top,35,1,0,0,0,KC,NYY,672724,425844,,,,521692,668472,686681,672580,677951,S,,called_strike,Called Strike,4,0,0,4,-0.042,0.0,R,Slider,79.3,R,R
716352,2023-10-01,2023,4,Bot,34,4,2,1,2,KC,NYY,672580,650633,622110,668472,,669224,518934,672724,643396,683011,X,force_out,hit_into_play,"Maikel Garcia grounds into a force out, shortstop Anthony Volpe to second baseman Oswald Peraza.   Matt Duffy out at 2nd.",4,0,4,0,-0.306,-0.012,R,4-Seam Fastball,91.8,R,R
716352,2023-10-01,2023,4,Bot,34,3,1,1,2,KC,NYY,672580,650633,622110,668472,,669224,518934,672724,643396,683011,B,,ball,Ball,4,0,4,0,0.025,0.0,R,4-Seam Fastball,94.2,R,R
716352,2023-10-01,2023,4,Bot,34,2,1,0,2,KC,NYY,672580,650633,622110,668472,,669224,518934,672724,643396,683011,S,,called_strike,Called Strike,4,0,4,0,-0.045,0.0,R,Sinker,92.2,R,R
716352,2023-10-01,2023,4,Bot,34,1,0,0,2,KC,NYY,672580,650633,622110,668472,,669224,518934,672724,643396,683011,B,,ball,Ball,4,0,4,0,0.03,0.0,R,4-Seam Fastball,93.4,R,R
716352,2023-10-01,2023,4,Bot,33,4,3,0,2,KC,NYY,622110,650633,668472,,,669224,518934,672724,643396,683011,X,single,hit_into_play,"Matt Duffy singles on a line drive to left fielder Everson Pereira, deflected by third baseman Isiah Kiner-Falefa.   Nick Pratto to 2nd.",4,0,4,0,0.196,0.005,R,4-Seam Fastball,91.8,R,R
716352,2023-10-01,2023,4,Bot,33,3,2,0,2,KC,NYY,622110,650633,668472,,,669224,518934,672724,643396,683011,B,,ball,Ball,4,0,4,0,0.104,0.0,R,Sinker,92.3,R,R
716352,2023-10-01,2023,4,Bot,33,2,1,0,2,KC,NYY,622110,650633,668472,,,669224,518934,672724,643396,683011,B,,ball,Ball,4,0,4,0,0.037,0.0,R,4-Seam Fastball,90.6,R,R
716352,2023-10-01,2023,4,Bot,33,1,0,0,2,KC,NYY,622110,650633,668472,,,669224,518934,672724,643396,683011,B,,ball,Ball,4,0,4,0,0.03,0.0,R,Sinker,93.5,R,R
716352,2023-10-01,2023,4,Bot,32,6,1,2,2,KC,NYY,668472,650633,,,,669224,518934,672724,643396,683011,X,single,hit_into_play,Nick Pratto singles on a line drive to center fielder Estevan Florial.,4,0,4,0,0.427,0.004,R,Changeup,85.3,L,R
716352,2023-10-01,2023,4,Bot,32,5,1,2,2,KC,NYY,668472,650633,,,,669224,518934,672724,643396,683011,S,,foul,Foul,4,0,4,0,0.0,0.0,R,4-Seam Fastball,94.4,L,R
716352,2023-10-01,2023,4,Bot,32,4,1,2,2,KC,NYY,668472,650633,,,,669224,518934,672724,643396,683011,S,,foul,Foul,4,0,4,0,0.0,0.0,R,Changeup,85.4,L,R
716352,2023-10-01,2023,4,Bot,32,3,0,2,2,KC,NYY,668472,650633,,,,669224,518934,672724,643396,683011,B,,ball,Ball,4,0,4,0,0.022,0.0,R,4-Seam Fastball,93.6,L,R
716352,2023-10-01,2023,4,Bot,32,2,0,1,2,KC,NYY,668472,650633,,,,669224,518934,672724,643396,683011,S,,called_strike,Called Strike,4,0,4,0,-0.061,0.0,R,4-Seam Fastball,94.3,L,R
716352,2023-10-01,2023,4,Bot,32,1,0,0,2,KC,NYY,668472,650633,,,,669224,518934,672724,643396,683011,S,,called_strike,Called Strike,4,0,4,0,-0.045,0.0,R,Changeup,83.4,L,R
716352,2023-10-01,2023,4,Bot,31,2,0,1,2,KC,NYY,680118,650633,,,,669224,518934,672724,643396,683011,X,home_run,hit_into_play,Dairon Blanco homers (3) on a fly ball to left center field.,3,0,3,0,2.64,0.057,R,Sweeper,79.5,R,R
716352,2023-10-01,2023,4,Bot,31,1,0,0,2,KC,NYY,680118,650633,,,,669224,518934,672724,643396,683011,S,,swinging_strike,Swinging Strike,3,0,3,0,-0.045,0.0,R,Sweeper,78.7,R,R
716352,2023-10-01,2023,4,Bot,30,4,1,2,1,KC,NYY,686681,650633,,,,669224,518934,672724,643396,683011,X,field_out,hit_into_play,"Michael Massey grounds out, first baseman DJ LeMahieu to pitcher Michael King.",3,0,3,0,-0.189,-0.007,R,Changeup,85.3,L,R
716352,2023-10-01,2023,4,Bot,30,3,1,1,1,KC,NYY,686681,650633,,,,669224,518934,672724,643396,683011,S,,foul,Foul,3,0,3,0,-0.068,0.0,R,4-Seam Fastball,93.0,L,R
716352,2023-10-01,2023,4,Bot,30,2,1,0,1,KC,NYY,686681,650633,,,,669224,518934,672724,643396,683011,S,,called_strike,Called Strike,3,0,3,0,-0.05,0.0,R,Sweeper,79.2,L,R
716352,2023-10-01,2023,4,Bot,30,1,0,0,1,KC,NYY,686681,650633,,,,669224,518934,672724,643396,683011,B,,ball,Ball,3,0,3,0,0.039,0.0,R,Sweeper,78.2,L,R
716352,2023-10-01,2023,4,Bot,29,5,2,2,1,KC,NYY,658668,650633,,,,669224,518934,672724,643396,683011,X,home_run,hit_into_play,Edward Olivares homers (12) on a fly ball to left center field.,2,0,2,0,1.616,0.079,R,Sweeper,80.8,R,R
716352,2023-10-01,2023,4,Bot,29,4,1,2,1,KC,NYY,658668,650633,,,,669224,518934,672724,643396,683011,B,,ball,Ball,2,0,2,0,0.045,0.0,R,Sweeper,82.0,R,R
716352,2023-10-01,2023,4,Bot,29,3,1,1,1,KC,NYY,658668,650633,,,,669224,518934,672724,643396,683011,S,,foul,Foul,2,0,2,0,-0.068,0.0,R,4-Seam Fastball,94.0,R,R
716352,2023-10-01,2023,4,Bot,29,2,0,1,1,KC,NYY,658668,650633,,,,669224,518934,672724,643396,683011,B,,ball,Ball,2,0,2,0,0.03,0.0,R,4-Seam Fastball,93.8,R,R
716352,2023-10-01,2023,4,Bot,29,1,0,0,1,KC,NYY,658668,650633,,,,669224,518934,672724,643396,683011,S,,called_strike,Called Strike,2,0,2,0,-0.041,0.0,R,Sinker,91.0,R,R
716352,2023-10-01,2023,4,Bot,28,2,0,1,0,KC,NYY,669004,650633,,,,669224,518934,672724,643396,683011,X,field_out,hit_into_play,"MJ Melendez grounds out, second baseman Oswald Peraza to first baseman DJ LeMahieu.",2,0,2,0,-0.223,-0.014,R,Changeup,85.3,L,R
716352,2023-10-01,2023,4,Bot,28,1,0,0,0,KC,NYY,669004,650633,,,,669224,518934,672724,643396,683011,S,,called_strike,Called Strike,2,0,2,0,-0.042,0.0,R,4-Seam Fastball,92.9,L,R
716352,2023-10-01,2023,4,Top,27,1,0,0,2,KC,NYY,665828,425844,,543309,,521692,668472,686681,672580,677951,X,field_out,hit_into_play,Oswaldo Cabrera lines out to center fielder Dairon Blanco.,2,0,0,2,-0.295,0.035,R,Sinker,87.3,L,R
716352,2023-10-01,2023,4,Top,26,3,1,1,1,KC,NYY,643396,425844,,543309,,521692,668472,686681,672580,677951,X,field_out,hit_into_play,Isiah Kiner-Falefa flies out to right fielder MJ Melendez.,2,0,0,2,-0.276,0.04,R,Slider,77.9,R,R
716352,2023-10-01,2023,4,Top,26,2,0,1,1,KC,NYY,643396,425844,,543309,,521692,668472,686681,672580,677951,B,,ball,Ball,2,0,0,2,0.024,0.0,R,Curveball,72.0,R,R
716352,2023-10-01,2023,4,Top,26,1,0,0,1,KC,NYY,643396,425844,,543309,,521692,668472,686681,672580,677951,S,,called_strike,Called Strike,2,0,0,2,-0.038,0.0,R,Sinker,90.1,R,R
716352,2023-10-01,2023,4,Top,25,2,0,1,1,KC,NYY,543309,425844,,,,521692,668472,686681,672580,677951,X,double,hit_into_play,Kyle Higashioka doubles (13) on a sharp line drive to left fielder Edward Olivares.,2,0,0,2,0.703,-0.046,R,Sinker,89.2,R,R
716352,2023-10-01,2023,4,Top,25,1,0,0,1,KC,NYY,543309,425844,,,,521692,668472,686681,672580,677951,S,,called_strike,Called Strike,2,0,0,2,-0.041,0.0,R,Curveball,68.9,R,R
716352,2023-10-01,2023,4,Top,24,2,0,1,0,KC,NYY,669224,425844,,,,521692,668472,686681,672580,677951,X,field_out,hit_into_play,"Austin Wells grounds out, shortstop Bobby Witt Jr.  to first baseman Nick Pratto.",2,0,0,2,-0.223,0.026,R,Changeup,85.8,L,R
716352,2023-10-01,2023,4,Top,24,1,0,0,0,KC,NYY,669224,425844,,,,521692,668472,686681,672580,677951,S,,foul_tip,Foul Tip,2,0,0,2,-0.042,0.0,R,Changeup,85.9,L,R
716352,2023-10-01,2023,3,Bot,23,5,1,2,2,KC,NYY,521692,650633,,,,669224,518934,672724,643396,683011,X,field_out,hit_into_play,Salvador Perez grounds out to first baseman DJ LeMahieu.,2,0,2,0,-0.191,-0.008,R,Sweeper,81.7,R,R
716352,2023-10-01,2023,3,Bot,23,4,1,2,2,KC,NYY,521692,650633,,,,669224,518934,672724,643396,683011,S,,foul,Foul,2,0,2,0,0.0,0.0,R,4-Seam Fastball,93.9,R,R
716352,2023-10-01,2023,3,Bot,23,3,1,1,2,KC,NYY,521692,650633,,,,669224,518934,672724,643396,683011,S,,foul,Foul,2,0,2,0,-0.069,0.0,R,Sweeper,82.1,R,R
716352,2023-10-01,2023,3,Bot,23,2,1,0,2,KC,NYY,521692,650633,,,,669224,518934,672724,643396,683011,S,,swinging_strike,Swinging Strike,2,0,2,0,-0.056,0.0,R,Sweeper,83.1,R,R
716352,2023-10-01,2023,3,Bot,23,1,0,0,2,KC,NYY,521692,650633,,,,669224,518934,672724,643396,683011,B,,ball,Ball,2,0,2,0,0.043,0.0,R,Sweeper,82.3,R,R
716352,2023-10-01,2023,3,Bot,22,8,3,2,1,KC,NYY,677951,650633,,,,669224,518934,672724,643396,683011,X,single,hit_into_play,Bobby Witt Jr.  singles on a sharp line drive to left fielder Everson Pereira.,2,0,2,0,0.355,0.017,R,Sweeper,83.6,R,R
716352,2023-10-01,2023,3,Bot,22,7,2,2,1,KC,NYY,677951,650633,,,,669224,518934,672724,643396,683011,B,,ball,Ball,2,0,2,0,0.094,0.0,R,4-Seam Fastball,95.2,R,R
716352,2023-10-01,2023,3,Bot,22,6,2,2,1,KC,NYY,677951,650633,,,,669224,518934,672724,643396,683011,S,,foul,Foul,2,0,2,0,0.0,0.0,R,Sweeper,81.7,R,R
716352,2023-10-01,2023,3,Bot,22,5,1,2,1,KC,NYY,677951,650633,,,,669224,518934,672724,643396,683011,B,,ball,Ball,2,0,2,0,0.045,0.0,R,4-Seam Fastball,93.6,R,R
716352,2023-10-01,2023,3,Bot,22,4,0,2,1,KC,NYY,677951,650633,,,,669224,518934,672724,643396,683011,B,,ball,Ball,2,0,2,0,0.019,0.0,R,4-Seam Fastball,95.1,R,R
716352,2023-10-01,2023,3,Bot,22,3,0,2,1,KC,NYY,677951,650633,,,,669224,518934,672724,643396,683011,S,,foul,Foul,2,0,2,0,0.0,0.0,R,4-Seam Fastball,94.3,R,R
716352,2023-10-01,2023,3,Bot,22,2,0,1,1,KC,NYY,677951,650633,,,,669224,518934,672724,643396,683011,S,,foul,Foul,2,0,2,0,-0.057,0.0,R,4-Seam Fastball,94.0,R,R
716352,2023-10-01,2023,3,Bot,22,1,0,0,1,KC,NYY,677951,650633,,,,669224,518934,672724,643396,683011,S,,called_strike,Called Strike,2,0,2,0,-0.041,0.0,R,Sinker,93.0,R,R
716352,2023-10-01,2023,3,Bot,21,3,0,2,0,KC,NYY,672580,650633,,,,669224,518934,672724,643396,683011,X,field_out,hit_into_play,"Maikel Garcia grounds out, second baseman Oswald Peraza to first baseman DJ LeMahieu.",2,0,2,0,-0.169,-0.015,R,Sweeper,79.7,R,R
716352,2023-10-01,2023,3,Bot,21,2,0,1,0,KC,NYY,672580,650633,,,,669224,518934,672724,643396,683011,S,,called_strike,Called Strike,2,0,2,0,-0.054,0.0,R,Sinker,92.1,R,R
716352,2023-10-01,2023,3,Bot,21,1,0,0,0,KC,NYY,672580,650633,,,,669224,518934,672724,643396,683011,S,,foul,Foul,2,0,2,0,-0.042,0.0,R,Sweeper,80.4,R,R
716352,2023-10-01,2023,3,Top,20,7,2,2,2,KC,NYY,683011,425844,,,,521692,668472,686681,672580,677951,S,strikeout,swinging_strike_blocked,Anthony Volpe strikes out swinging.,2,0,0,2,-0.233,0.01,R,Curveball,68.2,R,R
716352,2023-10-01,2023,3,Top,20,6,1,2,2,KC,NYY,683011,425844,,,,521692,668472,686681,672580,677951,B,,ball,Ball,2,0,0,2,0.041,0.0,R,Changeup,88.3,R,R
716352,2023-10-01,2023,3,Top,20,5,1,2,2,KC,NYY,683011,425844,,,,521692,668472,686681,672580,677951,S,,foul,Foul,2,0,0,2,0.0,0.0,R,Slider,78.7,R,R
716352,2023-10-01,2023,3,Top,20,4,0,2,2,KC,NYY,683011,425844,,,,521692,668472,686681,672580,677951,B,,ball,Ball,2,0,0,2,0.022,0.0,R,4-Seam Fastball,91.6,R,R
716352,2023-10-01,2023,3,Top,20,3,0,2,2,KC,NYY,683011,425844,,,,521692,668472,686681,672580,677951,S,,foul,Foul,2,0,0,2,0.0,0.0,R,Changeup,86.4,R,R
716352,2023-10-01,2023,3,Top,20,2,0,1,2,KC,NYY,683011,425844,,,,521692,668472,686681,672580,677951,S,,foul,Foul,2,0,0,2,-0.061,0.0,R,Slider,79.7,R,R
716352,2023-10-01,2023,3,Top,20,1,0,0,2,KC,NYY,683011,425844,,,,521692,668472,686681,672580,677951,S,,called_strike,Called Strike,2,0,0,2,-0.045,0.0,R,Sinker,90.1,R,R
716352,2023-10-01,2023,3,Top,19,3,1,1,0,KC,NYY,518934,425844,664314,,,521692,668472,686681,672580,677951,X,grounded_into_double_play,hit_into_play,"DJ LeMahieu grounds into a double play, second baseman Michael Massey to shortstop Bobby Witt Jr.  to first baseman Nick Pratto.   Estevan Florial out at 2nd.    DJ LeMahieu out at 1st.",2,0,0,2,-0.338,0.083,R,Changeup,87.5,R,R
716352,2023-10-01,2023,3,Top,19,2,1,0,0,KC,NYY,518934,425844,664314,,,521692,668472,686681,672580,677951,S,,called_strike,Called Strike,2,0,0,2,-0.042,0.0,R,Sinker,90.9,R,R
716352,2023-10-01,2023,3,Top,19,1,0,0,0,KC,NYY,518934,425844,664314,,,521692,668472,686681,672580,677951,B,,ball,Ball,2,0,0,2,0.03,0.0,R,Sinker,90.7,R,R
716352,2023-10-01,2023,3,Top,18,6,3,2,0,KC,NYY,664314,425844,,,,521692,668472,686681,672580,677951,B,walk,ball,Estevan Florial walks.,2,0,0,2,0.347,-0.042,R,Changeup,86.0,L,R
716352,2023-10-01,2023,3,Top,18,5,3,1,0,KC,NYY,664314,425844,,,,521692,668472,686681,672580,677951,S,,foul,Foul,2,0,0,2,-0.088,0.0,R,Changeup,86.9,L,R
716352,2023-10-01,2023,3,Top,18,4,2,1,0,KC,NYY,664314,425844,,,,521692,668472,686681,672580,677951,B,,ball,Ball,2,0,0,2,0.129,0.0,R,Changeup,86.8,L,R
716352,2023-10-01,2023,3,Top,18,3,1,1,0,KC,NYY,664314,425844,,,,521692,668472,686681,672580,677951,B,,ball,Ball,2,0,0,2,0.059,0.0,R,Changeup,86.6,L,R
716352,2023-10-01,2023,3,Top,18,2,0,1,0,KC,NYY,664314,425844,,,,521692,668472,686681,672580,677951,B,,ball,Ball,2,0,0,2,0.031,0.0,R,Curveball,69.9,L,R
716352,2023-10-01,2023,3,Top,18,1,0,0,0,KC,NYY,664314,425844,,,,521692,668472,686681,672580,677951,S,,called_strike,Called Strike,2,0,0,2,-0.042,0.0,R,Slider,78.7,L,R
716352,2023-10-01,2023,2,Bot,17,3,1,1,2,KC,NYY,622110,650633,668472,,,669224,518934,672724,643396,683011,X,force_out,hit_into_play,"Matt Duffy grounds into a force out, shortstop Anthony Volpe to second baseman Oswald Peraza.   Nick Pratto out at 2nd.",2,0,2,0,-0.266,-0.016,R,Sinker,92.8,R,R
716352,2023-10-01,2023,2,Bot,17,2,1,0,2,KC,NYY,622110,650633,668472,,,669224,518934,672724,643396,683011,S,,called_strike,Called Strike,2,0,2,0,-0.05,0.0,R,Sinker,93.7,R,R
716352,2023-10-01,2023,2,Bot,17,1,0,0,2,KC,NYY,622110,650633,668472,,,669224,518934,672724,643396,683011,B,,ball,Ball,2,0,2,0,0.03,0.0,R,Sinker,92.2,R,R
716352,2023-10-01,2023,2,Bot,16,4,2,1,2,KC,NYY,668472,650633,,680118,,669224,518934,672724,643396,683011,X,single,hit_into_play,Nick Pratto singles on a ground ball to right fielder Oswaldo Cabrera.   Dairon Blanco scores.,1,0,1,0,0.68,0.09,R,4-Seam Fastball,93.1,L,R
716352,2023-10-01,2023,2,Bot,16,3,1,1,2,KC,NYY,668472,650633,,680118,,669224,518934,672724,643396,683011,B,,ball,Ball,1,0,1,0,0.021,0.0,R,4-Seam Fastball,93.8,L,R
716352,2023-10-01,2023,2,Bot,16,2,0,1,2,KC,NYY,668472,650633,,680118,,669224,518934,672724,643396,683011,B,,ball,Ball,1,0,1,0,0.02,0.0,R,Sinker,92.7,L,R
716352,2023-10-01,2023,2,Bot,16,1,0,0,2,KC,NYY,668472,650633,680118,,,669224,518934,672724,643396,683011,S,,foul_tip,Foul Tip,1,0,1,0,-0.045,0.009,R,4-Seam Fastball,93.0,L,R
716352,2023-10-01,2023,2,Bot,15,2,1,0,2,KC,NYY,680118,650633,,,,669224,518934,672724,643396,683011,X,single,hit_into_play,Dairon Blanco singles on a line drive to left fielder Everson Pereira.,1,0,1,0,0.301,0.012,R,Sweeper,80.4,R,R
716352,2023-10-01,2023,2,Bot,15,1,0,0,2,KC,NYY,680118,650633,,,,669224,518934,672724,643396,683011,B,,ball,Ball,1,0,1,0,0.043,0.0,R,Sinker,93.7,R,R
716352,2023-10-01,2023,2,Bot,14,4,1,2,1,KC,NYY,686681,650633,,,,669224,518934,672724,643396,683011,X,field_out,hit_into_play,Michael Massey lines out to first baseman DJ LeMahieu.,1,0,1,0,-0.189,-0.014,R,Changeup,86.3,L,R
716352,2023-10-01,2023,2,Bot,14,3,1,1,1,KC,NYY,686681,650633,,,,669224,518934,672724,643396,683011,S,,foul,Foul,1,0,1,0,-0.068,0.0,R,Changeup,85.9,L,R
716352,2023-10-01,2023,2,Bot,14,2,1,0,1,KC,NYY,686681,650633,,,,669224,518934,672724,643396,683011,S,,foul,Foul,1,0,1,0,-0.05,0.0,R,Changeup,85.8,L,R
716352,2023-10-01,2023,2,Bot,14,1,0,0,1,KC,NYY,686681,650633,,,,669224,518934,672724,643396,683011,B,,ball,Ball,1,0,1,0,0.039,0.0,R,Sinker,91.9,L,R
716352,2023-10-01,2023,2,Bot,13,1,0,0,0,KC,NYY,658668,650633,,,,669224,518934,672724,643396,683011,X,field_out,hit_into_play,Edward Olivares lines out to center fielder Estevan Florial.,1,0,1,0,-0.265,-0.02,R,Sinker,93.5,R,R
716352,2023-10-01,2023,2,Bot,12,2,0,1,0,KC,NYY,669004,650633,,,,669224,518934,672724,643396,683011,X,home_run,hit_into_play,MJ Melendez homers (16) on a fly ball to left center field.,0,0,0,0,1.157,0.11,R,4-Seam Fastball,92.5,L,R
716352,2023-10-01,2023,2,Bot,12,1,0,0,0,KC,NYY,669004,650633,,,,669224,518934,672724,643396,683011,S,,called_strike,Called Strike,0,0,0,0,-0.042,0.0,R,4-Seam Fastball,93.5,L,R
716352,2023-10-01,2023,2,Top,11,1,0,0,2,KC,NYY,677592,425844,,,,521692,668472,686681,672580,677951,X,field_out,hit_into_play,"Everson Pereira grounds out, shortstop Bobby Witt Jr.  to first baseman Nick Pratto.",0,0,0,0,-0.275,0.01,R,4-Seam Fastball,89.8,R,R
716352,2023-10-01,2023,2,Top,10,2,1,0,1,KC,NYY,672724,425844,,,,521692,668472,686681,672580,677951,X,field_out,hit_into_play,"Oswald Peraza grounds out, second baseman Michael Massey to first baseman Nick Pratto.",0,0,0,0,-0.306,0.017,R,Sinker,89.9,R,R
716352,2023-10-01,2023,2,Top,10,1,0,0,1,KC,NYY,672724,425844,,,,521692,668472,686681,672580,677951,B,,ball,Ball,0,0,0,0,0.039,0.0,R,4-Seam Fastball,89.8,R,R
716352,2023-10-01,2023,2,Top,9,3,2,0,0,KC,NYY,665828,425844,,,,521692,668472,686681,672580,677951,X,field_out,hit_into_play,Oswaldo Cabrera flies out to right fielder MJ Melendez.,0,0,0,0,-0.377,0.023,R,4-Seam Fastball,90.1,L,R
716352,2023-10-01,2023,2,Top,9,2,1,0,0,KC,NYY,665828,425844,,,,521692,668472,686681,672580,677951,B,,ball,Ball,0,0,0,0,0.071,0.0,R,Slider,76.8,L,R
716352,2023-10-01,2023,2,Top,9,1,0,0,0,KC,NYY,665828,425844,,,,521692,668472,686681,672580,677951,B,,ball,Ball,0,0,0,0,0.04,0.0,R,Curveball,70.3,L,R
716352,2023-10-01,2023,1,Bot,8,4,1,2,2,KC,NYY,521692,650633,,,,669224,518934,672724,643396,683011,S,strikeout,swinging_strike,Salvador Perez strikes out swinging.,0,0,0,0,-0.191,-0.01,R,4-Seam Fastball,96.2,R,R
716352,2023-10-01,2023,1,Bot,8,3,0,2,2,KC,NYY,521692,650633,,,,669224,518934,672724,643396,683011,B,,ball,Ball,0,0,0,0,0.022,0.0,R,4-Seam Fastball,95.3,R,R
716352,2023-10-01,2023,1,Bot,8,2,0,1,2,KC,NYY,521692,650633,,,,669224,518934,672724,643396,683011,S,,called_strike,Called Strike,0,0,0,0,-0.061,0.0,R,4-Seam Fastball,95.8,R,R
716352,2023-10-01,2023,1,Bot,8,1,0,0,2,KC,NYY,521692,650633,,,,669224,518934,672724,643396,683011,S,,called_strike,Called Strike,0,0,0,0,-0.045,0.0,R,Sinker,93.9,R,R
716352,2023-10-01,2023,1,Bot,7,5,2,2,1,KC,NYY,677951,650633,,,,669224,518934,672724,643396,683011,X,field_out,hit_into_play,"Bobby Witt Jr.  grounds out, second baseman Oswald Peraza to first baseman DJ LeMahieu.",0,0,0,0,-0.234,-0.016,R,Sweeper,81.5,R,R
716352,2023-10-01,2023,1,Bot,7,4,1,2,1,KC,NYY,677951,650633,,,,669224,518934,672724,643396,683011,B,,ball,Ball,0,0,0,0,0.045,0.0,R,Sweeper,81.9,R,R
716352,2023-10-01,2023,1,Bot,7,3,1,1,1,KC,NYY,677951,650633,,,,669224,518934,672724,643396,683011,S,,foul,Foul,0,0,0,0,-0.068,0.0,R,4-Seam Fastball,95.6,R,R
716352,2023-10-01,2023,1,Bot,7,2,0,1,1,KC,NYY,677951,650633,,,,669224,518934,672724,643396,683011,B,,ball,Ball,0,0,0,0,0.03,0.0,R,Sinker,94.0,R,R
716352,2023-10-01,2023,1,Bot,7,1,0,0,1,KC,NYY,677951,650633,,,,669224,518934,672724,643396,683011,S,,called_strike,Called Strike,0,0,0,0,-0.041,0.0,R,4-Seam Fastball,93.5,R,R
716352,2023-10-01,2023,1,Bot,6,3,0,2,0,KC,NYY,672580,650633,,,,669224,518934,672724,643396,683011,X,field_out,hit_into_play,Maikel Garcia lines out to center fielder Estevan Florial.,0,0,0,0,-0.169,-0.021,R,4-Seam Fastball,94.3,R,R
716352,2023-10-01,2023,1,Bot,6,2,0,1,0,KC,NYY,672580,650633,,,,669224,518934,672724,643396,683011,S,,swinging_strike,Swinging Strike,0,0,0,0,-0.054,0.0,R,4-Seam Fastball,93.8,R,R
716352,2023-10-01,2023,1,Bot,6,1,0,0,0,KC,NYY,672580,650633,,,,669224,518934,672724,643396,683011,S,,called_strike,Called Strike,0,0,0,0,-0.042,0.0,R,Sinker,92.0,R,R
716352,2023-10-01,2023,1,Top,5,3,1,1,2,KC,NYY,643396,425844,,669224,683011,521692,668472,686681,672580,677951,X,field_out,hit_into_play,"Isiah Kiner-Falefa grounds out, shortstop Bobby Witt Jr.  to first baseman Nick Pratto.",0,0,0,0,-0.254,0.057,R,Slider,79.9,R,R
716352,2023-10-01,2023,1,Top,5,2,0,1,2,KC,NYY,643396,425844,,669224,683011,521692,668472,686681,672580,677951,B,,ball,Ball,0,0,0,0,0.001,0.0,R,4-Seam Fastball,91.8,R,R
716352,2023-10-01,2023,1,Top,5,1,0,0,2,KC,NYY,643396,425844,,669224,683011,521692,668472,686681,672580,677951,S,,called_strike,Called Strike,0,0,0,0,-0.037,0.0,R,Slider,78.9,R,R
716352,2023-10-01,2023,1,Top,4,1,0,0,0,KC,NYY,543309,425844,669224,683011,518934,521692,668472,686681,672580,677951,X,grounded_into_double_play,hit_into_play,"Kyle Higashioka grounds into a double play, third baseman Maikel Garcia to catcher Salvador Perez to first baseman Nick Pratto.   DJ LeMahieu out at home.    Anthony Volpe to 3rd.    Austin Wells to 2nd.    Kyle Higashioka out at 1st.",0,0,0,0,-0.247,0.153,R,Sinker,90.6,R,R
716352,2023-10-01,2023,1,Top,3,2,0,1,0,KC,NYY,669224,425844,683011,518934,,521692,668472,686681,672580,677951,X,single,hit_into_play,Austin Wells singles on a line drive to center fielder Dairon Blanco.   DJ LeMahieu to 3rd.    Anthony Volpe to 2nd.,0,0,0,0,0.508,-0.075,R,Sinker,87.8,L,R
716352,2023-10-01,2023,1,Top,3,1,0,0,0,KC,NYY,669224,425844,683011,518934,,521692,668472,686681,672580,677951,S,,foul,Foul,0,0,0,0,-0.048,0.0,R,Curveball,69.2,L,R
716352,2023-10-01,2023,1,Top,2,3,1,1,0,KC,NYY,683011,425844,518934,,,521692,668472,686681,672580,677951,X,single,hit_into_play,Anthony Volpe singles on a sharp line drive to right fielder MJ Melendez.   DJ LeMahieu to 2nd.,0,0,0,0,0.465,-0.052,R,Sinker,91.1,R,R
716352,2023-10-01,2023,1,Top,2,2,0,1,0,KC,NYY,683011,425844,518934,,,521692,668472,686681,672580,677951,B,,ball,Ball,0,0,0,0,0.024,0.0,R,Curveball,70.3,R,R
716352,2023-10-01,2023,1,Top,2,1,0,0,0,KC,NYY,683011,425844,518934,,,521692,668472,686681,672580,677951,S,,foul,Foul,0,0,0,0,-0.036,0.0,R,Slider,78.4,R,R
716352,2023-10-01,2023,1,Top,1,10,3,2,0,KC,NYY,518934,425844,,,,521692,668472,686681,672580,677951,X,single,hit_into_play,DJ LeMahieu singles on a sharp line drive to center fielder Dairon Blanco.,0,0,0,0,0.344,-0.036,R,Cutter,85.6,R,R
716352,2023-10-01,2023,1,Top,1,9,3,2,0,KC,NYY,518934,425844,,,,521692,668472,686681,672580,677951,S,,foul,Foul,0,0,0,0,0.0,0.0,R,Sinker,92.0,R,R
716352,2023-10-01,2023,1,Top,1,8,2,2,0,KC,NYY,518934,425844,,,,521692,668472,686681,672580,677951,B,,ball,Ball,0,0,0,0,0.115,0.0,R,Sinker,88.2,R,R
716352,2023-10-01,2023,1,Top,1,7,2,2,0,KC,NYY,518934,425844,,,,521692,668472,686681,672580,677951,S,,foul,Foul,0,0,0,0,0.0,0.0,R,Slider,79.6,R,R
716352,2023-10-01,2023,1,Top,1,6,1,2,0,KC,NYY,518934,425844,,,,521692,668472,686681,672580,677951,B,,ball,Ball,0,0,0,0,0.046,0.0,R,Cutter,86.7,R,R
716352,2023-10-01,2023,1,Top,1,5,0,2,0,KC,NYY,518934,425844,,,,521692,668472,686681,672580,677951,B,,ball,Ball,0,0,0,0,0.024,0.0,R,Sinker,91.9,R,R
716352,2023-10-01,2023,1,Top,1,4,0,2,0,KC,NYY,518934,425844,,,,521692,668472,686681,672580,677951,S,,foul,Foul,0,0,0,0,0.0,0.0,R,Cutter,84.6,R,R
716352,2023-10-01,2023,1,Top,1,3,0,2,0,KC,NYY,518934,425844,,,,521692,668472,686681,672580,677951,S,,foul,Foul,0,0,0,0,0.0,0.0,R,4-Seam Fastball,90.8,R,R
716352,2023-10-01,2023,1,Top,1,2,0,1,0,KC,NYY,518934,425844,,,,521692,668472,686681,672580,677951,S,,foul,Foul,0,0,0,0,-0.054,0.0,R,Sinker,89.9,R,R
716352,2023-10-01,2023,1,Top,1,1,0,0,0,KC,NYY,518934,425844,,,,521692,668472,686681,672580,677951,S,,called_strike,Called Strike,0,0,0,0,-0.042,0.0,R,4-Seam Fastball,89.6,R,R
