panel_definition,n_total,n_T1,n_T2,n_T3,pct_of_baseline
2022_only,594,198,198,198,100.0
BP_22_23,418,147,129,142,70.37037037037037
BP_22_23_24,292,104,87,101,49.158249158249156
