game_pk,game_date,inning,inning_topbot,at_bat_index,pitch_in_pa,balls,strikes,outs,home_team_id,away_team_id,batter_id,pitcher_id,event_type,event,play_desc,is_pa_last,RUN1_SB_FL,RUN2_SB_FL,RUN3_SB_FL,RUN1_CS_FL,RUN2_CS_FL,RUN3_CS_FL,RUN1_PK_FL,RUN2_PK_FL,RUN3_PK_FL,runner_id,start_base,end_base,is_out,out_number,runner_event,runner_event_type,movement_reason,is_scoring_event,rbi,earned,catcher_id
718780,2023-03-30,1,Top,0,0,0,0,0,120,144,660670,571578,,,,,,,,,,,,,,,,,,,,,,,,,656180
718780,2023-03-30,1,Top,0,1,0,0,0,120,144,660670,571578,,,,,,,,,,,,,,,,,,,,,,,,,656180
718780,2023-03-30,1,Top,0,2,0,0,0,120,144,660670,571578,,,,,,,,,,,,,,,,,,,,,,,,,656180
718780,2023-03-30,1,Top,0,3,0,1,0,120,144,660670,571578,,,,,,,,,,,,,,,,,,,,,,,,,656180
718780,2023-03-30,1,Top,0,4,0,2,0,120,144,660670,571578,,,,,,,,,,,,,,,,,,,,,,,,,656180
718780,2023-03-30,1,Top,0,5,1,2,0,120,144,660670,571578,,,,,,,,,,,,,,,,,,,,,,,,,656180
718780,2023-03-30,1,Top,0,6,1,2,0,120,144,660670,571578,single,Single,Ronald Acuna Jr. singles on a sharp line drive to right fielder Lane Thomas.,T,,,,,,,,,,660670,,1B,,,Single,single,,,,,656180
718780,2023-03-30,1,Top,1,0,1,0,0,120,144,621566,571578,,,,,,,,,,,,,,,,,,,,,,,,,656180
718780,2023-03-30,1,Top,1,1,1,1,0,120,144,621566,571578,,,,,,,,,,,,,,,,,,,,,,,,,656180
718780,2023-03-30,1,Top,1,2,1,2,0,120,144,621566,571578,,,,,,,,,,,,,,,,,,,,,,,,,656180
718780,2023-03-30,1,Top,1,3,1,2,0,120,144,621566,571578,,,,,,,,,,,,,,,,,,,,,,,,,656180
718780,2023-03-30,1,Top,1,4,1,2,0,120,144,621566,571578,,,,,,,,,,,,,,,,,,,,,,,,,656180
718780,2023-03-30,1,Top,1,5,1,2,0,120,144,621566,571578,,,,,,,,,,,,,,,,,,,,,,,,,656180
718780,2023-03-30,1,Top,1,6,2,2,0,120,144,621566,571578,,,,,,,,,,,,,,,,,,,,,,,,,656180
718780,2023-03-30,1,Top,1,7,2,2,0,120,144,621566,571578,,,,,,,,,,,,,,,,,,,,,,,,,656180
718780,2023-03-30,1,Top,1,8,3,2,0,120,144,621566,571578,,,,,,,,,,,,,,,,,,,,,,,,,656180
718780,2023-03-30,1,Top,1,9,3,2,0,120,144,621566,571578,,,,,,,,,,,,,,,,,,,,,,,,,656180
718780,2023-03-30,1,Top,1,10,3,3,0,120,144,621566,571578,strikeout,Strikeout,Matt Olson strikes out swinging.,T,T,,,,,,,,,660670,1B,2B,,,Stolen Base 2B,stolen_base_2b,r_stolen_base_2b,,,,656180
718780,2023-03-30,1,Top,2,0,1,0,1,120,144,663586,571578,,,,,,,,,,,,,,,,,,,,,,,,,656180
718780,2023-03-30,1,Top,2,1,2,0,1,120,144,663586,571578,,,,,,,,,,,,,,,,,,,,,,,,,656180
718780,2023-03-30,1,Top,2,2,3,0,1,120,144,663586,571578,,,,,,,,,,,,,,,,,,,,,,,,,656180
718780,2023-03-30,1,Top,2,3,3,1,1,120,144,663586,571578,,,,,,,,,,,,,,,,,,,,,,,,,656180
718780,2023-03-30,1,Top,2,4,4,1,1,120,144,663586,571578,walk,Walk,Austin Riley walks.,T,,,,,,,,,,663586,,1B,,,Walk,walk,,,,,656180
718780,2023-03-30,1,Top,3,0,1,0,1,120,144,645277,571578,,,,,,,,,,,,,,,,,,,,,,,,,656180
718780,2023-03-30,1,Top,3,1,1,1,1,120,144,645277,571578,,,,,,,,,,,,,,,,,,,,,,,,,656180
718780,2023-03-30,1,Top,3,2,2,1,1,120,144,645277,571578,,,,,,,,,,,,,,,,,,,,,,,,,656180
718780,2023-03-30,1,Top,3,3,2,1,1,120,144,645277,571578,field_out,Flyout,Ozzie Albies flies out sharply to right fielder Lane Thomas. Ronald Acuna Jr. to 3rd.,T,,,,,,,,,,645277,,,T,2,Flyout,field_out,,,,,656180
718780,2023-03-30,1,Top,4,0,0,1,2,120,144,669221,571578,,,,,,,,,,,,,,,,,,,,,,,,,656180
718780,2023-03-30,1,Top,4,1,0,2,2,120,144,669221,571578,,,,,,,,,,,,,,,,,,,,,,,,,656180
718780,2023-03-30,1,Top,4,2,1,2,2,120,144,669221,571578,,,,,,,,,,,,,,,,,,,,,,,,,656180
718780,2023-03-30,1,Top,4,3,1,3,2,120,144,669221,571578,strikeout,Strikeout,Sean Murphy strikes out swinging.,T,,,,,,,,,,669221,,,T,3,Strikeout,strikeout,,,,,656180
718780,2023-03-30,1,Bot,5,0,0,0,0,120,144,657041,608331,single,Single,Lane Thomas singles on a pop up to second baseman Ozzie Albies.,T,,,,,,,,,,657041,,1B,,,Single,single,,,,,669221
718780,2023-03-30,1,Bot,6,0,1,0,0,120,144,608841,608331,,,,,,,,,,,,,,,,,,,,,,,,,669221
718780,2023-03-30,1,Bot,6,1,1,0,0,120,144,608841,608331,,,,,,,,,,,,,,,,,,,,,,,,,669221
718780,2023-03-30,1,Bot,6,2,1,1,0,120,144,608841,608331,,,,,,,,,,,,,,,,,,,,,,,,,669221
718780,2023-03-30,1,Bot,6,3,1,1,0,120,144,608841,608331,grounded_into_double_play,Grounded Into DP,"Joey Meneses grounds into a double play, shortstop Orlando Arcia to second baseman Ozzie Albies to first baseman Matt Olson. Lane Thomas out at 2nd. Joey Meneses out at 1st.",T,,,,,,,,,,657041,1B,,T,1,Grounded Into DP,grounded_into_double_play,r_force_out,,,,669221
718780,2023-03-30,1,Bot,7,0,0,1,2,120,144,600869,608331,,,,,,,,,,,,,,,,,,,,,,,,,669221
718780,2023-03-30,1,Bot,7,1,1,1,2,120,144,600869,608331,,,,,,,,,,,,,,,,,,,,,,,,,669221
718780,2023-03-30,1,Bot,7,2,1,2,2,120,144,600869,608331,,,,,,,,,,,,,,,,,,,,,,,,,669221
718780,2023-03-30,1,Bot,7,3,1,2,2,120,144,600869,608331,field_out,Groundout,"Jeimer Candelario grounds out sharply, shortstop Orlando Arcia to first baseman Matt Olson.",T,,,,,,,,,,600869,,,T,3,Groundout,field_out,,,,,669221
718780,2023-03-30,2,Top,8,0,0,0,0,120,144,542303,571578,field_out,Groundout,"Marcell Ozuna grounds out, shortstop CJ Abrams to first baseman Dominic Smith.",T,,,,,,,,,,542303,,,T,1,Groundout,field_out,,,,,656180
718780,2023-03-30,2,Top,9,0,0,1,1,120,144,671739,571578,,,,,,,,,,,,,,,,,,,,,,,,,656180
718780,2023-03-30,2,Top,9,1,0,2,1,120,144,671739,571578,,,,,,,,,,,,,,,,,,,,,,,,,656180
718780,2023-03-30,2,Top,9,2,1,2,1,120,144,671739,571578,,,,,,,,,,,,,,,,,,,,,,,,,656180
718780,2023-03-30,2,Top,9,3,1,2,1,120,144,671739,571578,,,,,,,,,,,,,,,,,,,,,,,,,656180
718780,2023-03-30,2,Top,9,4,2,2,1,120,144,671739,571578,,,,,,,,,,,,,,,,,,,,,,,,,656180
718780,2023-03-30,2,Top,9,5,3,2,1,120,144,671739,571578,,,,,,,,,,,,,,,,,,,,,,,,,656180
718780,2023-03-30,2,Top,9,6,3,2,1,120,144,671739,571578,single,Single,Michael Harris II singles on a sharp ground ball to center fielder Victor Robles.,T,,,,,,,,,,671739,,1B,,,Single,single,,,,,656180
718780,2023-03-30,2,Top,10,0,1,0,1,120,144,518595,571578,,,,,,,,,,,,,,,,,,,,,,,,,656180
718780,2023-03-30,2,Top,10,1,1,1,1,120,144,518595,571578,,,,,,,,,,,,,,,,,,,,,,,,,656180
718780,2023-03-30,2,Top,10,2,2,1,1,120,144,518595,571578,,,,,,,,,,,,,,,,,,,,,,,,,656180
718780,2023-03-30,2,Top,10,3,2,2,1,120,144,518595,571578,,,,,,,,,,,,,,,,,,,,,,,,,656180
718780,2023-03-30,2,Top,10,4,2,2,1,120,144,518595,571578,,,,,,,,,,,,,,,,,,,,,,,,,656180
718780,2023-03-30,2,Top,10,5,2,2,1,120,144,518595,571578,single,Single,Travis d'Arnaud singles on a line drive to right fielder Lane Thomas. Michael Harris II to 3rd.,T,,,,,,,,,,518595,,1B,,,Single,single,,,,,656180
718780,2023-03-30,2,Top,11,0,1,0,1,120,144,606115,571578,,,,,,,,,,,,,,,,,,,,,,,,,656180
718780,2023-03-30,2,Top,11,1,1,0,1,120,144,606115,571578,single,Single,Orlando Arcia singles on a sharp ground ball to right fielder Lane Thomas. Michael Harris II scores. Travis d'Arnaud to 2nd.,T,,,,,,,,,,606115,,1B,,,Single,single,,,,,656180
718780,2023-03-30,2,Top,12,0,1,0,1,120,144,660670,571578,,,,,,,,,,,,,,,,,,,,,,,,,656180
718780,2023-03-30,2,Top,12,1,1,1,1,120,144,660670,571578,,,,,,,,,,,,,,,,,,,,,,,,,656180
718780,2023-03-30,2,Top,12,2,1,2,1,120,144,660670,571578,,,,,,,,,,,,,,,,,,,,,,,,,656180
718780,2023-03-30,2,Top,12,3,1,2,1,120,144,660670,571578,fielders_choice,Fielders Choice,"Ronald Acuna Jr. reaches on a fielder's choice, fielded by shortstop CJ Abrams. Travis d'Arnaud to 3rd. Orlando Arcia to 2nd. Fielding error by shortstop CJ Abrams.",T,,,,,,,,,,518595,2B,3B,,,Fielders Choice,fielders_choice,r_adv_force,,,,656180
718780,2023-03-30,2,Top,13,0,0,0,1,120,144,621566,571578,,,,,,,,,,,,,,,,,,,,,,,,,656180
718780,2023-03-30,2,Top,13,1,1,0,1,120,144,621566,571578,,,,,,,,,,,,,,,,,,,,,,,,,656180
718780,2023-03-30,2,Top,13,2,1,1,1,120,144,621566,571578,,,,,,,,,,,,,,,,,,,,,,,,,656180
718780,2023-03-30,2,Top,13,3,1,2,1,120,144,621566,571578,,,,,,,,,,,,,,,,,,,,,,,,,656180
718780,2023-03-30,2,Top,13,4,1,2,1,120,144,621566,571578,,,,,,,,,,,,,,,,,,,,,,,,,656180
718780,2023-03-30,2,Top,13,5,1,2,1,120,144,621566,571578,,,,,,,,,,,,,,,,,,,,,,,,,656180
718780,2023-03-30,2,Top,13,6,1,2,1,120,144,621566,571578,,,,,,,,,,,,,,,,,,,,,,,,,656180
718780,2023-03-30,2,Top,13,7,1,3,1,120,144,621566,571578,strikeout,Strikeout,Matt Olson strikes out swinging.,T,,,,,,,,,,621566,,,T,2,Strikeout,strikeout,,,,,656180
718780,2023-03-30,2,Top,14,0,1,0,2,120,144,663586,571578,,,,,,,,,,,,,,,,,,,,,,,,,656180
718780,2023-03-30,2,Top,14,1,2,0,2,120,144,663586,571578,,,,,,,,,,,,,,,,,,,,,,,,,656180
718780,2023-03-30,2,Top,14,2,3,0,2,120,144,663586,571578,,,,,,,,,,,,,,,,,,,,,,,,,656180
718780,2023-03-30,2,Top,14,3,3,1,2,120,144,663586,571578,,,,,,,,,,,,,,,,,,,,,,,,,656180
718780,2023-03-30,2,Top,14,4,4,1,2,120,144,663586,571578,walk,Walk,Austin Riley walks. Travis d'Arnaud scores. Orlando Arcia to 3rd. Ronald Acuna Jr. to 2nd.,T,,,,,,,,,,518595,3B,score,,,Walk,walk,r_adv_force,T,T,,656180
718780,2023-03-30,2,Top,15,0,1,0,2,120,144,645277,571578,,,,,,,,,,,,,,,,,,,,,,,,,656180
718780,2023-03-30,2,Top,15,1,1,0,2,120,144,645277,571578,single,Single,Ozzie Albies singles on a ground ball to shortstop CJ Abrams. Orlando Arcia scores. Ronald Acuna Jr. to 3rd. Austin Riley to 2nd.,T,,,,,,,,,,645277,,1B,,,Single,single,,,,,656180
718780,2023-03-30,2,Top,16,0,1,0,2,120,144,669221,571578,,,,,,,,,,,,,,,,,,,,,,,,,656180
718780,2023-03-30,2,Top,16,1,1,0,2,120,144,669221,571578,,,,,,,,,,,,,,,,,,,,,,,,,656180
718780,2023-03-30,2,Top,16,2,2,0,2,120,144,669221,571578,,,,,,,,,,,,,,,,,,,,,,,,,656180
718780,2023-03-30,2,Top,16,3,2,0,2,120,144,669221,571578,force_out,Forceout,"Sean Murphy grounds into a force out, shortstop CJ Abrams to second baseman Luis Garcia. Ozzie Albies out at 2nd.",T,,,,,,,,,,645277,1B,,T,3,Forceout,force_out,r_force_out,,,,656180
718780,2023-03-30,2,Bot,17,0,0,1,0,120,144,642086,608331,,,,,,,,,,,,,,,,,,,,,,,,,669221
718780,2023-03-30,2,Bot,17,1,1,1,0,120,144,642086,608331,,,,,,,,,,,,,,,,,,,,,,,,,669221
718780,2023-03-30,2,Bot,17,2,1,2,0,120,144,642086,608331,,,,,,,,,,,,,,,,,,,,,,,,,669221
718780,2023-03-30,2,Bot,17,3,1,2,0,120,144,642086,608331,,,,,,,,,,,,,,,,,,,,,,,,,669221
718780,2023-03-30,2,Bot,17,4,2,2,0,120,144,642086,608331,,,,,,,,,,,,,,,,,,,,,,,,,669221
718780,2023-03-30,2,Bot,17,5,2,2,0,120,144,642086,608331,single,Single,Dominic Smith singles on a pop up to shortstop Orlando Arcia.,T,,,,,,,,,,642086,,1B,,,Single,single,,,,,669221
718780,2023-03-30,2,Bot,18,0,0,0,0,120,144,660688,608331,double,Double,Keibert Ruiz doubles (1) on a ground ball to left fielder Marcell Ozuna. Dominic Smith to 3rd.,T,,,,,,,,,,660688,,2B,,,Double,double,,,,,669221
718780,2023-03-30,2,Bot,19,0,0,1,0,120,144,669743,608331,,,,,,,,,,,,,,,,,,,,,,,,,669221
718780,2023-03-30,2,Bot,19,1,1,1,0,120,144,669743,608331,,,,,,,,,,,,,,,,,,,,,,,,,669221
718780,2023-03-30,2,Bot,19,2,1,1,0,120,144,669743,608331,sac_fly,Sac Fly,Alex Call out on a sacrifice fly to center fielder Michael Harris II. Dominic Smith scores. Throwing error by center fielder Michael Harris II.,T,,,,,,,,,,669743,,,T,1,Sac Fly,sac_fly,,,,,669221
718780,2023-03-30,2,Bot,20,0,1,0,1,120,144,671277,608331,,,,,,,,,,,,,,,,,,,,,,,,,669221
718780,2023-03-30,2,Bot,20,1,2,0,1,120,144,671277,608331,,,,,,,,,,,,,,,,,,,,,,,,,669221
718780,2023-03-30,2,Bot,20,2,2,1,1,120,144,671277,608331,,,,,,,,,,,,,,,,,,,,,,,,,669221
718780,2023-03-30,2,Bot,20,3,2,2,1,120,144,671277,608331,,,,,,,,,,,,,,,,,,,,,,,,,669221
718780,2023-03-30,2,Bot,20,4,2,3,1,120,144,671277,608331,strikeout,Strikeout,Luis Garcia strikes out swinging.,T,,,,,,,,,,671277,,,T,2,Strikeout,strikeout,,,,,669221
718780,2023-03-30,2,Bot,21,0,0,0,2,120,144,645302,608331,field_out,Groundout,"Victor Robles grounds out, third baseman Austin Riley to first baseman Matt Olson.",T,,,,,,,,,,645302,,,T,3,Groundout,field_out,,,,,669221
718780,2023-03-30,3,Top,22,0,0,1,0,120,144,542303,571578,,,,,,,,,,,,,,,,,,,,,,,,,656180
718780,2023-03-30,3,Top,22,1,0,2,0,120,144,542303,571578,,,,,,,,,,,,,,,,,,,,,,,,,656180
718780,2023-03-30,3,Top,22,2,1,2,0,120,144,542303,571578,,,,,,,,,,,,,,,,,,,,,,,,,656180
718780,2023-03-30,3,Top,22,3,1,2,0,120,144,542303,571578,field_out,Groundout,"Marcell Ozuna grounds out, pitcher Patrick Corbin to first baseman Dominic Smith.",T,,,,,,,,,,542303,,,T,1,Groundout,field_out,,,,,656180
718780,2023-03-30,3,Top,23,0,0,0,1,120,144,671739,571578,,,,,,,,,,,,,,,,,,,,,,,,,656180
718780,2023-03-30,3,Top,23,1,0,1,1,120,144,671739,571578,,,,,,,,,,,,,,,,,,,,,,,,,656180
718780,2023-03-30,3,Top,23,2,0,2,1,120,144,671739,571578,,,,,,,,,,,,,,,,,,,,,,,,,656180
718780,2023-03-30,3,Top,23,3,0,2,1,120,144,671739,571578,field_out,Flyout,Michael Harris II flies out sharply to center fielder Victor Robles.,T,,,,,,,,,,671739,,,T,2,Flyout,field_out,,,,,656180
718780,2023-03-30,3,Top,24,0,1,0,2,120,144,518595,571578,,,,,,,,,,,,,,,,,,,,,,,,,656180
718780,2023-03-30,3,Top,24,1,2,0,2,120,144,518595,571578,,,,,,,,,,,,,,,,,,,,,,,,,656180
718780,2023-03-30,3,Top,24,2,2,1,2,120,144,518595,571578,,,,,,,,,,,,,,,,,,,,,,,,,656180
718780,2023-03-30,3,Top,24,3,2,2,2,120,144,518595,571578,,,,,,,,,,,,,,,,,,,,,,,,,656180
718780,2023-03-30,3,Top,24,4,3,2,2,120,144,518595,571578,,,,,,,,,,,,,,,,,,,,,,,,,656180
718780,2023-03-30,3,Top,24,5,3,2,2,120,144,518595,571578,single,Single,Travis d'Arnaud singles on a ground ball to third baseman Jeimer Candelario.,T,,,,,,,,,,518595,,1B,,,Single,single,,,,,656180
718780,2023-03-30,3,Top,25,0,1,0,2,120,144,606115,571578,,,,,,,,,,,,,,,,,,,,,,,,,656180
718780,2023-03-30,3,Top,25,1,1,0,2,120,144,606115,571578,,,,,,,,,,,,,,,,,,,,,,,,,656180
718780,2023-03-30,3,Top,25,2,2,0,2,120,144,606115,571578,,,,,,,,,,,,,,,,,,,,,,,,,656180
718780,2023-03-30,3,Top,25,3,3,0,2,120,144,606115,571578,,,,,,,,,,,,,,,,,,,,,,,,,656180
718780,2023-03-30,3,Top,25,4,3,1,2,120,144,606115,571578,,,,,,,,,,,,,,,,,,,,,,,,,656180
718780,2023-03-30,3,Top,25,5,4,1,2,120,144,606115,571578,walk,Walk,Orlando Arcia walks.,T,,,,,,,,,,518595,1B,2B,,,Wild Pitch,wild_pitch,r_adv_play,,,,656180
718780,2023-03-30,3,Top,26,0,0,1,2,120,144,660670,571578,,,,,,,,,,,,,,,,,,,,,,,,,656180
718780,2023-03-30,3,Top,26,1,1,1,2,120,144,660670,571578,,,,,,,,,,,,,,,,,,,,,,,,,656180
718780,2023-03-30,3,Top,26,2,2,1,2,120,144,660670,571578,,,,,,,,,,,,,,,,,,,,,,,,,656180
718780,2023-03-30,3,Top,26,3,3,1,2,120,144,660670,571578,,,,,,,,,,,,,,,,,,,,,,,,,656180
718780,2023-03-30,3,Top,26,4,3,2,2,120,144,660670,571578,,,,,,,,,,,,,,,,,,,,,,,,,656180
718780,2023-03-30,3,Top,26,5,3,2,2,120,144,660670,571578,field_out,Groundout,"Ronald Acuna Jr. grounds out, third baseman Jeimer Candelario to first baseman Dominic Smith.",T,,,,,,,,,,660670,,,T,3,Groundout,field_out,,,,,656180
718780,2023-03-30,3,Bot,27,0,1,0,0,120,144,682928,608331,,,,,,,,,,,,,,,,,,,,,,,,,669221
718780,2023-03-30,3,Bot,27,1,1,0,0,120,144,682928,608331,field_out,Flyout,CJ Abrams flies out to left fielder Marcell Ozuna.,T,,,,,,,,,,682928,,,T,1,Flyout,field_out,,,,,669221
718780,2023-03-30,3,Bot,28,0,0,1,1,120,144,657041,608331,,,,,,,,,,,,,,,,,,,,,,,,,669221
718780,2023-03-30,3,Bot,28,1,1,1,1,120,144,657041,608331,,,,,,,,,,,,,,,,,,,,,,,,,669221
718780,2023-03-30,3,Bot,28,2,1,1,1,120,144,657041,608331,field_out,Pop Out,Lane Thomas pops out to first baseman Matt Olson in foul territory.,T,,,,,,,,,,657041,,,T,2,Pop Out,field_out,,,,,669221
718780,2023-03-30,3,Bot,29,0,0,1,2,120,144,608841,608331,,,,,,,,,,,,,,,,,,,,,,,,,669221
718780,2023-03-30,3,Bot,29,1,1,1,2,120,144,608841,608331,,,,,,,,,,,,,,,,,,,,,,,,,669221
718780,2023-03-30,3,Bot,29,2,1,1,2,120,144,608841,608331,single,Single,Joey Meneses singles on a line drive to center fielder Michael Harris II.,T,,,,,,,,,,608841,,1B,,,Single,single,,,,,669221
718780,2023-03-30,3,Bot,30,0,1,0,2,120,144,600869,608331,,,,,,,,,,,,,,,,,,,,,,,,,669221
718780,2023-03-30,3,Bot,30,1,1,1,2,120,144,600869,608331,,,,,,,,,,,,,,,,,,,,,,,,,669221
718780,2023-03-30,3,Bot,30,2,2,1,2,120,144,600869,608331,,,,,,,,,,,,,,,,,,,,,,,,,669221
718780,2023-03-30,3,Bot,30,3,2,2,2,120,144,600869,608331,,,,,,,,,,,,,,,,,,,,,,,,,669221
718780,2023-03-30,3,Bot,30,4,2,2,2,120,144,600869,608331,,,,,,,,,,,,,,,,,,,,,,,,,669221
718780,2023-03-30,3,Bot,30,5,2,2,2,120,144,600869,608331,,,,,,,,,,,,,,,,,,,,,,,,,669221
718780,2023-03-30,3,Bot,30,6,2,2,2,120,144,600869,608331,,,,,,,,,,,,,,,,,,,,,,,,,669221
718780,2023-03-30,3,Bot,30,7,2,3,2,120,144,600869,608331,strikeout,Strikeout,Jeimer Candelario strikes out swinging.,T,,,,,,,,,,600869,,,T,3,Strikeout,strikeout,,,,,669221
718780,2023-03-30,4,Top,31,0,0,0,0,120,144,621566,571578,double,Double,Matt Olson doubles (1) on a sharp fly ball to left fielder Alex Call.,T,,,,,,,,,,621566,,2B,,,Double,double,,,,,656180
718780,2023-03-30,4,Top,32,0,0,0,0,120,144,663586,541640,,,,,,,,,,,,,,,,,,,,,,,,,656180
718780,2023-03-30,4,Top,32,1,0,0,0,120,144,663586,541640,,,,,,,,,,,,,,,,,,,,,,,,,656180
718780,2023-03-30,4,Top,32,2,0,1,0,120,144,663586,541640,,,,,,,,,,,,,,,,,,,,,,,,,656180
718780,2023-03-30,4,Top,32,3,0,2,0,120,144,663586,541640,,,,,,,,,,,,,,,,,,,,,,,,,656180
718780,2023-03-30,4,Top,32,4,1,2,0,120,144,663586,541640,,,,,,,,,,,,,,,,,,,,,,,,,656180
718780,2023-03-30,4,Top,32,5,2,2,0,120,144,663586,541640,,,,,,,,,,,,,,,,,,,,,,,,,656180
718780,2023-03-30,4,Top,32,6,3,2,0,120,144,663586,541640,,,,,,,,,,,,,,,,,,,,,,,,,656180
718780,2023-03-30,4,Top,32,7,4,2,0,120,144,663586,541640,walk,Walk,Austin Riley walks.,T,,,,,,,,,,663586,,1B,,,Walk,walk,,,,,656180
718780,2023-03-30,4,Top,33,0,0,1,0,120,144,645277,541640,,,,,,,,,,,,,,,,,,,,,,,,,656180
718780,2023-03-30,4,Top,33,1,1,1,0,120,144,645277,541640,,,,,,,,,,,,,,,,,,,,,,,,,656180
718780,2023-03-30,4,Top,33,2,1,2,0,120,144,645277,541640,,,,,,,,,,,,,,,,,,,,,,,,,656180
718780,2023-03-30,4,Top,33,3,1,2,0,120,144,645277,541640,single,Single,Ozzie Albies singles on a ground ball to left fielder Alex Call. Matt Olson to 3rd. Austin Riley to 2nd.,T,,,,,,,,,,645277,,1B,,,Single,single,,,,,656180
718780,2023-03-30,4,Top,34,0,1,0,0,120,144,669221,541640,,,,,,,,,,,,,,,,,,,,,,,,,656180
718780,2023-03-30,4,Top,34,1,1,0,0,120,144,669221,541640,grounded_into_double_play,Grounded Into DP,"Sean Murphy grounds into a double play, shortstop CJ Abrams to second baseman Luis Garcia to first baseman Dominic Smith. Matt Olson scores. Austin Riley to 3rd. Ozzie Albies out at 2nd. Sean Murphy out at 1st.",T,,,,,,,,,,645277,1B,,T,1,Grounded Into DP,grounded_into_double_play,r_force_out,,,,656180
718780,2023-03-30,4,Top,35,0,0,0,2,120,144,542303,541640,field_out,Groundout,"Marcell Ozuna grounds out, third baseman Jeimer Candelario to first baseman Dominic Smith.",T,,,,,,,,,,542303,,,T,3,Groundout,field_out,,,,,656180
718780,2023-03-30,4,Bot,36,0,1,0,0,120,144,642086,608331,,,,,,,,,,,,,,,,,,,,,,,,,669221
718780,2023-03-30,4,Bot,36,1,2,0,0,120,144,642086,608331,,,,,,,,,,,,,,,,,,,,,,,,,669221
718780,2023-03-30,4,Bot,36,2,2,1,0,120,144,642086,608331,,,,,,,,,,,,,,,,,,,,,,,,,669221
718780,2023-03-30,4,Bot,36,3,3,1,0,120,144,642086,608331,,,,,,,,,,,,,,,,,,,,,,,,,669221
718780,2023-03-30,4,Bot,36,4,3,1,0,120,144,642086,608331,field_out,Groundout,"Dominic Smith grounds out, first baseman Matt Olson to pitcher Max Fried.",T,,,,,,,,,,642086,,,T,1,Groundout,field_out,,,,,669221
718780,2023-03-30,4,Bot,37,0,0,0,1,120,144,660688,476595,,,,,,,,,,,,,,,,,,,,,,,,,669221
718780,2023-03-30,4,Bot,37,1,0,0,1,120,144,660688,476595,,,,,,,,,,,,,,,,,,,,,,,,,669221
718780,2023-03-30,4,Bot,37,2,1,0,1,120,144,660688,476595,,,,,,,,,,,,,,,,,,,,,,,,,669221
718780,2023-03-30,4,Bot,37,3,2,0,1,120,144,660688,476595,,,,,,,,,,,,,,,,,,,,,,,,,669221
718780,2023-03-30,4,Bot,37,4,2,0,1,120,144,660688,476595,single,Single,Keibert Ruiz singles on a ground ball to shortstop Orlando Arcia.,T,,,,,,,,,,660688,,1B,,,Single,single,,,,,669221
718780,2023-03-30,4,Bot,38,0,1,0,1,120,144,669743,476595,,,,,,,,,,,,,,,,,,,,,,,,,669221
718780,2023-03-30,4,Bot,38,1,1,1,1,120,144,669743,476595,,,,,,,,,,,,,,,,,,,,,,,,,669221
718780,2023-03-30,4,Bot,38,2,2,1,1,120,144,669743,476595,,,,,,,,,,,,,,,,,,,,,,,,,669221
718780,2023-03-30,4,Bot,38,3,2,2,1,120,144,669743,476595,,,,,,,,,,,,,,,,,,,,,,,,,669221
718780,2023-03-30,4,Bot,38,4,2,2,1,120,144,669743,476595,force_out,Forceout,"Alex Call grounds into a force out, shortstop Orlando Arcia to second baseman Ozzie Albies. Keibert Ruiz out at 2nd. Alex Call to 1st.",T,,,,,,,,,,660688,1B,,T,2,Forceout,force_out,r_force_out,,,,669221
718780,2023-03-30,4,Bot,39,0,0,0,2,120,144,671277,476595,field_out,Groundout,"Luis Garcia grounds out, second baseman Ozzie Albies to first baseman Matt Olson.",T,,,,,,,,,,671277,,,T,3,Groundout,field_out,,,,,669221
718780,2023-03-30,5,Top,40,0,1,0,0,120,144,671739,541640,,,,,,,,,,,,,,,,,,,,,,,,,656180
718780,2023-03-30,5,Top,40,1,1,1,0,120,144,671739,541640,,,,,,,,,,,,,,,,,,,,,,,,,656180
718780,2023-03-30,5,Top,40,2,2,1,0,120,144,671739,541640,,,,,,,,,,,,,,,,,,,,,,,,,656180
718780,2023-03-30,5,Top,40,3,2,2,0,120,144,671739,541640,,,,,,,,,,,,,,,,,,,,,,,,,656180
718780,2023-03-30,5,Top,40,4,2,2,0,120,144,671739,541640,field_out,Groundout,"Michael Harris II grounds out sharply, third baseman Jeimer Candelario to first baseman Dominic Smith.",T,,,,,,,,,,671739,,,T,1,Groundout,field_out,,,,,656180
718780,2023-03-30,5,Top,41,0,1,0,1,120,144,518595,541640,,,,,,,,,,,,,,,,,,,,,,,,,656180
718780,2023-03-30,5,Top,41,1,1,1,1,120,144,518595,541640,,,,,,,,,,,,,,,,,,,,,,,,,656180
718780,2023-03-30,5,Top,41,2,1,2,1,120,144,518595,541640,,,,,,,,,,,,,,,,,,,,,,,,,656180
718780,2023-03-30,5,Top,41,3,1,3,1,120,144,518595,541640,strikeout,Strikeout,Travis d'Arnaud strikes out swinging.,T,,,,,,,,,,518595,,,T,2,Strikeout,strikeout,,,,,656180
718780,2023-03-30,5,Top,42,0,0,1,2,120,144,606115,541640,,,,,,,,,,,,,,,,,,,,,,,,,656180
718780,2023-03-30,5,Top,42,1,0,2,2,120,144,606115,541640,,,,,,,,,,,,,,,,,,,,,,,,,656180
718780,2023-03-30,5,Top,42,2,1,2,2,120,144,606115,541640,,,,,,,,,,,,,,,,,,,,,,,,,656180
718780,2023-03-30,5,Top,42,3,2,2,2,120,144,606115,541640,,,,,,,,,,,,,,,,,,,,,,,,,656180
718780,2023-03-30,5,Top,42,4,2,2,2,120,144,606115,541640,field_error,Field Error,Orlando Arcia reaches on a throwing error by shortstop CJ Abrams.,T,,,,,,,,,,606115,,1B,,,Field Error,field_error,,,,,656180
718780,2023-03-30,5,Top,43,0,0,1,2,120,144,660670,541640,,,,,,,,,,,,,,,,,,,,,,,,,656180
718780,2023-03-30,5,Top,43,1,0,2,2,120,144,660670,541640,,,,,,,,,,,,,,,,,,,,,,,,,656180
718780,2023-03-30,5,Top,43,2,0,2,2,120,144,660670,541640,single,Single,Ronald Acuna Jr. singles on a ground ball to third baseman Jeimer Candelario. Orlando Arcia to 2nd.,T,,,,,,,,,,660670,,1B,,,Single,single,,,,,656180
718780,2023-03-30,5,Top,44,0,0,1,2,120,144,621566,541640,,,,,,,,,,,,,,,,,,,,,,,,,656180
718780,2023-03-30,5,Top,44,1,0,1,2,120,144,621566,541640,,,,,,,,,,,,,,,,,,,,,,,,,656180
718780,2023-03-30,5,Top,44,2,1,1,2,120,144,621566,541640,,,,,,,,,,,,,,,,,,,,,,,,,656180
718780,2023-03-30,5,Top,44,3,1,2,2,120,144,621566,541640,,,,,,,,,,,,,,,,,,,,,,,,,656180
718780,2023-03-30,5,Top,44,4,1,2,2,120,144,621566,541640,field_out,Flyout,Matt Olson flies out sharply to center fielder Victor Robles.,T,,,,,,,,,,621566,,,T,3,Flyout,field_out,,,,,656180
718780,2023-03-30,5,Bot,45,0,0,1,0,120,144,645302,476595,,,,,,,,,,,,,,,,,,,,,,,,,669221
718780,2023-03-30,5,Bot,45,1,0,1,0,120,144,645302,476595,single,Single,Victor Robles singles on a sharp ground ball to left fielder Marcell Ozuna.,T,,,,,,,,,,645302,,1B,,,Single,single,,,,,669221
718780,2023-03-30,5,Bot,46,0,0,1,0,120,144,682928,476595,,,,,,,,,,,,,,,,,,,,,,,,,669221
718780,2023-03-30,5,Bot,46,1,0,2,0,120,144,682928,476595,,,,,,,,,,,,,,,,,,,,,,,,,669221
718780,2023-03-30,5,Bot,46,2,0,2,0,120,144,682928,476595,,,,,,,,,,,,,,,,,,,,,,,,,669221
718780,2023-03-30,5,Bot,46,3,0,2,0,120,144,682928,476595,,,,,,,,,,,,,,,,,,,,,,,,,669221
718780,2023-03-30,5,Bot,46,4,0,2,0,120,144,682928,476595,,,,,,,,,,,,,,,,,,,,,,,,,669221
718780,2023-03-30,5,Bot,46,5,0,2,0,120,144,682928,476595,field_out,Groundout,CJ Abrams grounds out to first baseman Matt Olson. Victor Robles to 2nd.,T,,,,,,,,,,682928,,,T,1,Groundout,field_out,,,,,669221
718780,2023-03-30,5,Bot,47,0,0,0,1,120,144,657041,445926,,,,,,,,,,,,,,,,,,,,,,,,,669221
718780,2023-03-30,5,Bot,47,1,0,0,1,120,144,657041,445926,,,,,,,,,,,,,,,,,,,,,,,,,669221
718780,2023-03-30,5,Bot,47,2,0,1,1,120,144,657041,445926,,,,,,,,,,,,,,,,,,,,,,,,,669221
718780,2023-03-30,5,Bot,47,3,1,1,1,120,144,657041,445926,,,,,,,,,,,,,,,,,,,,,,,,,669221
718780,2023-03-30,5,Bot,47,4,2,1,1,120,144,657041,445926,,,,,,,,,,,,,,,,,,,,,,,,,669221
718780,2023-03-30,5,Bot,47,5,2,1,1,120,144,657041,445926,field_out,Groundout,"Lane Thomas grounds out, third baseman Austin Riley to first baseman Matt Olson. Victor Robles to 3rd.",T,,,,,,,,,,657041,,,T,2,Groundout,field_out,,,,,669221
718780,2023-03-30,5,Bot,48,0,1,0,2,120,144,608841,445926,,,,,,,,,,,,,,,,,,,,,,,,,669221
718780,2023-03-30,5,Bot,48,1,1,1,2,120,144,608841,445926,,,,,,,,,,,,,,,,,,,,,,,,,669221
718780,2023-03-30,5,Bot,48,2,2,1,2,120,144,608841,445926,,,,,,,,,,,,,,,,,,,,,,,,,669221
718780,2023-03-30,5,Bot,48,3,2,1,2,120,144,608841,445926,single,Single,Joey Meneses singles on a line drive to center fielder Michael Harris II. Victor Robles scores.,T,,,,,,,,,,608841,,1B,,,Single,single,,,,,669221
718780,2023-03-30,5,Bot,49,0,1,0,2,120,144,600869,445926,,,,,,,,,,,,,,,,,,,,,,,,,669221
718780,2023-03-30,5,Bot,49,1,1,1,2,120,144,600869,445926,,,,,,,,,,,,,,,,,,,,,,,,,669221
718780,2023-03-30,5,Bot,49,2,2,1,2,120,144,600869,445926,,,,,,,,,,,,,,,,,,,,,,,,,669221
718780,2023-03-30,5,Bot,49,3,2,1,2,120,144,600869,445926,field_out,Groundout,"Jeimer Candelario grounds out, second baseman Ozzie Albies to first baseman Matt Olson.",T,,,,,,,,,,600869,,,T,3,Groundout,field_out,,,,,669221
718780,2023-03-30,6,Top,50,0,0,0,0,120,144,663586,666168,,,,,,,,,,,,,,,,,,,,,,,,,656180
718780,2023-03-30,6,Top,50,1,0,1,0,120,144,663586,666168,,,,,,,,,,,,,,,,,,,,,,,,,656180
718780,2023-03-30,6,Top,50,2,1,1,0,120,144,663586,666168,,,,,,,,,,,,,,,,,,,,,,,,,656180
718780,2023-03-30,6,Top,50,3,1,2,0,120,144,663586,666168,,,,,,,,,,,,,,,,,,,,,,,,,656180
718780,2023-03-30,6,Top,50,4,2,2,0,120,144,663586,666168,,,,,,,,,,,,,,,,,,,,,,,,,656180
718780,2023-03-30,6,Top,50,5,2,3,0,120,144,663586,666168,strikeout,Strikeout,Austin Riley called out on strikes.,T,,,,,,,,,,663586,,,T,1,Strikeout,strikeout,,,,,656180
718780,2023-03-30,6,Top,51,0,0,0,1,120,144,645277,666168,field_out,Pop Out,Ozzie Albies pops out to shortstop CJ Abrams.,T,,,,,,,,,,645277,,,T,2,Pop Out,field_out,,,,,656180
718780,2023-03-30,6,Top,52,0,0,1,2,120,144,669221,666168,,,,,,,,,,,,,,,,,,,,,,,,,656180
718780,2023-03-30,6,Top,52,1,0,1,2,120,144,669221,666168,field_out,Flyout,Sean Murphy flies out to right fielder Lane Thomas.,T,,,,,,,,,,669221,,,T,3,Flyout,field_out,,,,,656180
718780,2023-03-30,6,Bot,53,0,0,1,0,120,144,642086,445926,,,,,,,,,,,,,,,,,,,,,,,,,669221
718780,2023-03-30,6,Bot,53,1,1,1,0,120,144,642086,445926,,,,,,,,,,,,,,,,,,,,,,,,,669221
718780,2023-03-30,6,Bot,53,2,2,1,0,120,144,642086,445926,,,,,,,,,,,,,,,,,,,,,,,,,669221
718780,2023-03-30,6,Bot,53,3,2,2,0,120,144,642086,445926,,,,,,,,,,,,,,,,,,,,,,,,,669221
718780,2023-03-30,6,Bot,53,4,2,2,0,120,144,642086,445926,single,Single,"Dominic Smith singles on a ground ball to third baseman Austin Riley. Dominic Smith to 2nd. Dominic Smith advances to 2nd, on a throwing error by third baseman Austin Riley.",T,,,,,,,,,,642086,,1B,,,Single,single,,,,,669221
718780,2023-03-30,6,Bot,54,0,0,1,0,120,144,660688,445926,,,,,,,,,,,,,,,,,,,,,,,,,669221
718780,2023-03-30,6,Bot,54,1,0,1,0,120,144,660688,445926,field_out,Groundout,"Keibert Ruiz grounds out, first baseman Matt Olson to pitcher Jesse Chavez. Dominic Smith to 3rd.",T,,,,,,,,,,660688,,,T,1,Groundout,field_out,,,,,669221
718780,2023-03-30,6,Bot,55,0,0,0,1,120,144,669743,445926,,,,,,,,,,,,,,,,,,,,,,,,,669221
718780,2023-03-30,6,Bot,55,1,0,1,1,120,144,669743,445926,,,,,,,,,,,,,,,,,,,,,,,,,669221
718780,2023-03-30,6,Bot,55,2,0,2,1,120,144,669743,445926,,,,,,,,,,,,,,,,,,,,,,,,,669221
718780,2023-03-30,6,Bot,55,3,1,2,1,120,144,669743,445926,,,,,,,,,,,,,,,,,,,,,,,,,669221
718780,2023-03-30,6,Bot,55,4,2,2,1,120,144,669743,445926,,,,,,,,,,,,,,,,,,,,,,,,,669221
718780,2023-03-30,6,Bot,55,5,2,3,1,120,144,669743,445926,strikeout,Strikeout,Alex Call strikes out swinging.,T,,,,,,,,,,669743,,,T,2,Strikeout,strikeout,,,,,669221
718780,2023-03-30,6,Bot,56,0,0,0,2,120,144,671277,669276,,,,,,,,,,,,,,,,,,,,,,,,,669221
718780,2023-03-30,6,Bot,56,1,0,0,2,120,144,671277,669276,,,,,,,,,,,,,,,,,,,,,,,,,669221
718780,2023-03-30,6,Bot,56,2,1,0,2,120,144,671277,669276,,,,,,,,,,,,,,,,,,,,,,,,,669221
718780,2023-03-30,6,Bot,56,3,1,1,2,120,144,671277,669276,,,,,,,,,,,,,,,,,,,,,,,,,669221
718780,2023-03-30,6,Bot,56,4,1,2,2,120,144,671277,669276,,,,,,,,,,,,,,,,,,,,,,,,,669221
718780,2023-03-30,6,Bot,56,5,1,2,2,120,144,671277,669276,field_out,Lineout,Luis Garcia lines out to left fielder Marcell Ozuna.,T,,,,,,,,,,671277,,,T,3,Lineout,field_out,,,,,669221
718780,2023-03-30,7,Top,57,0,0,1,0,120,144,542303,666168,,,,,,,,,,,,,,,,,,,,,,,,,656180
718780,2023-03-30,7,Top,57,1,0,2,0,120,144,542303,666168,,,,,,,,,,,,,,,,,,,,,,,,,656180
718780,2023-03-30,7,Top,57,2,0,2,0,120,144,542303,666168,field_out,Groundout,"Marcell Ozuna grounds out, second baseman Luis Garcia to first baseman Dominic Smith.",T,,,,,,,,,,542303,,,T,1,Groundout,field_out,,,,,656180
718780,2023-03-30,7,Top,58,0,0,1,1,120,144,671739,666168,,,,,,,,,,,,,,,,,,,,,,,,,656180
718780,2023-03-30,7,Top,58,1,1,1,1,120,144,671739,666168,,,,,,,,,,,,,,,,,,,,,,,,,656180
718780,2023-03-30,7,Top,58,2,1,2,1,120,144,671739,666168,,,,,,,,,,,,,,,,,,,,,,,,,656180
718780,2023-03-30,7,Top,58,3,1,3,1,120,144,671739,666168,strikeout,Strikeout,Michael Harris II strikes out on a foul tip.,T,,,,,,,,,,671739,,,T,2,Strikeout,strikeout,,,,,656180
718780,2023-03-30,7,Top,59,0,0,1,2,120,144,518595,666168,,,,,,,,,,,,,,,,,,,,,,,,,656180
718780,2023-03-30,7,Top,59,1,0,1,2,120,144,518595,666168,single,Single,Travis d'Arnaud singles on a line drive to right fielder Lane Thomas.,T,,,,,,,,,,518595,,1B,,,Single,single,,,,,656180
718780,2023-03-30,7,Top,60,0,1,0,2,120,144,606115,666168,,,,,,,,,,,,,,,,,,,,,,,,,656180
718780,2023-03-30,7,Top,60,1,1,1,2,120,144,606115,666168,,,,,,,,,,,,,,,,,,,,,,,,,656180
718780,2023-03-30,7,Top,60,2,1,2,2,120,144,606115,666168,,,,,,,,,,,,,,,,,,,,,,,,,656180
718780,2023-03-30,7,Top,60,3,1,2,2,120,144,606115,666168,,,,,,,,,,,,,,,,,,,,,,,,,656180
718780,2023-03-30,7,Top,60,4,2,2,2,120,144,606115,666168,,,,,,,,,,,,,,,,,,,,,,,,,656180
718780,2023-03-30,7,Top,60,5,2,3,2,120,144,606115,666168,strikeout,Strikeout,Orlando Arcia strikes out swinging.,T,,,,,,,,,,606115,,,T,3,Strikeout,strikeout,,,,,656180
718780,2023-03-30,7,Bot,61,0,0,0,0,120,144,645302,669276,,,,,,,,,,,,,,,,,,,,,,,,,669221
718780,2023-03-30,7,Bot,61,1,0,1,0,120,144,645302,669276,,,,,,,,,,,,,,,,,,,,,,,,,669221
718780,2023-03-30,7,Bot,61,2,1,1,0,120,144,645302,669276,,,,,,,,,,,,,,,,,,,,,,,,,669221
718780,2023-03-30,7,Bot,61,3,2,1,0,120,144,645302,669276,,,,,,,,,,,,,,,,,,,,,,,,,669221
718780,2023-03-30,7,Bot,61,4,3,1,0,120,144,645302,669276,,,,,,,,,,,,,,,,,,,,,,,,,669221
718780,2023-03-30,7,Bot,61,5,3,2,0,120,144,645302,669276,,,,,,,,,,,,,,,,,,,,,,,,,669221
718780,2023-03-30,7,Bot,61,6,3,2,0,120,144,645302,669276,,,,,,,,,,,,,,,,,,,,,,,,,669221
718780,2023-03-30,7,Bot,61,7,4,2,0,120,144,645302,669276,walk,Walk,Victor Robles walks.,T,,,,,,,,,,645302,,1B,,,Walk,walk,,,,,669221
718780,2023-03-30,7,Bot,62,0,0,1,0,120,144,682928,669276,,,,,,,,,,,,,,,,,,,,,,,,,669221
718780,2023-03-30,7,Bot,62,1,0,2,0,120,144,682928,669276,,,,,,,,,,,,,,,,,,,,,,,,,669221
718780,2023-03-30,7,Bot,62,2,0,2,0,120,144,682928,669276,field_out,Pop Out,CJ Abrams pops out to third baseman Austin Riley.,T,,,,,,,,,,682928,,,T,1,Pop Out,field_out,,,,,669221
718780,2023-03-30,7,Bot,63,0,0,0,1,120,144,657041,543521,,,,,,,,,,,,,,,,,,,,,,,,,669221
718780,2023-03-30,7,Bot,63,1,0,0,1,120,144,657041,543521,,,,,,,,,,,,,,,,,,,,,,,,,669221
718780,2023-03-30,7,Bot,63,2,0,1,1,120,144,657041,543521,,,,,,,,,,,,,,,,,,,,,,,,,669221
718780,2023-03-30,7,Bot,63,3,0,2,1,120,144,657041,543521,,,,,,,,,,,,,,,,,,,,,,,,,669221
718780,2023-03-30,7,Bot,63,4,0,2,1,120,144,657041,543521,,,,,,,,,,,,,,,,,,,,,,,,,669221
718780,2023-03-30,7,Bot,63,5,1,2,1,120,144,657041,543521,,,,,,,,,,,,,,,,,,,,,,,,,669221
718780,2023-03-30,7,Bot,63,6,1,3,1,120,144,657041,543521,strikeout,Strikeout,Lane Thomas strikes out swinging.,T,,,,,,,,,,657041,,,T,2,Strikeout,strikeout,,,,,669221
718780,2023-03-30,7,Bot,64,0,0,1,2,120,144,608841,543521,,,,,,,,,,,,,,,,,,,,,,,,,669221
718780,2023-03-30,7,Bot,64,1,0,1,2,120,144,608841,543521,field_out,Flyout,Joey Meneses flies out to right fielder Ronald Acuna Jr.,T,,,,,,,,,,608841,,,T,3,Flyout,field_out,,,,,669221
718780,2023-03-30,8,Top,65,0,0,0,0,120,144,660670,640451,,,,,,,,,,,,,,,,,,,,,,,,,656180
718780,2023-03-30,8,Top,65,1,1,0,0,120,144,660670,640451,,,,,,,,,,,,,,,,,,,,,,,,,656180
718780,2023-03-30,8,Top,65,2,1,0,0,120,144,660670,640451,field_out,Pop Out,Ronald Acuna Jr. pops out to first baseman Dominic Smith in foul territory.,T,,,,,,,,,,660670,,,T,1,Pop Out,field_out,,,,,656180
718780,2023-03-30,8,Top,66,0,1,0,1,120,144,621566,640451,,,,,,,,,,,,,,,,,,,,,,,,,656180
718780,2023-03-30,8,Top,66,1,1,1,1,120,144,621566,640451,,,,,,,,,,,,,,,,,,,,,,,,,656180
718780,2023-03-30,8,Top,66,2,1,1,1,120,144,621566,640451,single,Single,Matt Olson singles on a sharp line drive to left fielder Alex Call.,T,,,,,,,,,,621566,,1B,,,Single,single,,,,,656180
718780,2023-03-30,8,Top,67,0,1,0,1,120,144,663586,640451,,,,,,,,,,,,,,,,,,,,,,,,,656180
718780,2023-03-30,8,Top,67,1,1,1,1,120,144,663586,640451,,,,,,,,,,,,,,,,,,,,,,,,,656180
718780,2023-03-30,8,Top,67,2,2,1,1,120,144,663586,640451,,,,,,,,,,,,,,,,,,,,,,,,,656180
718780,2023-03-30,8,Top,67,3,2,2,1,120,144,663586,640451,,,,,,,,,,,,,,,,,,,,,,,,,656180
718780,2023-03-30,8,Top,67,4,2,2,1,120,144,663586,640451,force_out,Forceout,"Austin Riley grounds into a force out, shortstop CJ Abrams to second baseman Luis Garcia. Matt Olson out at 2nd. Austin Riley to 1st.",T,,,,,,,,,,621566,1B,,T,2,Forceout,force_out,r_force_out,,,,656180
718780,2023-03-30,8,Top,68,0,1,0,2,120,144,645277,640451,,,,,,,,,,,,,,,,,,,,,,,,,656180
718780,2023-03-30,8,Top,68,1,1,0,2,120,144,645277,640451,field_out,Groundout,"Ozzie Albies grounds out, second baseman Luis Garcia to first baseman Dominic Smith.",T,,,,,,,,,,645277,,,T,3,Groundout,field_out,,,,,656180
718780,2023-03-30,8,Bot,69,0,1,0,0,120,144,600869,543521,,,,,,,,,,,,,,,,,,,,,,,,,669221
718780,2023-03-30,8,Bot,69,1,2,0,0,120,144,600869,543521,,,,,,,,,,,,,,,,,,,,,,,,,669221
718780,2023-03-30,8,Bot,69,2,3,0,0,120,144,600869,543521,,,,,,,,,,,,,,,,,,,,,,,,,669221
718780,2023-03-30,8,Bot,69,3,4,0,0,120,144,600869,543521,walk,Walk,Jeimer Candelario walks.,T,,,,,,,,,,600869,,1B,,,Walk,walk,,,,,669221
718780,2023-03-30,8,Bot,70,0,0,1,0,120,144,642086,543521,,,,,,,,,,,,,,,,,,,,,,,,,669221
718780,2023-03-30,8,Bot,70,1,1,1,0,120,144,642086,543521,,,,,,,,,,,,,,,,,,,,,,,,,669221
718780,2023-03-30,8,Bot,70,2,1,2,0,120,144,642086,543521,,,,,,,,,,,,,,,,,,,,,,,,,669221
718780,2023-03-30,8,Bot,70,3,1,2,0,120,144,642086,543521,,,,,,,,,,,,,,,,,,,,,,,,,669221
718780,2023-03-30,8,Bot,70,4,2,2,0,120,144,642086,543521,,,,,,,,,,,,,,,,,,,,,,,,,669221
718780,2023-03-30,8,Bot,70,5,3,2,0,120,144,642086,543521,,,,,,,,,,,,,,,,,,,,,,,,,669221
718780,2023-03-30,8,Bot,70,6,4,2,0,120,144,642086,543521,walk,Walk,Dominic Smith walks. Jeimer Candelario to 2nd.,T,,,,,,,,,,600869,1B,2B,,,Walk,walk,r_adv_force,,,,669221
718780,2023-03-30,8,Bot,71,0,0,1,0,120,144,660688,543521,,,,,,,,,,,,,,,,,,,,,,,,,669221
718780,2023-03-30,8,Bot,71,1,1,1,0,120,144,660688,543521,,,,,,,,,,,,,,,,,,,,,,,,,669221
718780,2023-03-30,8,Bot,71,2,1,1,0,120,144,660688,543521,field_out,Flyout,Keibert Ruiz flies out to center fielder Michael Harris II.,T,,,,,,,,,,660688,,,T,1,Flyout,field_out,,,,,669221
718780,2023-03-30,8,Bot,72,0,0,0,1,120,144,572816,543521,,,,,,,,,,,,,,,,,,,,,,,,,669221
718780,2023-03-30,8,Bot,72,1,0,1,1,120,144,572816,543521,,,,,,,,,,,,,,,,,,,,,,,,,669221
718780,2023-03-30,8,Bot,72,2,0,2,1,120,144,572816,543521,,,,,,,,,,,,,,,,,,,,,,,,,669221
718780,2023-03-30,8,Bot,72,3,0,2,1,120,144,572816,543521,,,,,,,,,,,,,,,,,,,,,,,,,669221
718780,2023-03-30,8,Bot,72,4,0,2,1,120,144,572816,543521,force_out,Forceout,"Corey Dickerson grounds into a force out, first baseman Matt Olson to shortstop Orlando Arcia. Jeimer Candelario to 3rd. Dominic Smith out at 2nd. Corey Dickerson to 1st.",T,,,,,,,,,,642086,1B,,T,2,Forceout,force_out,r_force_out,,,,669221
718780,2023-03-30,8,Bot,73,0,0,0,2,120,144,671277,543521,field_out,Groundout,"Luis Garcia grounds out, second baseman Ozzie Albies to first baseman Matt Olson.",T,,,,,,,,,,671277,,,T,3,Groundout,field_out,,,,,669221
718780,2023-03-30,9,Top,74,0,0,0,0,120,144,669221,640448,,,,,,,,,,,,,,,,,,,,,,,,,656180
718780,2023-03-30,9,Top,74,1,0,0,0,120,144,669221,640448,,,,,,,,,,,,,,,,,,,,,,,,,656180
718780,2023-03-30,9,Top,74,2,0,1,0,120,144,669221,640448,,,,,,,,,,,,,,,,,,,,,,,,,656180
718780,2023-03-30,9,Top,74,3,1,1,0,120,144,669221,640448,,,,,,,,,,,,,,,,,,,,,,,,,656180
718780,2023-03-30,9,Top,74,4,1,2,0,120,144,669221,640448,,,,,,,,,,,,,,,,,,,,,,,,,656180
718780,2023-03-30,9,Top,74,5,1,2,0,120,144,669221,640448,field_out,Pop Out,Sean Murphy pops out to shortstop CJ Abrams.,T,,,,,,,,,,669221,,,T,1,Pop Out,field_out,,,,,656180
718780,2023-03-30,9,Top,75,0,1,0,1,120,144,656541,640448,,,,,,,,,,,,,,,,,,,,,,,,,656180
718780,2023-03-30,9,Top,75,1,2,0,1,120,144,656541,640448,,,,,,,,,,,,,,,,,,,,,,,,,656180
718780,2023-03-30,9,Top,75,2,3,0,1,120,144,656541,640448,,,,,,,,,,,,,,,,,,,,,,,,,656180
718780,2023-03-30,9,Top,75,3,4,0,1,120,144,656541,640448,walk,Walk,Sam Hilliard walks.,T,,,,,,,,,,656541,,1B,,,Walk,walk,,,,,656180
718780,2023-03-30,9,Top,76,0,0,1,1,120,144,671739,640448,,,,,,,,,,,,,,,,,,,,,,,,,656180
718780,2023-03-30,9,Top,76,1,1,1,1,120,144,671739,640448,,,,,,,,,,,,,,,,,,,,,,,,,656180
718780,2023-03-30,9,Top,76,2,2,1,1,120,144,671739,640448,,,,,,,,,,,,,,,,,,,,,,,,,656180
718780,2023-03-30,9,Top,76,3,2,2,1,120,144,671739,640448,,,,,,,,,,,,,,,,,,,,,,,,,656180
718780,2023-03-30,9,Top,76,4,2,2,1,120,144,671739,640448,,,,,,,,,,,,,,,,,,,,,,,,,656180
718780,2023-03-30,9,Top,76,5,3,2,1,120,144,671739,640448,,,,,,,,,,,,,,,,,,,,,,,,,656180
718780,2023-03-30,9,Top,76,6,4,2,1,120,144,671739,640448,walk,Walk,Michael Harris II walks.,T,T,,,,,,,,,656541,1B,2B,,,Stolen Base 2B,stolen_base_2b,r_stolen_base_2b,,,,656180
718780,2023-03-30,9,Top,77,0,0,0,1,120,144,518595,640448,,,,,,,,,,,,,,,,,,,,,,,,,656180
718780,2023-03-30,9,Top,77,1,0,1,1,120,144,518595,640448,,,,,,,,,,,,,,,,,,,,,,,,,656180
718780,2023-03-30,9,Top,77,2,0,2,1,120,144,518595,640448,,,,,,,,,,,,,,,,,,,,,,,,,656180
718780,2023-03-30,9,Top,77,3,0,2,1,120,144,518595,640448,,,,,,,,,,,,,,,,,,,,,,,,,656180
718780,2023-03-30,9,Top,77,4,0,2,1,120,144,518595,640448,,,,,,,,,,,,,,,,,,,,,,,,,656180
718780,2023-03-30,9,Top,77,5,0,2,1,120,144,518595,640448,double,Double,Travis d'Arnaud doubles (1) on a line drive to center fielder Victor Robles. Sam Hilliard scores. Michael Harris II scores.,T,,,,,,,,,,518595,,2B,,,Double,double,,,,,656180
718780,2023-03-30,9,Top,78,0,1,0,1,120,144,606115,640448,,,,,,,,,,,,,,,,,,,,,,,,,656180
718780,2023-03-30,9,Top,78,1,1,0,1,120,144,606115,640448,field_out,Lineout,Orlando Arcia lines out sharply to right fielder Lane Thomas. Travis d'Arnaud scores. Throwing error by shortstop CJ Abrams.,T,,,,,,,,,,606115,,,T,2,Lineout,field_out,,,,,656180
718780,2023-03-30,9,Top,79,0,0,1,2,120,144,660670,640448,,,,,,,,,,,,,,,,,,,,,,,,,656180
718780,2023-03-30,9,Top,79,1,0,2,2,120,144,660670,640448,,,,,,,,,,,,,,,,,,,,,,,,,656180
718780,2023-03-30,9,Top,79,2,0,2,2,120,144,660670,640448,field_out,Flyout,Ronald Acuna Jr. flies out sharply to center fielder Victor Robles.,T,,,,,,,,,,660670,,,T,3,Flyout,field_out,,,,,656180
718780,2023-03-30,9,Bot,80,0,0,0,0,120,144,645302,621345,,,,,,,,,,,,,,,,,,,,,,,,,669221
718780,2023-03-30,9,Bot,80,1,0,0,0,120,144,645302,621345,,,,,,,,,,,,,,,,,,,,,,,,,669221
718780,2023-03-30,9,Bot,80,2,1,0,0,120,144,645302,621345,,,,,,,,,,,,,,,,,,,,,,,,,669221
718780,2023-03-30,9,Bot,80,3,2,0,0,120,144,645302,621345,,,,,,,,,,,,,,,,,,,,,,,,,669221
718780,2023-03-30,9,Bot,80,4,3,0,0,120,144,645302,621345,,,,,,,,,,,,,,,,,,,,,,,,,669221
718780,2023-03-30,9,Bot,80,5,3,1,0,120,144,645302,621345,,,,,,,,,,,,,,,,,,,,,,,,,669221
718780,2023-03-30,9,Bot,80,6,4,1,0,120,144,645302,621345,walk,Walk,Victor Robles walks.,T,,,,,,,,,,645302,,1B,,,Walk,walk,,,,,669221
718780,2023-03-30,9,Bot,81,0,0,1,0,120,144,682928,621345,,,,,,,,,,,,,,,,,,,,,,,,,669221
718780,2023-03-30,9,Bot,81,1,1,1,0,120,144,682928,621345,,,,,,,,,,,,,,,,,,,,,,,,,669221
718780,2023-03-30,9,Bot,81,2,1,2,0,120,144,682928,621345,,,,,,,,,,,,,,,,,,,,,,,,,669221
718780,2023-03-30,9,Bot,81,3,1,3,0,120,144,682928,621345,strikeout,Strikeout,CJ Abrams strikes out swinging.,T,,,,,,,,,,682928,,,T,1,Strikeout,strikeout,,,,,669221
718780,2023-03-30,9,Bot,82,0,0,0,1,120,144,657041,621345,,,,,,,,,,,,,,,,,,,,,,,,,669221
718780,2023-03-30,9,Bot,82,1,0,1,1,120,144,657041,621345,,,,,,,,,,,,,,,,,,,,,,,,,669221
718780,2023-03-30,9,Bot,82,2,0,2,1,120,144,657041,621345,,,,,,,,,,,,,,,,,,,,,,,,,669221
718780,2023-03-30,9,Bot,82,3,1,2,1,120,144,657041,621345,,,,,,,,,,,,,,,,,,,,,,,,,669221
718780,2023-03-30,9,Bot,82,4,1,2,1,120,144,657041,621345,,,,,,,,,,,,,,,,,,,,,,,,,669221
718780,2023-03-30,9,Bot,82,5,1,2,1,120,144,657041,621345,,,,,,,,,,,,,,,,,,,,,,,,,669221
718780,2023-03-30,9,Bot,82,6,2,2,1,120,144,657041,621345,,,,,,,,,,,,,,,,,,,,,,,,,669221
718780,2023-03-30,9,Bot,82,7,2,2,1,120,144,657041,621345,field_out,Groundout,"Lane Thomas grounds out, second baseman Ozzie Albies to first baseman Matt Olson. Victor Robles to 2nd.",T,,,,,,,,,,657041,,,T,2,Groundout,field_out,,,,,669221
718780,2023-03-30,9,Bot,83,0,0,1,2,120,144,608841,621345,,,,,,,,,,,,,,,,,,,,,,,,,669221
718780,2023-03-30,9,Bot,83,1,0,2,2,120,144,608841,621345,,,,,,,,,,,,,,,,,,,,,,,,,669221
718780,2023-03-30,9,Bot,83,2,1,2,2,120,144,608841,621345,,,,,,,,,,,,,,,,,,,,,,,,,669221
718780,2023-03-30,9,Bot,83,3,2,2,2,120,144,608841,621345,,,,,,,,,,,,,,,,,,,,,,,,,669221
718780,2023-03-30,9,Bot,83,4,2,2,2,120,144,608841,621345,field_out,Lineout,Joey Meneses lines out sharply to center fielder Michael Harris II.,T,,,,,,,,,,608841,,,T,3,Lineout,field_out,,,,,669221
718781,2023-03-30,1,Top,0,0,0,0,0,147,137,664774,543037,,,,,,,,,,,,,,,,,,,,,,,,,543309
718781,2023-03-30,1,Top,0,1,0,0,0,147,137,664774,543037,,,,,,,,,,,,,,,,,,,,,,,,,543309
718781,2023-03-30,1,Top,0,2,0,0,0,147,137,664774,543037,,,,,,,,,,,,,,,,,,,,,,,,,543309
718781,2023-03-30,1,Top,0,3,1,0,0,147,137,664774,543037,,,,,,,,,,,,,,,,,,,,,,,,,543309
718781,2023-03-30,1,Top,0,4,2,0,0,147,137,664774,543037,,,,,,,,,,,,,,,,,,,,,,,,,543309
718781,2023-03-30,1,Top,0,5,3,0,0,147,137,664774,543037,,,,,,,,,,,,,,,,,,,,,,,,,543309
718781,2023-03-30,1,Top,0,6,4,0,0,147,137,664774,543037,walk,Walk,LaMonte Wade Jr. walks.,T,,,,,,,,,,664774,,1B,,,Walk,walk,,,,,543309
718781,2023-03-30,1,Top,1,0,0,1,0,147,137,624424,543037,,,,,,,,,,,,,,,,,,,,,,,,,543309
718781,2023-03-30,1,Top,1,1,1,1,0,147,137,624424,543037,,,,,,,,,,,,,,,,,,,,,,,,,543309
718781,2023-03-30,1,Top,1,2,1,2,0,147,137,624424,543037,,,,,,,,,,,,,,,,,,,,,,,,,543309
718781,2023-03-30,1,Top,1,3,1,2,0,147,137,624424,543037,,,,,,,,,,,,,,,,,,,,,,,,,543309
718781,2023-03-30,1,Top,1,4,1,3,0,147,137,624424,543037,strikeout,Strikeout,Michael Conforto called out on strikes.,T,,,,,,,,,,624424,,,T,1,Strikeout,strikeout,,,,,543309
718781,2023-03-30,1,Top,2,0,0,1,1,147,137,527038,543037,,,,,,,,,,,,,,,,,,,,,,,,,543309
718781,2023-03-30,1,Top,2,1,1,1,1,147,137,527038,543037,,,,,,,,,,,,,,,,,,,,,,,,,543309
718781,2023-03-30,1,Top,2,2,2,1,1,147,137,527038,543037,,,,,,,,,,,,,,,,,,,,,,,,,543309
718781,2023-03-30,1,Top,2,3,2,2,1,147,137,527038,543037,,,,,,,,,,,,,,,,,,,,,,,,,543309
718781,2023-03-30,1,Top,2,4,2,3,1,147,137,527038,543037,strikeout,Strikeout,Wilmer Flores called out on strikes.,T,,,,,,,,,,527038,,,T,2,Strikeout,strikeout,,,,,543309
718781,2023-03-30,1,Top,3,0,0,1,2,147,137,592626,543037,,,,,,,,,,,,,,,,,,,,,,,,,543309
718781,2023-03-30,1,Top,3,1,1,1,2,147,137,592626,543037,,,,,,,,,,,,,,,,,,,,,,,,,543309
718781,2023-03-30,1,Top,3,2,1,1,2,147,137,592626,543037,,,,,,,,,,,,,,,,,,,,,,,,,543309
718781,2023-03-30,1,Top,3,3,2,1,2,147,137,592626,543037,,,,,,,,,,,,,,,,,,,,,,,,,543309
718781,2023-03-30,1,Top,3,4,2,2,2,147,137,592626,543037,,,,,,,,,,,,,,,,,,,,,,,,,543309
718781,2023-03-30,1,Top,3,5,2,2,2,147,137,592626,543037,,,,,,,,,,,,,,,,,,,,,,,,,543309
718781,2023-03-30,1,Top,3,6,2,2,2,147,137,592626,543037,,,,,,,,,,,,,,,,,,,,,,,,,543309
718781,2023-03-30,1,Top,3,7,3,2,2,147,137,592626,543037,,,,,,,,,,,,,,,,,,,,,,,,,543309
718781,2023-03-30,1,Top,3,8,3,2,2,147,137,592626,543037,,,,,,,,,,,,,,,,,,,,,,,,,543309
718781,2023-03-30,1,Top,3,9,3,3,2,147,137,592626,543037,strikeout,Strikeout,Joc Pederson strikes out swinging.,T,,,,,,,,,,592626,,,T,3,Strikeout,strikeout,,,,,543309
718781,2023-03-30,1,Bot,4,0,0,1,0,147,137,518934,657277,,,,,,,,,,,,,,,,,,,,,,,,,663698
718781,2023-03-30,1,Bot,4,1,1,1,0,147,137,518934,657277,,,,,,,,,,,,,,,,,,,,,,,,,663698
718781,2023-03-30,1,Bot,4,2,1,2,0,147,137,518934,657277,,,,,,,,,,,,,,,,,,,,,,,,,663698
718781,2023-03-30,1,Bot,4,3,1,3,0,147,137,518934,657277,strikeout,Strikeout,DJ LeMahieu strikes out swinging.,T,,,,,,,,,,518934,,,T,1,Strikeout,strikeout,,,,,663698
718781,2023-03-30,1,Bot,5,0,0,1,1,147,137,592450,657277,,,,,,,,,,,,,,,,,,,,,,,,,663698
718781,2023-03-30,1,Bot,5,1,0,1,1,147,137,592450,657277,home_run,Home Run,Aaron Judge homers (1) on a fly ball to center field.,T,,,,,,,,,,592450,,score,,,Home Run,home_run,,T,T,T,663698
718781,2023-03-30,1,Bot,6,0,0,1,1,147,137,519203,657277,,,,,,,,,,,,,,,,,,,,,,,,,663698
718781,2023-03-30,1,Bot,6,1,0,2,1,147,137,519203,657277,,,,,,,,,,,,,,,,,,,,,,,,,663698
718781,2023-03-30,1,Bot,6,2,1,2,1,147,137,519203,657277,,,,,,,,,,,,,,,,,,,,,,,,,663698
718781,2023-03-30,1,Bot,6,3,2,2,1,147,137,519203,657277,,,,,,,,,,,,,,,,,,,,,,,,,663698
718781,2023-03-30,1,Bot,6,4,2,2,1,147,137,519203,657277,,,,,,,,,,,,,,,,,,,,,,,,,663698
718781,2023-03-30,1,Bot,6,5,2,2,1,147,137,519203,657277,single,Single,Anthony Rizzo singles on a sharp line drive to left fielder Blake Sabol.,T,,,,,,,,,,519203,,1B,,,Single,single,,,,,663698
718781,2023-03-30,1,Bot,7,0,0,1,1,147,137,519317,657277,,,,,,,,,,,,,,,,,,,,,,,,,663698
718781,2023-03-30,1,Bot,7,1,1,1,1,147,137,519317,657277,,,,,,,,,,,,,,,,,,,,,,,,,663698
718781,2023-03-30,1,Bot,7,2,1,2,1,147,137,519317,657277,,,,,,,,,,,,,,,,,,,,,,,,,663698
718781,2023-03-30,1,Bot,7,3,1,2,1,147,137,519317,657277,,,,,,,,,,,,,,,,,,,,,,,,,663698
718781,2023-03-30,1,Bot,7,4,1,2,1,147,137,519317,657277,,,,,,,,,,,,,,,,,,,,,,,,,663698
718781,2023-03-30,1,Bot,7,5,1,3,1,147,137,519317,657277,strikeout,Strikeout,Giancarlo Stanton called out on strikes.,T,,,,,,,,,,519317,,,T,2,Strikeout,strikeout,,,,,663698
718781,2023-03-30,1,Bot,8,0,0,0,2,147,137,518626,657277,,,,,,,,,,,,,,,,,,,,,,,,,663698
718781,2023-03-30,1,Bot,8,1,0,1,2,147,137,518626,657277,,,,,,,,,,,,,,,,,,,,,,,,,663698
718781,2023-03-30,1,Bot,8,2,0,2,2,147,137,518626,657277,,,,,,,,,,,,,,,,,,,,,,,,,663698
718781,2023-03-30,1,Bot,8,3,0,3,2,147,137,518626,657277,strikeout,Strikeout,Josh Donaldson called out on strikes.,T,,,,,,,,,,518626,,,T,3,Strikeout,strikeout,,,,,663698
718781,2023-03-30,2,Top,9,0,0,1,0,147,137,573262,543037,,,,,,,,,,,,,,,,,,,,,,,,,543309
718781,2023-03-30,2,Top,9,1,1,1,0,147,137,573262,543037,,,,,,,,,,,,,,,,,,,,,,,,,543309
718781,2023-03-30,2,Top,9,2,1,2,0,147,137,573262,543037,,,,,,,,,,,,,,,,,,,,,,,,,543309
718781,2023-03-30,2,Top,9,3,2,2,0,147,137,573262,543037,,,,,,,,,,,,,,,,,,,,,,,,,543309
718781,2023-03-30,2,Top,9,4,2,3,0,147,137,573262,543037,strikeout,Strikeout,Mike Yastrzemski strikes out swinging.,T,,,,,,,,,,573262,,,T,1,Strikeout,strikeout,,,,,543309
718781,2023-03-30,2,Top,10,0,0,1,1,147,137,642731,543037,,,,,,,,,,,,,,,,,,,,,,,,,543309
718781,2023-03-30,2,Top,10,1,0,1,1,147,137,642731,543037,single,Single,Thairo Estrada singles on a line drive to center fielder Aaron Judge.,T,,,,,,,,,,642731,,1B,,,Single,single,,,,,543309
718781,2023-03-30,2,Top,11,0,0,1,1,147,137,543063,543037,,,,,,,,,,,,,,,,,,,,,,,,,543309
718781,2023-03-30,2,Top,11,1,0,1,1,147,137,543063,543037,,,,,,,,,,,,,,,,,,,,,,,,,543309
718781,2023-03-30,2,Top,11,2,0,2,1,147,137,543063,543037,,,,,,,,,,,,,,,,,,,,,,,,,543309
718781,2023-03-30,2,Top,11,3,1,2,1,147,137,543063,543037,,,,,,,,,,,,,,,,,,,,,,,,,543309
718781,2023-03-30,2,Top,11,4,1,2,1,147,137,543063,543037,,,,,,,,,,,,,,,,,,,,,,,,,543309
718781,2023-03-30,2,Top,11,5,2,2,1,147,137,543063,543037,,,,,,,,,,,,,,,,,,,,,,,,,543309
718781,2023-03-30,2,Top,11,6,2,3,1,147,137,543063,543037,strikeout,Strikeout,Brandon Crawford strikes out swinging.,T,,,,,,,,,,543063,,,T,2,Strikeout,strikeout,,,,,543309
718781,2023-03-30,2,Top,12,0,0,1,2,147,137,666165,543037,,,,,,,,,,,,,,,,,,,,,,,,,543309
718781,2023-03-30,2,Top,12,1,1,1,2,147,137,666165,543037,,,,,,,,,,,,,,,,,,,,,,,,,543309
718781,2023-03-30,2,Top,12,2,1,2,2,147,137,666165,543037,,,,,,,,,,,,,,,,,,,,,,,,,543309
718781,2023-03-30,2,Top,12,3,1,2,2,147,137,666165,543037,,,,,,,,,,,,,,,,,,,,,,,,,543309
718781,2023-03-30,2,Top,12,4,2,2,2,147,137,666165,543037,,,,,,,,,,,,,,,,,,,,,,,,,543309
718781,2023-03-30,2,Top,12,5,2,3,2,147,137,666165,543037,strikeout,Strikeout,Blake Sabol strikes out swinging.,T,T,,,,,,,,,642731,1B,2B,,,Stolen Base 2B,stolen_base_2b,r_stolen_base_2b,,,,543309
718781,2023-03-30,2,Bot,13,0,0,0,0,147,137,650402,657277,field_out,Groundout,"Gleyber Torres grounds out, shortstop Brandon Crawford to first baseman LaMonte Wade Jr.",T,,,,,,,,,,650402,,,T,1,Groundout,field_out,,,,,663698
718781,2023-03-30,2,Bot,14,0,0,1,1,147,137,665828,657277,,,,,,,,,,,,,,,,,,,,,,,,,663698
718781,2023-03-30,2,Bot,14,1,1,1,1,147,137,665828,657277,,,,,,,,,,,,,,,,,,,,,,,,,663698
718781,2023-03-30,2,Bot,14,2,1,2,1,147,137,665828,657277,,,,,,,,,,,,,,,,,,,,,,,,,663698
718781,2023-03-30,2,Bot,14,3,2,2,1,147,137,665828,657277,,,,,,,,,,,,,,,,,,,,,,,,,663698
718781,2023-03-30,2,Bot,14,4,3,2,1,147,137,665828,657277,,,,,,,,,,,,,,,,,,,,,,,,,663698
718781,2023-03-30,2,Bot,14,5,3,3,1,147,137,665828,657277,strikeout,Strikeout,Oswaldo Cabrera strikes out swinging.,T,,,,,,,,,,665828,,,T,2,Strikeout,strikeout,,,,,663698
718781,2023-03-30,2,Bot,15,0,1,0,2,147,137,624431,657277,,,,,,,,,,,,,,,,,,,,,,,,,663698
718781,2023-03-30,2,Bot,15,1,1,1,2,147,137,624431,657277,,,,,,,,,,,,,,,,,,,,,,,,,663698
718781,2023-03-30,2,Bot,15,2,1,2,2,147,137,624431,657277,,,,,,,,,,,,,,,,,,,,,,,,,663698
718781,2023-03-30,2,Bot,15,3,1,3,2,147,137,624431,657277,strikeout,Strikeout,Jose Trevino called out on strikes.,T,,,,,,,,,,624431,,,T,3,Strikeout,strikeout,,,,,663698
718781,2023-03-30,3,Top,16,0,0,1,0,147,137,547379,543037,,,,,,,,,,,,,,,,,,,,,,,,,543309
718781,2023-03-30,3,Top,16,1,1,1,0,147,137,547379,543037,,,,,,,,,,,,,,,,,,,,,,,,,543309
718781,2023-03-30,3,Top,16,2,1,2,0,147,137,547379,543037,,,,,,,,,,,,,,,,,,,,,,,,,543309
718781,2023-03-30,3,Top,16,3,1,2,0,147,137,547379,543037,,,,,,,,,,,,,,,,,,,,,,,,,543309
718781,2023-03-30,3,Top,16,4,2,2,0,147,137,547379,543037,,,,,,,,,,,,,,,,,,,,,,,,,543309
718781,2023-03-30,3,Top,16,5,2,3,0,147,137,547379,543037,strikeout,Strikeout,Roberto Perez called out on strikes.,T,,,,,,,,,,547379,,,T,1,Strikeout,strikeout,,,,,543309
718781,2023-03-30,3,Top,17,0,0,1,1,147,137,664774,543037,,,,,,,,,,,,,,,,,,,,,,,,,543309
718781,2023-03-30,3,Top,17,1,0,2,1,147,137,664774,543037,,,,,,,,,,,,,,,,,,,,,,,,,543309
718781,2023-03-30,3,Top,17,2,1,2,1,147,137,664774,543037,,,,,,,,,,,,,,,,,,,,,,,,,543309
718781,2023-03-30,3,Top,17,3,2,2,1,147,137,664774,543037,,,,,,,,,,,,,,,,,,,,,,,,,543309
718781,2023-03-30,3,Top,17,4,2,2,1,147,137,664774,543037,field_out,Groundout,"LaMonte Wade Jr. grounds out, second baseman DJ LeMahieu to first baseman Anthony Rizzo.",T,,,,,,,,,,664774,,,T,2,Groundout,field_out,,,,,543309
718781,2023-03-30,3,Top,18,0,0,1,2,147,137,624424,543037,,,,,,,,,,,,,,,,,,,,,,,,,543309
718781,2023-03-30,3,Top,18,1,1,1,2,147,137,624424,543037,,,,,,,,,,,,,,,,,,,,,,,,,543309
718781,2023-03-30,3,Top,18,2,2,1,2,147,137,624424,543037,,,,,,,,,,,,,,,,,,,,,,,,,543309
718781,2023-03-30,3,Top,18,3,2,1,2,147,137,624424,543037,,,,,,,,,,,,,,,,,,,,,,,,,543309
718781,2023-03-30,3,Top,18,4,2,2,2,147,137,624424,543037,,,,,,,,,,,,,,,,,,,,,,,,,543309
718781,2023-03-30,3,Top,18,5,2,3,2,147,137,624424,543037,strikeout,Strikeout,Michael Conforto called out on strikes.,T,,,,,,,,,,624424,,,T,3,Strikeout,strikeout,,,,,543309
718781,2023-03-30,3,Bot,19,0,0,1,0,147,137,683011,657277,,,,,,,,,,,,,,,,,,,,,,,,,663698
718781,2023-03-30,3,Bot,19,1,1,1,0,147,137,683011,657277,,,,,,,,,,,,,,,,,,,,,,,,,663698
718781,2023-03-30,3,Bot,19,2,2,1,0,147,137,683011,657277,,,,,,,,,,,,,,,,,,,,,,,,,663698
718781,2023-03-30,3,Bot,19,3,2,2,0,147,137,683011,657277,,,,,,,,,,,,,,,,,,,,,,,,,663698
718781,2023-03-30,3,Bot,19,4,3,2,0,147,137,683011,657277,,,,,,,,,,,,,,,,,,,,,,,,,663698
718781,2023-03-30,3,Bot,19,5,4,2,0,147,137,683011,657277,walk,Walk,Anthony Volpe walks.,T,,,,,,,,,,683011,,1B,,,Walk,walk,,,,,663698
718781,2023-03-30,3,Bot,20,0,0,1,0,147,137,518934,657277,,,,,,,,,,,,,,,,,,,,,,,,,663698
718781,2023-03-30,3,Bot,20,1,0,2,0,147,137,518934,657277,,,,,,,,,,,,,,,,,,,,,,,,,663698
718781,2023-03-30,3,Bot,20,2,0,2,0,147,137,518934,657277,,,,,,,,,,,,,,,,,,,,,,,,,663698
718781,2023-03-30,3,Bot,20,3,0,2,0,147,137,518934,657277,,,,,,,,,,,,,,,,,,,,,,,,,663698
718781,2023-03-30,3,Bot,20,4,0,3,0,147,137,518934,657277,strikeout,Strikeout,DJ LeMahieu called out on strikes. Anthony Volpe steals (1) 2nd base.,T,T,,,,,,,,,518934,,,T,1,Strikeout,strikeout,,,,,663698
718781,2023-03-30,3,Bot,21,0,0,1,1,147,137,592450,657277,,,,,,,,,,,,,,,,,,,,,,,,,663698
718781,2023-03-30,3,Bot,21,1,0,2,1,147,137,592450,657277,,,,,,,,,,,,,,,,,,,,,,,,,663698
718781,2023-03-30,3,Bot,21,2,1,2,1,147,137,592450,657277,,,,,,,,,,,,,,,,,,,,,,,,,663698
718781,2023-03-30,3,Bot,21,3,1,3,1,147,137,592450,657277,strikeout,Strikeout,Aaron Judge strikes out swinging.,T,,,,,,,,,,592450,,,T,2,Strikeout,strikeout,,,,,663698
718781,2023-03-30,3,Bot,22,0,1,0,2,147,137,519203,657277,,,,,,,,,,,,,,,,,,,,,,,,,663698
718781,2023-03-30,3,Bot,22,1,1,1,2,147,137,519203,657277,,,,,,,,,,,,,,,,,,,,,,,,,663698
718781,2023-03-30,3,Bot,22,2,2,1,2,147,137,519203,657277,,,,,,,,,,,,,,,,,,,,,,,,,663698
718781,2023-03-30,3,Bot,22,3,2,2,2,147,137,519203,657277,,,,,,,,,,,,,,,,,,,,,,,,,663698
718781,2023-03-30,3,Bot,22,4,3,2,2,147,137,519203,657277,,,,,,,,,,,,,,,,,,,,,,,,,663698
718781,2023-03-30,3,Bot,22,5,3,2,2,147,137,519203,657277,field_out,Pop Out,Anthony Rizzo pops out to third baseman Wilmer Flores.,T,,,,,,,,,,519203,,,T,3,Pop Out,field_out,,,,,663698
718781,2023-03-30,4,Top,23,0,0,1,0,147,137,527038,543037,,,,,,,,,,,,,,,,,,,,,,,,,543309
718781,2023-03-30,4,Top,23,1,1,1,0,147,137,527038,543037,,,,,,,,,,,,,,,,,,,,,,,,,543309
718781,2023-03-30,4,Top,23,2,2,1,0,147,137,527038,543037,,,,,,,,,,,,,,,,,,,,,,,,,543309
718781,2023-03-30,4,Top,23,3,3,1,0,147,137,527038,543037,,,,,,,,,,,,,,,,,,,,,,,,,543309
718781,2023-03-30,4,Top,23,4,4,1,0,147,137,527038,543037,walk,Walk,Wilmer Flores walks.,T,,,,,,,,,,527038,,1B,,,Walk,walk,,,,,543309
718781,2023-03-30,4,Top,24,0,0,1,0,147,137,592626,543037,,,,,,,,,,,,,,,,,,,,,,,,,543309
718781,2023-03-30,4,Top,24,1,0,2,0,147,137,592626,543037,,,,,,,,,,,,,,,,,,,,,,,,,543309
718781,2023-03-30,4,Top,24,2,1,2,0,147,137,592626,543037,,,,,,,,,,,,,,,,,,,,,,,,,543309
718781,2023-03-30,4,Top,24,3,2,2,0,147,137,592626,543037,,,,,,,,,,,,,,,,,,,,,,,,,543309
718781,2023-03-30,4,Top,24,4,2,3,0,147,137,592626,543037,strikeout,Strikeout,Joc Pederson strikes out swinging.,T,,,,,,,,,,592626,,,T,1,Strikeout,strikeout,,,,,543309
718781,2023-03-30,4,Top,25,0,1,0,1,147,137,573262,543037,,,,,,,,,,,,,,,,,,,,,,,,,543309
718781,2023-03-30,4,Top,25,1,2,0,1,147,137,573262,543037,,,,,,,,,,,,,,,,,,,,,,,,,543309
718781,2023-03-30,4,Top,25,2,2,0,1,147,137,573262,543037,,,,,,,,,,,,,,,,,,,,,,,,,543309
718781,2023-03-30,4,Top,25,3,2,1,1,147,137,573262,543037,,,,,,,,,,,,,,,,,,,,,,,,,543309
718781,2023-03-30,4,Top,25,4,2,2,1,147,137,573262,543037,,,,,,,,,,,,,,,,,,,,,,,,,543309
718781,2023-03-30,4,Top,25,5,3,2,1,147,137,573262,543037,,,,,,,,,,,,,,,,,,,,,,,,,543309
718781,2023-03-30,4,Top,25,6,3,3,1,147,137,573262,543037,strikeout,Strikeout,Mike Yastrzemski strikes out swinging.,T,,,,,,,,,,573262,,,T,2,Strikeout,strikeout,,,,,543309
718781,2023-03-30,4,Top,26,0,0,0,2,147,137,642731,543037,field_out,Groundout,"Thairo Estrada grounds out, shortstop Anthony Volpe to first baseman Anthony Rizzo.",T,,,,,,,,,,642731,,,T,3,Groundout,field_out,,,,,543309
718781,2023-03-30,4,Bot,27,0,0,1,0,147,137,519317,657277,,,,,,,,,,,,,,,,,,,,,,,,,663698
718781,2023-03-30,4,Bot,27,1,0,1,0,147,137,519317,657277,field_out,Groundout,"Giancarlo Stanton grounds out, shortstop Brandon Crawford to first baseman LaMonte Wade Jr.",T,,,,,,,,,,519317,,,T,1,Groundout,field_out,,,,,663698
718781,2023-03-30,4,Bot,28,0,1,0,1,147,137,518626,657277,,,,,,,,,,,,,,,,,,,,,,,,,663698
718781,2023-03-30,4,Bot,28,1,1,1,1,147,137,518626,657277,,,,,,,,,,,,,,,,,,,,,,,,,663698
718781,2023-03-30,4,Bot,28,2,1,1,1,147,137,518626,657277,single,Single,Josh Donaldson singles on a ground ball to left fielder Blake Sabol.,T,,,,,,,,,,518626,,1B,,,Single,single,,,,,663698
718781,2023-03-30,4,Bot,29,0,0,0,1,147,137,650402,657277,home_run,Home Run,Gleyber Torres homers (1) on a fly ball to right center field. Josh Donaldson scores.,T,,,,,,,,,,650402,,score,,,Home Run,home_run,,T,T,T,663698
718781,2023-03-30,4,Bot,30,0,1,0,1,147,137,665828,657277,,,,,,,,,,,,,,,,,,,,,,,,,663698
718781,2023-03-30,4,Bot,30,1,1,1,1,147,137,665828,657277,,,,,,,,,,,,,,,,,,,,,,,,,663698
718781,2023-03-30,4,Bot,30,2,1,2,1,147,137,665828,657277,,,,,,,,,,,,,,,,,,,,,,,,,663698
718781,2023-03-30,4,Bot,30,3,1,3,1,147,137,665828,657277,strikeout,Strikeout,Oswaldo Cabrera strikes out swinging.,T,,,,,,,,,,665828,,,T,2,Strikeout,strikeout,,,,,663698
718781,2023-03-30,4,Bot,31,0,0,1,2,147,137,624431,657277,,,,,,,,,,,,,,,,,,,,,,,,,663698
718781,2023-03-30,4,Bot,31,1,1,1,2,147,137,624431,657277,,,,,,,,,,,,,,,,,,,,,,,,,663698
718781,2023-03-30,4,Bot,31,2,1,2,2,147,137,624431,657277,,,,,,,,,,,,,,,,,,,,,,,,,663698
718781,2023-03-30,4,Bot,31,3,1,3,2,147,137,624431,657277,strikeout,Strikeout,Jose Trevino strikes out swinging.,T,,,,,,,,,,624431,,,T,3,Strikeout,strikeout,,,,,663698
718781,2023-03-30,5,Top,32,0,0,1,0,147,137,543063,543037,,,,,,,,,,,,,,,,,,,,,,,,,543309
718781,2023-03-30,5,Top,32,1,1,1,0,147,137,543063,543037,,,,,,,,,,,,,,,,,,,,,,,,,543309
718781,2023-03-30,5,Top,32,2,1,2,0,147,137,543063,543037,,,,,,,,,,,,,,,,,,,,,,,,,543309
718781,2023-03-30,5,Top,32,3,1,2,0,147,137,543063,543037,,,,,,,,,,,,,,,,,,,,,,,,,543309
718781,2023-03-30,5,Top,32,4,1,2,0,147,137,543063,543037,field_out,Flyout,Brandon Crawford flies out to left fielder Oswaldo Cabrera.,T,,,,,,,,,,543063,,,T,1,Flyout,field_out,,,,,543309
718781,2023-03-30,5,Top,33,0,1,0,1,147,137,666165,543037,,,,,,,,,,,,,,,,,,,,,,,,,543309
718781,2023-03-30,5,Top,33,1,1,0,1,147,137,666165,543037,field_out,Groundout,"Blake Sabol grounds out, first baseman Anthony Rizzo to pitcher Gerrit Cole.",T,,,,,,,,,,666165,,,T,2,Groundout,field_out,,,,,543309
718781,2023-03-30,5,Top,34,0,0,1,2,147,137,547379,543037,,,,,,,,,,,,,,,,,,,,,,,,,543309
718781,2023-03-30,5,Top,34,1,1,1,2,147,137,547379,543037,,,,,,,,,,,,,,,,,,,,,,,,,543309
718781,2023-03-30,5,Top,34,2,1,1,2,147,137,547379,543037,single,Single,Roberto Perez singles on a sharp line drive to center fielder Aaron Judge.,T,,,,,,,,,,547379,,1B,,,Single,single,,,,,543309
718781,2023-03-30,5,Top,35,0,0,1,2,147,137,664774,543037,,,,,,,,,,,,,,,,,,,,,,,,,543309
718781,2023-03-30,5,Top,35,1,1,1,2,147,137,664774,543037,,,,,,,,,,,,,,,,,,,,,,,,,543309
718781,2023-03-30,5,Top,35,2,1,2,2,147,137,664774,543037,,,,,,,,,,,,,,,,,,,,,,,,,543309
718781,2023-03-30,5,Top,35,3,2,2,2,147,137,664774,543037,,,,,,,,,,,,,,,,,,,,,,,,,543309
718781,2023-03-30,5,Top,35,4,2,2,2,147,137,664774,543037,field_out,Groundout,LaMonte Wade Jr. grounds out to first baseman Anthony Rizzo.,T,,,,,,,,,,664774,,,T,3,Groundout,field_out,,,,,543309
718781,2023-03-30,5,Bot,36,0,0,1,0,147,137,683011,657277,,,,,,,,,,,,,,,,,,,,,,,,,663698
718781,2023-03-30,5,Bot,36,1,0,1,0,147,137,683011,657277,field_out,Groundout,"Anthony Volpe grounds out, third baseman Wilmer Flores to first baseman LaMonte Wade Jr.",T,,,,,,,,,,683011,,,T,1,Groundout,field_out,,,,,663698
718781,2023-03-30,5,Bot,37,0,0,1,1,147,137,518934,657277,,,,,,,,,,,,,,,,,,,,,,,,,663698
718781,2023-03-30,5,Bot,37,1,0,2,1,147,137,518934,657277,,,,,,,,,,,,,,,,,,,,,,,,,663698
718781,2023-03-30,5,Bot,37,2,0,3,1,147,137,518934,657277,strikeout,Strikeout,DJ LeMahieu strikes out swinging.,T,,,,,,,,,,518934,,,T,2,Strikeout,strikeout,,,,,663698
718781,2023-03-30,5,Bot,38,0,1,0,2,147,137,592450,657277,,,,,,,,,,,,,,,,,,,,,,,,,663698
718781,2023-03-30,5,Bot,38,1,1,1,2,147,137,592450,657277,,,,,,,,,,,,,,,,,,,,,,,,,663698
718781,2023-03-30,5,Bot,38,2,1,2,2,147,137,592450,657277,,,,,,,,,,,,,,,,,,,,,,,,,663698
718781,2023-03-30,5,Bot,38,3,1,2,2,147,137,592450,657277,,,,,,,,,,,,,,,,,,,,,,,,,663698
718781,2023-03-30,5,Bot,38,4,2,2,2,147,137,592450,657277,,,,,,,,,,,,,,,,,,,,,,,,,663698
718781,2023-03-30,5,Bot,38,5,2,3,2,147,137,592450,657277,strikeout,Strikeout,Aaron Judge strikes out swinging.,T,,,,,,,,,,592450,,,T,3,Strikeout,strikeout,,,,,663698
718781,2023-03-30,6,Top,39,0,0,0,0,147,137,624424,543037,single,Single,Michael Conforto singles on a line drive to left fielder Oswaldo Cabrera.,T,,,,,,,,,,624424,,1B,,,Single,single,,,,,543309
718781,2023-03-30,6,Top,40,0,1,0,0,147,137,527038,543037,,,,,,,,,,,,,,,,,,,,,,,,,543309
718781,2023-03-30,6,Top,40,1,1,1,0,147,137,527038,543037,,,,,,,,,,,,,,,,,,,,,,,,,543309
718781,2023-03-30,6,Top,40,2,1,1,0,147,137,527038,543037,,,,,,,,,,,,,,,,,,,,,,,,,543309
718781,2023-03-30,6,Top,40,3,2,1,0,147,137,527038,543037,,,,,,,,,,,,,,,,,,,,,,,,,543309
718781,2023-03-30,6,Top,40,4,3,1,0,147,137,527038,543037,,,,,,,,,,,,,,,,,,,,,,,,,543309
718781,2023-03-30,6,Top,40,5,3,2,0,147,137,527038,543037,,,,,,,,,,,,,,,,,,,,,,,,,543309
718781,2023-03-30,6,Top,40,6,3,2,0,147,137,527038,543037,grounded_into_double_play,Grounded Into DP,"Wilmer Flores grounds into a double play, shortstop Anthony Volpe to second baseman DJ LeMahieu to first baseman Anthony Rizzo. Michael Conforto out at 2nd. Wilmer Flores out at 1st.",T,,,,,,,,,,624424,1B,,T,1,Grounded Into DP,grounded_into_double_play,r_force_out,,,,543309
718781,2023-03-30,6,Top,41,0,0,1,2,147,137,592626,543037,,,,,,,,,,,,,,,,,,,,,,,,,543309
718781,2023-03-30,6,Top,41,1,0,2,2,147,137,592626,543037,,,,,,,,,,,,,,,,,,,,,,,,,543309
718781,2023-03-30,6,Top,41,2,0,3,2,147,137,592626,543037,strikeout,Strikeout,Joc Pederson strikes out swinging.,T,,,,,,,,,,592626,,,T,3,Strikeout,strikeout,,,,,543309
718781,2023-03-30,6,Bot,42,0,0,1,0,147,137,519203,657277,,,,,,,,,,,,,,,,,,,,,,,,,663698
718781,2023-03-30,6,Bot,42,1,1,1,0,147,137,519203,657277,,,,,,,,,,,,,,,,,,,,,,,,,663698
718781,2023-03-30,6,Bot,42,2,1,1,0,147,137,519203,657277,field_out,Groundout,"Anthony Rizzo grounds out, second baseman Thairo Estrada to first baseman LaMonte Wade Jr.",T,,,,,,,,,,519203,,,T,1,Groundout,field_out,,,,,663698
718781,2023-03-30,6,Bot,43,0,0,1,1,147,137,519317,657277,,,,,,,,,,,,,,,,,,,,,,,,,663698
718781,2023-03-30,6,Bot,43,1,0,2,1,147,137,519317,657277,,,,,,,,,,,,,,,,,,,,,,,,,663698
718781,2023-03-30,6,Bot,43,2,0,2,1,147,137,519317,657277,field_out,Pop Out,Giancarlo Stanton pops out to first baseman LaMonte Wade Jr. in foul territory.,T,,,,,,,,,,519317,,,T,2,Pop Out,field_out,,,,,663698
718781,2023-03-30,6,Bot,44,0,1,0,2,147,137,518626,657277,,,,,,,,,,,,,,,,,,,,,,,,,663698
718781,2023-03-30,6,Bot,44,1,1,1,2,147,137,518626,657277,,,,,,,,,,,,,,,,,,,,,,,,,663698
718781,2023-03-30,6,Bot,44,2,1,2,2,147,137,518626,657277,,,,,,,,,,,,,,,,,,,,,,,,,663698
718781,2023-03-30,6,Bot,44,3,1,3,2,147,137,518626,657277,strikeout,Strikeout,Josh Donaldson called out on strikes.,T,,,,,,,,,,518626,,,T,3,Strikeout,strikeout,,,,,663698
718781,2023-03-30,7,Top,45,0,0,0,0,147,137,605204,593974,,,,,,,,,,,,,,,,,,,,,,,,,543309
718781,2023-03-30,7,Top,45,1,0,0,0,147,137,605204,593974,,,,,,,,,,,,,,,,,,,,,,,,,543309
718781,2023-03-30,7,Top,45,2,1,0,0,147,137,605204,593974,,,,,,,,,,,,,,,,,,,,,,,,,543309
718781,2023-03-30,7,Top,45,3,1,1,0,147,137,605204,593974,,,,,,,,,,,,,,,,,,,,,,,,,543309
718781,2023-03-30,7,Top,45,4,2,1,0,147,137,605204,593974,,,,,,,,,,,,,,,,,,,,,,,,,543309
718781,2023-03-30,7,Top,45,5,3,1,0,147,137,605204,593974,,,,,,,,,,,,,,,,,,,,,,,,,543309
718781,2023-03-30,7,Top,45,6,3,2,0,147,137,605204,593974,,,,,,,,,,,,,,,,,,,,,,,,,543309
718781,2023-03-30,7,Top,45,7,3,3,0,147,137,605204,593974,strikeout,Strikeout,J.D. Davis called out on strikes.,T,,,,,,,,,,605204,,,T,1,Strikeout,strikeout,,,,,543309
718781,2023-03-30,7,Top,46,0,0,1,1,147,137,642731,593974,,,,,,,,,,,,,,,,,,,,,,,,,543309
718781,2023-03-30,7,Top,46,1,1,1,1,147,137,642731,593974,,,,,,,,,,,,,,,,,,,,,,,,,543309
718781,2023-03-30,7,Top,46,2,1,1,1,147,137,642731,593974,single,Single,Thairo Estrada singles on a sharp line drive to right fielder Giancarlo Stanton.,T,,,,,,,,,,642731,,1B,,,Single,single,,,,,543309
718781,2023-03-30,7,Top,47,0,1,0,1,147,137,543063,593974,,,,,,,,,,,,,,,,,,,,,,,,,543309
718781,2023-03-30,7,Top,47,1,1,1,1,147,137,543063,593974,,,,,,,,,,,,,,,,,,,,,,,,,543309
718781,2023-03-30,7,Top,47,2,1,2,1,147,137,543063,593974,,,,,,,,,,,,,,,,,,,,,,,,,543309
718781,2023-03-30,7,Top,47,3,1,2,1,147,137,543063,593974,,,,,,,,,,,,,,,,,,,,,,,,,543309
718781,2023-03-30,7,Top,47,4,1,2,1,147,137,543063,593974,,,,,,,,,,,,,,,,,,,,,,,,,543309
718781,2023-03-30,7,Top,47,5,1,2,1,147,137,543063,593974,,,,,,,,,,,,,,,,,,,,,,,,,543309
718781,2023-03-30,7,Top,47,6,2,2,1,147,137,543063,593974,,,,,,,,,,,,,,,,,,,,,,,,,543309
718781,2023-03-30,7,Top,47,7,2,3,1,147,137,543063,593974,strikeout,Strikeout,Brandon Crawford called out on strikes.,T,,,,,,,,,,642731,1B,2B,,,Balk,balk,r_adv_play,,,,543309
718781,2023-03-30,7,Top,48,0,0,0,2,147,137,681584,642528,,,,,,,,,,,,,,,,,,,,,,,,,543309
718781,2023-03-30,7,Top,48,1,0,0,2,147,137,681584,642528,,,,,,,,,,,,,,,,,,,,,,,,,543309
718781,2023-03-30,7,Top,48,2,0,0,2,147,137,681584,642528,,,,,,,,,,,,,,,,,,,,,,,,,543309
718781,2023-03-30,7,Top,48,3,0,1,2,147,137,681584,642528,,,,,,,,,,,,,,,,,,,,,,,,,543309
718781,2023-03-30,7,Top,48,4,0,1,2,147,137,681584,642528,field_out,Flyout,David Villar flies out to center fielder Aaron Judge.,T,,,,,,,,,,681584,,,T,3,Flyout,field_out,,,,,543309
718781,2023-03-30,7,Bot,49,0,0,0,0,147,137,650402,657277,,,,,,,,,,,,,,,,,,,,,,,,,663698
718781,2023-03-30,7,Bot,49,1,0,0,0,147,137,650402,657277,,,,,,,,,,,,,,,,,,,,,,,,,663698
718781,2023-03-30,7,Bot,49,2,0,0,0,147,137,650402,657277,,,,,,,,,,,,,,,,,,,,,,,,,663698
718781,2023-03-30,7,Bot,49,3,0,1,0,147,137,650402,657277,,,,,,,,,,,,,,,,,,,,,,,,,663698
718781,2023-03-30,7,Bot,49,4,1,1,0,147,137,650402,657277,,,,,,,,,,,,,,,,,,,,,,,,,663698
718781,2023-03-30,7,Bot,49,5,2,1,0,147,137,650402,657277,,,,,,,,,,,,,,,,,,,,,,,,,663698
718781,2023-03-30,7,Bot,49,6,2,2,0,147,137,650402,657277,,,,,,,,,,,,,,,,,,,,,,,,,663698
718781,2023-03-30,7,Bot,49,7,3,2,0,147,137,650402,657277,,,,,,,,,,,,,,,,,,,,,,,,,663698
718781,2023-03-30,7,Bot,49,8,3,2,0,147,137,650402,657277,,,,,,,,,,,,,,,,,,,,,,,,,663698
718781,2023-03-30,7,Bot,49,9,3,2,0,147,137,650402,657277,,,,,,,,,,,,,,,,,,,,,,,,,663698
718781,2023-03-30,7,Bot,49,10,4,2,0,147,137,650402,657277,walk,Walk,Gleyber Torres walks.,T,,,,,,,,,,650402,,1B,,,Walk,walk,,,,,663698
718781,2023-03-30,7,Bot,50,0,0,0,0,147,137,665828,605154,,,,,,,,,,,,,,,,,,,,,,,,,663698
718781,2023-03-30,7,Bot,50,1,0,0,0,147,137,665828,605154,,,,,,,,,,,,,,,,,,,,,,,,,663698
718781,2023-03-30,7,Bot,50,2,0,1,0,147,137,665828,605154,,,,,,,,,,,,,,,,,,,,,,,,,663698
718781,2023-03-30,7,Bot,50,3,1,1,0,147,137,665828,605154,,,,,,,,,,,,,,,,,,,,,,,,,663698
718781,2023-03-30,7,Bot,50,4,1,1,0,147,137,665828,605154,,,,,,,,,,,,,,,,,,,,,,,,,663698
718781,2023-03-30,7,Bot,50,5,1,2,0,147,137,665828,605154,,,,,,,,,,,,,,,,,,,,,,,,,663698
718781,2023-03-30,7,Bot,50,6,1,2,0,147,137,665828,605154,,,,,,,,,,,,,,,,,,,,,,,,,663698
718781,2023-03-30,7,Bot,50,7,2,2,0,147,137,665828,605154,,,,,,,,,,,,,,,,,,,,,,,,,663698
718781,2023-03-30,7,Bot,50,8,2,3,0,147,137,665828,605154,strikeout,Strikeout,Oswaldo Cabrera strikes out swinging. Gleyber Torres steals (1) 2nd base.,T,T,,,,,,,,,665828,,,T,1,Strikeout,strikeout,,,,,663698
718781,2023-03-30,7,Bot,51,0,0,0,1,147,137,624431,605154,single,Single,Jose Trevino singles on a sharp line drive to left fielder LaMonte Wade Jr. Gleyber Torres to 3rd.,T,,,,,,,,,,624431,,1B,,,Single,single,,,,,663698
718781,2023-03-30,7,Bot,52,0,0,1,1,147,137,683011,605154,,,,,,,,,,,,,,,,,,,,,,,,,663698
718781,2023-03-30,7,Bot,52,1,1,1,1,147,137,683011,605154,,,,,,,,,,,,,,,,,,,,,,,,,663698
718781,2023-03-30,7,Bot,52,2,2,1,1,147,137,683011,605154,,,,,,,,,,,,,,,,,,,,,,,,,663698
718781,2023-03-30,7,Bot,52,3,2,2,1,147,137,683011,605154,,,,,,,,,,,,,,,,,,,,,,,,,663698
718781,2023-03-30,7,Bot,52,4,2,3,1,147,137,683011,605154,strikeout,Strikeout,Anthony Volpe strikes out swinging.,T,,,,,,,,,,683011,,,T,2,Strikeout,strikeout,,,,,663698
718781,2023-03-30,7,Bot,53,0,0,0,2,147,137,518934,605154,,,,,,,,,,,,,,,,,,,,,,,,,663698
718781,2023-03-30,7,Bot,53,1,0,0,2,147,137,518934,605154,single,Single,DJ LeMahieu singles on a ground ball to left fielder LaMonte Wade Jr. Gleyber Torres scores. Jose Trevino to 2nd.,T,,,,,,,,,,518934,,1B,,,Single,single,,,,,663698
718781,2023-03-30,7,Bot,54,0,1,0,2,147,137,592450,605154,,,,,,,,,,,,,,,,,,,,,,,,,663698
718781,2023-03-30,7,Bot,54,1,1,1,2,147,137,592450,605154,,,,,,,,,,,,,,,,,,,,,,,,,663698
718781,2023-03-30,7,Bot,54,2,2,1,2,147,137,592450,605154,,,,,,,,,,,,,,,,,,,,,,,,,663698
718781,2023-03-30,7,Bot,54,3,2,2,2,147,137,592450,605154,,,,,,,,,,,,,,,,,,,,,,,,,663698
718781,2023-03-30,7,Bot,54,4,2,2,2,147,137,592450,605154,single,Single,Aaron Judge singles on a fly ball to center fielder Brett Wisely. Jose Trevino scores. DJ LeMahieu to 3rd.,T,,,,,,,,,,592450,,1B,,,Single,single,,,,,663698
718781,2023-03-30,7,Bot,55,0,0,0,2,147,137,519203,605154,,,,,,,,,,,,,,,,,,,,,,,,,663698
718781,2023-03-30,7,Bot,55,1,1,0,2,147,137,519203,605154,,,,,,,,,,,,,,,,,,,,,,,,,663698
718781,2023-03-30,7,Bot,55,2,1,1,2,147,137,519203,605154,,,,,,,,,,,,,,,,,,,,,,,,,663698
718781,2023-03-30,7,Bot,55,3,1,2,2,147,137,519203,605154,,,,,,,,,,,,,,,,,,,,,,,,,663698
718781,2023-03-30,7,Bot,55,4,1,2,2,147,137,519203,605154,,,,,,,,,,,,,,,,,,,,,,,,,663698
718781,2023-03-30,7,Bot,55,5,1,3,2,147,137,519203,605154,strikeout,Strikeout,Anthony Rizzo strikes out swinging.,T,,,,,,,,,,519203,,,T,3,Strikeout,strikeout,,,,,663698
718781,2023-03-30,8,Top,56,0,0,0,0,147,137,607461,676760,,,,,,,,,,,,,,,,,,,,,,,,,543309
718781,2023-03-30,8,Top,56,1,0,0,0,147,137,607461,676760,,,,,,,,,,,,,,,,,,,,,,,,,543309
718781,2023-03-30,8,Top,56,2,0,1,0,147,137,607461,676760,,,,,,,,,,,,,,,,,,,,,,,,,543309
718781,2023-03-30,8,Top,56,3,0,2,0,147,137,607461,676760,,,,,,,,,,,,,,,,,,,,,,,,,543309
718781,2023-03-30,8,Top,56,4,0,2,0,147,137,607461,676760,,,,,,,,,,,,,,,,,,,,,,,,,543309
718781,2023-03-30,8,Top,56,5,0,2,0,147,137,607461,676760,,,,,,,,,,,,,,,,,,,,,,,,,543309
718781,2023-03-30,8,Top,56,6,0,2,0,147,137,607461,676760,,,,,,,,,,,,,,,,,,,,,,,,,543309
718781,2023-03-30,8,Top,56,7,0,3,0,147,137,607461,676760,strikeout,Strikeout,Matt Beaty strikes out swinging.,T,,,,,,,,,,607461,,,T,1,Strikeout,strikeout,,,,,543309
718781,2023-03-30,8,Top,57,0,1,0,1,147,137,664774,676760,,,,,,,,,,,,,,,,,,,,,,,,,543309
718781,2023-03-30,8,Top,57,1,1,0,1,147,137,664774,676760,field_out,Pop Out,LaMonte Wade Jr. pops out to catcher Jose Trevino in foul territory.,T,,,,,,,,,,664774,,,T,2,Pop Out,field_out,,,,,543309
718781,2023-03-30,8,Top,58,0,0,1,2,147,137,624424,676760,,,,,,,,,,,,,,,,,,,,,,,,,543309
718781,2023-03-30,8,Top,58,1,0,2,2,147,137,624424,676760,,,,,,,,,,,,,,,,,,,,,,,,,543309
718781,2023-03-30,8,Top,58,2,0,2,2,147,137,624424,676760,,,,,,,,,,,,,,,,,,,,,,,,,543309
718781,2023-03-30,8,Top,58,3,1,2,2,147,137,624424,676760,,,,,,,,,,,,,,,,,,,,,,,,,543309
718781,2023-03-30,8,Top,58,4,1,2,2,147,137,624424,676760,,,,,,,,,,,,,,,,,,,,,,,,,543309
718781,2023-03-30,8,Top,58,5,2,2,2,147,137,624424,676760,,,,,,,,,,,,,,,,,,,,,,,,,543309
718781,2023-03-30,8,Top,58,6,2,2,2,147,137,624424,676760,,,,,,,,,,,,,,,,,,,,,,,,,543309
718781,2023-03-30,8,Top,58,7,2,2,2,147,137,624424,676760,field_out,Groundout,"Michael Conforto grounds out, first baseman Anthony Rizzo to pitcher Ron Marinaccio.",T,,,,,,,,,,624424,,,T,3,Groundout,field_out,,,,,543309
718781,2023-03-30,8,Bot,59,0,0,0,0,147,137,519317,643511,,,,,,,,,,,,,,,,,,,,,,,,,663698
718781,2023-03-30,8,Bot,59,1,0,0,0,147,137,519317,643511,,,,,,,,,,,,,,,,,,,,,,,,,663698
718781,2023-03-30,8,Bot,59,2,0,1,0,147,137,519317,643511,,,,,,,,,,,,,,,,,,,,,,,,,663698
718781,2023-03-30,8,Bot,59,3,0,1,0,147,137,519317,643511,single,Single,Giancarlo Stanton singles on a ground ball to center fielder Brett Wisely.,T,,,,,,,,,,519317,,1B,,,Single,single,,,,,663698
718781,2023-03-30,8,Bot,60,0,0,0,0,147,137,518626,643511,,,,,,,,,,,,,,,,,,,,,,,,,663698
718781,2023-03-30,8,Bot,60,1,1,0,0,147,137,518626,643511,,,,,,,,,,,,,,,,,,,,,,,,,663698
718781,2023-03-30,8,Bot,60,2,1,0,0,147,137,518626,643511,field_out,Groundout,"Josh Donaldson grounds out softly, pitcher Tyler Rogers to first baseman J. D. Davis. Estevan Florial to 2nd.",T,,,,,,,,,,518626,,,T,1,Groundout,field_out,,,,,663698
718781,2023-03-30,8,Bot,61,0,0,0,1,147,137,650402,643511,,,,,,,,,,,,,,,,,,,,,,,,,663698
718781,2023-03-30,8,Bot,61,1,1,0,1,147,137,650402,643511,,,,,,,,,,,,,,,,,,,,,,,,,663698
718781,2023-03-30,8,Bot,61,2,1,1,1,147,137,650402,643511,,,,,,,,,,,,,,,,,,,,,,,,,663698
718781,2023-03-30,8,Bot,61,3,2,1,1,147,137,650402,643511,,,,,,,,,,,,,,,,,,,,,,,,,663698
718781,2023-03-30,8,Bot,61,4,2,1,1,147,137,650402,643511,field_out,Flyout,Gleyber Torres flies out to center fielder Brett Wisely. Estevan Florial to 3rd.,T,,,,,,,,,,650402,,,T,2,Flyout,field_out,,,,,663698
718781,2023-03-30,8,Bot,62,0,0,1,2,147,137,665828,643511,,,,,,,,,,,,,,,,,,,,,,,,,663698
718781,2023-03-30,8,Bot,62,1,0,2,2,147,137,665828,643511,,,,,,,,,,,,,,,,,,,,,,,,,663698
718781,2023-03-30,8,Bot,62,2,0,3,2,147,137,665828,643511,strikeout,Strikeout,Oswaldo Cabrera called out on strikes.,T,,,,,,,,,,665828,,,T,3,Strikeout,strikeout,,,,,663698
718781,2023-03-30,9,Top,63,0,0,0,0,147,137,527038,676760,,,,,,,,,,,,,,,,,,,,,,,,,543309
718781,2023-03-30,9,Top,63,1,0,0,0,147,137,527038,676760,,,,,,,,,,,,,,,,,,,,,,,,,543309
718781,2023-03-30,9,Top,63,2,1,0,0,147,137,527038,676760,,,,,,,,,,,,,,,,,,,,,,,,,543309
718781,2023-03-30,9,Top,63,3,2,0,0,147,137,527038,676760,,,,,,,,,,,,,,,,,,,,,,,,,543309
718781,2023-03-30,9,Top,63,4,2,1,0,147,137,527038,676760,,,,,,,,,,,,,,,,,,,,,,,,,543309
718781,2023-03-30,9,Top,63,5,2,2,0,147,137,527038,676760,,,,,,,,,,,,,,,,,,,,,,,,,543309
718781,2023-03-30,9,Top,63,6,2,2,0,147,137,527038,676760,,,,,,,,,,,,,,,,,,,,,,,,,543309
718781,2023-03-30,9,Top,63,7,2,2,0,147,137,527038,676760,,,,,,,,,,,,,,,,,,,,,,,,,543309
718781,2023-03-30,9,Top,63,8,3,2,0,147,137,527038,676760,,,,,,,,,,,,,,,,,,,,,,,,,543309
718781,2023-03-30,9,Top,63,9,3,2,0,147,137,527038,676760,field_out,Groundout,"Wilmer Flores grounds out, shortstop Anthony Volpe to first baseman Anthony Rizzo.",T,,,,,,,,,,527038,,,T,1,Groundout,field_out,,,,,543309
718781,2023-03-30,9,Top,64,0,0,1,1,147,137,592626,676760,,,,,,,,,,,,,,,,,,,,,,,,,543309
718781,2023-03-30,9,Top,64,1,0,1,1,147,137,592626,676760,,,,,,,,,,,,,,,,,,,,,,,,,543309
718781,2023-03-30,9,Top,64,2,1,1,1,147,137,592626,676760,,,,,,,,,,,,,,,,,,,,,,,,,543309
718781,2023-03-30,9,Top,64,3,2,1,1,147,137,592626,676760,,,,,,,,,,,,,,,,,,,,,,,,,543309
718781,2023-03-30,9,Top,64,4,2,2,1,147,137,592626,676760,,,,,,,,,,,,,,,,,,,,,,,,,543309
718781,2023-03-30,9,Top,64,5,2,2,1,147,137,592626,676760,,,,,,,,,,,,,,,,,,,,,,,,,543309
718781,2023-03-30,9,Top,64,6,3,2,1,147,137,592626,676760,,,,,,,,,,,,,,,,,,,,,,,,,543309
718781,2023-03-30,9,Top,64,7,3,2,1,147,137,592626,676760,,,,,,,,,,,,,,,,,,,,,,,,,543309
718781,2023-03-30,9,Top,64,8,3,2,1,147,137,592626,676760,,,,,,,,,,,,,,,,,,,,,,,,,543309
718781,2023-03-30,9,Top,64,9,4,2,1,147,137,592626,676760,walk,Walk,Joc Pederson walks.,T,,,,,,,,,,592626,,1B,,,Walk,walk,,,,,543309
718781,2023-03-30,9,Top,65,0,0,1,1,147,137,605204,676760,,,,,,,,,,,,,,,,,,,,,,,,,543309
718781,2023-03-30,9,Top,65,1,0,2,1,147,137,605204,676760,,,,,,,,,,,,,,,,,,,,,,,,,543309
718781,2023-03-30,9,Top,65,2,1,2,1,147,137,605204,676760,,,,,,,,,,,,,,,,,,,,,,,,,543309
718781,2023-03-30,9,Top,65,3,1,2,1,147,137,605204,676760,,,,,,,,,,,,,,,,,,,,,,,,,543309
718781,2023-03-30,9,Top,65,4,1,3,1,147,137,605204,676760,strikeout,Strikeout,J.D. Davis called out on strikes.,T,,,,,,,,,,605204,,,T,2,Strikeout,strikeout,,,,,543309
718781,2023-03-30,9,Top,66,0,1,0,2,147,137,642731,676760,,,,,,,,,,,,,,,,,,,,,,,,,543309
718781,2023-03-30,9,Top,66,1,1,1,2,147,137,642731,676760,,,,,,,,,,,,,,,,,,,,,,,,,543309
718781,2023-03-30,9,Top,66,2,1,2,2,147,137,642731,676760,,,,,,,,,,,,,,,,,,,,,,,,,543309
718781,2023-03-30,9,Top,66,3,1,3,2,147,137,642731,676760,strikeout,Strikeout,Thairo Estrada called out on strikes.,T,,,,,,,,,,642731,,,T,3,Strikeout,strikeout,,,,,543309
718777,2023-03-30,1,Top,0,0,0,0,0,112,158,592885,573186,,,,,,,,,,,,,,,,,,,,,,,,,571466
718777,2023-03-30,1,Top,0,1,0,0,0,112,158,592885,573186,,,,,,,,,,,,,,,,,,,,,,,,,571466
718777,2023-03-30,1,Top,0,2,0,0,0,112,158,592885,573186,,,,,,,,,,,,,,,,,,,,,,,,,571466
718777,2023-03-30,1,Top,0,3,1,0,0,112,158,592885,573186,,,,,,,,,,,,,,,,,,,,,,,,,571466
718777,2023-03-30,1,Top,0,4,1,1,0,112,158,592885,573186,,,,,,,,,,,,,,,,,,,,,,,,,571466
718777,2023-03-30,1,Top,0,5,1,2,0,112,158,592885,573186,,,,,,,,,,,,,,,,,,,,,,,,,571466
718777,2023-03-30,1,Top,0,6,1,3,0,112,158,592885,573186,strikeout,Strikeout,Christian Yelich called out on strikes.,T,,,,,,,,,,592885,,,T,1,Strikeout,strikeout,,,,,571466
718777,2023-03-30,1,Top,1,0,0,1,1,112,158,608385,573186,,,,,,,,,,,,,,,,,,,,,,,,,571466
718777,2023-03-30,1,Top,1,1,0,2,1,112,158,608385,573186,,,,,,,,,,,,,,,,,,,,,,,,,571466
718777,2023-03-30,1,Top,1,2,1,2,1,112,158,608385,573186,,,,,,,,,,,,,,,,,,,,,,,,,571466
718777,2023-03-30,1,Top,1,3,1,3,1,112,158,608385,573186,strikeout,Strikeout,Jesse Winker strikes out swinging.,T,,,,,,,,,,608385,,,T,2,Strikeout,strikeout,,,,,571466
718777,2023-03-30,1,Top,2,0,0,1,2,112,158,642715,573186,,,,,,,,,,,,,,,,,,,,,,,,,571466
718777,2023-03-30,1,Top,2,1,1,1,2,112,158,642715,573186,,,,,,,,,,,,,,,,,,,,,,,,,571466
718777,2023-03-30,1,Top,2,2,1,1,2,112,158,642715,573186,single,Single,Willy Adames singles on a line drive to left fielder Ian Happ.,T,,,,,,,,,,642715,,1B,,,Single,single,,,,,571466
718777,2023-03-30,1,Top,3,0,0,1,2,112,158,642133,573186,,,,,,,,,,,,,,,,,,,,,,,,,571466
718777,2023-03-30,1,Top,3,1,1,1,2,112,158,642133,573186,,,,,,,,,,,,,,,,,,,,,,,,,571466
718777,2023-03-30,1,Top,3,2,2,1,2,112,158,642133,573186,,,,,,,,,,,,,,,,,,,,,,,,,571466
718777,2023-03-30,1,Top,3,3,3,1,2,112,158,642133,573186,,,,,,,,,,,,,,,,,,,,,,,,,571466
718777,2023-03-30,1,Top,3,4,3,1,2,112,158,642133,573186,,,,,,,,,,,,,,,,,,,,,,,,,571466
718777,2023-03-30,1,Top,3,5,4,1,2,112,158,642133,573186,walk,Walk,Rowdy Tellez walks.,T,,,,,,,,,,642715,1B,2B,,,Passed Ball,passed_ball,r_adv_play,,,,571466
718777,2023-03-30,1,Top,4,0,0,1,2,112,158,661388,573186,,,,,,,,,,,,,,,,,,,,,,,,,571466
718777,2023-03-30,1,Top,4,1,0,2,2,112,158,661388,573186,,,,,,,,,,,,,,,,,,,,,,,,,571466
718777,2023-03-30,1,Top,4,2,0,2,2,112,158,661388,573186,,,,,,,,,,,,,,,,,,,,,,,,,571466
718777,2023-03-30,1,Top,4,3,1,2,2,112,158,661388,573186,,,,,,,,,,,,,,,,,,,,,,,,,571466
718777,2023-03-30,1,Top,4,4,2,2,2,112,158,661388,573186,,,,,,,,,,,,,,,,,,,,,,,,,571466
718777,2023-03-30,1,Top,4,5,2,3,2,112,158,661388,573186,strikeout,Strikeout,William Contreras strikes out swinging.,T,,,,,,,,,,661388,,,T,3,Strikeout,strikeout,,,,,571466
718777,2023-03-30,1,Bot,5,0,0,1,0,112,158,663538,669203,,,,,,,,,,,,,,,,,,,,,,,,,605170
718777,2023-03-30,1,Bot,5,1,1,1,0,112,158,663538,669203,,,,,,,,,,,,,,,,,,,,,,,,,605170
718777,2023-03-30,1,Bot,5,2,1,2,0,112,158,663538,669203,,,,,,,,,,,,,,,,,,,,,,,,,605170
718777,2023-03-30,1,Bot,5,3,1,2,0,112,158,663538,669203,,,,,,,,,,,,,,,,,,,,,,,,,605170
718777,2023-03-30,1,Bot,5,4,1,2,0,112,158,663538,669203,field_out,Flyout,Nico Hoerner flies out to right fielder Brian Anderson.,T,,,,,,,,,,663538,,,T,1,Flyout,field_out,,,,,605170
718777,2023-03-30,1,Bot,6,0,1,0,1,112,158,621020,669203,,,,,,,,,,,,,,,,,,,,,,,,,605170
718777,2023-03-30,1,Bot,6,1,1,1,1,112,158,621020,669203,,,,,,,,,,,,,,,,,,,,,,,,,605170
718777,2023-03-30,1,Bot,6,2,1,1,1,112,158,621020,669203,field_out,Lineout,Dansby Swanson lines out sharply to center fielder Garrett Mitchell.,T,,,,,,,,,,621020,,,T,2,Lineout,field_out,,,,,605170
718777,2023-03-30,1,Bot,7,0,1,0,2,112,158,664023,669203,,,,,,,,,,,,,,,,,,,,,,,,,605170
718777,2023-03-30,1,Bot,7,1,2,0,2,112,158,664023,669203,,,,,,,,,,,,,,,,,,,,,,,,,605170
718777,2023-03-30,1,Bot,7,2,3,0,2,112,158,664023,669203,,,,,,,,,,,,,,,,,,,,,,,,,605170
718777,2023-03-30,1,Bot,7,3,4,0,2,112,158,664023,669203,walk,Walk,Ian Happ walks.,T,,,,,,,,,,664023,,1B,,,Walk,walk,,,,,605170
718777,2023-03-30,1,Bot,8,0,0,1,2,112,158,641355,669203,,,,,,,,,,,,,,,,,,,,,,,,,605170
718777,2023-03-30,1,Bot,8,1,0,1,2,112,158,641355,669203,,,,,,,,,,,,,,,,,,,,,,,,,605170
718777,2023-03-30,1,Bot,8,2,0,1,2,112,158,641355,669203,field_out,Groundout,"Cody Bellinger grounds out, shortstop Willy Adames to first baseman Rowdy Tellez.",T,,,,,,,,,,641355,,,T,3,Groundout,field_out,,,,,605170
718777,2023-03-30,2,Top,9,0,1,0,0,112,158,649966,573186,,,,,,,,,,,,,,,,,,,,,,,,,571466
718777,2023-03-30,2,Top,9,1,1,0,0,112,158,649966,573186,field_out,Groundout,"Luis Urias grounds out, third baseman Patrick Wisdom to first baseman Eric Hosmer.",T,,,,,,,,,,649966,,,T,1,Groundout,field_out,,,,,571466
718777,2023-03-30,2,Top,10,0,1,0,1,112,158,669003,573186,,,,,,,,,,,,,,,,,,,,,,,,,571466
718777,2023-03-30,2,Top,10,1,2,0,1,112,158,669003,573186,,,,,,,,,,,,,,,,,,,,,,,,,571466
718777,2023-03-30,2,Top,10,2,2,1,1,112,158,669003,573186,,,,,,,,,,,,,,,,,,,,,,,,,571466
718777,2023-03-30,2,Top,10,3,2,2,1,112,158,669003,573186,,,,,,,,,,,,,,,,,,,,,,,,,571466
718777,2023-03-30,2,Top,10,4,3,2,1,112,158,669003,573186,,,,,,,,,,,,,,,,,,,,,,,,,571466
718777,2023-03-30,2,Top,10,5,3,2,1,112,158,669003,573186,,,,,,,,,,,,,,,,,,,,,,,,,571466
718777,2023-03-30,2,Top,10,6,3,2,1,112,158,669003,573186,field_out,Lineout,"Garrett Mitchell lines out, pitcher Marcus Stroman to first baseman Eric Hosmer.",T,,,,,,,,,,669003,,,T,2,Lineout,field_out,,,,,571466
718777,2023-03-30,2,Top,11,0,0,1,2,112,158,605119,573186,,,,,,,,,,,,,,,,,,,,,,,,,571466
718777,2023-03-30,2,Top,11,1,0,2,2,112,158,605119,573186,,,,,,,,,,,,,,,,,,,,,,,,,571466
718777,2023-03-30,2,Top,11,2,1,2,2,112,158,605119,573186,,,,,,,,,,,,,,,,,,,,,,,,,571466
718777,2023-03-30,2,Top,11,3,2,2,2,112,158,605119,573186,,,,,,,,,,,,,,,,,,,,,,,,,571466
718777,2023-03-30,2,Top,11,4,2,3,2,112,158,605119,573186,strikeout,Strikeout,Brian Anderson called out on strikes.,T,,,,,,,,,,605119,,,T,3,Strikeout,strikeout,,,,,571466
718777,2023-03-30,2,Bot,12,0,1,0,0,112,158,641820,669203,,,,,,,,,,,,,,,,,,,,,,,,,605170
718777,2023-03-30,2,Bot,12,1,1,1,0,112,158,641820,669203,,,,,,,,,,,,,,,,,,,,,,,,,605170
718777,2023-03-30,2,Bot,12,2,1,2,0,112,158,641820,669203,,,,,,,,,,,,,,,,,,,,,,,,,605170
718777,2023-03-30,2,Bot,12,3,2,2,0,112,158,641820,669203,,,,,,,,,,,,,,,,,,,,,,,,,605170
718777,2023-03-30,2,Bot,12,4,2,2,0,112,158,641820,669203,,,,,,,,,,,,,,,,,,,,,,,,,605170
718777,2023-03-30,2,Bot,12,5,3,2,0,112,158,641820,669203,hit_by_pitch,Hit By Pitch,Trey Mancini hit by pitch.,T,,,,,,,,,,641820,,1B,,,Hit By Pitch,hit_by_pitch,,,,,605170
718777,2023-03-30,2,Bot,13,0,1,0,0,112,158,543228,669203,,,,,,,,,,,,,,,,,,,,,,,,,605170
718777,2023-03-30,2,Bot,13,1,1,1,0,112,158,543228,669203,,,,,,,,,,,,,,,,,,,,,,,,,605170
718777,2023-03-30,2,Bot,13,2,2,1,0,112,158,543228,669203,,,,,,,,,,,,,,,,,,,,,,,,,605170
718777,2023-03-30,2,Bot,13,3,2,2,0,112,158,543228,669203,,,,,,,,,,,,,,,,,,,,,,,,,605170
718777,2023-03-30,2,Bot,13,4,2,2,0,112,158,543228,669203,grounded_into_double_play,Grounded Into DP,"Yan Gomes grounds into a double play, third baseman Luis Urias to second baseman Brice Turang to first baseman Rowdy Tellez. Trey Mancini out at 2nd. Yan Gomes out at 1st.",T,,,,,,,,,,641820,1B,,T,1,Grounded Into DP,grounded_into_double_play,r_force_out,,,,605170
718777,2023-03-30,2,Bot,14,0,0,1,2,112,158,543333,669203,,,,,,,,,,,,,,,,,,,,,,,,,605170
718777,2023-03-30,2,Bot,14,1,1,1,2,112,158,543333,669203,,,,,,,,,,,,,,,,,,,,,,,,,605170
718777,2023-03-30,2,Bot,14,2,2,1,2,112,158,543333,669203,,,,,,,,,,,,,,,,,,,,,,,,,605170
718777,2023-03-30,2,Bot,14,3,2,2,2,112,158,543333,669203,,,,,,,,,,,,,,,,,,,,,,,,,605170
718777,2023-03-30,2,Bot,14,4,2,2,2,112,158,543333,669203,,,,,,,,,,,,,,,,,,,,,,,,,605170
718777,2023-03-30,2,Bot,14,5,2,2,2,112,158,543333,669203,,,,,,,,,,,,,,,,,,,,,,,,,605170
718777,2023-03-30,2,Bot,14,6,2,2,2,112,158,543333,669203,field_out,Groundout,"Eric Hosmer grounds out sharply, pitcher Corbin Burnes to first baseman Rowdy Tellez.",T,,,,,,,,,,543333,,,T,3,Groundout,field_out,,,,,605170
718777,2023-03-30,3,Top,15,0,0,0,0,112,158,668930,573186,single,Single,"Brice Turang singles on a ground ball to second baseman Nico Hoerner. Brice Turang to 2nd. Brice Turang advances to 2nd, on a throwing error by second baseman Nico Hoerner.",T,,,,,,,,,,668930,,1B,,,Single,single,,,,,571466
718777,2023-03-30,3,Top,16,0,0,1,0,112,158,592885,573186,,,,,,,,,,,,,,,,,,,,,,,,,571466
718777,2023-03-30,3,Top,16,1,1,1,0,112,158,592885,573186,,,,,,,,,,,,,,,,,,,,,,,,,571466
718777,2023-03-30,3,Top,16,2,1,2,0,112,158,592885,573186,,,,,,,,,,,,,,,,,,,,,,,,,571466
718777,2023-03-30,3,Top,16,3,2,2,0,112,158,592885,573186,,,,,,,,,,,,,,,,,,,,,,,,,571466
718777,2023-03-30,3,Top,16,4,3,2,0,112,158,592885,573186,,,,,,,,,,,,,,,,,,,,,,,,,571466
718777,2023-03-30,3,Top,16,5,4,2,0,112,158,592885,573186,walk,Walk,Christian Yelich walks.,T,,,,,,,,,,592885,,1B,,,Walk,walk,,,,,571466
718777,2023-03-30,3,Top,17,0,0,1,0,112,158,608385,573186,,,,,,,,,,,,,,,,,,,,,,,,,571466
718777,2023-03-30,3,Top,17,1,0,2,0,112,158,608385,573186,,,,,,,,,,,,,,,,,,,,,,,,,571466
718777,2023-03-30,3,Top,17,2,1,2,0,112,158,608385,573186,,,,,,,,,,,,,,,,,,,,,,,,,571466
718777,2023-03-30,3,Top,17,3,1,3,0,112,158,608385,573186,strikeout,Strikeout,Jesse Winker strikes out swinging.,T,,,,,,,,,,608385,,,T,1,Strikeout,strikeout,,,,,571466
718777,2023-03-30,3,Top,18,0,1,0,1,112,158,642715,573186,,,,,,,,,,,,,,,,,,,,,,,,,571466
718777,2023-03-30,3,Top,18,1,1,0,1,112,158,642715,573186,,,,,,,,,,,,,,,,,,,,,,,,,571466
718777,2023-03-30,3,Top,18,2,2,0,1,112,158,642715,573186,,,,,,,,,,,,,,,,,,,,,,,,,571466
718777,2023-03-30,3,Top,18,3,3,0,1,112,158,642715,573186,,,,,,,,,,,,,,,,,,,,,,,,,571466
718777,2023-03-30,3,Top,18,4,3,1,1,112,158,642715,573186,,,,,,,,,,,,,,,,,,,,,,,,,571466
718777,2023-03-30,3,Top,18,5,3,2,1,112,158,642715,573186,,,,,,,,,,,,,,,,,,,,,,,,,571466
718777,2023-03-30,3,Top,18,6,4,2,1,112,158,642715,573186,walk,Walk,Willy Adames walks.,T,,,,,,,,,,668930,2B,3B,,,Passed Ball,passed_ball,r_adv_play,,,,571466
718777,2023-03-30,3,Top,19,0,0,1,1,112,158,642133,573186,,,,,,,,,,,,,,,,,,,,,,,,,571466
718777,2023-03-30,3,Top,19,1,0,2,1,112,158,642133,573186,,,,,,,,,,,,,,,,,,,,,,,,,571466
718777,2023-03-30,3,Top,19,2,1,2,1,112,158,642133,573186,,,,,,,,,,,,,,,,,,,,,,,,,571466
718777,2023-03-30,3,Top,19,3,1,2,1,112,158,642133,573186,grounded_into_double_play,Grounded Into DP,"Rowdy Tellez grounds into a double play, second baseman Nico Hoerner to shortstop Dansby Swanson to first baseman Eric Hosmer. Willy Adames out at 2nd. Rowdy Tellez out at 1st.",T,,,,,,,,,,642715,1B,,T,2,Grounded Into DP,grounded_into_double_play,r_force_out,,,,571466
718777,2023-03-30,3,Bot,20,0,1,0,0,112,158,621550,669203,,,,,,,,,,,,,,,,,,,,,,,,,605170
718777,2023-03-30,3,Bot,20,1,2,0,0,112,158,621550,669203,,,,,,,,,,,,,,,,,,,,,,,,,605170
718777,2023-03-30,3,Bot,20,2,2,1,0,112,158,621550,669203,,,,,,,,,,,,,,,,,,,,,,,,,605170
718777,2023-03-30,3,Bot,20,3,3,1,0,112,158,621550,669203,,,,,,,,,,,,,,,,,,,,,,,,,605170
718777,2023-03-30,3,Bot,20,4,4,1,0,112,158,621550,669203,walk,Walk,Patrick Wisdom walks.,T,,,,,,,,,,621550,,1B,,,Walk,walk,,,,,605170
718777,2023-03-30,3,Bot,21,0,0,1,0,112,158,670156,669203,,,,,,,,,,,,,,,,,,,,,,,,,605170
718777,2023-03-30,3,Bot,21,1,1,1,0,112,158,670156,669203,,,,,,,,,,,,,,,,,,,,,,,,,605170
718777,2023-03-30,3,Bot,21,2,1,1,0,112,158,670156,669203,force_out,Forceout,"Miles Mastrobuoni grounds into a force out, shortstop Willy Adames to second baseman Brice Turang. Patrick Wisdom out at 2nd. Miles Mastrobuoni to 1st.",T,,,,,,,,,,621550,1B,,T,1,Forceout,force_out,r_force_out,,,,605170
718777,2023-03-30,3,Bot,22,0,0,0,1,112,158,663538,669203,single,Single,Nico Hoerner singles on a ground ball to right fielder Brian Anderson. Miles Mastrobuoni to 3rd.,T,,,,,,,,,,663538,,1B,,,Single,single,,,,,605170
718777,2023-03-30,3,Bot,23,0,0,1,1,112,158,621020,669203,,,,,,,,,,,,,,,,,,,,,,,,,605170
718777,2023-03-30,3,Bot,23,1,0,1,1,112,158,621020,669203,single,Single,Dansby Swanson singles on a ground ball to right fielder Brian Anderson. Miles Mastrobuoni scores. Nico Hoerner scores. Throwing error by shortstop Willy Adames.,T,,,,,,,,,,621020,,1B,,,Single,single,,,,,605170
718777,2023-03-30,3,Bot,24,0,0,1,1,112,158,664023,669203,,,,,,,,,,,,,,,,,,,,,,,,,605170
718777,2023-03-30,3,Bot,24,1,0,2,1,112,158,664023,669203,,,,,,,,,,,,,,,,,,,,,,,,,605170
718777,2023-03-30,3,Bot,24,2,1,2,1,112,158,664023,669203,,,,,,,,,,,,,,,,,,,,,,,,,605170
718777,2023-03-30,3,Bot,24,3,1,2,1,112,158,664023,669203,,,,,,,,,,,,,,,,,,,,,,,,,605170
718777,2023-03-30,3,Bot,24,4,1,2,1,112,158,664023,669203,,,,,,,,,,,,,,,,,,,,,,,,,605170
718777,2023-03-30,3,Bot,24,5,2,2,1,112,158,664023,669203,,,,,,,,,,,,,,,,,,,,,,,,,605170
718777,2023-03-30,3,Bot,24,6,3,2,1,112,158,664023,669203,,,,,,,,,,,,,,,,,,,,,,,,,605170
718777,2023-03-30,3,Bot,24,7,3,2,1,112,158,664023,669203,,,,,,,,,,,,,,,,,,,,,,,,,605170
718777,2023-03-30,3,Bot,24,8,4,2,1,112,158,664023,669203,walk,Walk,Ian Happ walks. Dansby Swanson to 2nd.,T,,,,,,,,,,621020,1B,2B,,,Walk,walk,r_adv_force,,,,605170
718777,2023-03-30,3,Bot,25,0,0,0,1,112,158,641355,669203,,,,,,,,,,,,,,,,,,,,,,,,,605170
718777,2023-03-30,3,Bot,25,1,0,1,1,112,158,641355,669203,,,,,,,,,,,,,,,,,,,,,,,,,605170
718777,2023-03-30,3,Bot,25,2,0,2,1,112,158,641355,669203,,,,,,,,,,,,,,,,,,,,,,,,,605170
718777,2023-03-30,3,Bot,25,3,0,3,1,112,158,641355,669203,strikeout,Strikeout,Cody Bellinger strikes out swinging.,T,,,,,,,,,,641355,,,T,2,Strikeout,strikeout,,,,,605170
718777,2023-03-30,3,Bot,26,0,0,1,2,112,158,641820,669203,,,,,,,,,,,,,,,,,,,,,,,,,605170
718777,2023-03-30,3,Bot,26,1,0,1,2,112,158,641820,669203,,,,,,,,,,,,,,,,,,,,,,,,,605170
718777,2023-03-30,3,Bot,26,2,0,2,2,112,158,641820,669203,,,,,,,,,,,,,,,,,,,,,,,,,605170
718777,2023-03-30,3,Bot,26,3,1,2,2,112,158,641820,669203,,,,,,,,,,,,,,,,,,,,,,,,,605170
718777,2023-03-30,3,Bot,26,4,1,2,2,112,158,641820,669203,single,Single,Trey Mancini singles on a line drive to left fielder Christian Yelich. Dansby Swanson scores. Ian Happ to 3rd.,T,,,,,,,,,,641820,,1B,,,Single,single,,,,,605170
718777,2023-03-30,3,Bot,27,0,0,0,2,112,158,543228,669203,fielders_choice,Fielders Choice,"Yan Gomes reaches on a fielder's choice, fielded by shortstop Willy Adames. Ian Happ scores. Trey Mancini to 2nd.",T,,,,,,,,,,664023,3B,score,,,Fielders Choice,fielders_choice,r_adv_play,T,T,T,605170
718777,2023-03-30,3,Bot,28,0,0,1,2,112,158,543333,669203,,,,,,,,,,,,,,,,,,,,,,,,,605170
718777,2023-03-30,3,Bot,28,1,0,1,2,112,158,543333,669203,force_out,Forceout,"Eric Hosmer grounds into a force out, second baseman Brice Turang to shortstop Willy Adames. Yan Gomes out at 2nd.",T,,,,,,,,,,543228,1B,,T,3,Forceout,force_out,r_force_out,,,,605170
718777,2023-03-30,4,Top,29,0,1,0,0,112,158,661388,573186,,,,,,,,,,,,,,,,,,,,,,,,,571466
718777,2023-03-30,4,Top,29,1,1,1,0,112,158,661388,573186,,,,,,,,,,,,,,,,,,,,,,,,,571466
718777,2023-03-30,4,Top,29,2,1,2,0,112,158,661388,573186,,,,,,,,,,,,,,,,,,,,,,,,,571466
718777,2023-03-30,4,Top,29,3,2,2,0,112,158,661388,573186,,,,,,,,,,,,,,,,,,,,,,,,,571466
718777,2023-03-30,4,Top,29,4,2,3,0,112,158,661388,573186,strikeout,Strikeout,William Contreras called out on strikes.,T,,,,,,,,,,661388,,,T,1,Strikeout,strikeout,,,,,571466
718777,2023-03-30,4,Top,30,0,0,1,1,112,158,649966,573186,,,,,,,,,,,,,,,,,,,,,,,,,571466
718777,2023-03-30,4,Top,30,1,0,2,1,112,158,649966,573186,,,,,,,,,,,,,,,,,,,,,,,,,571466
718777,2023-03-30,4,Top,30,2,0,2,1,112,158,649966,573186,,,,,,,,,,,,,,,,,,,,,,,,,571466
718777,2023-03-30,4,Top,30,3,1,2,1,112,158,649966,573186,,,,,,,,,,,,,,,,,,,,,,,,,571466
718777,2023-03-30,4,Top,30,4,2,2,1,112,158,649966,573186,,,,,,,,,,,,,,,,,,,,,,,,,571466
718777,2023-03-30,4,Top,30,5,2,2,1,112,158,649966,573186,field_out,Pop Out,Luis Urias pops out to first baseman Eric Hosmer in foul territory.,T,,,,,,,,,,649966,,,T,2,Pop Out,field_out,,,,,571466
718777,2023-03-30,4,Top,31,0,1,0,2,112,158,669003,573186,,,,,,,,,,,,,,,,,,,,,,,,,571466
718777,2023-03-30,4,Top,31,1,1,0,2,112,158,669003,573186,field_out,Groundout,Garrett Mitchell grounds out to first baseman Eric Hosmer.,T,,,,,,,,,,669003,,,T,3,Groundout,field_out,,,,,571466
718777,2023-03-30,4,Bot,32,0,0,0,0,112,158,621550,669203,field_out,Groundout,"Patrick Wisdom grounds out, second baseman Brice Turang to first baseman Rowdy Tellez.",T,,,,,,,,,,621550,,,T,1,Groundout,field_out,,,,,605170
718777,2023-03-30,4,Bot,33,0,1,0,1,112,158,670156,669203,,,,,,,,,,,,,,,,,,,,,,,,,605170
718777,2023-03-30,4,Bot,33,1,2,0,1,112,158,670156,669203,,,,,,,,,,,,,,,,,,,,,,,,,605170
718777,2023-03-30,4,Bot,33,2,2,1,1,112,158,670156,669203,,,,,,,,,,,,,,,,,,,,,,,,,605170
718777,2023-03-30,4,Bot,33,3,2,1,1,112,158,670156,669203,field_out,Groundout,"Miles Mastrobuoni grounds out, shortstop Willy Adames to first baseman Rowdy Tellez.",T,,,,,,,,,,670156,,,T,2,Groundout,field_out,,,,,605170
718777,2023-03-30,4,Bot,34,0,1,0,2,112,158,663538,669203,,,,,,,,,,,,,,,,,,,,,,,,,605170
718777,2023-03-30,4,Bot,34,1,1,1,2,112,158,663538,669203,,,,,,,,,,,,,,,,,,,,,,,,,605170
718777,2023-03-30,4,Bot,34,2,1,1,2,112,158,663538,669203,field_out,Flyout,Nico Hoerner flies out to center fielder Garrett Mitchell.,T,,,,,,,,,,663538,,,T,3,Flyout,field_out,,,,,605170
718777,2023-03-30,5,Top,35,0,1,0,0,112,158,605119,573186,,,,,,,,,,,,,,,,,,,,,,,,,571466
718777,2023-03-30,5,Top,35,1,1,0,0,112,158,605119,573186,single,Single,Brian Anderson singles on a sharp ground ball to center fielder Cody Bellinger.,T,,,,,,,,,,605119,,1B,,,Single,single,,,,,571466
718777,2023-03-30,5,Top,36,0,1,0,0,112,158,668930,573186,,,,,,,,,,,,,,,,,,,,,,,,,571466
718777,2023-03-30,5,Top,36,1,1,1,0,112,158,668930,573186,,,,,,,,,,,,,,,,,,,,,,,,,571466
718777,2023-03-30,5,Top,36,2,1,2,0,112,158,668930,573186,,,,,,,,,,,,,,,,,,,,,,,,,571466
718777,2023-03-30,5,Top,36,3,1,2,0,112,158,668930,573186,force_out,Forceout,"Brice Turang grounds into a force out, second baseman Nico Hoerner to shortstop Dansby Swanson. Brian Anderson out at 2nd. Brice Turang to 1st.",T,,,,,,,,,,605119,1B,,T,1,Forceout,force_out,r_force_out,,,,571466
718777,2023-03-30,5,Top,37,0,0,0,1,112,158,592885,573186,field_out,Groundout,"Christian Yelich grounds out, first baseman Eric Hosmer to pitcher Marcus Stroman. Brice Turang to 2nd.",T,,,,,,,,,,592885,,,T,2,Groundout,field_out,,,,,571466
718777,2023-03-30,5,Top,38,0,1,0,2,112,158,608385,573186,,,,,,,,,,,,,,,,,,,,,,,,,571466
718777,2023-03-30,5,Top,38,1,1,1,2,112,158,608385,573186,,,,,,,,,,,,,,,,,,,,,,,,,571466
718777,2023-03-30,5,Top,38,2,2,1,2,112,158,608385,573186,,,,,,,,,,,,,,,,,,,,,,,,,571466
718777,2023-03-30,5,Top,38,3,3,1,2,112,158,608385,573186,,,,,,,,,,,,,,,,,,,,,,,,,571466
718777,2023-03-30,5,Top,38,4,3,1,2,112,158,608385,573186,,,,,,,,,,,,,,,,,,,,,,,,,571466
718777,2023-03-30,5,Top,38,5,3,1,2,112,158,608385,573186,field_out,Groundout,"Jesse Winker grounds out, second baseman Nico Hoerner to first baseman Eric Hosmer.",T,,,,,,,,,,668930,2B,3B,,,Wild Pitch,wild_pitch,r_adv_play,,,,571466
718777,2023-03-30,5,Bot,39,0,0,1,0,112,158,621020,669203,,,,,,,,,,,,,,,,,,,,,,,,,605170
718777,2023-03-30,5,Bot,39,1,0,1,0,112,158,621020,669203,single,Single,Dansby Swanson singles on a ground ball to third baseman Luis Urias.,T,,,,,,,,,,621020,,1B,,,Single,single,,,,,605170
718777,2023-03-30,5,Bot,40,0,0,1,0,112,158,664023,669203,,,,,,,,,,,,,,,,,,,,,,,,,605170
718777,2023-03-30,5,Bot,40,1,1,1,0,112,158,664023,669203,,,,,,,,,,,,,,,,,,,,,,,,,605170
718777,2023-03-30,5,Bot,40,2,1,1,0,112,158,664023,669203,,,,,,,,,,,,,,,,,,,,,,,,,605170
718777,2023-03-30,5,Bot,40,3,2,1,0,112,158,664023,669203,,,,,,,,,,,,,,,,,,,,,,,,,605170
718777,2023-03-30,5,Bot,40,4,2,2,0,112,158,664023,669203,,,,,,,,,,,,,,,,,,,,,,,,,605170
718777,2023-03-30,5,Bot,40,5,2,2,0,112,158,664023,669203,,,,,,,,,,,,,,,,,,,,,,,,,605170
718777,2023-03-30,5,Bot,40,6,2,3,0,112,158,664023,669203,strikeout,Strikeout,Ian Happ strikes out swinging.,T,,,,,,,,,,664023,,,T,1,Strikeout,strikeout,,,,,605170
718777,2023-03-30,5,Bot,41,0,0,1,1,112,158,641355,669203,,,,,,,,,,,,,,,,,,,,,,,,,605170
718777,2023-03-30,5,Bot,41,1,1,1,1,112,158,641355,669203,,,,,,,,,,,,,,,,,,,,,,,,,605170
718777,2023-03-30,5,Bot,41,2,1,2,1,112,158,641355,669203,,,,,,,,,,,,,,,,,,,,,,,,,605170
718777,2023-03-30,5,Bot,41,3,2,2,1,112,158,641355,669203,,,,,,,,,,,,,,,,,,,,,,,,,605170
718777,2023-03-30,5,Bot,41,4,2,2,1,112,158,641355,669203,,,,,,,,,,,,,,,,,,,,,,,,,605170
718777,2023-03-30,5,Bot,41,5,2,2,1,112,158,641355,669203,,,,,,,,,,,,,,,,,,,,,,,,,605170
718777,2023-03-30,5,Bot,41,6,3,2,1,112,158,641355,669203,,,,,,,,,,,,,,,,,,,,,,,,,605170
718777,2023-03-30,5,Bot,41,7,3,2,1,112,158,641355,669203,,,,,,,,,,,,,,,,,,,,,,,,,605170
718777,2023-03-30,5,Bot,41,8,3,2,1,112,158,641355,669203,,,,,,,,,,,,,,,,,,,,,,,,,605170
718777,2023-03-30,5,Bot,41,9,3,2,1,112,158,641355,669203,field_out,Flyout,Cody Bellinger flies out to center fielder Garrett Mitchell.,T,,,,,,,,,,641355,,,T,2,Flyout,field_out,,,,,605170
718777,2023-03-30,5,Bot,42,0,0,1,2,112,158,641820,669203,,,,,,,,,,,,,,,,,,,,,,,,,605170
718777,2023-03-30,5,Bot,42,1,0,2,2,112,158,641820,669203,,,,,,,,,,,,,,,,,,,,,,,,,605170
718777,2023-03-30,5,Bot,42,2,1,2,2,112,158,641820,669203,,,,,,,,,,,,,,,,,,,,,,,,,605170
718777,2023-03-30,5,Bot,42,3,1,3,2,112,158,641820,669203,strikeout,Strikeout,Trey Mancini strikes out swinging.,T,,,,,,,,,,641820,,,T,3,Strikeout,strikeout,,,,,605170
718777,2023-03-30,6,Top,43,0,1,0,0,112,158,642715,573186,,,,,,,,,,,,,,,,,,,,,,,,,571466
718777,2023-03-30,6,Top,43,1,1,0,0,112,158,642715,573186,field_out,Groundout,"Willy Adames grounds out, shortstop Dansby Swanson to first baseman Eric Hosmer.",T,,,,,,,,,,642715,,,T,1,Groundout,field_out,,,,,571466
718777,2023-03-30,6,Top,44,0,0,1,1,112,158,642133,573186,,,,,,,,,,,,,,,,,,,,,,,,,571466
718777,2023-03-30,6,Top,44,1,1,1,1,112,158,642133,573186,,,,,,,,,,,,,,,,,,,,,,,,,571466
718777,2023-03-30,6,Top,44,2,1,2,1,112,158,642133,573186,,,,,,,,,,,,,,,,,,,,,,,,,571466
718777,2023-03-30,6,Top,44,3,1,2,1,112,158,642133,573186,,,,,,,,,,,,,,,,,,,,,,,,,571466
718777,2023-03-30,6,Top,44,4,1,3,1,112,158,642133,573186,strikeout,Strikeout,"Rowdy Tellez strikes out swinging, catcher Yan Gomes to first baseman Eric Hosmer.",T,,,,,,,,,,642133,,,T,2,Strikeout,strikeout,,,,,571466
718777,2023-03-30,6,Top,45,0,0,1,2,112,158,661388,573186,,,,,,,,,,,,,,,,,,,,,,,,,571466
718777,2023-03-30,6,Top,45,1,0,2,2,112,158,661388,573186,,,,,,,,,,,,,,,,,,,,,,,,,571466
718777,2023-03-30,6,Top,45,2,0,2,2,112,158,661388,573186,,,,,,,,,,,,,,,,,,,,,,,,,571466
718777,2023-03-30,6,Top,45,3,1,2,2,112,158,661388,573186,,,,,,,,,,,,,,,,,,,,,,,,,571466
718777,2023-03-30,6,Top,45,4,1,3,2,112,158,661388,573186,strikeout,Strikeout,William Contreras strikes out swinging.,T,,,,,,,,,,661388,,,T,3,Strikeout,strikeout,,,,,571466
718777,2023-03-30,6,Bot,46,0,0,0,0,112,158,543228,657265,,,,,,,,,,,,,,,,,,,,,,,,,605170
718777,2023-03-30,6,Bot,46,1,0,1,0,112,158,543228,657265,,,,,,,,,,,,,,,,,,,,,,,,,605170
718777,2023-03-30,6,Bot,46,2,0,2,0,112,158,543228,657265,,,,,,,,,,,,,,,,,,,,,,,,,605170
718777,2023-03-30,6,Bot,46,3,1,2,0,112,158,543228,657265,,,,,,,,,,,,,,,,,,,,,,,,,605170
718777,2023-03-30,6,Bot,46,4,2,2,0,112,158,543228,657265,,,,,,,,,,,,,,,,,,,,,,,,,605170
718777,2023-03-30,6,Bot,46,5,2,2,0,112,158,543228,657265,field_out,Groundout,"Yan Gomes grounds out, shortstop Willy Adames to first baseman Rowdy Tellez.",T,,,,,,,,,,543228,,,T,1,Groundout,field_out,,,,,605170
718777,2023-03-30,6,Bot,47,0,0,0,1,112,158,543333,657265,field_out,Groundout,"Eric Hosmer grounds out, third baseman Luis Urias to first baseman Rowdy Tellez.",T,,,,,,,,,,543333,,,T,2,Groundout,field_out,,,,,605170
718777,2023-03-30,6,Bot,48,0,1,0,2,112,158,621550,657265,,,,,,,,,,,,,,,,,,,,,,,,,605170
718777,2023-03-30,6,Bot,48,1,1,1,2,112,158,621550,657265,,,,,,,,,,,,,,,,,,,,,,,,,605170
718777,2023-03-30,6,Bot,48,2,1,2,2,112,158,621550,657265,,,,,,,,,,,,,,,,,,,,,,,,,605170
718777,2023-03-30,6,Bot,48,3,1,2,2,112,158,621550,657265,field_out,Groundout,"Patrick Wisdom grounds out, shortstop Willy Adames to first baseman Rowdy Tellez.",T,,,,,,,,,,621550,,,T,3,Groundout,field_out,,,,,605170
718777,2023-03-30,7,Top,49,0,0,0,0,112,158,649966,624522,,,,,,,,,,,,,,,,,,,,,,,,,571466
718777,2023-03-30,7,Top,49,1,0,1,0,112,158,649966,624522,,,,,,,,,,,,,,,,,,,,,,,,,571466
718777,2023-03-30,7,Top,49,2,0,2,0,112,158,649966,624522,,,,,,,,,,,,,,,,,,,,,,,,,571466
718777,2023-03-30,7,Top,49,3,0,2,0,112,158,649966,624522,field_out,Pop Out,Luis Urias pops out to first baseman Eric Hosmer in foul territory.,T,,,,,,,,,,649966,,,T,1,Pop Out,field_out,,,,,571466
718777,2023-03-30,7,Top,50,0,0,1,1,112,158,669003,624522,,,,,,,,,,,,,,,,,,,,,,,,,571466
718777,2023-03-30,7,Top,50,1,0,2,1,112,158,669003,624522,,,,,,,,,,,,,,,,,,,,,,,,,571466
718777,2023-03-30,7,Top,50,2,0,2,1,112,158,669003,624522,,,,,,,,,,,,,,,,,,,,,,,,,571466
718777,2023-03-30,7,Top,50,3,0,3,1,112,158,669003,624522,strikeout,Strikeout,Garrett Mitchell strikes out on a foul tip.,T,,,,,,,,,,669003,,,T,2,Strikeout,strikeout,,,,,571466
718777,2023-03-30,7,Top,51,0,1,0,2,112,158,605119,624522,,,,,,,,,,,,,,,,,,,,,,,,,571466
718777,2023-03-30,7,Top,51,1,2,0,2,112,158,605119,624522,,,,,,,,,,,,,,,,,,,,,,,,,571466
718777,2023-03-30,7,Top,51,2,3,0,2,112,158,605119,624522,,,,,,,,,,,,,,,,,,,,,,,,,571466
718777,2023-03-30,7,Top,51,3,4,0,2,112,158,605119,624522,walk,Walk,Brian Anderson walks.,T,,,,,,,,,,605119,,1B,,,Walk,walk,,,,,571466
718777,2023-03-30,7,Top,52,0,1,0,2,112,158,668930,624522,,,,,,,,,,,,,,,,,,,,,,,,,571466
718777,2023-03-30,7,Top,52,1,1,1,2,112,158,668930,624522,,,,,,,,,,,,,,,,,,,,,,,,,571466
718777,2023-03-30,7,Top,52,2,2,1,2,112,158,668930,624522,,,,,,,,,,,,,,,,,,,,,,,,,571466
718777,2023-03-30,7,Top,52,3,2,1,2,112,158,668930,624522,field_out,Flyout,Brice Turang flies out to left fielder Ian Happ.,T,,,,,,,,,,668930,,,T,3,Flyout,field_out,,,,,571466
718777,2023-03-30,7,Bot,53,0,0,0,0,112,158,670156,681402,,,,,,,,,,,,,,,,,,,,,,,,,605170
718777,2023-03-30,7,Bot,53,1,0,1,0,112,158,670156,681402,,,,,,,,,,,,,,,,,,,,,,,,,605170
718777,2023-03-30,7,Bot,53,2,0,2,0,112,158,670156,681402,,,,,,,,,,,,,,,,,,,,,,,,,605170
718777,2023-03-30,7,Bot,53,3,0,2,0,112,158,670156,681402,,,,,,,,,,,,,,,,,,,,,,,,,605170
718777,2023-03-30,7,Bot,53,4,0,3,0,112,158,670156,681402,strikeout,Strikeout,Miles Mastrobuoni strikes out swinging.,T,,,,,,,,,,670156,,,T,1,Strikeout,strikeout,,,,,605170
718777,2023-03-30,7,Bot,54,0,0,1,1,112,158,663538,681402,,,,,,,,,,,,,,,,,,,,,,,,,605170
718777,2023-03-30,7,Bot,54,1,0,1,1,112,158,663538,681402,field_out,Groundout,"Nico Hoerner grounds out, shortstop Willy Adames to first baseman Rowdy Tellez.",T,,,,,,,,,,663538,,,T,2,Groundout,field_out,,,,,605170
718777,2023-03-30,7,Bot,55,0,0,1,2,112,158,621020,681402,,,,,,,,,,,,,,,,,,,,,,,,,605170
718777,2023-03-30,7,Bot,55,1,0,1,2,112,158,621020,681402,single,Single,Dansby Swanson singles on a ground ball to center fielder Garrett Mitchell.,T,,,,,,,,,,621020,,1B,,,Single,single,,,,,605170
718777,2023-03-30,7,Bot,56,0,1,0,2,112,158,664023,681402,,,,,,,,,,,,,,,,,,,,,,,,,605170
718777,2023-03-30,7,Bot,56,1,1,1,2,112,158,664023,681402,,,,,,,,,,,,,,,,,,,,,,,,,605170
718777,2023-03-30,7,Bot,56,2,1,1,2,112,158,664023,681402,single,Single,Ian Happ singles on a line drive to left fielder Christian Yelich. Dansby Swanson to 2nd.,T,,,,,,,,,,664023,,1B,,,Single,single,,,,,605170
718777,2023-03-30,7,Bot,57,0,1,0,2,112,158,641355,681402,,,,,,,,,,,,,,,,,,,,,,,,,605170
718777,2023-03-30,7,Bot,57,1,1,1,2,112,158,641355,681402,,,,,,,,,,,,,,,,,,,,,,,,,605170
718777,2023-03-30,7,Bot,57,2,1,2,2,112,158,641355,681402,,,,,,,,,,,,,,,,,,,,,,,,,605170
718777,2023-03-30,7,Bot,57,3,2,2,2,112,158,641355,681402,,,,,,,,,,,,,,,,,,,,,,,,,605170
718777,2023-03-30,7,Bot,57,4,3,2,2,112,158,641355,681402,,,,,,,,,,,,,,,,,,,,,,,,,605170
718777,2023-03-30,7,Bot,57,5,4,2,2,112,158,641355,681402,walk,Walk,Cody Bellinger walks. Dansby Swanson to 3rd. Ian Happ to 2nd.,T,,,,,,,,,,621020,2B,3B,,,Walk,walk,r_adv_force,,,,605170
718777,2023-03-30,7,Bot,58,0,0,0,2,112,158,641820,681402,,,,,,,,,,,,,,,,,,,,,,,,,605170
718777,2023-03-30,7,Bot,58,1,0,1,2,112,158,641820,681402,,,,,,,,,,,,,,,,,,,,,,,,,605170
718777,2023-03-30,7,Bot,58,2,1,1,2,112,158,641820,681402,,,,,,,,,,,,,,,,,,,,,,,,,605170
718777,2023-03-30,7,Bot,58,3,1,1,2,112,158,641820,681402,field_out,Groundout,Trey Mancini grounds out to first baseman Rowdy Tellez.,T,,,,,,,,,,641820,,,T,3,Groundout,field_out,,,,,605170
718777,2023-03-30,8,Top,59,0,0,0,0,112,158,592885,502202,,,,,,,,,,,,,,,,,,,,,,,,,571466
718777,2023-03-30,8,Top,59,1,1,0,0,112,158,592885,502202,,,,,,,,,,,,,,,,,,,,,,,,,571466
718777,2023-03-30,8,Top,59,2,1,1,0,112,158,592885,502202,,,,,,,,,,,,,,,,,,,,,,,,,571466
718777,2023-03-30,8,Top,59,3,2,1,0,112,158,592885,502202,,,,,,,,,,,,,,,,,,,,,,,,,571466
718777,2023-03-30,8,Top,59,4,3,1,0,112,158,592885,502202,,,,,,,,,,,,,,,,,,,,,,,,,571466
718777,2023-03-30,8,Top,59,5,4,1,0,112,158,592885,502202,walk,Walk,Christian Yelich walks.,T,,,,,,,,,,592885,,1B,,,Walk,walk,,,,,571466
718777,2023-03-30,8,Top,60,0,0,1,0,112,158,608385,502202,,,,,,,,,,,,,,,,,,,,,,,,,571466
718777,2023-03-30,8,Top,60,1,1,1,0,112,158,608385,502202,,,,,,,,,,,,,,,,,,,,,,,,,571466
718777,2023-03-30,8,Top,60,2,1,2,0,112,158,608385,502202,,,,,,,,,,,,,,,,,,,,,,,,,571466
718777,2023-03-30,8,Top,60,3,2,2,0,112,158,608385,502202,,,,,,,,,,,,,,,,,,,,,,,,,571466
718777,2023-03-30,8,Top,60,4,2,2,0,112,158,608385,502202,,,,,,,,,,,,,,,,,,,,,,,,,571466
718777,2023-03-30,8,Top,60,5,2,2,0,112,158,608385,502202,,,,,,,,,,,,,,,,,,,,,,,,,571466
718777,2023-03-30,8,Top,60,6,2,2,0,112,158,608385,502202,,,,,,,,,,,,,,,,,,,,,,,,,571466
718777,2023-03-30,8,Top,60,7,3,2,0,112,158,608385,502202,,,,,,,,,,,,,,,,,,,,,,,,,571466
718777,2023-03-30,8,Top,60,8,3,3,0,112,158,608385,502202,strikeout,Strikeout,Jesse Winker strikes out swinging.,T,,,,,,,,,,608385,,,T,1,Strikeout,strikeout,,,,,571466
718777,2023-03-30,8,Top,61,0,0,0,1,112,158,642715,502202,grounded_into_double_play,Grounded Into DP,"Cubs challenged (play at 1st), call on the field was overturned: Willy Adames grounds into a double play, third baseman Patrick Wisdom to second baseman Nico Hoerner to first baseman Eric Hosmer. Christian Yelich out at 2nd. Willy Adames out at 1st.",T,,,,,,,,,,592885,1B,,T,2,Grounded Into DP,grounded_into_double_play,r_force_out,,,,571466
718777,2023-03-30,8,Bot,62,0,0,0,0,112,158,543228,642770,,,,,,,,,,,,,,,,,,,,,,,,,605170
718777,2023-03-30,8,Bot,62,1,0,0,0,112,158,543228,642770,field_out,Pop Out,Yan Gomes pops out to second baseman Brice Turang.,T,,,,,,,,,,543228,,,T,1,Pop Out,field_out,,,,,605170
718777,2023-03-30,8,Bot,63,0,0,1,1,112,158,543333,642770,,,,,,,,,,,,,,,,,,,,,,,,,605170
718777,2023-03-30,8,Bot,63,1,0,1,1,112,158,543333,642770,,,,,,,,,,,,,,,,,,,,,,,,,605170
718777,2023-03-30,8,Bot,63,2,1,1,1,112,158,543333,642770,,,,,,,,,,,,,,,,,,,,,,,,,605170
718777,2023-03-30,8,Bot,63,3,2,1,1,112,158,543333,642770,,,,,,,,,,,,,,,,,,,,,,,,,605170
718777,2023-03-30,8,Bot,63,4,2,1,1,112,158,543333,642770,field_out,Flyout,Eric Hosmer flies out to left fielder Christian Yelich.,T,,,,,,,,,,543333,,,T,2,Flyout,field_out,,,,,605170
718777,2023-03-30,8,Bot,64,0,0,1,2,112,158,621550,642770,,,,,,,,,,,,,,,,,,,,,,,,,605170
718777,2023-03-30,8,Bot,64,1,0,2,2,112,158,621550,642770,,,,,,,,,,,,,,,,,,,,,,,,,605170
718777,2023-03-30,8,Bot,64,2,0,3,2,112,158,621550,642770,strikeout,Strikeout,Patrick Wisdom strikes out swinging.,T,,,,,,,,,,621550,,,T,3,Strikeout,strikeout,,,,,605170
718777,2023-03-30,9,Top,65,0,0,0,0,112,158,642133,605242,,,,,,,,,,,,,,,,,,,,,,,,,571466
718777,2023-03-30,9,Top,65,1,0,1,0,112,158,642133,605242,,,,,,,,,,,,,,,,,,,,,,,,,571466
718777,2023-03-30,9,Top,65,2,0,2,0,112,158,642133,605242,,,,,,,,,,,,,,,,,,,,,,,,,571466
718777,2023-03-30,9,Top,65,3,0,3,0,112,158,642133,605242,strikeout,Strikeout,Rowdy Tellez strikes out swinging.,T,,,,,,,,,,642133,,,T,1,Strikeout,strikeout,,,,,571466
718777,2023-03-30,9,Top,66,0,0,1,1,112,158,661388,605242,,,,,,,,,,,,,,,,,,,,,,,,,571466
718777,2023-03-30,9,Top,66,1,0,1,1,112,158,661388,605242,single,Single,"William Contreras singles on a line drive to center fielder Cody Bellinger, deflected by left fielder Ian Happ.",T,,,,,,,,,,661388,,1B,,,Single,single,,,,,571466
718777,2023-03-30,9,Top,67,0,0,1,1,112,158,649966,605242,,,,,,,,,,,,,,,,,,,,,,,,,571466
718777,2023-03-30,9,Top,67,1,1,1,1,112,158,649966,605242,,,,,,,,,,,,,,,,,,,,,,,,,571466
718777,2023-03-30,9,Top,67,2,1,2,1,112,158,649966,605242,,,,,,,,,,,,,,,,,,,,,,,,,571466
718777,2023-03-30,9,Top,67,3,1,2,1,112,158,649966,605242,,,,,,,,,,,,,,,,,,,,,,,,,571466
718777,2023-03-30,9,Top,67,4,1,2,1,112,158,649966,605242,field_out,Groundout,"Luis Urias grounds out, pitcher Michael Fulmer to first baseman Eric Hosmer. William Contreras to 2nd.",T,,,,,,,,,,649966,,,T,2,Groundout,field_out,,,,,571466
718777,2023-03-30,9,Top,68,0,0,0,2,112,158,669003,605242,,,,,,,,,,,,,,,,,,,,,,,,,571466
718777,2023-03-30,9,Top,68,1,0,1,2,112,158,669003,605242,,,,,,,,,,,,,,,,,,,,,,,,,571466
718777,2023-03-30,9,Top,68,2,0,2,2,112,158,669003,605242,,,,,,,,,,,,,,,,,,,,,,,,,571466
718777,2023-03-30,9,Top,68,3,0,2,2,112,158,669003,605242,,,,,,,,,,,,,,,,,,,,,,,,,571466
718777,2023-03-30,9,Top,68,4,0,2,2,112,158,669003,605242,,,,,,,,,,,,,,,,,,,,,,,,,571466
718777,2023-03-30,9,Top,68,5,0,3,2,112,158,669003,605242,strikeout,Strikeout,"Garrett Mitchell strikes out swinging, catcher Yan Gomes to first baseman Eric Hosmer.",T,,,,,,,,,,669003,,,T,3,Strikeout,strikeout,,,,,571466
718782,2023-03-30,1,Top,0,0,0,0,0,111,110,656775,446372,,,,,,,,,,,,,,,,,,,,,,,,,657136
718782,2023-03-30,1,Top,0,1,0,0,0,111,110,656775,446372,,,,,,,,,,,,,,,,,,,,,,,,,657136
718782,2023-03-30,1,Top,0,2,0,0,0,111,110,656775,446372,,,,,,,,,,,,,,,,,,,,,,,,,657136
718782,2023-03-30,1,Top,0,3,1,0,0,111,110,656775,446372,,,,,,,,,,,,,,,,,,,,,,,,,657136
718782,2023-03-30,1,Top,0,4,1,1,0,111,110,656775,446372,,,,,,,,,,,,,,,,,,,,,,,,,657136
718782,2023-03-30,1,Top,0,5,1,2,0,111,110,656775,446372,,,,,,,,,,,,,,,,,,,,,,,,,657136
718782,2023-03-30,1,Top,0,6,1,2,0,111,110,656775,446372,,,,,,,,,,,,,,,,,,,,,,,,,657136
718782,2023-03-30,1,Top,0,7,1,3,0,111,110,656775,446372,strikeout,Strikeout,Cedric Mullins strikes out swinging.,T,,,,,,,,,,656775,,,T,1,Strikeout,strikeout,,,,,657136
718782,2023-03-30,1,Top,1,0,1,0,1,111,110,668939,446372,,,,,,,,,,,,,,,,,,,,,,,,,657136
718782,2023-03-30,1,Top,1,1,2,0,1,111,110,668939,446372,,,,,,,,,,,,,,,,,,,,,,,,,657136
718782,2023-03-30,1,Top,1,2,2,0,1,111,110,668939,446372,home_run,Home Run,Adley Rutschman homers (1) on a fly ball to right field.,T,,,,,,,,,,668939,,score,,,Home Run,home_run,,T,T,T,657136
718782,2023-03-30,1,Top,2,0,1,0,1,111,110,623993,446372,,,,,,,,,,,,,,,,,,,,,,,,,657136
718782,2023-03-30,1,Top,2,1,1,1,1,111,110,623993,446372,,,,,,,,,,,,,,,,,,,,,,,,,657136
718782,2023-03-30,1,Top,2,2,2,1,1,111,110,623993,446372,,,,,,,,,,,,,,,,,,,,,,,,,657136
718782,2023-03-30,1,Top,2,3,2,2,1,111,110,623993,446372,,,,,,,,,,,,,,,,,,,,,,,,,657136
718782,2023-03-30,1,Top,2,4,3,2,1,111,110,623993,446372,,,,,,,,,,,,,,,,,,,,,,,,,657136
718782,2023-03-30,1,Top,2,5,3,3,1,111,110,623993,446372,strikeout,Strikeout,Anthony Santander strikes out swinging.,T,,,,,,,,,,623993,,,T,2,Strikeout,strikeout,,,,,657136
718782,2023-03-30,1,Top,3,0,1,0,2,111,110,663624,446372,,,,,,,,,,,,,,,,,,,,,,,,,657136
718782,2023-03-30,1,Top,3,1,1,1,2,111,110,663624,446372,,,,,,,,,,,,,,,,,,,,,,,,,657136
718782,2023-03-30,1,Top,3,2,1,2,2,111,110,663624,446372,,,,,,,,,,,,,,,,,,,,,,,,,657136
718782,2023-03-30,1,Top,3,3,1,2,2,111,110,663624,446372,,,,,,,,,,,,,,,,,,,,,,,,,657136
718782,2023-03-30,1,Top,3,4,1,2,2,111,110,663624,446372,,,,,,,,,,,,,,,,,,,,,,,,,657136
718782,2023-03-30,1,Top,3,5,2,2,2,111,110,663624,446372,,,,,,,,,,,,,,,,,,,,,,,,,657136
718782,2023-03-30,1,Top,3,6,3,2,2,111,110,663624,446372,,,,,,,,,,,,,,,,,,,,,,,,,657136
718782,2023-03-30,1,Top,3,7,4,2,2,111,110,663624,446372,walk,Walk,Ryan Mountcastle walks.,T,,,,,,,,,,663624,,1B,,,Walk,walk,,,,,657136
718782,2023-03-30,1,Top,4,0,1,0,2,111,110,683002,446372,,,,,,,,,,,,,,,,,,,,,,,,,657136
718782,2023-03-30,1,Top,4,1,2,0,2,111,110,683002,446372,,,,,,,,,,,,,,,,,,,,,,,,,657136
718782,2023-03-30,1,Top,4,2,3,0,2,111,110,683002,446372,,,,,,,,,,,,,,,,,,,,,,,,,657136
718782,2023-03-30,1,Top,4,3,3,1,2,111,110,683002,446372,,,,,,,,,,,,,,,,,,,,,,,,,657136
718782,2023-03-30,1,Top,4,4,4,1,2,111,110,683002,446372,walk,Walk,Gunnar Henderson walks. Ryan Mountcastle to 2nd.,T,,,,,,,,,,663624,1B,2B,,,Walk,walk,r_adv_force,,,,657136
718782,2023-03-30,1,Top,5,0,0,1,2,111,110,602104,446372,,,,,,,,,,,,,,,,,,,,,,,,,657136
718782,2023-03-30,1,Top,5,1,0,1,2,111,110,602104,446372,field_out,Groundout,"Ramon Urias grounds out, shortstop Enrique Hernandez to first baseman Triston Casas.",T,,,,,,,,,,602104,,,T,3,Groundout,field_out,,,,,657136
718782,2023-03-30,1,Bot,6,0,1,0,0,111,110,657077,502043,,,,,,,,,,,,,,,,,,,,,,,,,621532
718782,2023-03-30,1,Bot,6,1,1,0,0,111,110,657077,502043,triple,Triple,Alex Verdugo triples (1) on a sharp fly ball to left fielder Anthony Santander.,T,,,,,,,,,,657077,,3B,,,Triple,triple,,,,,621532
718782,2023-03-30,1,Bot,7,0,0,1,0,111,110,646240,502043,,,,,,,,,,,,,,,,,,,,,,,,,621532
718782,2023-03-30,1,Bot,7,1,1,1,0,111,110,646240,502043,,,,,,,,,,,,,,,,,,,,,,,,,621532
718782,2023-03-30,1,Bot,7,2,1,1,0,111,110,646240,502043,field_out,Groundout,Rafael Devers grounds out to first baseman Ryan Mountcastle. Alex Verdugo scores.,T,,,,,,,,,,646240,,,T,1,Groundout,field_out,,,,,621532
718782,2023-03-30,1,Bot,8,0,1,0,1,111,110,457759,502043,,,,,,,,,,,,,,,,,,,,,,,,,621532
718782,2023-03-30,1,Bot,8,1,2,0,1,111,110,457759,502043,,,,,,,,,,,,,,,,,,,,,,,,,621532
718782,2023-03-30,1,Bot,8,2,2,1,1,111,110,457759,502043,,,,,,,,,,,,,,,,,,,,,,,,,621532
718782,2023-03-30,1,Bot,8,3,2,2,1,111,110,457759,502043,,,,,,,,,,,,,,,,,,,,,,,,,621532
718782,2023-03-30,1,Bot,8,4,3,2,1,111,110,457759,502043,,,,,,,,,,,,,,,,,,,,,,,,,621532
718782,2023-03-30,1,Bot,8,5,3,3,1,111,110,457759,502043,strikeout,Strikeout,Justin Turner called out on strikes.,T,,,,,,,,,,457759,,,T,2,Strikeout,strikeout,,,,,621532
718782,2023-03-30,1,Bot,9,0,1,0,2,111,110,807799,502043,,,,,,,,,,,,,,,,,,,,,,,,,621532
718782,2023-03-30,1,Bot,9,1,1,1,2,111,110,807799,502043,,,,,,,,,,,,,,,,,,,,,,,,,621532
718782,2023-03-30,1,Bot,9,2,2,1,2,111,110,807799,502043,,,,,,,,,,,,,,,,,,,,,,,,,621532
718782,2023-03-30,1,Bot,9,3,2,2,2,111,110,807799,502043,,,,,,,,,,,,,,,,,,,,,,,,,621532
718782,2023-03-30,1,Bot,9,4,2,2,2,111,110,807799,502043,,,,,,,,,,,,,,,,,,,,,,,,,621532
718782,2023-03-30,1,Bot,9,5,2,2,2,111,110,807799,502043,,,,,,,,,,,,,,,,,,,,,,,,,621532
718782,2023-03-30,1,Bot,9,6,2,2,2,111,110,807799,502043,field_out,Groundout,"Masataka Yoshida grounds out, second baseman Adam Frazier to first baseman Ryan Mountcastle.",T,,,,,,,,,,807799,,,T,3,Groundout,field_out,,,,,621532
718782,2023-03-30,2,Top,10,0,0,1,0,111,110,669720,446372,,,,,,,,,,,,,,,,,,,,,,,,,657136
718782,2023-03-30,2,Top,10,1,1,1,0,111,110,669720,446372,,,,,,,,,,,,,,,,,,,,,,,,,657136
718782,2023-03-30,2,Top,10,2,2,1,0,111,110,669720,446372,,,,,,,,,,,,,,,,,,,,,,,,,657136
718782,2023-03-30,2,Top,10,3,3,1,0,111,110,669720,446372,,,,,,,,,,,,,,,,,,,,,,,,,657136
718782,2023-03-30,2,Top,10,4,3,2,0,111,110,669720,446372,,,,,,,,,,,,,,,,,,,,,,,,,657136
718782,2023-03-30,2,Top,10,5,3,3,0,111,110,669720,446372,strikeout,Strikeout,Austin Hays called out on strikes.,T,,,,,,,,,,669720,,,T,1,Strikeout,strikeout,,,,,657136
718782,2023-03-30,2,Top,11,0,1,0,1,111,110,624428,446372,,,,,,,,,,,,,,,,,,,,,,,,,657136
718782,2023-03-30,2,Top,11,1,1,1,1,111,110,624428,446372,,,,,,,,,,,,,,,,,,,,,,,,,657136
718782,2023-03-30,2,Top,11,2,1,2,1,111,110,624428,446372,,,,,,,,,,,,,,,,,,,,,,,,,657136
718782,2023-03-30,2,Top,11,3,2,2,1,111,110,624428,446372,,,,,,,,,,,,,,,,,,,,,,,,,657136
718782,2023-03-30,2,Top,11,4,2,2,1,111,110,624428,446372,,,,,,,,,,,,,,,,,,,,,,,,,657136
718782,2023-03-30,2,Top,11,5,2,2,1,111,110,624428,446372,,,,,,,,,,,,,,,,,,,,,,,,,657136
718782,2023-03-30,2,Top,11,6,3,2,1,111,110,624428,446372,,,,,,,,,,,,,,,,,,,,,,,,,657136
718782,2023-03-30,2,Top,11,7,3,2,1,111,110,624428,446372,,,,,,,,,,,,,,,,,,,,,,,,,657136
718782,2023-03-30,2,Top,11,8,3,2,1,111,110,624428,446372,,,,,,,,,,,,,,,,,,,,,,,,,657136
718782,2023-03-30,2,Top,11,9,3,3,1,111,110,624428,446372,strikeout,Strikeout,Adam Frazier called out on strikes.,T,,,,,,,,,,624428,,,T,2,Strikeout,strikeout,,,,,657136
718782,2023-03-30,2,Top,12,0,1,0,2,111,110,622761,446372,,,,,,,,,,,,,,,,,,,,,,,,,657136
718782,2023-03-30,2,Top,12,1,1,0,2,111,110,622761,446372,field_out,Flyout,Jorge Mateo flies out to right fielder Alex Verdugo.,T,,,,,,,,,,622761,,,T,3,Flyout,field_out,,,,,657136
718782,2023-03-30,2,Bot,13,0,0,1,0,111,110,594807,502043,,,,,,,,,,,,,,,,,,,,,,,,,621532
718782,2023-03-30,2,Bot,13,1,1,1,0,111,110,594807,502043,,,,,,,,,,,,,,,,,,,,,,,,,621532
718782,2023-03-30,2,Bot,13,2,2,1,0,111,110,594807,502043,,,,,,,,,,,,,,,,,,,,,,,,,621532
718782,2023-03-30,2,Bot,13,3,2,1,0,111,110,594807,502043,field_out,Pop Out,Adam Duvall pops out to third baseman Ramon Urias in foul territory.,T,,,,,,,,,,594807,,,T,1,Pop Out,field_out,,,,,621532
718782,2023-03-30,2,Bot,14,0,0,1,1,111,110,671213,502043,,,,,,,,,,,,,,,,,,,,,,,,,621532
718782,2023-03-30,2,Bot,14,1,1,1,1,111,110,671213,502043,,,,,,,,,,,,,,,,,,,,,,,,,621532
718782,2023-03-30,2,Bot,14,2,2,1,1,111,110,671213,502043,,,,,,,,,,,,,,,,,,,,,,,,,621532
718782,2023-03-30,2,Bot,14,3,3,1,1,111,110,671213,502043,,,,,,,,,,,,,,,,,,,,,,,,,621532
718782,2023-03-30,2,Bot,14,4,3,2,1,111,110,671213,502043,,,,,,,,,,,,,,,,,,,,,,,,,621532
718782,2023-03-30,2,Bot,14,5,3,2,1,111,110,671213,502043,,,,,,,,,,,,,,,,,,,,,,,,,621532
718782,2023-03-30,2,Bot,14,6,3,2,1,111,110,671213,502043,,,,,,,,,,,,,,,,,,,,,,,,,621532
718782,2023-03-30,2,Bot,14,7,3,2,1,111,110,671213,502043,,,,,,,,,,,,,,,,,,,,,,,,,621532
718782,2023-03-30,2,Bot,14,8,3,3,1,111,110,671213,502043,strikeout,Strikeout,Triston Casas called out on strikes.,T,,,,,,,,,,671213,,,T,2,Strikeout,strikeout,,,,,621532
718782,2023-03-30,2,Bot,15,0,0,1,2,111,110,624414,502043,,,,,,,,,,,,,,,,,,,,,,,,,621532
718782,2023-03-30,2,Bot,15,1,0,2,2,111,110,624414,502043,,,,,,,,,,,,,,,,,,,,,,,,,621532
718782,2023-03-30,2,Bot,15,2,0,2,2,111,110,624414,502043,,,,,,,,,,,,,,,,,,,,,,,,,621532
718782,2023-03-30,2,Bot,15,3,0,2,2,111,110,624414,502043,,,,,,,,,,,,,,,,,,,,,,,,,621532
718782,2023-03-30,2,Bot,15,4,1,2,2,111,110,624414,502043,,,,,,,,,,,,,,,,,,,,,,,,,621532
718782,2023-03-30,2,Bot,15,5,1,2,2,111,110,624414,502043,,,,,,,,,,,,,,,,,,,,,,,,,621532
718782,2023-03-30,2,Bot,15,6,1,2,2,111,110,624414,502043,field_out,Groundout,"Christian Arroyo grounds out, shortstop Jorge Mateo to first baseman Ryan Mountcastle.",T,,,,,,,,,,624414,,,T,3,Groundout,field_out,,,,,621532
718782,2023-03-30,3,Top,16,0,0,0,0,111,110,656775,446372,field_out,Pop Out,Cedric Mullins pops out to shortstop Enrique Hernandez.,T,,,,,,,,,,656775,,,T,1,Pop Out,field_out,,,,,657136
718782,2023-03-30,3,Top,17,0,0,1,1,111,110,668939,446372,,,,,,,,,,,,,,,,,,,,,,,,,657136
718782,2023-03-30,3,Top,17,1,0,2,1,111,110,668939,446372,,,,,,,,,,,,,,,,,,,,,,,,,657136
718782,2023-03-30,3,Top,17,2,0,2,1,111,110,668939,446372,,,,,,,,,,,,,,,,,,,,,,,,,657136
718782,2023-03-30,3,Top,17,3,1,2,1,111,110,668939,446372,,,,,,,,,,,,,,,,,,,,,,,,,657136
718782,2023-03-30,3,Top,17,4,1,2,1,111,110,668939,446372,,,,,,,,,,,,,,,,,,,,,,,,,657136
718782,2023-03-30,3,Top,17,5,1,2,1,111,110,668939,446372,single,Single,"Adley Rutschman singles on a ground ball to third baseman Rafael Devers. Adley Rutschman out at 2nd, third baseman Rafael Devers to second baseman Christian Arroyo.",T,,,,,,,,,,668939,,1B,,,Single,single,,,,,657136
718782,2023-03-30,3,Top,18,0,0,0,2,111,110,623993,446372,,,,,,,,,,,,,,,,,,,,,,,,,657136
718782,2023-03-30,3,Top,18,1,0,1,2,111,110,623993,446372,,,,,,,,,,,,,,,,,,,,,,,,,657136
718782,2023-03-30,3,Top,18,2,0,1,2,111,110,623993,446372,double,Double,Anthony Santander doubles (1) on a line drive to right fielder Alex Verdugo.,T,,,,,,,,,,623993,,2B,,,Double,double,,,,,657136
718782,2023-03-30,3,Top,19,0,0,1,2,111,110,663624,446372,,,,,,,,,,,,,,,,,,,,,,,,,657136
718782,2023-03-30,3,Top,19,1,0,2,2,111,110,663624,446372,,,,,,,,,,,,,,,,,,,,,,,,,657136
718782,2023-03-30,3,Top,19,2,0,2,2,111,110,663624,446372,,,,,,,,,,,,,,,,,,,,,,,,,657136
718782,2023-03-30,3,Top,19,3,1,2,2,111,110,663624,446372,,,,,,,,,,,,,,,,,,,,,,,,,657136
718782,2023-03-30,3,Top,19,4,1,2,2,111,110,663624,446372,,,,,,,,,,,,,,,,,,,,,,,,,657136
718782,2023-03-30,3,Top,19,5,1,2,2,111,110,663624,446372,field_out,Lineout,Ryan Mountcastle lines out to first baseman Triston Casas.,T,,,,,,,,,,663624,,,T,3,Lineout,field_out,,,,,657136
718782,2023-03-30,3,Bot,20,0,0,0,0,111,110,624512,502043,field_out,Flyout,Reese McGuire flies out to left fielder Anthony Santander.,T,,,,,,,,,,624512,,,T,1,Flyout,field_out,,,,,621532
718782,2023-03-30,3,Bot,21,0,1,0,1,111,110,571771,502043,,,,,,,,,,,,,,,,,,,,,,,,,621532
718782,2023-03-30,3,Bot,21,1,2,0,1,111,110,571771,502043,,,,,,,,,,,,,,,,,,,,,,,,,621532
718782,2023-03-30,3,Bot,21,2,2,1,1,111,110,571771,502043,,,,,,,,,,,,,,,,,,,,,,,,,621532
718782,2023-03-30,3,Bot,21,3,2,2,1,111,110,571771,502043,,,,,,,,,,,,,,,,,,,,,,,,,621532
718782,2023-03-30,3,Bot,21,4,2,3,1,111,110,571771,502043,strikeout,Strikeout,Enrique Hernandez strikes out swinging.,T,,,,,,,,,,571771,,,T,2,Strikeout,strikeout,,,,,621532
718782,2023-03-30,3,Bot,22,0,0,1,2,111,110,657077,502043,,,,,,,,,,,,,,,,,,,,,,,,,621532
718782,2023-03-30,3,Bot,22,1,1,1,2,111,110,657077,502043,,,,,,,,,,,,,,,,,,,,,,,,,621532
718782,2023-03-30,3,Bot,22,2,1,1,2,111,110,657077,502043,field_out,Groundout,Alex Verdugo grounds out to first baseman Ryan Mountcastle.,T,,,,,,,,,,657077,,,T,3,Groundout,field_out,,,,,621532
718782,2023-03-30,4,Top,23,0,0,1,0,111,110,683002,446372,,,,,,,,,,,,,,,,,,,,,,,,,657136
718782,2023-03-30,4,Top,23,1,1,1,0,111,110,683002,446372,,,,,,,,,,,,,,,,,,,,,,,,,657136
718782,2023-03-30,4,Top,23,2,2,1,0,111,110,683002,446372,,,,,,,,,,,,,,,,,,,,,,,,,657136
718782,2023-03-30,4,Top,23,3,3,1,0,111,110,683002,446372,,,,,,,,,,,,,,,,,,,,,,,,,657136
718782,2023-03-30,4,Top,23,4,4,1,0,111,110,683002,446372,walk,Walk,Gunnar Henderson walks.,T,,,,,,,,,,683002,,1B,,,Walk,walk,,,,,657136
718782,2023-03-30,4,Top,24,0,1,0,0,111,110,602104,446372,,,,,,,,,,,,,,,,,,,,,,,,,657136
718782,2023-03-30,4,Top,24,1,1,0,0,111,110,602104,446372,home_run,Home Run,Ramon Urias homers (1) on a fly ball to left center field. Gunnar Henderson scores.,T,,,,,,,,,,602104,,score,,,Home Run,home_run,,T,T,T,657136
718782,2023-03-30,4,Top,25,0,0,1,0,111,110,669720,446372,,,,,,,,,,,,,,,,,,,,,,,,,657136
718782,2023-03-30,4,Top,25,1,0,1,0,111,110,669720,446372,field_out,Lineout,Austin Hays lines out sharply to first baseman Triston Casas.,T,,,,,,,,,,669720,,,T,1,Lineout,field_out,,,,,657136
718782,2023-03-30,4,Top,26,0,0,0,1,111,110,624428,446372,double,Double,Adam Frazier doubles (1) on a line drive to left fielder Masataka Yoshida.,T,,,,,,,,,,624428,,2B,,,Double,double,,,,,657136
718782,2023-03-30,4,Top,27,0,0,0,1,111,110,622761,446372,single,Single,Jorge Mateo singles on a sharp line drive to left fielder Masataka Yoshida. Adam Frazier to 3rd.,T,,,,,,,,,,622761,,1B,,,Single,single,,,,,657136
718782,2023-03-30,4,Top,28,0,0,0,1,111,110,656775,446372,,,,,,,,,,,,,,,,,,,,,,,,,657136
718782,2023-03-30,4,Top,28,1,0,1,1,111,110,656775,446372,,,,,,,,,,,,,,,,,,,,,,,,,657136
718782,2023-03-30,4,Top,28,2,1,1,1,111,110,656775,446372,,,,,,,,,,,,,,,,,,,,,,,,,657136
718782,2023-03-30,4,Top,28,3,1,1,1,111,110,656775,446372,,,,,,,,,,,,,,,,,,,,,,,,,657136
718782,2023-03-30,4,Top,28,4,1,2,1,111,110,656775,446372,,,,,,,,,,,,,,,,,,,,,,,,,657136
718782,2023-03-30,4,Top,28,5,1,2,1,111,110,656775,446372,,,,,,,,,,,,,,,,,,,,,,,,,657136
718782,2023-03-30,4,Top,28,6,1,2,1,111,110,656775,446372,,,,,,,,,,,,,,,,,,,,,,,,,657136
718782,2023-03-30,4,Top,28,7,2,2,1,111,110,656775,446372,,,,,,,,,,,,,,,,,,,,,,,,,657136
718782,2023-03-30,4,Top,28,8,3,2,1,111,110,656775,446372,,,,,,,,,,,,,,,,,,,,,,,,,657136
718782,2023-03-30,4,Top,28,9,4,2,1,111,110,656775,446372,walk,Walk,Cedric Mullins walks.,T,T,,,,,,,,,622761,1B,2B,,,Stolen Base 2B,stolen_base_2b,r_stolen_base_2b,,,,657136
718782,2023-03-30,4,Top,29,0,0,0,1,111,110,668939,677161,,,,,,,,,,,,,,,,,,,,,,,,,657136
718782,2023-03-30,4,Top,29,1,0,0,1,111,110,668939,677161,,,,,,,,,,,,,,,,,,,,,,,,,657136
718782,2023-03-30,4,Top,29,2,1,0,1,111,110,668939,677161,,,,,,,,,,,,,,,,,,,,,,,,,657136
718782,2023-03-30,4,Top,29,3,1,0,1,111,110,668939,677161,,,,,,,,,,,,,,,,,,,,,,,,,657136
718782,2023-03-30,4,Top,29,4,1,1,1,111,110,668939,677161,,,,,,,,,,,,,,,,,,,,,,,,,657136
718782,2023-03-30,4,Top,29,5,2,1,1,111,110,668939,677161,,,,,,,,,,,,,,,,,,,,,,,,,657136
718782,2023-03-30,4,Top,29,6,3,1,1,111,110,668939,677161,,,,,,,,,,,,,,,,,,,,,,,,,657136
718782,2023-03-30,4,Top,29,7,4,1,1,111,110,668939,677161,walk,Walk,Adley Rutschman walks.,T,,,,,,,,,,624428,3B,score,,,Wild Pitch,wild_pitch,r_adv_play,T,,T,657136
718782,2023-03-30,4,Top,30,0,1,0,1,111,110,623993,677161,,,,,,,,,,,,,,,,,,,,,,,,,657136
718782,2023-03-30,4,Top,30,1,1,1,1,111,110,623993,677161,,,,,,,,,,,,,,,,,,,,,,,,,657136
718782,2023-03-30,4,Top,30,2,1,2,1,111,110,623993,677161,,,,,,,,,,,,,,,,,,,,,,,,,657136
718782,2023-03-30,4,Top,30,3,1,2,1,111,110,623993,677161,,,,,,,,,,,,,,,,,,,,,,,,,657136
718782,2023-03-30,4,Top,30,4,1,2,1,111,110,623993,677161,,,,,,,,,,,,,,,,,,,,,,,,,657136
718782,2023-03-30,4,Top,30,5,1,3,1,111,110,623993,677161,strikeout,Strikeout,Anthony Santander called out on strikes.,T,,,,,,,,,,623993,,,T,2,Strikeout,strikeout,,,,,657136
718782,2023-03-30,4,Top,31,0,0,1,2,111,110,663624,677161,,,,,,,,,,,,,,,,,,,,,,,,,657136
718782,2023-03-30,4,Top,31,1,1,1,2,111,110,663624,677161,,,,,,,,,,,,,,,,,,,,,,,,,657136
718782,2023-03-30,4,Top,31,2,2,1,2,111,110,663624,677161,,,,,,,,,,,,,,,,,,,,,,,,,657136
718782,2023-03-30,4,Top,31,3,2,2,2,111,110,663624,677161,,,,,,,,,,,,,,,,,,,,,,,,,657136
718782,2023-03-30,4,Top,31,4,3,2,2,111,110,663624,677161,,,,,,,,,,,,,,,,,,,,,,,,,657136
718782,2023-03-30,4,Top,31,5,4,2,2,111,110,663624,677161,walk,Walk,Ryan Mountcastle walks. Jorge Mateo scores. Cedric Mullins to 3rd. Adley Rutschman to 2nd.,T,,,,,,,,,,622761,3B,score,,,Walk,walk,r_adv_force,T,T,T,657136
718782,2023-03-30,4,Top,32,0,1,0,2,111,110,683002,677161,,,,,,,,,,,,,,,,,,,,,,,,,657136
718782,2023-03-30,4,Top,32,1,1,1,2,111,110,683002,677161,,,,,,,,,,,,,,,,,,,,,,,,,657136
718782,2023-03-30,4,Top,32,2,1,2,2,111,110,683002,677161,,,,,,,,,,,,,,,,,,,,,,,,,657136
718782,2023-03-30,4,Top,32,3,1,2,2,111,110,683002,677161,,,,,,,,,,,,,,,,,,,,,,,,,657136
718782,2023-03-30,4,Top,32,4,1,3,2,111,110,683002,677161,strikeout,Strikeout,Gunnar Henderson strikes out on a foul tip.,T,,,,,,,,,,683002,,,T,3,Strikeout,strikeout,,,,,657136
718782,2023-03-30,4,Bot,33,0,0,1,0,111,110,646240,502043,,,,,,,,,,,,,,,,,,,,,,,,,621532
718782,2023-03-30,4,Bot,33,1,0,1,0,111,110,646240,502043,double,Double,Rafael Devers hits a ground-rule double (1) on a line drive to right field.,T,,,,,,,,,,646240,,2B,,,Double,double,,,,,621532
718782,2023-03-30,4,Bot,34,0,0,1,0,111,110,457759,502043,,,,,,,,,,,,,,,,,,,,,,,,,621532
718782,2023-03-30,4,Bot,34,1,0,1,0,111,110,457759,502043,field_out,Groundout,"Justin Turner grounds out, shortstop Jorge Mateo to first baseman Ryan Mountcastle. Rafael Devers to 3rd.",T,,,,,,,,,,457759,,,T,1,Groundout,field_out,,,,,621532
718782,2023-03-30,4,Bot,35,0,0,1,1,111,110,807799,502043,,,,,,,,,,,,,,,,,,,,,,,,,621532
718782,2023-03-30,4,Bot,35,1,1,1,1,111,110,807799,502043,hit_by_pitch,Hit By Pitch,Masataka Yoshida hit by pitch.,T,,,,,,,,,,807799,,1B,,,Hit By Pitch,hit_by_pitch,,,,,621532
718782,2023-03-30,4,Bot,36,0,0,1,1,111,110,594807,502043,,,,,,,,,,,,,,,,,,,,,,,,,621532
718782,2023-03-30,4,Bot,36,1,0,2,1,111,110,594807,502043,,,,,,,,,,,,,,,,,,,,,,,,,621532
718782,2023-03-30,4,Bot,36,2,0,2,1,111,110,594807,502043,single,Single,Adam Duvall singles on a sharp fly ball to left fielder Anthony Santander. Rafael Devers scores. Masataka Yoshida to 2nd.,T,,,,,,,,,,594807,,1B,,,Single,single,,,,,621532
718782,2023-03-30,4,Bot,37,0,0,0,1,111,110,671213,502043,,,,,,,,,,,,,,,,,,,,,,,,,621532
718782,2023-03-30,4,Bot,37,1,1,0,1,111,110,671213,502043,,,,,,,,,,,,,,,,,,,,,,,,,621532
718782,2023-03-30,4,Bot,37,2,2,0,1,111,110,671213,502043,,,,,,,,,,,,,,,,,,,,,,,,,621532
718782,2023-03-30,4,Bot,37,3,3,0,1,111,110,671213,502043,,,,,,,,,,,,,,,,,,,,,,,,,621532
718782,2023-03-30,4,Bot,37,4,4,0,1,111,110,671213,502043,walk,Walk,Triston Casas walks. Masataka Yoshida to 3rd. Adam Duvall to 2nd.,T,,,,,,,,,,807799,2B,3B,,,Walk,walk,r_adv_force,,,,621532
718782,2023-03-30,4,Bot,38,0,0,1,1,111,110,624414,502043,,,,,,,,,,,,,,,,,,,,,,,,,621532
718782,2023-03-30,4,Bot,38,1,0,1,1,111,110,624414,502043,grounded_into_double_play,Grounded Into DP,"Christian Arroyo grounds into a double play, second baseman Adam Frazier to shortstop Jorge Mateo to first baseman Ryan Mountcastle. Triston Casas out at 2nd. Christian Arroyo out at 1st.",T,,,,,,,,,,671213,1B,,T,2,Grounded Into DP,grounded_into_double_play,r_force_out,,,,621532
718782,2023-03-30,5,Top,39,0,0,0,0,111,110,602104,518489,,,,,,,,,,,,,,,,,,,,,,,,,657136
718782,2023-03-30,5,Top,39,1,0,0,0,111,110,602104,518489,,,,,,,,,,,,,,,,,,,,,,,,,657136
718782,2023-03-30,5,Top,39,2,1,0,0,111,110,602104,518489,,,,,,,,,,,,,,,,,,,,,,,,,657136
718782,2023-03-30,5,Top,39,3,2,0,0,111,110,602104,518489,,,,,,,,,,,,,,,,,,,,,,,,,657136
718782,2023-03-30,5,Top,39,4,3,0,0,111,110,602104,518489,,,,,,,,,,,,,,,,,,,,,,,,,657136
718782,2023-03-30,5,Top,39,5,3,1,0,111,110,602104,518489,,,,,,,,,,,,,,,,,,,,,,,,,657136
718782,2023-03-30,5,Top,39,6,4,1,0,111,110,602104,518489,hit_by_pitch,Hit By Pitch,Ramon Urias hit by pitch.,T,,,,,,,,,,602104,,1B,,,Hit By Pitch,hit_by_pitch,,,,,657136
718782,2023-03-30,5,Top,40,0,0,1,0,111,110,669720,518489,,,,,,,,,,,,,,,,,,,,,,,,,657136
718782,2023-03-30,5,Top,40,1,1,1,0,111,110,669720,518489,,,,,,,,,,,,,,,,,,,,,,,,,657136
718782,2023-03-30,5,Top,40,2,1,1,0,111,110,669720,518489,grounded_into_double_play,Grounded Into DP,"Austin Hays grounds into a double play, shortstop Enrique Hernandez to second baseman Christian Arroyo to first baseman Triston Casas. Ramon Urias out at 2nd. Austin Hays out at 1st.",T,,,,,,,,,,602104,1B,,T,1,Grounded Into DP,grounded_into_double_play,r_force_out,,,,657136
718782,2023-03-30,5,Top,41,0,1,0,2,111,110,624428,518489,,,,,,,,,,,,,,,,,,,,,,,,,657136
718782,2023-03-30,5,Top,41,1,2,0,2,111,110,624428,518489,,,,,,,,,,,,,,,,,,,,,,,,,657136
718782,2023-03-30,5,Top,41,2,2,1,2,111,110,624428,518489,,,,,,,,,,,,,,,,,,,,,,,,,657136
718782,2023-03-30,5,Top,41,3,2,2,2,111,110,624428,518489,,,,,,,,,,,,,,,,,,,,,,,,,657136
718782,2023-03-30,5,Top,41,4,2,2,2,111,110,624428,518489,,,,,,,,,,,,,,,,,,,,,,,,,657136
718782,2023-03-30,5,Top,41,5,3,2,2,111,110,624428,518489,,,,,,,,,,,,,,,,,,,,,,,,,657136
718782,2023-03-30,5,Top,41,6,4,2,2,111,110,624428,518489,walk,Walk,Adam Frazier walks.,T,,,,,,,,,,624428,,1B,,,Walk,walk,,,,,657136
718782,2023-03-30,5,Top,42,0,1,0,2,111,110,622761,518489,,,,,,,,,,,,,,,,,,,,,,,,,657136
718782,2023-03-30,5,Top,42,1,1,0,2,111,110,622761,518489,,,,,,,,,,,,,,,,,,,,,,,,,657136
718782,2023-03-30,5,Top,42,2,2,0,2,111,110,622761,518489,,,,,,,,,,,,,,,,,,,,,,,,,657136
718782,2023-03-30,5,Top,42,3,2,0,2,111,110,622761,518489,,,,,,,,,,,,,,,,,,,,,,,,,657136
718782,2023-03-30,5,Top,42,4,2,0,2,111,110,622761,518489,,,,,,,,,,,,,,,,,,,,,,,,,657136
718782,2023-03-30,5,Top,42,5,2,1,2,111,110,622761,518489,,,,,,,,,,,,,,,,,,,,,,,,,657136
718782,2023-03-30,5,Top,42,6,2,1,2,111,110,622761,518489,single,Single,Jorge Mateo singles on a ground ball to right fielder Alex Verdugo. Adam Frazier scores.,T,T,,,,,,,,,624428,1B,2B,,,Stolen Base 2B,stolen_base_2b,r_stolen_base_2b,,,,657136
718782,2023-03-30,5,Top,43,0,1,0,2,111,110,656775,518489,,,,,,,,,,,,,,,,,,,,,,,,,657136
718782,2023-03-30,5,Top,43,1,1,1,2,111,110,656775,518489,,,,,,,,,,,,,,,,,,,,,,,,,657136
718782,2023-03-30,5,Top,43,2,1,1,2,111,110,656775,518489,,,,,,,,,,,,,,,,,,,,,,,,,657136
718782,2023-03-30,5,Top,43,3,1,2,2,111,110,656775,518489,,,,,,,,,,,,,,,,,,,,,,,,,657136
718782,2023-03-30,5,Top,43,4,2,2,2,111,110,656775,518489,,,,,,,,,,,,,,,,,,,,,,,,,657136
718782,2023-03-30,5,Top,43,5,2,2,2,111,110,656775,518489,,,,,,,,,,,,,,,,,,,,,,,,,657136
718782,2023-03-30,5,Top,43,6,2,2,2,111,110,656775,518489,,,,,,,,,,,,,,,,,,,,,,,,,657136
718782,2023-03-30,5,Top,43,7,3,2,2,111,110,656775,518489,,,,,,,,,,,,,,,,,,,,,,,,,657136
718782,2023-03-30,5,Top,43,8,4,2,2,111,110,656775,518489,walk,Walk,Cedric Mullins walks.,T,T,,,,,,,,,622761,1B,2B,,,Stolen Base 2B,stolen_base_2b,r_stolen_base_2b,,,,657136
718782,2023-03-30,5,Top,44,0,0,1,2,111,110,668939,518489,,,,,,,,,,,,,,,,,,,,,,,,,657136
718782,2023-03-30,5,Top,44,1,0,1,2,111,110,668939,518489,,,,,,,,,,,,,,,,,,,,,,,,,657136
718782,2023-03-30,5,Top,44,2,0,2,2,111,110,668939,518489,,,,,,,,,,,,,,,,,,,,,,,,,657136
718782,2023-03-30,5,Top,44,3,0,2,2,111,110,668939,518489,,,,,,,,,,,,,,,,,,,,,,,,,657136
718782,2023-03-30,5,Top,44,4,1,2,2,111,110,668939,518489,,,,,,,,,,,,,,,,,,,,,,,,,657136
718782,2023-03-30,5,Top,44,5,1,2,2,111,110,668939,518489,single,Single,Adley Rutschman singles on a line drive to left fielder Masataka Yoshida. Jorge Mateo scores. Cedric Mullins scores.,T,T,,,,,,,,,656775,1B,2B,,,Stolen Base 2B,stolen_base_2b,r_stolen_base_2b,,,,657136
718782,2023-03-30,5,Top,45,0,1,0,2,111,110,623993,518489,,,,,,,,,,,,,,,,,,,,,,,,,657136
718782,2023-03-30,5,Top,45,1,2,0,2,111,110,623993,518489,,,,,,,,,,,,,,,,,,,,,,,,,657136
718782,2023-03-30,5,Top,45,2,2,1,2,111,110,623993,518489,,,,,,,,,,,,,,,,,,,,,,,,,657136
718782,2023-03-30,5,Top,45,3,2,2,2,111,110,623993,518489,,,,,,,,,,,,,,,,,,,,,,,,,657136
718782,2023-03-30,5,Top,45,4,3,2,2,111,110,623993,518489,,,,,,,,,,,,,,,,,,,,,,,,,657136
718782,2023-03-30,5,Top,45,5,3,2,2,111,110,623993,518489,field_out,Lineout,Anthony Santander lines out to center fielder Adam Duvall.,T,,,,,,,,,,623993,,,T,3,Lineout,field_out,,,,,657136
718782,2023-03-30,5,Bot,46,0,1,0,0,111,110,624512,502043,,,,,,,,,,,,,,,,,,,,,,,,,621532
718782,2023-03-30,5,Bot,46,1,1,1,0,111,110,624512,502043,,,,,,,,,,,,,,,,,,,,,,,,,621532
718782,2023-03-30,5,Bot,46,2,1,2,0,111,110,624512,502043,,,,,,,,,,,,,,,,,,,,,,,,,621532
718782,2023-03-30,5,Bot,46,3,1,2,0,111,110,624512,502043,,,,,,,,,,,,,,,,,,,,,,,,,621532
718782,2023-03-30,5,Bot,46,4,1,2,0,111,110,624512,502043,single,Single,Reese McGuire singles on a line drive to center fielder Cedric Mullins.,T,,,,,,,,,,624512,,1B,,,Single,single,,,,,621532
718782,2023-03-30,5,Bot,47,0,0,1,0,111,110,571771,502043,,,,,,,,,,,,,,,,,,,,,,,,,621532
718782,2023-03-30,5,Bot,47,1,0,1,0,111,110,571771,502043,force_out,Forceout,"Enrique Hernandez grounds into a force out, shortstop Jorge Mateo to second baseman Adam Frazier. Reese McGuire out at 2nd. Enrique Hernandez to 1st.",T,,,,,,,,,,624512,1B,,T,1,Forceout,force_out,r_force_out,,,,621532
718782,2023-03-30,5,Bot,48,0,0,1,1,111,110,657077,502043,,,,,,,,,,,,,,,,,,,,,,,,,621532
718782,2023-03-30,5,Bot,48,1,1,1,1,111,110,657077,502043,,,,,,,,,,,,,,,,,,,,,,,,,621532
718782,2023-03-30,5,Bot,48,2,1,2,1,111,110,657077,502043,,,,,,,,,,,,,,,,,,,,,,,,,621532
718782,2023-03-30,5,Bot,48,3,1,2,1,111,110,657077,502043,,,,,,,,,,,,,,,,,,,,,,,,,621532
718782,2023-03-30,5,Bot,48,4,1,2,1,111,110,657077,502043,,,,,,,,,,,,,,,,,,,,,,,,,621532
718782,2023-03-30,5,Bot,48,5,2,2,1,111,110,657077,502043,,,,,,,,,,,,,,,,,,,,,,,,,621532
718782,2023-03-30,5,Bot,48,6,3,2,1,111,110,657077,502043,,,,,,,,,,,,,,,,,,,,,,,,,621532
718782,2023-03-30,5,Bot,48,7,3,2,1,111,110,657077,502043,grounded_into_double_play,Grounded Into DP,"Alex Verdugo grounds into a double play, second baseman Adam Frazier to shortstop Jorge Mateo to first baseman Ryan Mountcastle. Enrique Hernandez out at 2nd. Alex Verdugo out at 1st.",T,,,,,,,,,,571771,1B,,T,2,Grounded Into DP,grounded_into_double_play,r_force_out,,,,621532
718782,2023-03-30,6,Top,49,0,0,0,0,111,110,663624,672391,,,,,,,,,,,,,,,,,,,,,,,,,657136
718782,2023-03-30,6,Top,49,1,0,0,0,111,110,663624,672391,,,,,,,,,,,,,,,,,,,,,,,,,657136
718782,2023-03-30,6,Top,49,2,0,0,0,111,110,663624,672391,field_out,Groundout,"Ryan Mountcastle grounds out, second baseman Christian Arroyo to first baseman Triston Casas.",T,,,,,,,,,,663624,,,T,1,Groundout,field_out,,,,,657136
718782,2023-03-30,6,Top,50,0,0,1,1,111,110,683002,672391,,,,,,,,,,,,,,,,,,,,,,,,,657136
718782,2023-03-30,6,Top,50,1,0,2,1,111,110,683002,672391,,,,,,,,,,,,,,,,,,,,,,,,,657136
718782,2023-03-30,6,Top,50,2,0,3,1,111,110,683002,672391,strikeout,Strikeout,Gunnar Henderson strikes out swinging.,T,,,,,,,,,,683002,,,T,2,Strikeout,strikeout,,,,,657136
718782,2023-03-30,6,Top,51,0,0,1,2,111,110,602104,672391,,,,,,,,,,,,,,,,,,,,,,,,,657136
718782,2023-03-30,6,Top,51,1,0,1,2,111,110,602104,672391,single,Single,Ramon Urias singles on a line drive to center fielder Adam Duvall.,T,,,,,,,,,,602104,,1B,,,Single,single,,,,,657136
718782,2023-03-30,6,Top,52,0,0,1,2,111,110,669720,672391,,,,,,,,,,,,,,,,,,,,,,,,,657136
718782,2023-03-30,6,Top,52,1,0,2,2,111,110,669720,672391,,,,,,,,,,,,,,,,,,,,,,,,,657136
718782,2023-03-30,6,Top,52,2,0,2,2,111,110,669720,672391,force_out,Forceout,"Austin Hays grounds into a force out, third baseman Rafael Devers to second baseman Christian Arroyo. Ramon Urias out at 2nd.",T,,,,,,,,,,602104,1B,,T,3,Forceout,force_out,r_force_out,,,,657136
718782,2023-03-30,6,Bot,53,0,0,1,0,111,110,646240,502043,,,,,,,,,,,,,,,,,,,,,,,,,621532
718782,2023-03-30,6,Bot,53,1,0,2,0,111,110,646240,502043,,,,,,,,,,,,,,,,,,,,,,,,,621532
718782,2023-03-30,6,Bot,53,2,1,2,0,111,110,646240,502043,,,,,,,,,,,,,,,,,,,,,,,,,621532
718782,2023-03-30,6,Bot,53,3,1,2,0,111,110,646240,502043,single,Single,Rafael Devers singles on a line drive to left fielder Anthony Santander.,T,,,,,,,,,,646240,,1B,,,Single,single,,,,,621532
718782,2023-03-30,6,Bot,54,0,0,0,0,111,110,457759,502043,single,Single,Justin Turner singles on a line drive to left fielder Anthony Santander. Rafael Devers to 2nd.,T,,,,,,,,,,457759,,1B,,,Single,single,,,,,621532
718782,2023-03-30,6,Bot,55,0,0,0,0,111,110,807799,669211,,,,,,,,,,,,,,,,,,,,,,,,,621532
718782,2023-03-30,6,Bot,55,1,0,0,0,111,110,807799,669211,,,,,,,,,,,,,,,,,,,,,,,,,621532
718782,2023-03-30,6,Bot,55,2,0,1,0,111,110,807799,669211,,,,,,,,,,,,,,,,,,,,,,,,,621532
718782,2023-03-30,6,Bot,55,3,0,1,0,111,110,807799,669211,single,Single,"Masataka Yoshida singles on a ground ball to center fielder Cedric Mullins, deflected by second baseman Adam Frazier. Rafael Devers scores. Justin Turner to 3rd.",T,,,,,,,,,,807799,,1B,,,Single,single,,,,,621532
718782,2023-03-30,6,Bot,56,0,1,0,0,111,110,594807,669211,,,,,,,,,,,,,,,,,,,,,,,,,621532
718782,2023-03-30,6,Bot,56,1,1,1,0,111,110,594807,669211,,,,,,,,,,,,,,,,,,,,,,,,,621532
718782,2023-03-30,6,Bot,56,2,2,1,0,111,110,594807,669211,,,,,,,,,,,,,,,,,,,,,,,,,621532
718782,2023-03-30,6,Bot,56,3,2,2,0,111,110,594807,669211,,,,,,,,,,,,,,,,,,,,,,,,,621532
718782,2023-03-30,6,Bot,56,4,2,3,0,111,110,594807,669211,strikeout,Strikeout,Adam Duvall called out on strikes.,T,,,,,,,,,,594807,,,T,1,Strikeout,strikeout,,,,,621532
718782,2023-03-30,6,Bot,57,0,0,1,1,111,110,671213,669211,,,,,,,,,,,,,,,,,,,,,,,,,621532
718782,2023-03-30,6,Bot,57,1,1,1,1,111,110,671213,669211,,,,,,,,,,,,,,,,,,,,,,,,,621532
718782,2023-03-30,6,Bot,57,2,2,1,1,111,110,671213,669211,,,,,,,,,,,,,,,,,,,,,,,,,621532
718782,2023-03-30,6,Bot,57,3,2,1,1,111,110,671213,669211,field_out,Groundout,Triston Casas grounds out to first baseman Ryan Mountcastle. Justin Turner scores. Masataka Yoshida to 2nd.,T,,,,,,,,,,671213,,,T,2,Groundout,field_out,,,,,621532
718782,2023-03-30,6,Bot,58,0,1,0,2,111,110,624414,669211,,,,,,,,,,,,,,,,,,,,,,,,,621532
718782,2023-03-30,6,Bot,58,1,2,0,2,111,110,624414,669211,,,,,,,,,,,,,,,,,,,,,,,,,621532
718782,2023-03-30,6,Bot,58,2,2,1,2,111,110,624414,669211,,,,,,,,,,,,,,,,,,,,,,,,,621532
718782,2023-03-30,6,Bot,58,3,2,2,2,111,110,624414,669211,,,,,,,,,,,,,,,,,,,,,,,,,621532
718782,2023-03-30,6,Bot,58,4,3,2,2,111,110,624414,669211,,,,,,,,,,,,,,,,,,,,,,,,,621532
718782,2023-03-30,6,Bot,58,5,3,3,2,111,110,624414,669211,strikeout,Strikeout,Christian Arroyo strikes out swinging.,T,,,,,,,,,,624414,,,T,3,Strikeout,strikeout,,,,,621532
718782,2023-03-30,7,Top,59,0,1,0,0,111,110,624428,672391,,,,,,,,,,,,,,,,,,,,,,,,,657136
718782,2023-03-30,7,Top,59,1,2,0,0,111,110,624428,672391,,,,,,,,,,,,,,,,,,,,,,,,,657136
718782,2023-03-30,7,Top,59,2,3,0,0,111,110,624428,672391,,,,,,,,,,,,,,,,,,,,,,,,,657136
718782,2023-03-30,7,Top,59,3,3,1,0,111,110,624428,672391,,,,,,,,,,,,,,,,,,,,,,,,,657136
718782,2023-03-30,7,Top,59,4,3,2,0,111,110,624428,672391,,,,,,,,,,,,,,,,,,,,,,,,,657136
718782,2023-03-30,7,Top,59,5,3,2,0,111,110,624428,672391,double,Double,Adam Frazier doubles (2) on a line drive to center fielder Adam Duvall.,T,,,,,,,,,,624428,,2B,,,Double,double,,,,,657136
718782,2023-03-30,7,Top,60,0,0,0,0,111,110,622761,672391,sac_bunt,Sac Bunt,"Jorge Mateo out on a sacrifice bunt, third baseman Rafael Devers to first baseman Triston Casas. Adam Frazier to 3rd.",T,,,,,,,,,,622761,,,T,1,Sac Bunt,sac_bunt,,,,,657136
718782,2023-03-30,7,Top,61,0,0,0,1,111,110,656775,672391,single,Single,Cedric Mullins singles on a ground ball to right fielder Alex Verdugo. Adam Frazier scores.,T,,,,,,,,,,656775,,1B,,,Single,single,,,,,657136
718782,2023-03-30,7,Top,62,0,1,0,1,111,110,668939,672391,,,,,,,,,,,,,,,,,,,,,,,,,657136
718782,2023-03-30,7,Top,62,1,2,0,1,111,110,668939,672391,,,,,,,,,,,,,,,,,,,,,,,,,657136
718782,2023-03-30,7,Top,62,2,2,0,1,111,110,668939,672391,,,,,,,,,,,,,,,,,,,,,,,,,657136
718782,2023-03-30,7,Top,62,3,3,0,1,111,110,668939,672391,,,,,,,,,,,,,,,,,,,,,,,,,657136
718782,2023-03-30,7,Top,62,4,3,0,1,111,110,668939,672391,single,Single,"Adley Rutschman singles on a line drive to left fielder Masataka Yoshida. Cedric Mullins scores. Adley Rutschman out at 2nd on the throw, left fielder Masataka Yoshida to third baseman Rafael Devers to second baseman Christian Arroyo.",T,T,,,,,,,,,656775,1B,2B,,,Stolen Base 2B,stolen_base_2b,r_stolen_base_2b,,,,657136
718782,2023-03-30,7,Top,63,0,1,0,2,111,110,623993,672391,,,,,,,,,,,,,,,,,,,,,,,,,657136
718782,2023-03-30,7,Top,63,1,1,1,2,111,110,623993,672391,,,,,,,,,,,,,,,,,,,,,,,,,657136
718782,2023-03-30,7,Top,63,2,1,1,2,111,110,623993,672391,field_out,Pop Out,Anthony Santander pops out to catcher Reese McGuire in foul territory.,T,,,,,,,,,,623993,,,T,3,Pop Out,field_out,,,,,657136
718782,2023-03-30,7,Bot,64,0,0,0,0,111,110,657136,672335,,,,,,,,,,,,,,,,,,,,,,,,,621532
718782,2023-03-30,7,Bot,64,1,0,0,0,111,110,657136,672335,,,,,,,,,,,,,,,,,,,,,,,,,621532
718782,2023-03-30,7,Bot,64,2,0,1,0,111,110,657136,672335,,,,,,,,,,,,,,,,,,,,,,,,,621532
718782,2023-03-30,7,Bot,64,3,0,2,0,111,110,657136,672335,,,,,,,,,,,,,,,,,,,,,,,,,621532
718782,2023-03-30,7,Bot,64,4,0,2,0,111,110,657136,672335,field_out,Groundout,"Connor Wong grounds out, second baseman Adam Frazier to first baseman Ryan Mountcastle.",T,,,,,,,,,,657136,,,T,1,Groundout,field_out,,,,,621532
718782,2023-03-30,7,Bot,65,0,1,0,1,111,110,571771,672335,,,,,,,,,,,,,,,,,,,,,,,,,621532
718782,2023-03-30,7,Bot,65,1,2,0,1,111,110,571771,672335,,,,,,,,,,,,,,,,,,,,,,,,,621532
718782,2023-03-30,7,Bot,65,2,2,1,1,111,110,571771,672335,,,,,,,,,,,,,,,,,,,,,,,,,621532
718782,2023-03-30,7,Bot,65,3,2,1,1,111,110,571771,672335,field_out,Pop Out,Enrique Hernandez pops out to second baseman Adam Frazier.,T,,,,,,,,,,571771,,,T,2,Pop Out,field_out,,,,,621532
718782,2023-03-30,7,Bot,66,0,0,1,2,111,110,657077,672335,,,,,,,,,,,,,,,,,,,,,,,,,621532
718782,2023-03-30,7,Bot,66,1,1,1,2,111,110,657077,672335,,,,,,,,,,,,,,,,,,,,,,,,,621532
718782,2023-03-30,7,Bot,66,2,1,1,2,111,110,657077,672335,field_out,Groundout,"Alex Verdugo grounds out, first baseman Ryan Mountcastle to pitcher Cionel Perez.",T,,,,,,,,,,657077,,,T,3,Groundout,field_out,,,,,621532
718782,2023-03-30,8,Top,67,0,0,0,0,111,110,663624,670174,,,,,,,,,,,,,,,,,,,,,,,,,657136
718782,2023-03-30,8,Top,67,1,0,0,0,111,110,663624,670174,,,,,,,,,,,,,,,,,,,,,,,,,657136
718782,2023-03-30,8,Top,67,2,0,0,0,111,110,663624,670174,double,Double,Ryan Mountcastle doubles (1) on a ground ball to first baseman Triston Casas.,T,,,,,,,,,,663624,,2B,,,Double,double,,,,,657136
718782,2023-03-30,8,Top,68,0,0,1,0,111,110,683002,670174,,,,,,,,,,,,,,,,,,,,,,,,,657136
718782,2023-03-30,8,Top,68,1,0,2,0,111,110,683002,670174,,,,,,,,,,,,,,,,,,,,,,,,,657136
718782,2023-03-30,8,Top,68,2,0,2,0,111,110,683002,670174,field_out,Flyout,Gunnar Henderson flies out sharply to left fielder Masataka Yoshida.,T,,,,,,,,,,683002,,,T,1,Flyout,field_out,,,,,657136
718782,2023-03-30,8,Top,69,0,1,0,1,111,110,602104,670174,,,,,,,,,,,,,,,,,,,,,,,,,657136
718782,2023-03-30,8,Top,69,1,1,1,1,111,110,602104,670174,,,,,,,,,,,,,,,,,,,,,,,,,657136
718782,2023-03-30,8,Top,69,2,1,2,1,111,110,602104,670174,,,,,,,,,,,,,,,,,,,,,,,,,657136
718782,2023-03-30,8,Top,69,3,1,2,1,111,110,602104,670174,fielders_choice,Fielders Choice,"Ramon Urias reaches on a fielder's choice, fielded by shortstop Enrique Hernandez. Ryan Mountcastle to 3rd. Ramon Urias to 2nd. Ryan Mountcastle advances to 3rd, on a throwing error by shortstop Enrique Hernandez.",T,,,,,,,,,,663624,2B,3B,,,Error,error,r_adv_play,,,,657136
718782,2023-03-30,8,Top,70,0,0,1,1,111,110,669720,670174,,,,,,,,,,,,,,,,,,,,,,,,,657136
718782,2023-03-30,8,Top,70,1,0,2,1,111,110,669720,670174,,,,,,,,,,,,,,,,,,,,,,,,,657136
718782,2023-03-30,8,Top,70,2,0,3,1,111,110,669720,670174,strikeout,Strikeout,Austin Hays called out on strikes.,T,,,,,,,,,,669720,,,T,2,Strikeout,strikeout,,,,,657136
718782,2023-03-30,8,Top,71,0,0,1,2,111,110,624428,670174,,,,,,,,,,,,,,,,,,,,,,,,,657136
718782,2023-03-30,8,Top,71,1,1,1,2,111,110,624428,670174,,,,,,,,,,,,,,,,,,,,,,,,,657136
718782,2023-03-30,8,Top,71,2,2,1,2,111,110,624428,670174,,,,,,,,,,,,,,,,,,,,,,,,,657136
718782,2023-03-30,8,Top,71,3,2,1,2,111,110,624428,670174,field_out,Groundout,"Adam Frazier grounds out, first baseman Triston Casas to pitcher Josh Winckowski.",T,,,,,,,,,,624428,,,T,3,Groundout,field_out,,,,,657136
718782,2023-03-30,8,Bot,72,0,0,0,0,111,110,646240,641329,,,,,,,,,,,,,,,,,,,,,,,,,621532
718782,2023-03-30,8,Bot,72,1,0,1,0,111,110,646240,641329,,,,,,,,,,,,,,,,,,,,,,,,,621532
718782,2023-03-30,8,Bot,72,2,1,1,0,111,110,646240,641329,,,,,,,,,,,,,,,,,,,,,,,,,621532
718782,2023-03-30,8,Bot,72,3,1,2,0,111,110,646240,641329,,,,,,,,,,,,,,,,,,,,,,,,,621532
718782,2023-03-30,8,Bot,72,4,1,2,0,111,110,646240,641329,,,,,,,,,,,,,,,,,,,,,,,,,621532
718782,2023-03-30,8,Bot,72,5,1,3,0,111,110,646240,641329,strikeout,Strikeout,Rafael Devers strikes out on automatic strike.,T,,,,,,,,,,646240,,,T,1,Strikeout,strikeout,,,,,621532
718782,2023-03-30,8,Bot,73,0,0,1,1,111,110,457759,641329,,,,,,,,,,,,,,,,,,,,,,,,,621532
718782,2023-03-30,8,Bot,73,1,0,2,1,111,110,457759,641329,,,,,,,,,,,,,,,,,,,,,,,,,621532
718782,2023-03-30,8,Bot,73,2,1,2,1,111,110,457759,641329,,,,,,,,,,,,,,,,,,,,,,,,,621532
718782,2023-03-30,8,Bot,73,3,2,2,1,111,110,457759,641329,,,,,,,,,,,,,,,,,,,,,,,,,621532
718782,2023-03-30,8,Bot,73,4,3,2,1,111,110,457759,641329,,,,,,,,,,,,,,,,,,,,,,,,,621532
718782,2023-03-30,8,Bot,73,5,4,2,1,111,110,457759,641329,walk,Walk,Justin Turner walks.,T,,,,,,,,,,457759,,1B,,,Walk,walk,,,,,621532
718782,2023-03-30,8,Bot,74,0,0,0,1,111,110,807799,641329,single,Single,"Masataka Yoshida singles on a line drive to right fielder Austin Hays, deflected by first baseman Ryan Mountcastle. Justin Turner to 3rd.",T,,,,,,,,,,807799,,1B,,,Single,single,,,,,621532
718782,2023-03-30,8,Bot,75,0,0,0,1,111,110,594807,641329,,,,,,,,,,,,,,,,,,,,,,,,,621532
718782,2023-03-30,8,Bot,75,1,1,0,1,111,110,594807,641329,hit_by_pitch,Hit By Pitch,Adam Duvall hit by pitch. Masataka Yoshida to 2nd.,T,,,,,,,,,,807799,1B,2B,,,Hit By Pitch,hit_by_pitch,r_adv_force,,,,621532
718782,2023-03-30,8,Bot,76,0,0,0,1,111,110,671213,641329,,,,,,,,,,,,,,,,,,,,,,,,,621532
718782,2023-03-30,8,Bot,76,1,0,0,1,111,110,671213,641329,sac_fly,Sac Fly,Triston Casas out on a sacrifice fly to center fielder Cedric Mullins. Justin Turner scores.,T,,,,,,,,,,671213,,,T,2,Sac Fly,sac_fly,,,,,621532
718782,2023-03-30,8,Bot,77,0,0,1,2,111,110,624414,641329,,,,,,,,,,,,,,,,,,,,,,,,,621532
718782,2023-03-30,8,Bot,77,1,1,1,2,111,110,624414,641329,,,,,,,,,,,,,,,,,,,,,,,,,621532
718782,2023-03-30,8,Bot,77,2,1,1,2,111,110,624414,641329,double,Double,Christian Arroyo doubles (1) on a line drive to left fielder Anthony Santander. Masataka Yoshida scores. Adam Duvall scores.,T,,,,,,,,,,624414,,2B,,,Double,double,,,,,621532
718782,2023-03-30,8,Bot,78,0,0,0,2,111,110,657136,670810,,,,,,,,,,,,,,,,,,,,,,,,,621532
718782,2023-03-30,8,Bot,78,1,0,0,2,111,110,657136,670810,,,,,,,,,,,,,,,,,,,,,,,,,621532
718782,2023-03-30,8,Bot,78,2,0,1,2,111,110,657136,670810,,,,,,,,,,,,,,,,,,,,,,,,,621532
718782,2023-03-30,8,Bot,78,3,1,1,2,111,110,657136,670810,,,,,,,,,,,,,,,,,,,,,,,,,621532
718782,2023-03-30,8,Bot,78,4,1,2,2,111,110,657136,670810,,,,,,,,,,,,,,,,,,,,,,,,,621532
718782,2023-03-30,8,Bot,78,5,2,2,2,111,110,657136,670810,,,,,,,,,,,,,,,,,,,,,,,,,621532
718782,2023-03-30,8,Bot,78,6,2,2,2,111,110,657136,670810,,,,,,,,,,,,,,,,,,,,,,,,,621532
718782,2023-03-30,8,Bot,78,7,2,3,2,111,110,657136,670810,strikeout,Strikeout,Connor Wong strikes out swinging.,T,,,,,,,,,,657136,,,T,3,Strikeout,strikeout,,,,,621532
718782,2023-03-30,9,Top,79,0,0,0,0,111,110,622761,455119,,,,,,,,,,,,,,,,,,,,,,,,,657136
718782,2023-03-30,9,Top,79,1,1,0,0,111,110,622761,455119,,,,,,,,,,,,,,,,,,,,,,,,,657136
718782,2023-03-30,9,Top,79,2,2,0,0,111,110,622761,455119,,,,,,,,,,,,,,,,,,,,,,,,,657136
718782,2023-03-30,9,Top,79,3,3,0,0,111,110,622761,455119,,,,,,,,,,,,,,,,,,,,,,,,,657136
718782,2023-03-30,9,Top,79,4,3,1,0,111,110,622761,455119,,,,,,,,,,,,,,,,,,,,,,,,,657136
718782,2023-03-30,9,Top,79,5,4,1,0,111,110,622761,455119,walk,Walk,Jorge Mateo walks.,T,,,,,,,,,,622761,,1B,,,Walk,walk,,,,,657136
718782,2023-03-30,9,Top,80,0,0,1,0,111,110,656775,455119,,,,,,,,,,,,,,,,,,,,,,,,,657136
718782,2023-03-30,9,Top,80,1,0,2,0,111,110,656775,455119,,,,,,,,,,,,,,,,,,,,,,,,,657136
718782,2023-03-30,9,Top,80,2,0,2,0,111,110,656775,455119,,,,,,,,,,,,,,,,,,,,,,,,,657136
718782,2023-03-30,9,Top,80,3,0,2,0,111,110,656775,455119,,,,,,,,,,,,,,,,,,,,,,,,,657136
718782,2023-03-30,9,Top,80,4,0,2,0,111,110,656775,455119,double_play,Double Play,"Cedric Mullins lines into a double play, second baseman Christian Arroyo to first baseman Triston Casas. Jorge Mateo out at 1st.",T,,,,,,,,,,656775,,,T,1,Double Play,double_play,,,,,657136
718782,2023-03-30,9,Top,81,0,0,1,2,111,110,668939,455119,,,,,,,,,,,,,,,,,,,,,,,,,657136
718782,2023-03-30,9,Top,81,1,0,1,2,111,110,668939,455119,single,Single,Adley Rutschman singles on a ground ball to third baseman Rafael Devers.,T,,,,,,,,,,668939,,1B,,,Single,single,,,,,657136
718782,2023-03-30,9,Top,82,0,0,1,2,111,110,623993,455119,,,,,,,,,,,,,,,,,,,,,,,,,657136
718782,2023-03-30,9,Top,82,1,0,1,2,111,110,623993,455119,single,Single,Anthony Santander singles on a sharp line drive to right fielder Alex Verdugo. Adley Rutschman to 2nd.,T,,,,,,,,,,623993,,1B,,,Single,single,,,,,657136
718782,2023-03-30,9,Top,83,0,0,0,2,111,110,663624,455119,,,,,,,,,,,,,,,,,,,,,,,,,657136
718782,2023-03-30,9,Top,83,1,0,0,2,111,110,663624,455119,,,,,,,,,,,,,,,,,,,,,,,,,657136
718782,2023-03-30,9,Top,83,2,0,1,2,111,110,663624,455119,,,,,,,,,,,,,,,,,,,,,,,,,657136
718782,2023-03-30,9,Top,83,3,0,2,2,111,110,663624,455119,,,,,,,,,,,,,,,,,,,,,,,,,657136
718782,2023-03-30,9,Top,83,4,0,2,2,111,110,663624,455119,field_out,Lineout,Ryan Mountcastle lines out sharply to right fielder Alex Verdugo.,T,,,,,,,,,,663624,,,T,3,Lineout,field_out,,,,,657136
718782,2023-03-30,9,Bot,84,0,0,0,0,111,110,606132,642585,,,,,,,,,,,,,,,,,,,,,,,,,621532
718782,2023-03-30,9,Bot,84,1,0,0,0,111,110,606132,642585,,,,,,,,,,,,,,,,,,,,,,,,,621532
718782,2023-03-30,9,Bot,84,2,0,0,0,111,110,606132,642585,,,,,,,,,,,,,,,,,,,,,,,,,621532
718782,2023-03-30,9,Bot,84,3,0,1,0,111,110,606132,642585,,,,,,,,,,,,,,,,,,,,,,,,,621532
718782,2023-03-30,9,Bot,84,4,1,1,0,111,110,606132,642585,,,,,,,,,,,,,,,,,,,,,,,,,621532
718782,2023-03-30,9,Bot,84,5,1,2,0,111,110,606132,642585,,,,,,,,,,,,,,,,,,,,,,,,,621532
718782,2023-03-30,9,Bot,84,6,2,2,0,111,110,606132,642585,,,,,,,,,,,,,,,,,,,,,,,,,621532
718782,2023-03-30,9,Bot,84,7,3,2,0,111,110,606132,642585,,,,,,,,,,,,,,,,,,,,,,,,,621532
718782,2023-03-30,9,Bot,84,8,3,2,0,111,110,606132,642585,,,,,,,,,,,,,,,,,,,,,,,,,621532
718782,2023-03-30,9,Bot,84,9,4,2,0,111,110,606132,642585,walk,Walk,Raimel Tapia walks.,T,,,,,,,,,,606132,,1B,,,Walk,walk,,,,,621532
718782,2023-03-30,9,Bot,85,0,1,0,0,111,110,657077,642585,,,,,,,,,,,,,,,,,,,,,,,,,621532
718782,2023-03-30,9,Bot,85,1,1,0,0,111,110,657077,642585,,,,,,,,,,,,,,,,,,,,,,,,,621532
718782,2023-03-30,9,Bot,85,2,2,0,0,111,110,657077,642585,,,,,,,,,,,,,,,,,,,,,,,,,621532
718782,2023-03-30,9,Bot,85,3,2,0,0,111,110,657077,642585,single,Single,"Alex Verdugo singles on a line drive to center fielder Cedric Mullins. Raimel Tapia to 3rd. Alex Verdugo to 2nd. Alex Verdugo advances to 2nd, on a fielding error by center fielder Cedric Mullins.",T,,,,,,,,,,657077,,1B,,,Single,single,,,,,621532
718782,2023-03-30,9,Bot,86,0,0,1,0,111,110,646240,642585,,,,,,,,,,,,,,,,,,,,,,,,,621532
718782,2023-03-30,9,Bot,86,1,0,2,0,111,110,646240,642585,,,,,,,,,,,,,,,,,,,,,,,,,621532
718782,2023-03-30,9,Bot,86,2,0,3,0,111,110,646240,642585,strikeout,Strikeout,Rafael Devers strikes out swinging.,T,,,,,,,,,,646240,,,T,1,Strikeout,strikeout,,,,,621532
718782,2023-03-30,9,Bot,87,0,0,1,1,111,110,457759,642585,,,,,,,,,,,,,,,,,,,,,,,,,621532
718782,2023-03-30,9,Bot,87,1,0,2,1,111,110,457759,642585,,,,,,,,,,,,,,,,,,,,,,,,,621532
718782,2023-03-30,9,Bot,87,2,0,2,1,111,110,457759,642585,single,Single,Justin Turner singles on a ground ball to third baseman Ramon Urias. Raimel Tapia scores.,T,,,,,,,,,,457759,,1B,,,Single,single,,,,,621532
718782,2023-03-30,9,Bot,88,0,0,0,1,111,110,807799,642585,,,,,,,,,,,,,,,,,,,,,,,,,621532
718782,2023-03-30,9,Bot,88,1,0,0,1,111,110,807799,642585,,,,,,,,,,,,,,,,,,,,,,,,,621532
718782,2023-03-30,9,Bot,88,2,0,1,1,111,110,807799,642585,,,,,,,,,,,,,,,,,,,,,,,,,621532
718782,2023-03-30,9,Bot,88,3,1,1,1,111,110,807799,642585,,,,,,,,,,,,,,,,,,,,,,,,,621532
718782,2023-03-30,9,Bot,88,4,2,1,1,111,110,807799,642585,,,,,,,,,,,,,,,,,,,,,,,,,621532
718782,2023-03-30,9,Bot,88,5,3,1,1,111,110,807799,642585,,,,,,,,,,,,,,,,,,,,,,,,,621532
718782,2023-03-30,9,Bot,88,6,3,2,1,111,110,807799,642585,,,,,,,,,,,,,,,,,,,,,,,,,621532
718782,2023-03-30,9,Bot,88,7,3,2,1,111,110,807799,642585,force_out,Forceout,"Masataka Yoshida grounds into a force out, fielded by shortstop Jorge Mateo. Alex Verdugo scores. Rob Refsnyder out at 2nd. Fielding error by shortstop Jorge Mateo.",T,,,,,,,,,,657077,2B,score,,,Error,error,r_adv_play,T,,,621532
718782,2023-03-30,9,Bot,89,0,0,1,2,111,110,594807,642585,,,,,,,,,,,,,,,,,,,,,,,,,621532
718782,2023-03-30,9,Bot,89,1,0,2,2,111,110,594807,642585,,,,,,,,,,,,,,,,,,,,,,,,,621532
718782,2023-03-30,9,Bot,89,2,0,3,2,111,110,594807,642585,strikeout,Strikeout,Adam Duvall strikes out swinging.,T,,,,,,,,,,594807,,,T,3,Strikeout,strikeout,,,,,621532
718776,2023-03-30,1,Top,0,0,0,0,0,139,116,663837,663556,,,,,,,,,,,,,,,,,,,,,,,,,642336
718776,2023-03-30,1,Top,0,1,0,0,0,139,116,663837,663556,,,,,,,,,,,,,,,,,,,,,,,,,642336
718776,2023-03-30,1,Top,0,2,0,0,0,139,116,663837,663556,,,,,,,,,,,,,,,,,,,,,,,,,642336
718776,2023-03-30,1,Top,0,3,0,1,0,139,116,663837,663556,,,,,,,,,,,,,,,,,,,,,,,,,642336
718776,2023-03-30,1,Top,0,4,0,2,0,139,116,663837,663556,,,,,,,,,,,,,,,,,,,,,,,,,642336
718776,2023-03-30,1,Top,0,5,0,2,0,139,116,663837,663556,,,,,,,,,,,,,,,,,,,,,,,,,642336
718776,2023-03-30,1,Top,0,6,0,2,0,139,116,663837,663556,,,,,,,,,,,,,,,,,,,,,,,,,642336
718776,2023-03-30,1,Top,0,7,1,2,0,139,116,663837,663556,,,,,,,,,,,,,,,,,,,,,,,,,642336
718776,2023-03-30,1,Top,0,8,2,2,0,139,116,663837,663556,,,,,,,,,,,,,,,,,,,,,,,,,642336
718776,2023-03-30,1,Top,0,9,2,3,0,139,116,663837,663556,strikeout,Strikeout,Matt Vierling strikes out swinging.,T,,,,,,,,,,663837,,,T,1,Strikeout,strikeout,,,,,642336
718776,2023-03-30,1,Top,1,0,1,0,1,139,116,595879,663556,,,,,,,,,,,,,,,,,,,,,,,,,642336
718776,2023-03-30,1,Top,1,1,1,0,1,139,116,595879,663556,single,Single,Javier Baez singles on a line drive to left fielder Randy Arozarena.,T,,,,,,,,,,595879,,1B,,,Single,single,,,,,642336
718776,2023-03-30,1,Top,2,0,0,1,1,139,116,682985,663556,,,,,,,,,,,,,,,,,,,,,,,,,642336
718776,2023-03-30,1,Top,2,1,0,1,1,139,116,682985,663556,force_out,Forceout,"Riley Greene grounds into a force out, first baseman Yandy Diaz to shortstop Wander Franco. Javier Baez out at 2nd. Riley Greene to 1st.",T,,,,,,,,,,595879,1B,,T,2,Forceout,force_out,r_force_out,,,,642336
718776,2023-03-30,1,Top,3,0,1,0,2,139,116,606992,663556,,,,,,,,,,,,,,,,,,,,,,,,,642336
718776,2023-03-30,1,Top,3,1,1,1,2,139,116,606992,663556,,,,,,,,,,,,,,,,,,,,,,,,,642336
718776,2023-03-30,1,Top,3,2,1,2,2,139,116,606992,663556,,,,,,,,,,,,,,,,,,,,,,,,,642336
718776,2023-03-30,1,Top,3,3,2,2,2,139,116,606992,663556,,,,,,,,,,,,,,,,,,,,,,,,,642336
718776,2023-03-30,1,Top,3,4,2,2,2,139,116,606992,663556,force_out,Forceout,"Eric Haase grounds into a force out, third baseman Isaac Paredes to second baseman Brandon Lowe. Riley Greene out at 2nd.",T,,,,,,,,,,682985,1B,,T,3,Forceout,force_out,r_force_out,,,,642336
718776,2023-03-30,1,Bot,4,0,1,0,0,139,116,650490,593958,,,,,,,,,,,,,,,,,,,,,,,,,668670
718776,2023-03-30,1,Bot,4,1,2,0,0,139,116,650490,593958,,,,,,,,,,,,,,,,,,,,,,,,,668670
718776,2023-03-30,1,Bot,4,2,3,0,0,139,116,650490,593958,,,,,,,,,,,,,,,,,,,,,,,,,668670
718776,2023-03-30,1,Bot,4,3,3,1,0,139,116,650490,593958,,,,,,,,,,,,,,,,,,,,,,,,,668670
718776,2023-03-30,1,Bot,4,4,3,1,0,139,116,650490,593958,field_out,Flyout,Yandy Diaz flies out to right fielder Matt Vierling.,T,,,,,,,,,,650490,,,T,1,Flyout,field_out,,,,,668670
718776,2023-03-30,1,Bot,5,0,0,0,1,139,116,677551,593958,single,Single,Wander Franco singles on a line drive to left fielder Austin Meadows.,T,,,,,,,,,,677551,,1B,,,Single,single,,,,,668670
718776,2023-03-30,1,Bot,6,0,0,1,1,139,116,670623,593958,,,,,,,,,,,,,,,,,,,,,,,,,668670
718776,2023-03-30,1,Bot,6,1,0,2,1,139,116,670623,593958,,,,,,,,,,,,,,,,,,,,,,,,,668670
718776,2023-03-30,1,Bot,6,2,0,2,1,139,116,670623,593958,,,,,,,,,,,,,,,,,,,,,,,,,668670
718776,2023-03-30,1,Bot,6,3,1,2,1,139,116,670623,593958,,,,,,,,,,,,,,,,,,,,,,,,,668670
718776,2023-03-30,1,Bot,6,4,1,2,1,139,116,670623,593958,,,,,,,,,,,,,,,,,,,,,,,,,668670
718776,2023-03-30,1,Bot,6,5,1,2,1,139,116,670623,593958,,,,,,,,,,,,,,,,,,,,,,,,,668670
718776,2023-03-30,1,Bot,6,6,2,2,1,139,116,670623,593958,,,,,,,,,,,,,,,,,,,,,,,,,668670
718776,2023-03-30,1,Bot,6,7,2,2,1,139,116,670623,593958,field_out,Pop Out,Isaac Paredes pops out to shortstop Javier Baez.,T,,,,,,,,,,670623,,,T,2,Pop Out,field_out,,,,,668670
718776,2023-03-30,1,Bot,7,0,0,1,2,139,116,668227,593958,,,,,,,,,,,,,,,,,,,,,,,,,668670
718776,2023-03-30,1,Bot,7,1,0,2,2,139,116,668227,593958,,,,,,,,,,,,,,,,,,,,,,,,,668670
718776,2023-03-30,1,Bot,7,2,1,2,2,139,116,668227,593958,,,,,,,,,,,,,,,,,,,,,,,,,668670
718776,2023-03-30,1,Bot,7,3,1,2,2,139,116,668227,593958,field_out,Lineout,Randy Arozarena lines out to left fielder Austin Meadows.,T,,,,,,,,,,668227,,,T,3,Lineout,field_out,,,,,668670
718776,2023-03-30,2,Top,8,0,1,0,0,139,116,679529,663556,,,,,,,,,,,,,,,,,,,,,,,,,642336
718776,2023-03-30,2,Top,8,1,1,1,0,139,116,679529,663556,,,,,,,,,,,,,,,,,,,,,,,,,642336
718776,2023-03-30,2,Top,8,2,1,1,0,139,116,679529,663556,field_out,Groundout,"Spencer Torkelson grounds out, shortstop Wander Franco to first baseman Yandy Diaz.",T,,,,,,,,,,679529,,,T,1,Groundout,field_out,,,,,642336
718776,2023-03-30,2,Top,9,0,0,1,1,139,116,640457,663556,,,,,,,,,,,,,,,,,,,,,,,,,642336
718776,2023-03-30,2,Top,9,1,0,2,1,139,116,640457,663556,,,,,,,,,,,,,,,,,,,,,,,,,642336
718776,2023-03-30,2,Top,9,2,0,2,1,139,116,640457,663556,,,,,,,,,,,,,,,,,,,,,,,,,642336
718776,2023-03-30,2,Top,9,3,1,2,1,139,116,640457,663556,,,,,,,,,,,,,,,,,,,,,,,,,642336
718776,2023-03-30,2,Top,9,4,1,2,1,139,116,640457,663556,double,Double,Austin Meadows doubles (1) on a line drive to left fielder Randy Arozarena.,T,,,,,,,,,,640457,,2B,,,Double,double,,,,,642336
718776,2023-03-30,2,Top,10,0,0,0,1,139,116,408234,663556,field_out,Groundout,"Miguel Cabrera grounds out, third baseman Isaac Paredes to first baseman Yandy Diaz.",T,,,,,,,,,,408234,,,T,2,Groundout,field_out,,,,,642336
718776,2023-03-30,2,Top,11,0,0,1,2,139,116,570731,663556,,,,,,,,,,,,,,,,,,,,,,,,,642336
718776,2023-03-30,2,Top,11,1,0,2,2,139,116,570731,663556,,,,,,,,,,,,,,,,,,,,,,,,,642336
718776,2023-03-30,2,Top,11,2,0,2,2,139,116,570731,663556,,,,,,,,,,,,,,,,,,,,,,,,,642336
718776,2023-03-30,2,Top,11,3,1,2,2,139,116,570731,663556,,,,,,,,,,,,,,,,,,,,,,,,,642336
718776,2023-03-30,2,Top,11,4,2,2,2,139,116,570731,663556,,,,,,,,,,,,,,,,,,,,,,,,,642336
718776,2023-03-30,2,Top,11,5,3,2,2,139,116,570731,663556,,,,,,,,,,,,,,,,,,,,,,,,,642336
718776,2023-03-30,2,Top,11,6,3,2,2,139,116,570731,663556,,,,,,,,,,,,,,,,,,,,,,,,,642336
718776,2023-03-30,2,Top,11,7,3,2,2,139,116,570731,663556,,,,,,,,,,,,,,,,,,,,,,,,,642336
718776,2023-03-30,2,Top,11,8,3,3,2,139,116,570731,663556,strikeout,Strikeout,Jonathan Schoop strikes out swinging.,T,,,,,,,,,,570731,,,T,3,Strikeout,strikeout,,,,,642336
718776,2023-03-30,2,Bot,12,0,1,0,0,139,116,623912,593958,,,,,,,,,,,,,,,,,,,,,,,,,668670
718776,2023-03-30,2,Bot,12,1,1,1,0,139,116,623912,593958,,,,,,,,,,,,,,,,,,,,,,,,,668670
718776,2023-03-30,2,Bot,12,2,2,1,0,139,116,623912,593958,,,,,,,,,,,,,,,,,,,,,,,,,668670
718776,2023-03-30,2,Bot,12,3,2,2,0,139,116,623912,593958,,,,,,,,,,,,,,,,,,,,,,,,,668670
718776,2023-03-30,2,Bot,12,4,2,2,0,139,116,623912,593958,,,,,,,,,,,,,,,,,,,,,,,,,668670
718776,2023-03-30,2,Bot,12,5,2,3,0,139,116,623912,593958,strikeout,Strikeout,Harold Ramirez called out on strikes.,T,,,,,,,,,,623912,,,T,1,Strikeout,strikeout,,,,,668670
718776,2023-03-30,2,Bot,13,0,1,0,1,139,116,622534,593958,,,,,,,,,,,,,,,,,,,,,,,,,668670
718776,2023-03-30,2,Bot,13,1,2,0,1,139,116,622534,593958,,,,,,,,,,,,,,,,,,,,,,,,,668670
718776,2023-03-30,2,Bot,13,2,2,1,1,139,116,622534,593958,,,,,,,,,,,,,,,,,,,,,,,,,668670
718776,2023-03-30,2,Bot,13,3,2,1,1,139,116,622534,593958,field_out,Flyout,Manuel Margot flies out to right fielder Matt Vierling.,T,,,,,,,,,,622534,,,T,2,Flyout,field_out,,,,,668670
718776,2023-03-30,2,Bot,14,0,1,0,2,139,116,664040,593958,,,,,,,,,,,,,,,,,,,,,,,,,668670
718776,2023-03-30,2,Bot,14,1,2,0,2,139,116,664040,593958,,,,,,,,,,,,,,,,,,,,,,,,,668670
718776,2023-03-30,2,Bot,14,2,3,0,2,139,116,664040,593958,,,,,,,,,,,,,,,,,,,,,,,,,668670
718776,2023-03-30,2,Bot,14,3,3,1,2,139,116,664040,593958,,,,,,,,,,,,,,,,,,,,,,,,,668670
718776,2023-03-30,2,Bot,14,4,4,1,2,139,116,664040,593958,walk,Walk,Brandon Lowe walks.,T,,,,,,,,,,664040,,1B,,,Walk,walk,,,,,668670
718776,2023-03-30,2,Bot,15,0,0,0,2,139,116,542194,593958,field_out,Groundout,"Christian Bethancourt grounds out, third baseman Ryan Kreidler to first baseman Spencer Torkelson.",T,,,,,,,,,,542194,,,T,3,Groundout,field_out,,,,,668670
718776,2023-03-30,3,Top,16,0,1,0,0,139,116,668952,663556,,,,,,,,,,,,,,,,,,,,,,,,,642336
718776,2023-03-30,3,Top,16,1,2,0,0,139,116,668952,663556,,,,,,,,,,,,,,,,,,,,,,,,,642336
718776,2023-03-30,3,Top,16,2,3,0,0,139,116,668952,663556,,,,,,,,,,,,,,,,,,,,,,,,,642336
718776,2023-03-30,3,Top,16,3,3,1,0,139,116,668952,663556,,,,,,,,,,,,,,,,,,,,,,,,,642336
718776,2023-03-30,3,Top,16,4,3,2,0,139,116,668952,663556,,,,,,,,,,,,,,,,,,,,,,,,,642336
718776,2023-03-30,3,Top,16,5,3,2,0,139,116,668952,663556,,,,,,,,,,,,,,,,,,,,,,,,,642336
718776,2023-03-30,3,Top,16,6,3,3,0,139,116,668952,663556,strikeout,Strikeout,Ryan Kreidler strikes out swinging.,T,,,,,,,,,,668952,,,T,1,Strikeout,strikeout,,,,,642336
718776,2023-03-30,3,Top,17,0,0,1,1,139,116,663837,663556,,,,,,,,,,,,,,,,,,,,,,,,,642336
718776,2023-03-30,3,Top,17,1,0,2,1,139,116,663837,663556,,,,,,,,,,,,,,,,,,,,,,,,,642336
718776,2023-03-30,3,Top,17,2,0,2,1,139,116,663837,663556,,,,,,,,,,,,,,,,,,,,,,,,,642336
718776,2023-03-30,3,Top,17,3,0,2,1,139,116,663837,663556,field_out,Groundout,"Matt Vierling grounds out, third baseman Isaac Paredes to first baseman Yandy Diaz.",T,,,,,,,,,,663837,,,T,2,Groundout,field_out,,,,,642336
718776,2023-03-30,3,Top,18,0,0,1,2,139,116,595879,663556,,,,,,,,,,,,,,,,,,,,,,,,,642336
718776,2023-03-30,3,Top,18,1,1,1,2,139,116,595879,663556,,,,,,,,,,,,,,,,,,,,,,,,,642336
718776,2023-03-30,3,Top,18,2,2,1,2,139,116,595879,663556,,,,,,,,,,,,,,,,,,,,,,,,,642336
718776,2023-03-30,3,Top,18,3,3,1,2,139,116,595879,663556,,,,,,,,,,,,,,,,,,,,,,,,,642336
718776,2023-03-30,3,Top,18,4,4,1,2,139,116,595879,663556,walk,Walk,Javier Baez walks.,T,,,,,,,,,,595879,,1B,,,Walk,walk,,,,,642336
718776,2023-03-30,3,Top,19,0,0,1,2,139,116,682985,663556,,,,,,,,,,,,,,,,,,,,,,,,,642336
718776,2023-03-30,3,Top,19,1,1,1,2,139,116,682985,663556,,,,,,,,,,,,,,,,,,,,,,,,,642336
718776,2023-03-30,3,Top,19,2,1,1,2,139,116,682985,663556,single,Single,Riley Greene singles on a soft ground ball to first baseman Yandy Diaz. Javier Baez to 2nd.,T,,,,,,,,,,682985,,1B,,,Single,single,,,,,642336
718776,2023-03-30,3,Top,20,0,0,0,2,139,116,606992,663556,field_out,Pop Out,Eric Haase pops out to first baseman Yandy Diaz.,T,,,,,,,,,,606992,,,T,3,Pop Out,field_out,,,,,642336
718776,2023-03-30,3,Bot,21,0,1,0,0,139,116,642350,593958,,,,,,,,,,,,,,,,,,,,,,,,,668670
718776,2023-03-30,3,Bot,21,1,1,1,0,139,116,642350,593958,,,,,,,,,,,,,,,,,,,,,,,,,668670
718776,2023-03-30,3,Bot,21,2,1,1,0,139,116,642350,593958,home_run,Home Run,Jose Siri homers (1) on a line drive to left field.,T,,,,,,,,,,642350,,score,,,Home Run,home_run,,T,T,T,668670
718776,2023-03-30,3,Bot,22,0,0,1,0,139,116,650490,593958,,,,,,,,,,,,,,,,,,,,,,,,,668670
718776,2023-03-30,3,Bot,22,1,0,2,0,139,116,650490,593958,,,,,,,,,,,,,,,,,,,,,,,,,668670
718776,2023-03-30,3,Bot,22,2,1,2,0,139,116,650490,593958,,,,,,,,,,,,,,,,,,,,,,,,,668670
718776,2023-03-30,3,Bot,22,3,1,3,0,139,116,650490,593958,strikeout,Strikeout,Yandy Diaz called out on strikes.,T,,,,,,,,,,650490,,,T,1,Strikeout,strikeout,,,,,668670
718776,2023-03-30,3,Bot,23,0,0,0,1,139,116,677551,593958,field_out,Groundout,"Wander Franco grounds out, shortstop Javier Baez to first baseman Spencer Torkelson.",T,,,,,,,,,,677551,,,T,2,Groundout,field_out,,,,,668670
718776,2023-03-30,3,Bot,24,0,0,1,2,139,116,670623,593958,,,,,,,,,,,,,,,,,,,,,,,,,668670
718776,2023-03-30,3,Bot,24,1,0,1,2,139,116,670623,593958,field_out,Groundout,Isaac Paredes grounds out to first baseman Spencer Torkelson.,T,,,,,,,,,,670623,,,T,3,Groundout,field_out,,,,,668670
718776,2023-03-30,4,Top,25,0,0,1,0,139,116,679529,663556,,,,,,,,,,,,,,,,,,,,,,,,,642336
718776,2023-03-30,4,Top,25,1,1,1,0,139,116,679529,663556,,,,,,,,,,,,,,,,,,,,,,,,,642336
718776,2023-03-30,4,Top,25,2,1,2,0,139,116,679529,663556,,,,,,,,,,,,,,,,,,,,,,,,,642336
718776,2023-03-30,4,Top,25,3,1,2,0,139,116,679529,663556,field_out,Groundout,"Spencer Torkelson grounds out, second baseman Brandon Lowe to first baseman Yandy Diaz.",T,,,,,,,,,,679529,,,T,1,Groundout,field_out,,,,,642336
718776,2023-03-30,4,Top,26,0,0,1,1,139,116,640457,663556,,,,,,,,,,,,,,,,,,,,,,,,,642336
718776,2023-03-30,4,Top,26,1,1,1,1,139,116,640457,663556,,,,,,,,,,,,,,,,,,,,,,,,,642336
718776,2023-03-30,4,Top,26,2,1,1,1,139,116,640457,663556,single,Single,Austin Meadows singles on a ground ball to center fielder Jose Siri.,T,,,,,,,,,,640457,,1B,,,Single,single,,,,,642336
718776,2023-03-30,4,Top,27,0,1,0,1,139,116,408234,663556,,,,,,,,,,,,,,,,,,,,,,,,,642336
718776,2023-03-30,4,Top,27,1,1,1,1,139,116,408234,663556,,,,,,,,,,,,,,,,,,,,,,,,,642336
718776,2023-03-30,4,Top,27,2,1,2,1,139,116,408234,663556,,,,,,,,,,,,,,,,,,,,,,,,,642336
718776,2023-03-30,4,Top,27,3,2,2,1,139,116,408234,663556,,,,,,,,,,,,,,,,,,,,,,,,,642336
718776,2023-03-30,4,Top,27,4,2,2,1,139,116,408234,663556,,,,,,,,,,,,,,,,,,,,,,,,,642336
718776,2023-03-30,4,Top,27,5,3,2,1,139,116,408234,663556,,,,,,,,,,,,,,,,,,,,,,,,,642336
718776,2023-03-30,4,Top,27,6,3,2,1,139,116,408234,663556,grounded_into_double_play,Grounded Into DP,"Miguel Cabrera grounds into a double play, second baseman Brandon Lowe to first baseman Yandy Diaz. Austin Meadows out at 2nd. Miguel Cabrera out at 1st.",T,,,,,,,,,,640457,1B,,T,2,Grounded Into DP,grounded_into_double_play,r_force_out,,,,642336
718776,2023-03-30,4,Bot,28,0,1,0,0,139,116,668227,593958,,,,,,,,,,,,,,,,,,,,,,,,,668670
718776,2023-03-30,4,Bot,28,1,2,0,0,139,116,668227,593958,,,,,,,,,,,,,,,,,,,,,,,,,668670
718776,2023-03-30,4,Bot,28,2,2,1,0,139,116,668227,593958,,,,,,,,,,,,,,,,,,,,,,,,,668670
718776,2023-03-30,4,Bot,28,3,3,1,0,139,116,668227,593958,,,,,,,,,,,,,,,,,,,,,,,,,668670
718776,2023-03-30,4,Bot,28,4,3,2,0,139,116,668227,593958,,,,,,,,,,,,,,,,,,,,,,,,,668670
718776,2023-03-30,4,Bot,28,5,3,2,0,139,116,668227,593958,field_out,Flyout,Randy Arozarena flies out to right fielder Matt Vierling.,T,,,,,,,,,,668227,,,T,1,Flyout,field_out,,,,,668670
718776,2023-03-30,4,Bot,29,0,1,0,1,139,116,623912,593958,,,,,,,,,,,,,,,,,,,,,,,,,668670
718776,2023-03-30,4,Bot,29,1,1,1,1,139,116,623912,593958,,,,,,,,,,,,,,,,,,,,,,,,,668670
718776,2023-03-30,4,Bot,29,2,2,1,1,139,116,623912,593958,,,,,,,,,,,,,,,,,,,,,,,,,668670
718776,2023-03-30,4,Bot,29,3,2,2,1,139,116,623912,593958,,,,,,,,,,,,,,,,,,,,,,,,,668670
718776,2023-03-30,4,Bot,29,4,2,2,1,139,116,623912,593958,,,,,,,,,,,,,,,,,,,,,,,,,668670
718776,2023-03-30,4,Bot,29,5,2,2,1,139,116,623912,593958,field_out,Pop Out,Harold Ramirez pops out to second baseman Jonathan Schoop.,T,,,,,,,,,,623912,,,T,2,Pop Out,field_out,,,,,668670
718776,2023-03-30,4,Bot,30,0,0,1,2,139,116,622534,593958,,,,,,,,,,,,,,,,,,,,,,,,,668670
718776,2023-03-30,4,Bot,30,1,1,1,2,139,116,622534,593958,,,,,,,,,,,,,,,,,,,,,,,,,668670
718776,2023-03-30,4,Bot,30,2,1,2,2,139,116,622534,593958,,,,,,,,,,,,,,,,,,,,,,,,,668670
718776,2023-03-30,4,Bot,30,3,1,2,2,139,116,622534,593958,,,,,,,,,,,,,,,,,,,,,,,,,668670
718776,2023-03-30,4,Bot,30,4,1,3,2,139,116,622534,593958,strikeout,Strikeout,Manuel Margot strikes out swinging.,T,,,,,,,,,,622534,,,T,3,Strikeout,strikeout,,,,,668670
718776,2023-03-30,5,Top,31,0,0,1,0,139,116,570731,663556,,,,,,,,,,,,,,,,,,,,,,,,,642336
718776,2023-03-30,5,Top,31,1,1,1,0,139,116,570731,663556,,,,,,,,,,,,,,,,,,,,,,,,,642336
718776,2023-03-30,5,Top,31,2,1,2,0,139,116,570731,663556,,,,,,,,,,,,,,,,,,,,,,,,,642336
718776,2023-03-30,5,Top,31,3,1,3,0,139,116,570731,663556,strikeout,Strikeout,Jonathan Schoop strikes out swinging.,T,,,,,,,,,,570731,,,T,1,Strikeout,strikeout,,,,,642336
718776,2023-03-30,5,Top,32,0,0,1,1,139,116,668952,663556,,,,,,,,,,,,,,,,,,,,,,,,,642336
718776,2023-03-30,5,Top,32,1,0,2,1,139,116,668952,663556,,,,,,,,,,,,,,,,,,,,,,,,,642336
718776,2023-03-30,5,Top,32,2,0,2,1,139,116,668952,663556,,,,,,,,,,,,,,,,,,,,,,,,,642336
718776,2023-03-30,5,Top,32,3,0,2,1,139,116,668952,663556,,,,,,,,,,,,,,,,,,,,,,,,,642336
718776,2023-03-30,5,Top,32,4,1,2,1,139,116,668952,663556,,,,,,,,,,,,,,,,,,,,,,,,,642336
718776,2023-03-30,5,Top,32,5,1,3,1,139,116,668952,663556,strikeout,Strikeout,Ryan Kreidler strikes out swinging.,T,,,,,,,,,,668952,,,T,2,Strikeout,strikeout,,,,,642336
718776,2023-03-30,5,Top,33,0,0,1,2,139,116,663837,663556,,,,,,,,,,,,,,,,,,,,,,,,,642336
718776,2023-03-30,5,Top,33,1,1,1,2,139,116,663837,663556,,,,,,,,,,,,,,,,,,,,,,,,,642336
718776,2023-03-30,5,Top,33,2,1,2,2,139,116,663837,663556,,,,,,,,,,,,,,,,,,,,,,,,,642336
718776,2023-03-30,5,Top,33,3,1,2,2,139,116,663837,663556,,,,,,,,,,,,,,,,,,,,,,,,,642336
718776,2023-03-30,5,Top,33,4,1,2,2,139,116,663837,663556,field_out,Flyout,Matt Vierling flies out to right fielder Manuel Margot.,T,,,,,,,,,,663837,,,T,3,Flyout,field_out,,,,,642336
718776,2023-03-30,5,Bot,34,0,0,1,0,139,116,664040,593958,,,,,,,,,,,,,,,,,,,,,,,,,668670
718776,2023-03-30,5,Bot,34,1,1,1,0,139,116,664040,593958,,,,,,,,,,,,,,,,,,,,,,,,,668670
718776,2023-03-30,5,Bot,34,2,1,2,0,139,116,664040,593958,,,,,,,,,,,,,,,,,,,,,,,,,668670
718776,2023-03-30,5,Bot,34,3,1,3,0,139,116,664040,593958,strikeout,Strikeout,Brandon Lowe called out on strikes.,T,,,,,,,,,,664040,,,T,1,Strikeout,strikeout,,,,,668670
718776,2023-03-30,5,Bot,35,0,0,0,1,139,116,542194,593958,field_out,Flyout,Christian Bethancourt flies out to center fielder Riley Greene.,T,,,,,,,,,,542194,,,T,2,Flyout,field_out,,,,,668670
718776,2023-03-30,5,Bot,36,0,0,1,2,139,116,642350,593958,,,,,,,,,,,,,,,,,,,,,,,,,668670
718776,2023-03-30,5,Bot,36,1,1,1,2,139,116,642350,593958,,,,,,,,,,,,,,,,,,,,,,,,,668670
718776,2023-03-30,5,Bot,36,2,2,1,2,139,116,642350,593958,,,,,,,,,,,,,,,,,,,,,,,,,668670
718776,2023-03-30,5,Bot,36,3,2,2,2,139,116,642350,593958,,,,,,,,,,,,,,,,,,,,,,,,,668670
718776,2023-03-30,5,Bot,36,4,2,2,2,139,116,642350,593958,,,,,,,,,,,,,,,,,,,,,,,,,668670
718776,2023-03-30,5,Bot,36,5,2,3,2,139,116,642350,593958,strikeout,Strikeout,Jose Siri strikes out swinging.,T,,,,,,,,,,642350,,,T,3,Strikeout,strikeout,,,,,668670
718776,2023-03-30,6,Top,37,0,0,1,0,139,116,595879,663556,,,,,,,,,,,,,,,,,,,,,,,,,642336
718776,2023-03-30,6,Top,37,1,0,2,0,139,116,595879,663556,,,,,,,,,,,,,,,,,,,,,,,,,642336
718776,2023-03-30,6,Top,37,2,0,3,0,139,116,595879,663556,strikeout,Strikeout,Javier Baez strikes out swinging.,T,,,,,,,,,,595879,,,T,1,Strikeout,strikeout,,,,,642336
718776,2023-03-30,6,Top,38,0,1,0,1,139,116,682985,663556,,,,,,,,,,,,,,,,,,,,,,,,,642336
718776,2023-03-30,6,Top,38,1,1,0,1,139,116,682985,663556,field_out,Flyout,Riley Greene flies out sharply to center fielder Jose Siri.,T,,,,,,,,,,682985,,,T,2,Flyout,field_out,,,,,642336
718776,2023-03-30,6,Top,39,0,1,0,2,139,116,606992,663556,,,,,,,,,,,,,,,,,,,,,,,,,642336
718776,2023-03-30,6,Top,39,1,2,0,2,139,116,606992,663556,,,,,,,,,,,,,,,,,,,,,,,,,642336
718776,2023-03-30,6,Top,39,2,2,0,2,139,116,606992,663556,field_out,Lineout,Eric Haase lines out to center fielder Jose Siri.,T,,,,,,,,,,606992,,,T,3,Lineout,field_out,,,,,642336
718776,2023-03-30,6,Bot,40,0,1,0,0,139,116,650490,593958,,,,,,,,,,,,,,,,,,,,,,,,,668670
718776,2023-03-30,6,Bot,40,1,2,0,0,139,116,650490,593958,,,,,,,,,,,,,,,,,,,,,,,,,668670
718776,2023-03-30,6,Bot,40,2,2,1,0,139,116,650490,593958,,,,,,,,,,,,,,,,,,,,,,,,,668670
718776,2023-03-30,6,Bot,40,3,3,1,0,139,116,650490,593958,,,,,,,,,,,,,,,,,,,,,,,,,668670
718776,2023-03-30,6,Bot,40,4,4,1,0,139,116,650490,593958,walk,Walk,Yandy Diaz walks.,T,,,,,,,,,,650490,,1B,,,Walk,walk,,,,,668670
718776,2023-03-30,6,Bot,41,0,0,1,0,139,116,677551,593958,,,,,,,,,,,,,,,,,,,,,,,,,668670
718776,2023-03-30,6,Bot,41,1,1,1,0,139,116,677551,593958,,,,,,,,,,,,,,,,,,,,,,,,,668670
718776,2023-03-30,6,Bot,41,2,2,1,0,139,116,677551,593958,,,,,,,,,,,,,,,,,,,,,,,,,668670
718776,2023-03-30,6,Bot,41,3,3,1,0,139,116,677551,593958,,,,,,,,,,,,,,,,,,,,,,,,,668670
718776,2023-03-30,6,Bot,41,4,3,1,0,139,116,677551,593958,field_out,Lineout,Wander Franco lines out to left fielder Austin Meadows.,T,,,,,,,,,,677551,,,T,1,Lineout,field_out,,,,,668670
718776,2023-03-30,6,Bot,42,0,0,0,1,139,116,670623,593958,,,,,,,,,,,,,,,,,,,,,,,,,668670
718776,2023-03-30,6,Bot,42,1,1,0,1,139,116,670623,593958,,,,,,,,,,,,,,,,,,,,,,,,,668670
718776,2023-03-30,6,Bot,42,2,1,1,1,139,116,670623,593958,,,,,,,,,,,,,,,,,,,,,,,,,668670
718776,2023-03-30,6,Bot,42,3,2,1,1,139,116,670623,593958,,,,,,,,,,,,,,,,,,,,,,,,,668670
718776,2023-03-30,6,Bot,42,4,2,2,1,139,116,670623,593958,,,,,,,,,,,,,,,,,,,,,,,,,668670
718776,2023-03-30,6,Bot,42,5,2,2,1,139,116,670623,593958,,,,,,,,,,,,,,,,,,,,,,,,,668670
718776,2023-03-30,6,Bot,42,6,2,2,1,139,116,670623,593958,single,Single,Isaac Paredes singles on a line drive to center fielder Riley Greene. Yandy Diaz to 2nd.,T,,,,,,,,,,670623,,1B,,,Single,single,,,,,668670
718776,2023-03-30,6,Bot,43,0,0,0,1,139,116,668227,671345,,,,,,,,,,,,,,,,,,,,,,,,,668670
718776,2023-03-30,6,Bot,43,1,0,0,1,139,116,668227,671345,,,,,,,,,,,,,,,,,,,,,,,,,668670
718776,2023-03-30,6,Bot,43,2,0,0,1,139,116,668227,671345,,,,,,,,,,,,,,,,,,,,,,,,,668670
718776,2023-03-30,6,Bot,43,3,0,1,1,139,116,668227,671345,,,,,,,,,,,,,,,,,,,,,,,,,668670
718776,2023-03-30,6,Bot,43,4,1,1,1,139,116,668227,671345,,,,,,,,,,,,,,,,,,,,,,,,,668670
718776,2023-03-30,6,Bot,43,5,1,2,1,139,116,668227,671345,,,,,,,,,,,,,,,,,,,,,,,,,668670
718776,2023-03-30,6,Bot,43,6,1,2,1,139,116,668227,671345,single,Single,Randy Arozarena singles on a ground ball to center fielder Riley Greene. Taylor Walls scores. Isaac Paredes to 2nd.,T,,,,,,,,,,668227,,1B,,,Single,single,,,,,668670
718776,2023-03-30,6,Bot,44,0,0,0,1,139,116,670042,671345,,,,,,,,,,,,,,,,,,,,,,,,,668670
718776,2023-03-30,6,Bot,44,1,0,0,1,139,116,670042,671345,,,,,,,,,,,,,,,,,,,,,,,,,668670
718776,2023-03-30,6,Bot,44,2,0,1,1,139,116,670042,671345,,,,,,,,,,,,,,,,,,,,,,,,,668670
718776,2023-03-30,6,Bot,44,3,1,1,1,139,116,670042,671345,,,,,,,,,,,,,,,,,,,,,,,,,668670
718776,2023-03-30,6,Bot,44,4,1,1,1,139,116,670042,671345,single,Single,Luke Raley singles on a ground ball to right fielder Matt Vierling. Isaac Paredes scores. Randy Arozarena to 3rd.,T,,,,,,,,,,670042,,1B,,,Single,single,,,,,668670
718776,2023-03-30,6,Bot,45,0,0,1,1,139,116,622534,671345,,,,,,,,,,,,,,,,,,,,,,,,,668670
718776,2023-03-30,6,Bot,45,1,0,1,1,139,116,622534,671345,,,,,,,,,,,,,,,,,,,,,,,,,668670
718776,2023-03-30,6,Bot,45,2,0,1,1,139,116,622534,671345,grounded_into_double_play,Grounded Into DP,"Manuel Margot grounds into a double play, shortstop Javier Baez to second baseman Jonathan Schoop to first baseman Spencer Torkelson. Luke Raley out at 2nd. Manuel Margot out at 1st.",T,,,,,,,,,,670042,1B,,T,2,Grounded Into DP,grounded_into_double_play,r_force_out,,,,668670
718776,2023-03-30,7,Top,46,0,0,0,0,139,116,679529,621363,,,,,,,,,,,,,,,,,,,,,,,,,642336
718776,2023-03-30,7,Top,46,1,0,0,0,139,116,679529,621363,,,,,,,,,,,,,,,,,,,,,,,,,642336
718776,2023-03-30,7,Top,46,2,0,0,0,139,116,679529,621363,,,,,,,,,,,,,,,,,,,,,,,,,642336
718776,2023-03-30,7,Top,46,3,0,0,0,139,116,679529,621363,,,,,,,,,,,,,,,,,,,,,,,,,642336
718776,2023-03-30,7,Top,46,4,0,1,0,139,116,679529,621363,,,,,,,,,,,,,,,,,,,,,,,,,642336
718776,2023-03-30,7,Top,46,5,0,1,0,139,116,679529,621363,field_out,Groundout,"Spencer Torkelson grounds out, shortstop Wander Franco to first baseman Isaac Paredes.",T,,,,,,,,,,679529,,,T,1,Groundout,field_out,,,,,642336
718776,2023-03-30,7,Top,47,0,0,1,1,139,116,640457,621363,,,,,,,,,,,,,,,,,,,,,,,,,642336
718776,2023-03-30,7,Top,47,1,0,2,1,139,116,640457,621363,,,,,,,,,,,,,,,,,,,,,,,,,642336
718776,2023-03-30,7,Top,47,2,1,2,1,139,116,640457,621363,,,,,,,,,,,,,,,,,,,,,,,,,642336
718776,2023-03-30,7,Top,47,3,1,2,1,139,116,640457,621363,,,,,,,,,,,,,,,,,,,,,,,,,642336
718776,2023-03-30,7,Top,47,4,2,2,1,139,116,640457,621363,,,,,,,,,,,,,,,,,,,,,,,,,642336
718776,2023-03-30,7,Top,47,5,3,2,1,139,116,640457,621363,,,,,,,,,,,,,,,,,,,,,,,,,642336
718776,2023-03-30,7,Top,47,6,3,2,1,139,116,640457,621363,field_out,Flyout,Austin Meadows flies out to left fielder Randy Arozarena.,T,,,,,,,,,,640457,,,T,2,Flyout,field_out,,,,,642336
718776,2023-03-30,7,Top,48,0,0,0,2,139,116,408234,621363,double,Double,Miguel Cabrera doubles (1) on a line drive to left fielder Randy Arozarena.,T,,,,,,,,,,408234,,2B,,,Double,double,,,,,642336
718776,2023-03-30,7,Top,49,0,1,0,2,139,116,570731,621363,,,,,,,,,,,,,,,,,,,,,,,,,642336
718776,2023-03-30,7,Top,49,1,2,0,2,139,116,570731,621363,,,,,,,,,,,,,,,,,,,,,,,,,642336
718776,2023-03-30,7,Top,49,2,2,1,2,139,116,570731,621363,,,,,,,,,,,,,,,,,,,,,,,,,642336
718776,2023-03-30,7,Top,49,3,3,1,2,139,116,570731,621363,,,,,,,,,,,,,,,,,,,,,,,,,642336
718776,2023-03-30,7,Top,49,4,4,1,2,139,116,570731,621363,walk,Walk,Jonathan Schoop walks.,T,,,,,,,,,,570731,,1B,,,Walk,walk,,,,,642336
718776,2023-03-30,7,Top,50,0,0,0,2,139,116,668952,621363,,,,,,,,,,,,,,,,,,,,,,,,,642336
718776,2023-03-30,7,Top,50,1,0,1,2,139,116,668952,621363,,,,,,,,,,,,,,,,,,,,,,,,,642336
718776,2023-03-30,7,Top,50,2,0,2,2,139,116,668952,621363,,,,,,,,,,,,,,,,,,,,,,,,,642336
718776,2023-03-30,7,Top,50,3,0,2,2,139,116,668952,621363,field_out,Lineout,Ryan Kreidler lines out to right fielder Manuel Margot.,T,,,,,,,,,,668952,,,T,3,Lineout,field_out,,,,,642336
718776,2023-03-30,7,Bot,51,0,0,0,0,139,116,664040,592741,,,,,,,,,,,,,,,,,,,,,,,,,668670
718776,2023-03-30,7,Bot,51,1,0,1,0,139,116,664040,592741,,,,,,,,,,,,,,,,,,,,,,,,,668670
718776,2023-03-30,7,Bot,51,2,0,2,0,139,116,664040,592741,,,,,,,,,,,,,,,,,,,,,,,,,668670
718776,2023-03-30,7,Bot,51,3,0,3,0,139,116,664040,592741,strikeout,Strikeout,Brandon Lowe strikes out swinging.,T,,,,,,,,,,664040,,,T,1,Strikeout,strikeout,,,,,668670
718776,2023-03-30,7,Bot,52,0,1,0,1,139,116,542194,592741,,,,,,,,,,,,,,,,,,,,,,,,,668670
718776,2023-03-30,7,Bot,52,1,1,1,1,139,116,542194,592741,,,,,,,,,,,,,,,,,,,,,,,,,668670
718776,2023-03-30,7,Bot,52,2,2,1,1,139,116,542194,592741,,,,,,,,,,,,,,,,,,,,,,,,,668670
718776,2023-03-30,7,Bot,52,3,2,2,1,139,116,542194,592741,,,,,,,,,,,,,,,,,,,,,,,,,668670
718776,2023-03-30,7,Bot,52,4,3,2,1,139,116,542194,592741,,,,,,,,,,,,,,,,,,,,,,,,,668670
718776,2023-03-30,7,Bot,52,5,3,2,1,139,116,542194,592741,,,,,,,,,,,,,,,,,,,,,,,,,668670
718776,2023-03-30,7,Bot,52,6,3,2,1,139,116,542194,592741,,,,,,,,,,,,,,,,,,,,,,,,,668670
718776,2023-03-30,7,Bot,52,7,4,2,1,139,116,542194,592741,walk,Walk,Christian Bethancourt walks.,T,,,,,,,,,,542194,,1B,,,Walk,walk,,,,,668670
718776,2023-03-30,7,Bot,53,0,1,0,1,139,116,642350,592741,,,,,,,,,,,,,,,,,,,,,,,,,668670
718776,2023-03-30,7,Bot,53,1,1,1,1,139,116,642350,592741,,,,,,,,,,,,,,,,,,,,,,,,,668670
718776,2023-03-30,7,Bot,53,2,2,1,1,139,116,642350,592741,,,,,,,,,,,,,,,,,,,,,,,,,668670
718776,2023-03-30,7,Bot,53,3,2,2,1,139,116,642350,592741,,,,,,,,,,,,,,,,,,,,,,,,,668670
718776,2023-03-30,7,Bot,53,4,2,3,1,139,116,642350,592741,strikeout,Strikeout,Jose Siri strikes out swinging.,T,,,,,,,,,,642350,,,T,2,Strikeout,strikeout,,,,,668670
718776,2023-03-30,7,Bot,54,0,0,1,2,139,116,670764,592741,,,,,,,,,,,,,,,,,,,,,,,,,668670
718776,2023-03-30,7,Bot,54,1,1,1,2,139,116,670764,592741,,,,,,,,,,,,,,,,,,,,,,,,,668670
718776,2023-03-30,7,Bot,54,2,1,2,2,139,116,670764,592741,,,,,,,,,,,,,,,,,,,,,,,,,668670
718776,2023-03-30,7,Bot,54,3,2,2,2,139,116,670764,592741,,,,,,,,,,,,,,,,,,,,,,,,,668670
718776,2023-03-30,7,Bot,54,4,2,2,2,139,116,670764,592741,,,,,,,,,,,,,,,,,,,,,,,,,668670
718776,2023-03-30,7,Bot,54,5,2,2,2,139,116,670764,592741,,,,,,,,,,,,,,,,,,,,,,,,,668670
718776,2023-03-30,7,Bot,54,6,2,2,2,139,116,670764,592741,force_out,Forceout,"Taylor Walls grounds into a force out, shortstop Javier Baez to second baseman Jonathan Schoop. Christian Bethancourt out at 2nd.",T,,,,,,,,,,542194,1B,,T,3,Forceout,force_out,r_force_out,,,,668670
718776,2023-03-30,8,Top,55,0,0,0,0,139,116,656716,592094,,,,,,,,,,,,,,,,,,,,,,,,,642336
718776,2023-03-30,8,Top,55,1,0,0,0,139,116,656716,592094,,,,,,,,,,,,,,,,,,,,,,,,,642336
718776,2023-03-30,8,Top,55,2,0,1,0,139,116,656716,592094,,,,,,,,,,,,,,,,,,,,,,,,,642336
718776,2023-03-30,8,Top,55,3,0,1,0,139,116,656716,592094,field_out,Groundout,Zach McKinstry grounds out to first baseman Isaac Paredes.,T,,,,,,,,,,656716,,,T,1,Groundout,field_out,,,,,642336
718776,2023-03-30,8,Top,56,0,0,1,1,139,116,595879,592094,,,,,,,,,,,,,,,,,,,,,,,,,642336
718776,2023-03-30,8,Top,56,1,0,2,1,139,116,595879,592094,,,,,,,,,,,,,,,,,,,,,,,,,642336
718776,2023-03-30,8,Top,56,2,0,2,1,139,116,595879,592094,,,,,,,,,,,,,,,,,,,,,,,,,642336
718776,2023-03-30,8,Top,56,3,1,2,1,139,116,595879,592094,,,,,,,,,,,,,,,,,,,,,,,,,642336
718776,2023-03-30,8,Top,56,4,1,2,1,139,116,595879,592094,field_out,Flyout,Javier Baez flies out to left fielder Randy Arozarena.,T,,,,,,,,,,595879,,,T,2,Flyout,field_out,,,,,642336
718776,2023-03-30,8,Top,57,0,1,0,2,139,116,682985,592094,,,,,,,,,,,,,,,,,,,,,,,,,642336
718776,2023-03-30,8,Top,57,1,2,0,2,139,116,682985,592094,,,,,,,,,,,,,,,,,,,,,,,,,642336
718776,2023-03-30,8,Top,57,2,3,0,2,139,116,682985,592094,,,,,,,,,,,,,,,,,,,,,,,,,642336
718776,2023-03-30,8,Top,57,3,4,0,2,139,116,682985,592094,walk,Walk,Riley Greene walks.,T,,,,,,,,,,682985,,1B,,,Walk,walk,,,,,642336
718776,2023-03-30,8,Top,58,0,1,0,2,139,116,606992,592094,,,,,,,,,,,,,,,,,,,,,,,,,642336
718776,2023-03-30,8,Top,58,1,1,1,2,139,116,606992,592094,,,,,,,,,,,,,,,,,,,,,,,,,642336
718776,2023-03-30,8,Top,58,2,1,2,2,139,116,606992,592094,,,,,,,,,,,,,,,,,,,,,,,,,642336
718776,2023-03-30,8,Top,58,3,1,2,2,139,116,606992,592094,,,,,,,,,,,,,,,,,,,,,,,,,642336
718776,2023-03-30,8,Top,58,4,2,2,2,139,116,606992,592094,,,,,,,,,,,,,,,,,,,,,,,,,642336
718776,2023-03-30,8,Top,58,5,2,2,2,139,116,606992,592094,field_out,Pop Out,Eric Haase pops out softly to shortstop Wander Franco.,T,,,,,,,,,,606992,,,T,3,Pop Out,field_out,,,,,642336
718776,2023-03-30,8,Bot,59,0,0,0,0,139,116,677551,669438,,,,,,,,,,,,,,,,,,,,,,,,,668670
718776,2023-03-30,8,Bot,59,1,0,0,0,139,116,677551,669438,,,,,,,,,,,,,,,,,,,,,,,,,668670
718776,2023-03-30,8,Bot,59,2,0,1,0,139,116,677551,669438,,,,,,,,,,,,,,,,,,,,,,,,,668670
718776,2023-03-30,8,Bot,59,3,0,2,0,139,116,677551,669438,,,,,,,,,,,,,,,,,,,,,,,,,668670
718776,2023-03-30,8,Bot,59,4,1,2,0,139,116,677551,669438,,,,,,,,,,,,,,,,,,,,,,,,,668670
718776,2023-03-30,8,Bot,59,5,2,2,0,139,116,677551,669438,,,,,,,,,,,,,,,,,,,,,,,,,668670
718776,2023-03-30,8,Bot,59,6,2,2,0,139,116,677551,669438,,,,,,,,,,,,,,,,,,,,,,,,,668670
718776,2023-03-30,8,Bot,59,7,3,2,0,139,116,677551,669438,,,,,,,,,,,,,,,,,,,,,,,,,668670
718776,2023-03-30,8,Bot,59,8,3,2,0,139,116,677551,669438,,,,,,,,,,,,,,,,,,,,,,,,,668670
718776,2023-03-30,8,Bot,59,9,3,2,0,139,116,677551,669438,,,,,,,,,,,,,,,,,,,,,,,,,668670
718776,2023-03-30,8,Bot,59,10,3,2,0,139,116,677551,669438,home_run,Home Run,Wander Franco homers (1) on a fly ball to left center field.,T,,,,,,,,,,677551,,score,,,Home Run,home_run,,T,T,T,668670
718776,2023-03-30,8,Bot,60,0,0,1,0,139,116,670623,669438,,,,,,,,,,,,,,,,,,,,,,,,,668670
718776,2023-03-30,8,Bot,60,1,1,1,0,139,116,670623,669438,,,,,,,,,,,,,,,,,,,,,,,,,668670
718776,2023-03-30,8,Bot,60,2,2,1,0,139,116,670623,669438,,,,,,,,,,,,,,,,,,,,,,,,,668670
718776,2023-03-30,8,Bot,60,3,2,2,0,139,116,670623,669438,,,,,,,,,,,,,,,,,,,,,,,,,668670
718776,2023-03-30,8,Bot,60,4,3,2,0,139,116,670623,669438,,,,,,,,,,,,,,,,,,,,,,,,,668670
718776,2023-03-30,8,Bot,60,5,3,2,0,139,116,670623,669438,,,,,,,,,,,,,,,,,,,,,,,,,668670
718776,2023-03-30,8,Bot,60,6,3,2,0,139,116,670623,669438,field_out,Groundout,"Isaac Paredes grounds out, third baseman Ryan Kreidler to first baseman Spencer Torkelson.",T,,,,,,,,,,670623,,,T,1,Groundout,field_out,,,,,668670
718776,2023-03-30,8,Bot,61,0,0,1,1,139,116,668227,669438,,,,,,,,,,,,,,,,,,,,,,,,,668670
718776,2023-03-30,8,Bot,61,1,1,1,1,139,116,668227,669438,,,,,,,,,,,,,,,,,,,,,,,,,668670
718776,2023-03-30,8,Bot,61,2,1,1,1,139,116,668227,669438,field_out,Flyout,Randy Arozarena flies out to right fielder Zach McKinstry.,T,,,,,,,,,,668227,,,T,2,Flyout,field_out,,,,,668670
718776,2023-03-30,8,Bot,62,0,1,0,2,139,116,670042,669438,,,,,,,,,,,,,,,,,,,,,,,,,668670
718776,2023-03-30,8,Bot,62,1,1,1,2,139,116,670042,669438,,,,,,,,,,,,,,,,,,,,,,,,,668670
718776,2023-03-30,8,Bot,62,2,1,1,2,139,116,670042,669438,field_out,Groundout,"Luke Raley grounds out, second baseman Jonathan Schoop to first baseman Spencer Torkelson.",T,,,,,,,,,,670042,,,T,3,Groundout,field_out,,,,,668670
718776,2023-03-30,9,Top,63,0,0,0,0,139,116,679529,664126,,,,,,,,,,,,,,,,,,,,,,,,,642336
718776,2023-03-30,9,Top,63,1,0,1,0,139,116,679529,664126,,,,,,,,,,,,,,,,,,,,,,,,,642336
718776,2023-03-30,9,Top,63,2,1,1,0,139,116,679529,664126,,,,,,,,,,,,,,,,,,,,,,,,,642336
718776,2023-03-30,9,Top,63,3,1,2,0,139,116,679529,664126,,,,,,,,,,,,,,,,,,,,,,,,,642336
718776,2023-03-30,9,Top,63,4,1,2,0,139,116,679529,664126,,,,,,,,,,,,,,,,,,,,,,,,,642336
718776,2023-03-30,9,Top,63,5,1,2,0,139,116,679529,664126,field_out,Groundout,"Spencer Torkelson grounds out, shortstop Wander Franco to first baseman Isaac Paredes.",T,,,,,,,,,,679529,,,T,1,Groundout,field_out,,,,,642336
718776,2023-03-30,9,Top,64,0,0,0,1,139,116,640457,664126,single,Single,Austin Meadows singles on a ground ball to right fielder Manuel Margot.,T,,,,,,,,,,640457,,1B,,,Single,single,,,,,642336
718776,2023-03-30,9,Top,65,0,0,0,1,139,116,408234,664126,field_out,Pop Out,Miguel Cabrera pops out to second baseman Brandon Lowe.,T,,,,,,,,,,408234,,,T,2,Pop Out,field_out,,,,,642336
718776,2023-03-30,9,Top,66,0,0,0,2,139,116,665155,664126,,,,,,,,,,,,,,,,,,,,,,,,,642336
718776,2023-03-30,9,Top,66,1,1,0,2,139,116,665155,664126,,,,,,,,,,,,,,,,,,,,,,,,,642336
718776,2023-03-30,9,Top,66,2,2,0,2,139,116,665155,664126,,,,,,,,,,,,,,,,,,,,,,,,,642336
718776,2023-03-30,9,Top,66,3,2,1,2,139,116,665155,664126,,,,,,,,,,,,,,,,,,,,,,,,,642336
718776,2023-03-30,9,Top,66,4,2,2,2,139,116,665155,664126,,,,,,,,,,,,,,,,,,,,,,,,,642336
718776,2023-03-30,9,Top,66,5,2,2,2,139,116,665155,664126,,,,,,,,,,,,,,,,,,,,,,,,,642336
718776,2023-03-30,9,Top,66,6,2,2,2,139,116,665155,664126,field_out,Groundout,"Nick Maton grounds out, pitcher Pete Fairbanks to first baseman Isaac Paredes.",T,,,,,,,,,,665155,,,T,3,Groundout,field_out,,,,,642336
718779,2023-03-30,1,Top,0,0,0,0,0,140,143,607208,594798,,,,,,,,,,,,,,,,,,,,,,,,,641680
718779,2023-03-30,1,Top,0,1,0,0,0,140,143,607208,594798,,,,,,,,,,,,,,,,,,,,,,,,,641680
718779,2023-03-30,1,Top,0,2,0,0,0,140,143,607208,594798,,,,,,,,,,,,,,,,,,,,,,,,,641680
718779,2023-03-30,1,Top,0,3,0,1,0,140,143,607208,594798,,,,,,,,,,,,,,,,,,,,,,,,,641680
718779,2023-03-30,1,Top,0,4,0,2,0,140,143,607208,594798,,,,,,,,,,,,,,,,,,,,,,,,,641680
718779,2023-03-30,1,Top,0,5,0,3,0,140,143,607208,594798,strikeout,Strikeout,Trea Turner strikes out swinging.,T,,,,,,,,,,607208,,,T,1,Strikeout,strikeout,,,,,641680
718779,2023-03-30,1,Top,1,0,1,0,1,140,143,656941,594798,,,,,,,,,,,,,,,,,,,,,,,,,641680
718779,2023-03-30,1,Top,1,1,1,0,1,140,143,656941,594798,field_out,Flyout,Kyle Schwarber flies out to center fielder Adolis Garcia.,T,,,,,,,,,,656941,,,T,2,Flyout,field_out,,,,,641680
718779,2023-03-30,1,Top,2,0,0,1,2,140,143,592663,594798,,,,,,,,,,,,,,,,,,,,,,,,,641680
718779,2023-03-30,1,Top,2,1,1,1,2,140,143,592663,594798,,,,,,,,,,,,,,,,,,,,,,,,,641680
718779,2023-03-30,1,Top,2,2,1,2,2,140,143,592663,594798,,,,,,,,,,,,,,,,,,,,,,,,,641680
718779,2023-03-30,1,Top,2,3,2,2,2,140,143,592663,594798,,,,,,,,,,,,,,,,,,,,,,,,,641680
718779,2023-03-30,1,Top,2,4,2,3,2,140,143,592663,594798,strikeout,Strikeout,J.T. Realmuto called out on strikes.,T,,,,,,,,,,592663,,,T,3,Strikeout,strikeout,,,,,641680
718779,2023-03-30,1,Bot,3,0,1,0,0,140,143,543760,605400,,,,,,,,,,,,,,,,,,,,,,,,,592663
718779,2023-03-30,1,Bot,3,1,2,0,0,140,143,543760,605400,,,,,,,,,,,,,,,,,,,,,,,,,592663
718779,2023-03-30,1,Bot,3,2,2,1,0,140,143,543760,605400,,,,,,,,,,,,,,,,,,,,,,,,,592663
718779,2023-03-30,1,Bot,3,3,2,2,0,140,143,543760,605400,,,,,,,,,,,,,,,,,,,,,,,,,592663
718779,2023-03-30,1,Bot,3,4,2,2,0,140,143,543760,605400,,,,,,,,,,,,,,,,,,,,,,,,,592663
718779,2023-03-30,1,Bot,3,5,2,2,0,140,143,543760,605400,,,,,,,,,,,,,,,,,,,,,,,,,592663
718779,2023-03-30,1,Bot,3,6,2,2,0,140,143,543760,605400,,,,,,,,,,,,,,,,,,,,,,,,,592663
718779,2023-03-30,1,Bot,3,7,2,2,0,140,143,543760,605400,,,,,,,,,,,,,,,,,,,,,,,,,592663
718779,2023-03-30,1,Bot,3,8,2,2,0,140,143,543760,605400,,,,,,,,,,,,,,,,,,,,,,,,,592663
718779,2023-03-30,1,Bot,3,9,2,2,0,140,143,543760,605400,field_out,Groundout,"Marcus Semien grounds out, third baseman Alec Bohm to first baseman Darick Hall.",T,,,,,,,,,,543760,,,T,1,Groundout,field_out,,,,,592663
718779,2023-03-30,1,Bot,4,0,1,0,1,140,143,608369,605400,,,,,,,,,,,,,,,,,,,,,,,,,592663
718779,2023-03-30,1,Bot,4,1,1,1,1,140,143,608369,605400,,,,,,,,,,,,,,,,,,,,,,,,,592663
718779,2023-03-30,1,Bot,4,2,2,1,1,140,143,608369,605400,,,,,,,,,,,,,,,,,,,,,,,,,592663
718779,2023-03-30,1,Bot,4,3,3,1,1,140,143,608369,605400,,,,,,,,,,,,,,,,,,,,,,,,,592663
718779,2023-03-30,1,Bot,4,4,4,1,1,140,143,608369,605400,walk,Walk,Corey Seager walks.,T,,,,,,,,,,608369,,1B,,,Walk,walk,,,,,592663
718779,2023-03-30,1,Bot,5,0,0,1,1,140,143,663993,605400,,,,,,,,,,,,,,,,,,,,,,,,,592663
718779,2023-03-30,1,Bot,5,1,0,1,1,140,143,663993,605400,field_out,Pop Out,Nathaniel Lowe pops out to shortstop Trea Turner.,T,,,,,,,,,,663993,,,T,2,Pop Out,field_out,,,,,592663
718779,2023-03-30,1,Bot,6,0,0,0,2,140,143,666969,605400,,,,,,,,,,,,,,,,,,,,,,,,,592663
718779,2023-03-30,1,Bot,6,1,0,1,2,140,143,666969,605400,,,,,,,,,,,,,,,,,,,,,,,,,592663
718779,2023-03-30,1,Bot,6,2,1,1,2,140,143,666969,605400,,,,,,,,,,,,,,,,,,,,,,,,,592663
718779,2023-03-30,1,Bot,6,3,1,2,2,140,143,666969,605400,,,,,,,,,,,,,,,,,,,,,,,,,592663
718779,2023-03-30,1,Bot,6,4,2,2,2,140,143,666969,605400,,,,,,,,,,,,,,,,,,,,,,,,,592663
718779,2023-03-30,1,Bot,6,5,2,3,2,140,143,666969,605400,strikeout,Strikeout,Adolis Garcia called out on strikes.,T,,,,,,,,,,666969,,,T,3,Strikeout,strikeout,,,,,592663
718779,2023-03-30,2,Top,7,0,0,1,0,140,143,669742,594798,,,,,,,,,,,,,,,,,,,,,,,,,641680
718779,2023-03-30,2,Top,7,1,0,2,0,140,143,669742,594798,,,,,,,,,,,,,,,,,,,,,,,,,641680
718779,2023-03-30,2,Top,7,2,0,2,0,140,143,669742,594798,,,,,,,,,,,,,,,,,,,,,,,,,641680
718779,2023-03-30,2,Top,7,3,0,2,0,140,143,669742,594798,field_out,Pop Out,Darick Hall pops out to third baseman Josh Jung in foul territory.,T,,,,,,,,,,669742,,,T,1,Pop Out,field_out,,,,,641680
718779,2023-03-30,2,Top,8,0,0,0,1,140,143,592206,594798,double,Double,Nick Castellanos doubles (1) on a line drive to right fielder Robbie Grossman.,T,,,,,,,,,,592206,,2B,,,Double,double,,,,,641680
718779,2023-03-30,2,Top,9,0,0,1,1,140,143,681082,594798,,,,,,,,,,,,,,,,,,,,,,,,,641680
718779,2023-03-30,2,Top,9,1,0,2,1,140,143,681082,594798,,,,,,,,,,,,,,,,,,,,,,,,,641680
718779,2023-03-30,2,Top,9,2,1,2,1,140,143,681082,594798,,,,,,,,,,,,,,,,,,,,,,,,,641680
718779,2023-03-30,2,Top,9,3,1,2,1,140,143,681082,594798,,,,,,,,,,,,,,,,,,,,,,,,,641680
718779,2023-03-30,2,Top,9,4,1,2,1,140,143,681082,594798,,,,,,,,,,,,,,,,,,,,,,,,,641680
718779,2023-03-30,2,Top,9,5,1,2,1,140,143,681082,594798,,,,,,,,,,,,,,,,,,,,,,,,,641680
718779,2023-03-30,2,Top,9,6,2,2,1,140,143,681082,594798,,,,,,,,,,,,,,,,,,,,,,,,,641680
718779,2023-03-30,2,Top,9,7,2,3,1,140,143,681082,594798,strikeout,Strikeout,Bryson Stott called out on strikes.,T,,,,,,,,,,681082,,,T,2,Strikeout,strikeout,,,,,641680
718779,2023-03-30,2,Top,10,0,1,0,2,140,143,664761,594798,,,,,,,,,,,,,,,,,,,,,,,,,641680
718779,2023-03-30,2,Top,10,1,2,0,2,140,143,664761,594798,,,,,,,,,,,,,,,,,,,,,,,,,641680
718779,2023-03-30,2,Top,10,2,2,0,2,140,143,664761,594798,home_run,Home Run,Alec Bohm homers (1) on a fly ball to right center field. Nick Castellanos scores.,T,,,,,,,,,,664761,,score,,,Home Run,home_run,,T,T,T,641680
718779,2023-03-30,2,Top,11,0,0,1,2,140,143,595909,594798,,,,,,,,,,,,,,,,,,,,,,,,,641680
718779,2023-03-30,2,Top,11,1,1,1,2,140,143,595909,594798,,,,,,,,,,,,,,,,,,,,,,,,,641680
718779,2023-03-30,2,Top,11,2,2,1,2,140,143,595909,594798,,,,,,,,,,,,,,,,,,,,,,,,,641680
718779,2023-03-30,2,Top,11,3,3,1,2,140,143,595909,594798,,,,,,,,,,,,,,,,,,,,,,,,,641680
718779,2023-03-30,2,Top,11,4,3,2,2,140,143,595909,594798,,,,,,,,,,,,,,,,,,,,,,,,,641680
718779,2023-03-30,2,Top,11,5,3,3,2,140,143,595909,594798,strikeout,Strikeout,Jake Cave called out on strikes.,T,,,,,,,,,,595909,,,T,3,Strikeout,strikeout,,,,,641680
718779,2023-03-30,2,Bot,12,0,0,0,0,140,143,673962,605400,field_out,Lineout,Josh Jung lines out sharply to center fielder Brandon Marsh.,T,,,,,,,,,,673962,,,T,1,Lineout,field_out,,,,,592663
718779,2023-03-30,2,Bot,13,0,1,0,1,140,143,641680,605400,,,,,,,,,,,,,,,,,,,,,,,,,592663
718779,2023-03-30,2,Bot,13,1,1,0,1,140,143,641680,605400,field_out,Flyout,Jonah Heim flies out to center fielder Brandon Marsh.,T,,,,,,,,,,641680,,,T,2,Flyout,field_out,,,,,592663
718779,2023-03-30,2,Bot,14,0,0,1,2,140,143,543257,605400,,,,,,,,,,,,,,,,,,,,,,,,,592663
718779,2023-03-30,2,Bot,14,1,1,1,2,140,143,543257,605400,,,,,,,,,,,,,,,,,,,,,,,,,592663
718779,2023-03-30,2,Bot,14,2,1,2,2,140,143,543257,605400,,,,,,,,,,,,,,,,,,,,,,,,,592663
718779,2023-03-30,2,Bot,14,3,1,3,2,140,143,543257,605400,strikeout,Strikeout,Robbie Grossman called out on strikes.,T,,,,,,,,,,543257,,,T,3,Strikeout,strikeout,,,,,592663
718779,2023-03-30,3,Top,15,0,0,1,0,140,143,669016,594798,,,,,,,,,,,,,,,,,,,,,,,,,641680
718779,2023-03-30,3,Top,15,1,1,1,0,140,143,669016,594798,,,,,,,,,,,,,,,,,,,,,,,,,641680
718779,2023-03-30,3,Top,15,2,1,1,0,140,143,669016,594798,triple,Triple,Brandon Marsh triples (1) on a ground ball to right fielder Robbie Grossman.,T,,,,,,,,,,669016,,3B,,,Triple,triple,,,,,641680
718779,2023-03-30,3,Top,16,0,0,1,0,140,143,607208,594798,,,,,,,,,,,,,,,,,,,,,,,,,641680
718779,2023-03-30,3,Top,16,1,0,1,0,140,143,607208,594798,triple,Triple,Trea Turner triples (1) on a ground ball to right fielder Robbie Grossman. Brandon Marsh scores.,T,,,,,,,,,,607208,,3B,,,Triple,triple,,,,,641680
718779,2023-03-30,3,Top,17,0,0,0,0,140,143,656941,594798,,,,,,,,,,,,,,,,,,,,,,,,,641680
718779,2023-03-30,3,Top,17,1,1,0,0,140,143,656941,594798,,,,,,,,,,,,,,,,,,,,,,,,,641680
718779,2023-03-30,3,Top,17,2,1,1,0,140,143,656941,594798,,,,,,,,,,,,,,,,,,,,,,,,,641680
718779,2023-03-30,3,Top,17,3,1,2,0,140,143,656941,594798,,,,,,,,,,,,,,,,,,,,,,,,,641680
718779,2023-03-30,3,Top,17,4,2,2,0,140,143,656941,594798,,,,,,,,,,,,,,,,,,,,,,,,,641680
718779,2023-03-30,3,Top,17,5,2,2,0,140,143,656941,594798,,,,,,,,,,,,,,,,,,,,,,,,,641680
718779,2023-03-30,3,Top,17,6,2,2,0,140,143,656941,594798,,,,,,,,,,,,,,,,,,,,,,,,,641680
718779,2023-03-30,3,Top,17,7,2,2,0,140,143,656941,594798,,,,,,,,,,,,,,,,,,,,,,,,,641680
718779,2023-03-30,3,Top,17,8,2,2,0,140,143,656941,594798,,,,,,,,,,,,,,,,,,,,,,,,,641680
718779,2023-03-30,3,Top,17,9,2,2,0,140,143,656941,594798,,,,,,,,,,,,,,,,,,,,,,,,,641680
718779,2023-03-30,3,Top,17,10,2,3,0,140,143,656941,594798,strikeout,Strikeout,Kyle Schwarber strikes out swinging.,T,,,,,,,,,,607208,3B,score,,,Wild Pitch,wild_pitch,r_adv_play,T,,T,641680
718779,2023-03-30,3,Top,18,0,1,0,1,140,143,592663,594798,,,,,,,,,,,,,,,,,,,,,,,,,641680
718779,2023-03-30,3,Top,18,1,2,0,1,140,143,592663,594798,,,,,,,,,,,,,,,,,,,,,,,,,641680
718779,2023-03-30,3,Top,18,2,2,1,1,140,143,592663,594798,,,,,,,,,,,,,,,,,,,,,,,,,641680
718779,2023-03-30,3,Top,18,3,2,1,1,140,143,592663,594798,double,Double,J.T. Realmuto doubles (1) on a pop up to right fielder Robbie Grossman.,T,,,,,,,,,,592663,,2B,,,Double,double,,,,,641680
718779,2023-03-30,3,Top,19,0,0,1,1,140,143,669742,594798,,,,,,,,,,,,,,,,,,,,,,,,,641680
718779,2023-03-30,3,Top,19,1,1,1,1,140,143,669742,594798,,,,,,,,,,,,,,,,,,,,,,,,,641680
718779,2023-03-30,3,Top,19,2,1,2,1,140,143,669742,594798,,,,,,,,,,,,,,,,,,,,,,,,,641680
718779,2023-03-30,3,Top,19,3,1,2,1,140,143,669742,594798,,,,,,,,,,,,,,,,,,,,,,,,,641680
718779,2023-03-30,3,Top,19,4,2,2,1,140,143,669742,594798,,,,,,,,,,,,,,,,,,,,,,,,,641680
718779,2023-03-30,3,Top,19,5,3,2,1,140,143,669742,594798,,,,,,,,,,,,,,,,,,,,,,,,,641680
718779,2023-03-30,3,Top,19,6,3,2,1,140,143,669742,594798,,,,,,,,,,,,,,,,,,,,,,,,,641680
718779,2023-03-30,3,Top,19,7,3,2,1,140,143,669742,594798,field_out,Flyout,Darick Hall flies out to center fielder Adolis Garcia.,T,,T,,,,,,,,592663,2B,3B,,,Stolen Base 3B,stolen_base_3b,r_stolen_base_3b,,,,641680
718779,2023-03-30,3,Top,20,0,0,1,2,140,143,592206,594798,,,,,,,,,,,,,,,,,,,,,,,,,641680
718779,2023-03-30,3,Top,20,1,0,2,2,140,143,592206,594798,,,,,,,,,,,,,,,,,,,,,,,,,641680
718779,2023-03-30,3,Top,20,2,1,2,2,140,143,592206,594798,,,,,,,,,,,,,,,,,,,,,,,,,641680
718779,2023-03-30,3,Top,20,3,2,2,2,140,143,592206,594798,,,,,,,,,,,,,,,,,,,,,,,,,641680
718779,2023-03-30,3,Top,20,4,2,2,2,140,143,592206,594798,,,,,,,,,,,,,,,,,,,,,,,,,641680
718779,2023-03-30,3,Top,20,5,2,3,2,140,143,592206,594798,strikeout,Strikeout,Nick Castellanos strikes out swinging.,T,,,,,,,,,,592206,,,T,3,Strikeout,strikeout,,,,,641680
718779,2023-03-30,3,Bot,21,0,1,0,0,140,143,543543,605400,,,,,,,,,,,,,,,,,,,,,,,,,592663
718779,2023-03-30,3,Bot,21,1,1,1,0,140,143,543543,605400,,,,,,,,,,,,,,,,,,,,,,,,,592663
718779,2023-03-30,3,Bot,21,2,1,2,0,140,143,543543,605400,,,,,,,,,,,,,,,,,,,,,,,,,592663
718779,2023-03-30,3,Bot,21,3,2,2,0,140,143,543543,605400,,,,,,,,,,,,,,,,,,,,,,,,,592663
718779,2023-03-30,3,Bot,21,4,2,2,0,140,143,543543,605400,,,,,,,,,,,,,,,,,,,,,,,,,592663
718779,2023-03-30,3,Bot,21,5,3,2,0,140,143,543543,605400,,,,,,,,,,,,,,,,,,,,,,,,,592663
718779,2023-03-30,3,Bot,21,6,3,3,0,140,143,543543,605400,strikeout,Strikeout,Brad Miller strikes out swinging.,T,,,,,,,,,,543543,,,T,1,Strikeout,strikeout,,,,,592663
718779,2023-03-30,3,Bot,22,0,0,1,1,140,143,669701,605400,,,,,,,,,,,,,,,,,,,,,,,,,592663
718779,2023-03-30,3,Bot,22,1,0,2,1,140,143,669701,605400,,,,,,,,,,,,,,,,,,,,,,,,,592663
718779,2023-03-30,3,Bot,22,2,0,2,1,140,143,669701,605400,,,,,,,,,,,,,,,,,,,,,,,,,592663
718779,2023-03-30,3,Bot,22,3,0,3,1,140,143,669701,605400,strikeout,Strikeout,Josh H. Smith strikes out swinging.,T,,,,,,,,,,669701,,,T,2,Strikeout,strikeout,,,,,592663
718779,2023-03-30,3,Bot,23,0,0,0,2,140,143,543760,605400,field_out,Groundout,"Marcus Semien grounds out, third baseman Alec Bohm to first baseman Darick Hall.",T,,,,,,,,,,543760,,,T,3,Groundout,field_out,,,,,592663
718779,2023-03-30,4,Top,24,0,0,1,0,140,143,681082,594798,,,,,,,,,,,,,,,,,,,,,,,,,641680
718779,2023-03-30,4,Top,24,1,0,2,0,140,143,681082,594798,,,,,,,,,,,,,,,,,,,,,,,,,641680
718779,2023-03-30,4,Top,24,2,1,2,0,140,143,681082,594798,,,,,,,,,,,,,,,,,,,,,,,,,641680
718779,2023-03-30,4,Top,24,3,1,2,0,140,143,681082,594798,,,,,,,,,,,,,,,,,,,,,,,,,641680
718779,2023-03-30,4,Top,24,4,1,3,0,140,143,681082,594798,strikeout,Strikeout,Bryson Stott strikes out swinging.,T,,,,,,,,,,681082,,,T,1,Strikeout,strikeout,,,,,641680
718779,2023-03-30,4,Top,25,0,0,1,1,140,143,664761,594798,,,,,,,,,,,,,,,,,,,,,,,,,641680
718779,2023-03-30,4,Top,25,1,0,2,1,140,143,664761,594798,,,,,,,,,,,,,,,,,,,,,,,,,641680
718779,2023-03-30,4,Top,25,2,0,2,1,140,143,664761,594798,double,Double,Alec Bohm doubles (1) on a line drive to right fielder Robbie Grossman.,T,,,,,,,,,,664761,,2B,,,Double,double,,,,,641680
718779,2023-03-30,4,Top,26,0,0,1,1,140,143,595909,594798,,,,,,,,,,,,,,,,,,,,,,,,,641680
718779,2023-03-30,4,Top,26,1,1,1,1,140,143,595909,594798,,,,,,,,,,,,,,,,,,,,,,,,,641680
718779,2023-03-30,4,Top,26,2,2,1,1,140,143,595909,594798,,,,,,,,,,,,,,,,,,,,,,,,,641680
718779,2023-03-30,4,Top,26,3,2,1,1,140,143,595909,594798,,,,,,,,,,,,,,,,,,,,,,,,,641680
718779,2023-03-30,4,Top,26,4,2,1,1,140,143,595909,594798,,,,,,,,,,,,,,,,,,,,,,,,,641680
718779,2023-03-30,4,Top,26,5,3,1,1,140,143,595909,594798,,,,,,,,,,,,,,,,,,,,,,,,,641680
718779,2023-03-30,4,Top,26,6,3,1,1,140,143,595909,594798,field_out,Lineout,Jake Cave lines out sharply to center fielder Adolis Garcia.,T,,,,,,,,,,595909,,,T,2,Lineout,field_out,,,,,641680
718779,2023-03-30,4,Top,27,0,0,0,2,140,143,669016,666142,,,,,,,,,,,,,,,,,,,,,,,,,641680
718779,2023-03-30,4,Top,27,1,0,0,2,140,143,669016,666142,,,,,,,,,,,,,,,,,,,,,,,,,641680
718779,2023-03-30,4,Top,27,2,1,0,2,140,143,669016,666142,,,,,,,,,,,,,,,,,,,,,,,,,641680
718779,2023-03-30,4,Top,27,3,1,1,2,140,143,669016,666142,,,,,,,,,,,,,,,,,,,,,,,,,641680
718779,2023-03-30,4,Top,27,4,1,1,2,140,143,669016,666142,double,Double,Brandon Marsh doubles (1) on a sharp ground ball to left fielder Josh H. Smith. Alec Bohm scores.,T,,,,,,,,,,669016,,2B,,,Double,double,,,,,641680
718779,2023-03-30,4,Top,28,0,1,0,2,140,143,607208,666142,,,,,,,,,,,,,,,,,,,,,,,,,641680
718779,2023-03-30,4,Top,28,1,2,0,2,140,143,607208,666142,,,,,,,,,,,,,,,,,,,,,,,,,641680
718779,2023-03-30,4,Top,28,2,3,0,2,140,143,607208,666142,,,,,,,,,,,,,,,,,,,,,,,,,641680
718779,2023-03-30,4,Top,28,3,4,0,2,140,143,607208,666142,intent_walk,Intent Walk,Cole Ragans intentionally walks Trea Turner.,T,,,,,,,,,,607208,,1B,,,Intent Walk,intent_walk,,,,,641680
718779,2023-03-30,4,Top,29,0,1,0,2,140,143,656941,666142,,,,,,,,,,,,,,,,,,,,,,,,,641680
718779,2023-03-30,4,Top,29,1,1,0,2,140,143,656941,666142,field_out,Flyout,Kyle Schwarber flies out to left fielder Josh H. Smith.,T,,,,,,,,,,656941,,,T,3,Flyout,field_out,,,,,641680
718779,2023-03-30,4,Bot,30,0,0,1,0,140,143,608369,605400,,,,,,,,,,,,,,,,,,,,,,,,,592663
718779,2023-03-30,4,Bot,30,1,0,2,0,140,143,608369,605400,,,,,,,,,,,,,,,,,,,,,,,,,592663
718779,2023-03-30,4,Bot,30,2,1,2,0,140,143,608369,605400,,,,,,,,,,,,,,,,,,,,,,,,,592663
718779,2023-03-30,4,Bot,30,3,1,2,0,140,143,608369,605400,,,,,,,,,,,,,,,,,,,,,,,,,592663
718779,2023-03-30,4,Bot,30,4,2,2,0,140,143,608369,605400,,,,,,,,,,,,,,,,,,,,,,,,,592663
718779,2023-03-30,4,Bot,30,5,2,2,0,140,143,608369,605400,,,,,,,,,,,,,,,,,,,,,,,,,592663
718779,2023-03-30,4,Bot,30,6,3,2,0,140,143,608369,605400,,,,,,,,,,,,,,,,,,,,,,,,,592663
718779,2023-03-30,4,Bot,30,7,3,2,0,140,143,608369,605400,,,,,,,,,,,,,,,,,,,,,,,,,592663
718779,2023-03-30,4,Bot,30,8,3,2,0,140,143,608369,605400,,,,,,,,,,,,,,,,,,,,,,,,,592663
718779,2023-03-30,4,Bot,30,9,3,2,0,140,143,608369,605400,single,Single,Corey Seager singles on a sharp line drive to center fielder Brandon Marsh.,T,,,,,,,,,,608369,,1B,,,Single,single,,,,,592663
718779,2023-03-30,4,Bot,31,0,0,1,0,140,143,663993,605400,,,,,,,,,,,,,,,,,,,,,,,,,592663
718779,2023-03-30,4,Bot,31,1,0,1,0,140,143,663993,605400,field_out,Groundout,Nathaniel Lowe grounds out to first baseman Darick Hall. Corey Seager to 2nd.,T,,,,,,,,,,663993,,,T,1,Groundout,field_out,,,,,592663
718779,2023-03-30,4,Bot,32,0,0,1,1,140,143,666969,605400,,,,,,,,,,,,,,,,,,,,,,,,,592663
718779,2023-03-30,4,Bot,32,1,0,2,1,140,143,666969,605400,,,,,,,,,,,,,,,,,,,,,,,,,592663
718779,2023-03-30,4,Bot,32,2,0,2,1,140,143,666969,605400,single,Single,Adolis Garcia singles on a line drive to left fielder Jake Cave. Corey Seager to 3rd.,T,,,,,,,,,,666969,,1B,,,Single,single,,,,,592663
718779,2023-03-30,4,Bot,33,0,0,0,1,140,143,673962,605400,,,,,,,,,,,,,,,,,,,,,,,,,592663
718779,2023-03-30,4,Bot,33,1,1,0,1,140,143,673962,605400,,,,,,,,,,,,,,,,,,,,,,,,,592663
718779,2023-03-30,4,Bot,33,2,2,0,1,140,143,673962,605400,,,,,,,,,,,,,,,,,,,,,,,,,592663
718779,2023-03-30,4,Bot,33,3,2,1,1,140,143,673962,605400,,,,,,,,,,,,,,,,,,,,,,,,,592663
718779,2023-03-30,4,Bot,33,4,2,2,1,140,143,673962,605400,,,,,,,,,,,,,,,,,,,,,,,,,592663
718779,2023-03-30,4,Bot,33,5,3,2,1,140,143,673962,605400,,,,,,,,,,,,,,,,,,,,,,,,,592663
718779,2023-03-30,4,Bot,33,6,4,2,1,140,143,673962,605400,walk,Walk,Josh Jung walks. Adolis Garcia to 2nd.,T,,,,,,,,,,666969,1B,2B,,,Walk,walk,r_adv_force,,,,592663
718779,2023-03-30,4,Bot,34,0,1,0,1,140,143,641680,605400,,,,,,,,,,,,,,,,,,,,,,,,,592663
718779,2023-03-30,4,Bot,34,1,1,1,1,140,143,641680,605400,,,,,,,,,,,,,,,,,,,,,,,,,592663
718779,2023-03-30,4,Bot,34,2,1,1,1,140,143,641680,605400,double,Double,Jonah Heim doubles (1) on a line drive to right fielder Nick Castellanos. Corey Seager scores. Adolis Garcia scores. Josh Jung to 3rd.,T,,,,,,,,,,641680,,2B,,,Double,double,,,,,592663
718779,2023-03-30,4,Bot,35,0,1,0,1,140,143,543257,605400,,,,,,,,,,,,,,,,,,,,,,,,,592663
718779,2023-03-30,4,Bot,35,1,2,0,1,140,143,543257,605400,,,,,,,,,,,,,,,,,,,,,,,,,592663
718779,2023-03-30,4,Bot,35,2,2,0,1,140,143,543257,605400,home_run,Home Run,Robbie Grossman homers (1) on a fly ball to right center field. Josh Jung scores. Jonah Heim scores.,T,,,,,,,,,,543257,,score,,,Home Run,home_run,,T,T,T,592663
718779,2023-03-30,4,Bot,36,0,1,0,1,140,143,543543,605400,,,,,,,,,,,,,,,,,,,,,,,,,592663
718779,2023-03-30,4,Bot,36,1,1,1,1,140,143,543543,605400,,,,,,,,,,,,,,,,,,,,,,,,,592663
718779,2023-03-30,4,Bot,36,2,1,2,1,140,143,543543,605400,,,,,,,,,,,,,,,,,,,,,,,,,592663
718779,2023-03-30,4,Bot,36,3,1,2,1,140,143,543543,605400,field_out,Groundout,"Brad Miller grounds out sharply, second baseman Bryson Stott to first baseman Darick Hall.",T,,,,,,,,,,543543,,,T,2,Groundout,field_out,,,,,592663
718779,2023-03-30,4,Bot,37,0,0,0,2,140,143,669701,642397,,,,,,,,,,,,,,,,,,,,,,,,,592663
718779,2023-03-30,4,Bot,37,1,0,0,2,140,143,669701,642397,,,,,,,,,,,,,,,,,,,,,,,,,592663
718779,2023-03-30,4,Bot,37,2,0,1,2,140,143,669701,642397,,,,,,,,,,,,,,,,,,,,,,,,,592663
718779,2023-03-30,4,Bot,37,3,1,1,2,140,143,669701,642397,,,,,,,,,,,,,,,,,,,,,,,,,592663
718779,2023-03-30,4,Bot,37,4,2,1,2,140,143,669701,642397,,,,,,,,,,,,,,,,,,,,,,,,,592663
718779,2023-03-30,4,Bot,37,5,3,1,2,140,143,669701,642397,,,,,,,,,,,,,,,,,,,,,,,,,592663
718779,2023-03-30,4,Bot,37,6,4,1,2,140,143,669701,642397,walk,Walk,Josh H. Smith walks.,T,,,,,,,,,,669701,,1B,,,Walk,walk,,,,,592663
718779,2023-03-30,4,Bot,38,0,0,1,2,140,143,543760,642397,,,,,,,,,,,,,,,,,,,,,,,,,592663
718779,2023-03-30,4,Bot,38,1,0,2,2,140,143,543760,642397,,,,,,,,,,,,,,,,,,,,,,,,,592663
718779,2023-03-30,4,Bot,38,2,1,2,2,140,143,543760,642397,,,,,,,,,,,,,,,,,,,,,,,,,592663
718779,2023-03-30,4,Bot,38,3,1,2,2,140,143,543760,642397,single,Single,Marcus Semien singles on a fly ball to right fielder Nick Castellanos. Josh H. Smith to 3rd.,T,,,,,,,,,,543760,,1B,,,Single,single,,,,,592663
718779,2023-03-30,4,Bot,39,0,0,1,2,140,143,608369,642397,,,,,,,,,,,,,,,,,,,,,,,,,592663
718779,2023-03-30,4,Bot,39,1,1,1,2,140,143,608369,642397,,,,,,,,,,,,,,,,,,,,,,,,,592663
718779,2023-03-30,4,Bot,39,2,2,1,2,140,143,608369,642397,,,,,,,,,,,,,,,,,,,,,,,,,592663
718779,2023-03-30,4,Bot,39,3,2,2,2,140,143,608369,642397,,,,,,,,,,,,,,,,,,,,,,,,,592663
718779,2023-03-30,4,Bot,39,4,3,2,2,140,143,608369,642397,,,,,,,,,,,,,,,,,,,,,,,,,592663
718779,2023-03-30,4,Bot,39,5,3,2,2,140,143,608369,642397,,,,,,,,,,,,,,,,,,,,,,,,,592663
718779,2023-03-30,4,Bot,39,6,4,2,2,140,143,608369,642397,walk,Walk,Corey Seager walks.,T,T,,,,,,,,,543760,1B,2B,,,Stolen Base 2B,stolen_base_2b,r_stolen_base_2b,,,,592663
718779,2023-03-30,4,Bot,40,0,1,0,2,140,143,663993,642397,,,,,,,,,,,,,,,,,,,,,,,,,592663
718779,2023-03-30,4,Bot,40,1,2,0,2,140,143,663993,642397,,,,,,,,,,,,,,,,,,,,,,,,,592663
718779,2023-03-30,4,Bot,40,2,2,0,2,140,143,663993,642397,,,,,,,,,,,,,,,,,,,,,,,,,592663
718779,2023-03-30,4,Bot,40,3,2,1,2,140,143,663993,642397,,,,,,,,,,,,,,,,,,,,,,,,,592663
718779,2023-03-30,4,Bot,40,4,2,1,2,140,143,663993,642397,single,Single,Nathaniel Lowe singles on a ground ball to pitcher Gregory Soto. Josh H. Smith scores. Marcus Semien to 3rd. Corey Seager to 2nd.,T,,,,,,,,,,663993,,1B,,,Single,single,,,,,592663
718779,2023-03-30,4,Bot,41,0,0,0,2,140,143,666969,641401,,,,,,,,,,,,,,,,,,,,,,,,,592663
718779,2023-03-30,4,Bot,41,1,0,0,2,140,143,666969,641401,,,,,,,,,,,,,,,,,,,,,,,,,592663
718779,2023-03-30,4,Bot,41,2,1,0,2,140,143,666969,641401,,,,,,,,,,,,,,,,,,,,,,,,,592663
718779,2023-03-30,4,Bot,41,3,2,0,2,140,143,666969,641401,,,,,,,,,,,,,,,,,,,,,,,,,592663
718779,2023-03-30,4,Bot,41,4,2,1,2,140,143,666969,641401,,,,,,,,,,,,,,,,,,,,,,,,,592663
718779,2023-03-30,4,Bot,41,5,2,2,2,140,143,666969,641401,,,,,,,,,,,,,,,,,,,,,,,,,592663
718779,2023-03-30,4,Bot,41,6,2,2,2,140,143,666969,641401,,,,,,,,,,,,,,,,,,,,,,,,,592663
718779,2023-03-30,4,Bot,41,7,2,2,2,140,143,666969,641401,single,Single,"Adolis Garcia singles on a sharp line drive to right fielder Nick Castellanos. Corey Seager scores. Nathaniel Lowe scores. Adolis Garcia out at 2nd on the throw, right fielder Nick Castellanos to shortstop Trea Turner.",T,,,,,,,,,,543760,3B,score,,,Passed Ball,passed_ball,r_adv_play,T,,T,592663
718779,2023-03-30,5,Top,42,0,0,0,0,140,143,592663,656271,,,,,,,,,,,,,,,,,,,,,,,,,641680
718779,2023-03-30,5,Top,42,1,1,0,0,140,143,592663,656271,,,,,,,,,,,,,,,,,,,,,,,,,641680
718779,2023-03-30,5,Top,42,2,1,1,0,140,143,592663,656271,,,,,,,,,,,,,,,,,,,,,,,,,641680
718779,2023-03-30,5,Top,42,3,2,1,0,140,143,592663,656271,,,,,,,,,,,,,,,,,,,,,,,,,641680
718779,2023-03-30,5,Top,42,4,3,1,0,140,143,592663,656271,,,,,,,,,,,,,,,,,,,,,,,,,641680
718779,2023-03-30,5,Top,42,5,3,2,0,140,143,592663,656271,,,,,,,,,,,,,,,,,,,,,,,,,641680
718779,2023-03-30,5,Top,42,6,3,2,0,140,143,592663,656271,,,,,,,,,,,,,,,,,,,,,,,,,641680
718779,2023-03-30,5,Top,42,7,3,2,0,140,143,592663,656271,field_out,Pop Out,J.T. Realmuto pops out to second baseman Marcus Semien.,T,,,,,,,,,,592663,,,T,1,Pop Out,field_out,,,,,641680
718779,2023-03-30,5,Top,43,0,0,1,1,140,143,669742,656271,,,,,,,,,,,,,,,,,,,,,,,,,641680
718779,2023-03-30,5,Top,43,1,0,2,1,140,143,669742,656271,,,,,,,,,,,,,,,,,,,,,,,,,641680
718779,2023-03-30,5,Top,43,2,1,2,1,140,143,669742,656271,,,,,,,,,,,,,,,,,,,,,,,,,641680
718779,2023-03-30,5,Top,43,3,1,2,1,140,143,669742,656271,field_out,Groundout,Darick Hall grounds out to first baseman Nathaniel Lowe.,T,,,,,,,,,,669742,,,T,2,Groundout,field_out,,,,,641680
718779,2023-03-30,5,Top,44,0,0,1,2,140,143,592206,656271,,,,,,,,,,,,,,,,,,,,,,,,,641680
718779,2023-03-30,5,Top,44,1,0,1,2,140,143,592206,656271,single,Single,Nick Castellanos singles on a ground ball to third baseman Josh Jung.,T,,,,,,,,,,592206,,1B,,,Single,single,,,,,641680
718779,2023-03-30,5,Top,45,0,0,1,2,140,143,681082,656271,,,,,,,,,,,,,,,,,,,,,,,,,641680
718779,2023-03-30,5,Top,45,1,0,2,2,140,143,681082,656271,,,,,,,,,,,,,,,,,,,,,,,,,641680
718779,2023-03-30,5,Top,45,2,0,2,2,140,143,681082,656271,single,Single,Bryson Stott singles on a ground ball to left fielder Josh H. Smith. Nick Castellanos to 2nd.,T,,,,,,,,,,681082,,1B,,,Single,single,,,,,641680
718779,2023-03-30,5,Top,46,0,0,1,2,140,143,664761,656271,,,,,,,,,,,,,,,,,,,,,,,,,641680
718779,2023-03-30,5,Top,46,1,0,2,2,140,143,664761,656271,,,,,,,,,,,,,,,,,,,,,,,,,641680
718779,2023-03-30,5,Top,46,2,0,2,2,140,143,664761,656271,,,,,,,,,,,,,,,,,,,,,,,,,641680
718779,2023-03-30,5,Top,46,3,0,2,2,140,143,664761,656271,,,,,,,,,,,,,,,,,,,,,,,,,641680
718779,2023-03-30,5,Top,46,4,0,2,2,140,143,664761,656271,,,,,,,,,,,,,,,,,,,,,,,,,641680
718779,2023-03-30,5,Top,46,5,1,2,2,140,143,664761,656271,,,,,,,,,,,,,,,,,,,,,,,,,641680
718779,2023-03-30,5,Top,46,6,1,2,2,140,143,664761,656271,single,Single,Alec Bohm singles on a ground ball to center fielder Adolis Garcia. Nick Castellanos scores. Bryson Stott to 3rd.,T,,,,,,,,,,664761,,1B,,,Single,single,,,,,641680
718779,2023-03-30,5,Top,47,0,0,0,2,140,143,595909,656271,,,,,,,,,,,,,,,,,,,,,,,,,641680
718779,2023-03-30,5,Top,47,1,0,1,2,140,143,595909,656271,,,,,,,,,,,,,,,,,,,,,,,,,641680
718779,2023-03-30,5,Top,47,2,1,1,2,140,143,595909,656271,,,,,,,,,,,,,,,,,,,,,,,,,641680
718779,2023-03-30,5,Top,47,3,1,2,2,140,143,595909,656271,,,,,,,,,,,,,,,,,,,,,,,,,641680
718779,2023-03-30,5,Top,47,4,1,3,2,140,143,595909,656271,strikeout,Strikeout,Jake Cave strikes out swinging.,T,,,,,,,,,,595909,,,T,3,Strikeout,strikeout,,,,,641680
718779,2023-03-30,5,Bot,48,0,1,0,0,140,143,673962,641401,,,,,,,,,,,,,,,,,,,,,,,,,592663
718779,2023-03-30,5,Bot,48,1,1,1,0,140,143,673962,641401,,,,,,,,,,,,,,,,,,,,,,,,,592663
718779,2023-03-30,5,Bot,48,2,1,2,0,140,143,673962,641401,,,,,,,,,,,,,,,,,,,,,,,,,592663
718779,2023-03-30,5,Bot,48,3,1,2,0,140,143,673962,641401,,,,,,,,,,,,,,,,,,,,,,,,,592663
718779,2023-03-30,5,Bot,48,4,2,2,0,140,143,673962,641401,,,,,,,,,,,,,,,,,,,,,,,,,592663
718779,2023-03-30,5,Bot,48,5,2,2,0,140,143,673962,641401,,,,,,,,,,,,,,,,,,,,,,,,,592663
718779,2023-03-30,5,Bot,48,6,2,2,0,140,143,673962,641401,,,,,,,,,,,,,,,,,,,,,,,,,592663
718779,2023-03-30,5,Bot,48,7,2,3,0,140,143,673962,641401,strikeout,Strikeout,Josh Jung strikes out swinging.,T,,,,,,,,,,673962,,,T,1,Strikeout,strikeout,,,,,592663
718779,2023-03-30,5,Bot,49,0,1,0,1,140,143,641680,641401,,,,,,,,,,,,,,,,,,,,,,,,,592663
718779,2023-03-30,5,Bot,49,1,2,0,1,140,143,641680,641401,,,,,,,,,,,,,,,,,,,,,,,,,592663
718779,2023-03-30,5,Bot,49,2,2,1,1,140,143,641680,641401,,,,,,,,,,,,,,,,,,,,,,,,,592663
718779,2023-03-30,5,Bot,49,3,3,1,1,140,143,641680,641401,,,,,,,,,,,,,,,,,,,,,,,,,592663
718779,2023-03-30,5,Bot,49,4,3,2,1,140,143,641680,641401,,,,,,,,,,,,,,,,,,,,,,,,,592663
718779,2023-03-30,5,Bot,49,5,3,2,1,140,143,641680,641401,,,,,,,,,,,,,,,,,,,,,,,,,592663
718779,2023-03-30,5,Bot,49,6,3,2,1,140,143,641680,641401,,,,,,,,,,,,,,,,,,,,,,,,,592663
718779,2023-03-30,5,Bot,49,7,3,2,1,140,143,641680,641401,single,Single,Jonah Heim singles on a line drive to left fielder Jake Cave.,T,,,,,,,,,,641680,,1B,,,Single,single,,,,,592663
718779,2023-03-30,5,Bot,50,0,0,0,1,140,143,543257,641401,field_out,Lineout,Robbie Grossman lines out to second baseman Bryson Stott.,T,,,,,,,,,,543257,,,T,2,Lineout,field_out,,,,,592663
718779,2023-03-30,5,Bot,51,0,1,0,2,140,143,543543,641401,,,,,,,,,,,,,,,,,,,,,,,,,592663
718779,2023-03-30,5,Bot,51,1,2,0,2,140,143,543543,641401,,,,,,,,,,,,,,,,,,,,,,,,,592663
718779,2023-03-30,5,Bot,51,2,2,1,2,140,143,543543,641401,,,,,,,,,,,,,,,,,,,,,,,,,592663
718779,2023-03-30,5,Bot,51,3,2,2,2,140,143,543543,641401,,,,,,,,,,,,,,,,,,,,,,,,,592663
718779,2023-03-30,5,Bot,51,4,3,2,2,140,143,543543,641401,,,,,,,,,,,,,,,,,,,,,,,,,592663
718779,2023-03-30,5,Bot,51,5,3,2,2,140,143,543543,641401,,,,,,,,,,,,,,,,,,,,,,,,,592663
718779,2023-03-30,5,Bot,51,6,3,2,2,140,143,543543,641401,,,,,,,,,,,,,,,,,,,,,,,,,592663
718779,2023-03-30,5,Bot,51,7,3,2,2,140,143,543543,641401,home_run,Home Run,Brad Miller homers (1) on a line drive to left center field. Jonah Heim scores.,T,,,,,,,,,,543543,,score,,,Home Run,home_run,,T,T,T,592663
718779,2023-03-30,5,Bot,52,0,0,0,2,140,143,669352,607755,,,,,,,,,,,,,,,,,,,,,,,,,592663
718779,2023-03-30,5,Bot,52,1,0,0,2,140,143,669352,607755,,,,,,,,,,,,,,,,,,,,,,,,,592663
718779,2023-03-30,5,Bot,52,2,0,0,2,140,143,669352,607755,,,,,,,,,,,,,,,,,,,,,,,,,592663
718779,2023-03-30,5,Bot,52,3,0,0,2,140,143,669352,607755,field_out,Pop Out,Bubba Thompson pops out to first baseman Darick Hall in foul territory.,T,,,,,,,,,,669352,,,T,3,Pop Out,field_out,,,,,592663
718779,2023-03-30,6,Top,53,0,0,0,0,140,143,669016,656271,,,,,,,,,,,,,,,,,,,,,,,,,641680
718779,2023-03-30,6,Top,53,1,0,0,0,140,143,669016,656271,,,,,,,,,,,,,,,,,,,,,,,,,641680
718779,2023-03-30,6,Top,53,2,0,0,0,140,143,669016,656271,,,,,,,,,,,,,,,,,,,,,,,,,641680
718779,2023-03-30,6,Top,53,3,0,1,0,140,143,669016,656271,,,,,,,,,,,,,,,,,,,,,,,,,641680
718779,2023-03-30,6,Top,53,4,1,1,0,140,143,669016,656271,,,,,,,,,,,,,,,,,,,,,,,,,641680
718779,2023-03-30,6,Top,53,5,2,1,0,140,143,669016,656271,,,,,,,,,,,,,,,,,,,,,,,,,641680
718779,2023-03-30,6,Top,53,6,2,2,0,140,143,669016,656271,,,,,,,,,,,,,,,,,,,,,,,,,641680
718779,2023-03-30,6,Top,53,7,2,3,0,140,143,669016,656271,strikeout,Strikeout,Brandon Marsh strikes out swinging.,T,,,,,,,,,,669016,,,T,1,Strikeout,strikeout,,,,,641680
718779,2023-03-30,6,Top,54,0,0,1,1,140,143,607208,656271,,,,,,,,,,,,,,,,,,,,,,,,,641680
718779,2023-03-30,6,Top,54,1,1,1,1,140,143,607208,656271,,,,,,,,,,,,,,,,,,,,,,,,,641680
718779,2023-03-30,6,Top,54,2,2,1,1,140,143,607208,656271,,,,,,,,,,,,,,,,,,,,,,,,,641680
718779,2023-03-30,6,Top,54,3,2,2,1,140,143,607208,656271,,,,,,,,,,,,,,,,,,,,,,,,,641680
718779,2023-03-30,6,Top,54,4,2,2,1,140,143,607208,656271,field_out,Flyout,Trea Turner flies out to right fielder Adolis Garcia.,T,,,,,,,,,,607208,,,T,2,Flyout,field_out,,,,,641680
718779,2023-03-30,6,Top,55,0,0,1,2,140,143,656941,656271,,,,,,,,,,,,,,,,,,,,,,,,,641680
718779,2023-03-30,6,Top,55,1,0,2,2,140,143,656941,656271,,,,,,,,,,,,,,,,,,,,,,,,,641680
718779,2023-03-30,6,Top,55,2,0,3,2,140,143,656941,656271,strikeout,Strikeout,Kyle Schwarber strikes out swinging.,T,,,,,,,,,,656941,,,T,3,Strikeout,strikeout,,,,,641680
718779,2023-03-30,6,Bot,56,0,1,0,0,140,143,543760,607755,,,,,,,,,,,,,,,,,,,,,,,,,592663
718779,2023-03-30,6,Bot,56,1,1,1,0,140,143,543760,607755,,,,,,,,,,,,,,,,,,,,,,,,,592663
718779,2023-03-30,6,Bot,56,2,2,1,0,140,143,543760,607755,,,,,,,,,,,,,,,,,,,,,,,,,592663
718779,2023-03-30,6,Bot,56,3,2,2,0,140,143,543760,607755,,,,,,,,,,,,,,,,,,,,,,,,,592663
718779,2023-03-30,6,Bot,56,4,2,2,0,140,143,543760,607755,single,Single,Marcus Semien singles on a ground ball to third baseman Alec Bohm.,T,,,,,,,,,,543760,,1B,,,Single,single,,,,,592663
718779,2023-03-30,6,Bot,57,0,0,1,0,140,143,608369,607755,,,,,,,,,,,,,,,,,,,,,,,,,592663
718779,2023-03-30,6,Bot,57,1,1,1,0,140,143,608369,607755,,,,,,,,,,,,,,,,,,,,,,,,,592663
718779,2023-03-30,6,Bot,57,2,1,2,0,140,143,608369,607755,,,,,,,,,,,,,,,,,,,,,,,,,592663
718779,2023-03-30,6,Bot,57,3,1,2,0,140,143,608369,607755,,,,,,,,,,,,,,,,,,,,,,,,,592663
718779,2023-03-30,6,Bot,57,4,2,2,0,140,143,608369,607755,,,,,,,,,,,,,,,,,,,,,,,,,592663
718779,2023-03-30,6,Bot,57,5,2,2,0,140,143,608369,607755,grounded_into_double_play,Grounded Into DP,"Corey Seager grounds into a double play, second baseman Bryson Stott to shortstop Trea Turner to first baseman Darick Hall. Marcus Semien out at 2nd. Corey Seager out at 1st.",T,,,,,,,,,,543760,1B,,T,1,Grounded Into DP,grounded_into_double_play,r_force_out,,,,592663
718779,2023-03-30,6,Bot,58,0,1,0,2,140,143,663993,607755,,,,,,,,,,,,,,,,,,,,,,,,,592663
718779,2023-03-30,6,Bot,58,1,2,0,2,140,143,663993,607755,,,,,,,,,,,,,,,,,,,,,,,,,592663
718779,2023-03-30,6,Bot,58,2,3,0,2,140,143,663993,607755,,,,,,,,,,,,,,,,,,,,,,,,,592663
718779,2023-03-30,6,Bot,58,3,4,0,2,140,143,663993,607755,walk,Walk,Nathaniel Lowe walks.,T,,,,,,,,,,663993,,1B,,,Walk,walk,,,,,592663
718779,2023-03-30,6,Bot,59,0,1,0,2,140,143,666969,607755,,,,,,,,,,,,,,,,,,,,,,,,,592663
718779,2023-03-30,6,Bot,59,1,1,1,2,140,143,666969,607755,,,,,,,,,,,,,,,,,,,,,,,,,592663
718779,2023-03-30,6,Bot,59,2,2,1,2,140,143,666969,607755,,,,,,,,,,,,,,,,,,,,,,,,,592663
718779,2023-03-30,6,Bot,59,3,3,1,2,140,143,666969,607755,,,,,,,,,,,,,,,,,,,,,,,,,592663
718779,2023-03-30,6,Bot,59,4,3,2,2,140,143,666969,607755,,,,,,,,,,,,,,,,,,,,,,,,,592663
718779,2023-03-30,6,Bot,59,5,3,2,2,140,143,666969,607755,field_out,Flyout,Adolis Garcia flies out to left fielder Jake Cave.,T,,,,,,,,,,666969,,,T,3,Flyout,field_out,,,,,592663
718779,2023-03-30,7,Top,60,0,0,0,0,140,143,592663,642546,,,,,,,,,,,,,,,,,,,,,,,,,641680
718779,2023-03-30,7,Top,60,1,1,0,0,140,143,592663,642546,,,,,,,,,,,,,,,,,,,,,,,,,641680
718779,2023-03-30,7,Top,60,2,1,0,0,140,143,592663,642546,triple,Triple,J.T. Realmuto triples (1) on a sharp fly ball to center fielder Bubba Thompson.,T,,,,,,,,,,592663,,3B,,,Triple,triple,,,,,641680
718779,2023-03-30,7,Top,61,0,0,1,0,140,143,669742,642546,,,,,,,,,,,,,,,,,,,,,,,,,641680
718779,2023-03-30,7,Top,61,1,0,2,0,140,143,669742,642546,,,,,,,,,,,,,,,,,,,,,,,,,641680
718779,2023-03-30,7,Top,61,2,1,2,0,140,143,669742,642546,,,,,,,,,,,,,,,,,,,,,,,,,641680
718779,2023-03-30,7,Top,61,3,1,2,0,140,143,669742,642546,field_out,Groundout,"Darick Hall grounds out, second baseman Marcus Semien to first baseman Nathaniel Lowe. J.T. Realmuto scores.",T,,,,,,,,,,669742,,,T,1,Groundout,field_out,,,,,641680
718779,2023-03-30,7,Top,62,0,0,1,1,140,143,592206,642546,,,,,,,,,,,,,,,,,,,,,,,,,641680
718779,2023-03-30,7,Top,62,1,0,2,1,140,143,592206,642546,,,,,,,,,,,,,,,,,,,,,,,,,641680
718779,2023-03-30,7,Top,62,2,1,2,1,140,143,592206,642546,,,,,,,,,,,,,,,,,,,,,,,,,641680
718779,2023-03-30,7,Top,62,3,2,2,1,140,143,592206,642546,,,,,,,,,,,,,,,,,,,,,,,,,641680
718779,2023-03-30,7,Top,62,4,3,2,1,140,143,592206,642546,,,,,,,,,,,,,,,,,,,,,,,,,641680
718779,2023-03-30,7,Top,62,5,3,3,1,140,143,592206,642546,strikeout,Strikeout,Nick Castellanos called out on strikes.,T,,,,,,,,,,592206,,,T,2,Strikeout,strikeout,,,,,641680
718779,2023-03-30,7,Top,63,0,0,1,2,140,143,681082,642546,,,,,,,,,,,,,,,,,,,,,,,,,641680
718779,2023-03-30,7,Top,63,1,0,1,2,140,143,681082,642546,field_out,Groundout,Bryson Stott grounds out to first baseman Nathaniel Lowe.,T,,,,,,,,,,681082,,,T,3,Groundout,field_out,,,,,641680
718779,2023-03-30,7,Bot,64,0,0,0,0,140,143,673962,571479,,,,,,,,,,,,,,,,,,,,,,,,,592663
718779,2023-03-30,7,Bot,64,1,1,0,0,140,143,673962,571479,,,,,,,,,,,,,,,,,,,,,,,,,592663
718779,2023-03-30,7,Bot,64,2,2,0,0,140,143,673962,571479,,,,,,,,,,,,,,,,,,,,,,,,,592663
718779,2023-03-30,7,Bot,64,3,2,1,0,140,143,673962,571479,,,,,,,,,,,,,,,,,,,,,,,,,592663
718779,2023-03-30,7,Bot,64,4,3,1,0,140,143,673962,571479,,,,,,,,,,,,,,,,,,,,,,,,,592663
718779,2023-03-30,7,Bot,64,5,3,2,0,140,143,673962,571479,,,,,,,,,,,,,,,,,,,,,,,,,592663
718779,2023-03-30,7,Bot,64,6,3,3,0,140,143,673962,571479,strikeout,Strikeout,Josh Jung strikes out swinging.,T,,,,,,,,,,673962,,,T,1,Strikeout,strikeout,,,,,592663
718779,2023-03-30,7,Bot,65,0,0,1,1,140,143,641680,571479,,,,,,,,,,,,,,,,,,,,,,,,,592663
718779,2023-03-30,7,Bot,65,1,0,1,1,140,143,641680,571479,field_out,Groundout,"Jonah Heim grounds out, second baseman Bryson Stott to first baseman Darick Hall.",T,,,,,,,,,,641680,,,T,2,Groundout,field_out,,,,,592663
718779,2023-03-30,7,Bot,66,0,1,0,2,140,143,543257,571479,,,,,,,,,,,,,,,,,,,,,,,,,592663
718779,2023-03-30,7,Bot,66,1,1,1,2,140,143,543257,571479,,,,,,,,,,,,,,,,,,,,,,,,,592663
718779,2023-03-30,7,Bot,66,2,2,1,2,140,143,543257,571479,,,,,,,,,,,,,,,,,,,,,,,,,592663
718779,2023-03-30,7,Bot,66,3,3,1,2,140,143,543257,571479,,,,,,,,,,,,,,,,,,,,,,,,,592663
718779,2023-03-30,7,Bot,66,4,3,2,2,140,143,543257,571479,,,,,,,,,,,,,,,,,,,,,,,,,592663
718779,2023-03-30,7,Bot,66,5,4,2,2,140,143,543257,571479,walk,Walk,Robbie Grossman walks.,T,,,,,,,,,,543257,,1B,,,Walk,walk,,,,,592663
718779,2023-03-30,7,Bot,67,0,0,1,2,140,143,543543,571479,,,,,,,,,,,,,,,,,,,,,,,,,592663
718779,2023-03-30,7,Bot,67,1,0,2,2,140,143,543543,571479,,,,,,,,,,,,,,,,,,,,,,,,,592663
718779,2023-03-30,7,Bot,67,2,0,2,2,140,143,543543,571479,,,,,,,,,,,,,,,,,,,,,,,,,592663
718779,2023-03-30,7,Bot,67,3,0,2,2,140,143,543543,571479,,,,,,,,,,,,,,,,,,,,,,,,,592663
718779,2023-03-30,7,Bot,67,4,0,3,2,140,143,543543,571479,strikeout,Strikeout,Brad Miller strikes out swinging.,T,,,,,,,,,,543543,,,T,3,Strikeout,strikeout,,,,,592663
718779,2023-03-30,8,Top,68,0,0,1,0,140,143,664761,642546,,,,,,,,,,,,,,,,,,,,,,,,,641680
718779,2023-03-30,8,Top,68,1,1,1,0,140,143,664761,642546,,,,,,,,,,,,,,,,,,,,,,,,,641680
718779,2023-03-30,8,Top,68,2,1,2,0,140,143,664761,642546,,,,,,,,,,,,,,,,,,,,,,,,,641680
718779,2023-03-30,8,Top,68,3,1,3,0,140,143,664761,642546,strikeout,Strikeout,Alec Bohm strikes out swinging.,T,,,,,,,,,,664761,,,T,1,Strikeout,strikeout,,,,,641680
718779,2023-03-30,8,Top,69,0,1,0,1,140,143,595909,642546,,,,,,,,,,,,,,,,,,,,,,,,,641680
718779,2023-03-30,8,Top,69,1,2,0,1,140,143,595909,642546,,,,,,,,,,,,,,,,,,,,,,,,,641680
718779,2023-03-30,8,Top,69,2,2,0,1,140,143,595909,642546,field_out,Flyout,Jake Cave flies out sharply to center fielder Bubba Thompson.,T,,,,,,,,,,595909,,,T,2,Flyout,field_out,,,,,641680
718779,2023-03-30,8,Top,70,0,1,0,2,140,143,669016,642546,,,,,,,,,,,,,,,,,,,,,,,,,641680
718779,2023-03-30,8,Top,70,1,1,0,2,140,143,669016,642546,field_out,Groundout,Brandon Marsh grounds out to first baseman Nathaniel Lowe.,T,,,,,,,,,,669016,,,T,3,Groundout,field_out,,,,,641680
718779,2023-03-30,8,Bot,71,0,0,0,0,140,143,669352,621381,,,,,,,,,,,,,,,,,,,,,,,,,592663
718779,2023-03-30,8,Bot,71,1,1,0,0,140,143,669352,621381,,,,,,,,,,,,,,,,,,,,,,,,,592663
718779,2023-03-30,8,Bot,71,2,1,1,0,140,143,669352,621381,,,,,,,,,,,,,,,,,,,,,,,,,592663
718779,2023-03-30,8,Bot,71,3,1,2,0,140,143,669352,621381,,,,,,,,,,,,,,,,,,,,,,,,,592663
718779,2023-03-30,8,Bot,71,4,1,2,0,140,143,669352,621381,,,,,,,,,,,,,,,,,,,,,,,,,592663
718779,2023-03-30,8,Bot,71,5,1,2,0,140,143,669352,621381,field_out,Pop Out,Bubba Thompson pops out to second baseman Bryson Stott.,T,,,,,,,,,,669352,,,T,1,Pop Out,field_out,,,,,592663
718779,2023-03-30,8,Bot,72,0,1,0,1,140,143,543760,621381,,,,,,,,,,,,,,,,,,,,,,,,,592663
718779,2023-03-30,8,Bot,72,1,2,0,1,140,143,543760,621381,,,,,,,,,,,,,,,,,,,,,,,,,592663
718779,2023-03-30,8,Bot,72,2,3,0,1,140,143,543760,621381,,,,,,,,,,,,,,,,,,,,,,,,,592663
718779,2023-03-30,8,Bot,72,3,3,1,1,140,143,543760,621381,,,,,,,,,,,,,,,,,,,,,,,,,592663
718779,2023-03-30,8,Bot,72,4,3,2,1,140,143,543760,621381,,,,,,,,,,,,,,,,,,,,,,,,,592663
718779,2023-03-30,8,Bot,72,5,3,3,1,140,143,543760,621381,strikeout,Strikeout,Marcus Semien strikes out swinging.,T,,,,,,,,,,543760,,,T,2,Strikeout,strikeout,,,,,592663
718779,2023-03-30,8,Bot,73,0,0,1,2,140,143,608369,621381,,,,,,,,,,,,,,,,,,,,,,,,,592663
718779,2023-03-30,8,Bot,73,1,1,1,2,140,143,608369,621381,,,,,,,,,,,,,,,,,,,,,,,,,592663
718779,2023-03-30,8,Bot,73,2,2,1,2,140,143,608369,621381,,,,,,,,,,,,,,,,,,,,,,,,,592663
718779,2023-03-30,8,Bot,73,3,2,2,2,140,143,608369,621381,,,,,,,,,,,,,,,,,,,,,,,,,592663
718779,2023-03-30,8,Bot,73,4,2,2,2,140,143,608369,621381,field_out,Groundout,"Corey Seager grounds out, pitcher Matt Strahm to first baseman Darick Hall.",T,,,,,,,,,,608369,,,T,3,Groundout,field_out,,,,,592663
718779,2023-03-30,9,Top,74,0,0,0,0,140,143,607208,600917,,,,,,,,,,,,,,,,,,,,,,,,,641680
718779,2023-03-30,9,Top,74,1,0,0,0,140,143,607208,600917,field_out,Pop Out,Trea Turner pops out to second baseman Marcus Semien.,T,,,,,,,,,,607208,,,T,1,Pop Out,field_out,,,,,641680
718779,2023-03-30,9,Top,75,0,0,1,1,140,143,656941,600917,,,,,,,,,,,,,,,,,,,,,,,,,641680
718779,2023-03-30,9,Top,75,1,1,1,1,140,143,656941,600917,,,,,,,,,,,,,,,,,,,,,,,,,641680
718779,2023-03-30,9,Top,75,2,1,2,1,140,143,656941,600917,,,,,,,,,,,,,,,,,,,,,,,,,641680
718779,2023-03-30,9,Top,75,3,1,2,1,140,143,656941,600917,,,,,,,,,,,,,,,,,,,,,,,,,641680
718779,2023-03-30,9,Top,75,4,1,2,1,140,143,656941,600917,field_out,Pop Out,Kyle Schwarber pops out to second baseman Marcus Semien.,T,,,,,,,,,,656941,,,T,2,Pop Out,field_out,,,,,641680
718779,2023-03-30,9,Top,76,0,1,0,2,140,143,592663,600917,,,,,,,,,,,,,,,,,,,,,,,,,641680
718779,2023-03-30,9,Top,76,1,2,0,2,140,143,592663,600917,,,,,,,,,,,,,,,,,,,,,,,,,641680
718779,2023-03-30,9,Top,76,2,2,0,2,140,143,592663,600917,single,Single,J.T. Realmuto singles on a fly ball to left fielder Robbie Grossman.,T,,,,,,,,,,592663,,1B,,,Single,single,,,,,641680
718779,2023-03-30,9,Top,77,0,1,0,2,140,143,669742,600917,,,,,,,,,,,,,,,,,,,,,,,,,641680
718779,2023-03-30,9,Top,77,1,1,0,2,140,143,669742,600917,,,,,,,,,,,,,,,,,,,,,,,,,641680
718779,2023-03-30,9,Top,77,2,1,1,2,140,143,669742,600917,,,,,,,,,,,,,,,,,,,,,,,,,641680
718779,2023-03-30,9,Top,77,3,2,1,2,140,143,669742,600917,,,,,,,,,,,,,,,,,,,,,,,,,641680
718779,2023-03-30,9,Top,77,4,3,1,2,140,143,669742,600917,,,,,,,,,,,,,,,,,,,,,,,,,641680
718779,2023-03-30,9,Top,77,5,3,2,2,140,143,669742,600917,,,,,,,,,,,,,,,,,,,,,,,,,641680
718779,2023-03-30,9,Top,77,6,3,2,2,140,143,669742,600917,,,,,,,,,,,,,,,,,,,,,,,,,641680
718779,2023-03-30,9,Top,77,7,4,2,2,140,143,669742,600917,walk,Walk,Darick Hall walks.,T,,,,,,,,,,592663,1B,2B,,,Defensive Indiff,defensive_indiff,r_defensive_indiff,,,,641680
718779,2023-03-30,9,Top,78,0,0,1,2,140,143,592206,600917,,,,,,,,,,,,,,,,,,,,,,,,,641680
718779,2023-03-30,9,Top,78,1,0,2,2,140,143,592206,600917,,,,,,,,,,,,,,,,,,,,,,,,,641680
718779,2023-03-30,9,Top,78,2,0,2,2,140,143,592206,600917,,,,,,,,,,,,,,,,,,,,,,,,,641680
718779,2023-03-30,9,Top,78,3,1,2,2,140,143,592206,600917,,,,,,,,,,,,,,,,,,,,,,,,,641680
718779,2023-03-30,9,Top,78,4,2,2,2,140,143,592206,600917,,,,,,,,,,,,,,,,,,,,,,,,,641680
718779,2023-03-30,9,Top,78,5,3,2,2,140,143,592206,600917,,,,,,,,,,,,,,,,,,,,,,,,,641680
718779,2023-03-30,9,Top,78,6,3,3,2,140,143,592206,600917,strikeout,Strikeout,Nick Castellanos strikes out swinging.,T,,,,,,,,,,592206,,,T,3,Strikeout,strikeout,,,,,641680
718773,2023-03-30,1,Top,0,0,0,0,0,113,134,665833,668881,,,,,,,,,,,,,,,,,,,,,,,,,571912
718773,2023-03-30,1,Top,0,1,0,0,0,113,134,665833,668881,,,,,,,,,,,,,,,,,,,,,,,,,571912
718773,2023-03-30,1,Top,0,2,0,0,0,113,134,665833,668881,,,,,,,,,,,,,,,,,,,,,,,,,571912
718773,2023-03-30,1,Top,0,3,0,0,0,113,134,665833,668881,field_out,Flyout,Oneil Cruz flies out to left fielder Will Benson.,T,,,,,,,,,,665833,,,T,1,Flyout,field_out,,,,,571912
718773,2023-03-30,1,Top,1,0,1,0,1,113,134,668804,668881,,,,,,,,,,,,,,,,,,,,,,,,,571912
718773,2023-03-30,1,Top,1,1,1,0,1,113,134,668804,668881,single,Single,Bryan Reynolds singles on a line drive to right fielder Wil Myers.,T,,,,,,,,,,668804,,1B,,,Single,single,,,,,571912
718773,2023-03-30,1,Top,2,0,0,1,1,113,134,457705,668881,,,,,,,,,,,,,,,,,,,,,,,,,571912
718773,2023-03-30,1,Top,2,1,1,1,1,113,134,457705,668881,,,,,,,,,,,,,,,,,,,,,,,,,571912
718773,2023-03-30,1,Top,2,2,1,1,1,113,134,457705,668881,,,,,,,,,,,,,,,,,,,,,,,,,571912
718773,2023-03-30,1,Top,2,3,1,2,1,113,134,457705,668881,,,,,,,,,,,,,,,,,,,,,,,,,571912
718773,2023-03-30,1,Top,2,4,2,2,1,113,134,457705,668881,,,,,,,,,,,,,,,,,,,,,,,,,571912
718773,2023-03-30,1,Top,2,5,3,2,1,113,134,457705,668881,,,,,,,,,,,,,,,,,,,,,,,,,571912
718773,2023-03-30,1,Top,2,6,3,2,1,113,134,457705,668881,,,,,,,,,,,,,,,,,,,,,,,,,571912
718773,2023-03-30,1,Top,2,7,3,2,1,113,134,457705,668881,,,,,,,,,,,,,,,,,,,,,,,,,571912
718773,2023-03-30,1,Top,2,8,3,2,1,113,134,457705,668881,,,,,,,,,,,,,,,,,,,,,,,,,571912
718773,2023-03-30,1,Top,2,9,4,2,1,113,134,457705,668881,walk,Walk,Andrew McCutchen walks. Bryan Reynolds to 2nd.,T,,,,,,,,,,668804,1B,2B,,,Walk,walk,r_adv_force,,,,571912
718773,2023-03-30,1,Top,3,0,0,1,1,113,134,467793,668881,,,,,,,,,,,,,,,,,,,,,,,,,571912
718773,2023-03-30,1,Top,3,1,0,2,1,113,134,467793,668881,,,,,,,,,,,,,,,,,,,,,,,,,571912
718773,2023-03-30,1,Top,3,2,1,2,1,113,134,467793,668881,,,,,,,,,,,,,,,,,,,,,,,,,571912
718773,2023-03-30,1,Top,3,3,1,3,1,113,134,467793,668881,strikeout,Strikeout,Carlos Santana strikes out swinging.,T,,,,,,,,,,467793,,,T,2,Strikeout,strikeout,,,,,571912
718773,2023-03-30,1,Top,4,0,0,1,2,113,134,675986,668881,,,,,,,,,,,,,,,,,,,,,,,,,571912
718773,2023-03-30,1,Top,4,1,0,2,2,113,134,675986,668881,,,,,,,,,,,,,,,,,,,,,,,,,571912
718773,2023-03-30,1,Top,4,2,0,2,2,113,134,675986,668881,,,,,,,,,,,,,,,,,,,,,,,,,571912
718773,2023-03-30,1,Top,4,3,1,2,2,113,134,675986,668881,,,,,,,,,,,,,,,,,,,,,,,,,571912
718773,2023-03-30,1,Top,4,4,1,3,2,113,134,675986,668881,strikeout,Strikeout,Canaan Smith-Njigba called out on strikes.,T,,,,,,,,,,675986,,,T,3,Strikeout,strikeout,,,,,571912
718773,2023-03-30,1,Bot,5,0,1,0,0,113,134,663697,656605,,,,,,,,,,,,,,,,,,,,,,,,,595978
718773,2023-03-30,1,Bot,5,1,2,0,0,113,134,663697,656605,,,,,,,,,,,,,,,,,,,,,,,,,595978
718773,2023-03-30,1,Bot,5,2,2,0,0,113,134,663697,656605,single,Single,Jonathan India singles on a line drive to center fielder Jack Suwinski.,T,,,,,,,,,,663697,,1B,,,Single,single,,,,,595978
718773,2023-03-30,1,Bot,6,0,1,0,0,113,134,670770,656605,,,,,,,,,,,,,,,,,,,,,,,,,595978
718773,2023-03-30,1,Bot,6,1,1,1,0,113,134,670770,656605,,,,,,,,,,,,,,,,,,,,,,,,,595978
718773,2023-03-30,1,Bot,6,2,2,1,0,113,134,670770,656605,,,,,,,,,,,,,,,,,,,,,,,,,595978
718773,2023-03-30,1,Bot,6,3,2,2,0,113,134,670770,656605,,,,,,,,,,,,,,,,,,,,,,,,,595978
718773,2023-03-30,1,Bot,6,4,3,2,0,113,134,670770,656605,,,,,,,,,,,,,,,,,,,,,,,,,595978
718773,2023-03-30,1,Bot,6,5,3,2,0,113,134,670770,656605,,,,,,,,,,,,,,,,,,,,,,,,,595978
718773,2023-03-30,1,Bot,6,6,4,2,0,113,134,670770,656605,walk,Walk,TJ Friedl walks. Jonathan India to 2nd.,T,,,,,,,,,,663697,1B,2B,,,Walk,walk,r_adv_force,,,,595978
718773,2023-03-30,1,Bot,7,0,0,1,0,113,134,641584,656605,,,,,,,,,,,,,,,,,,,,,,,,,595978
718773,2023-03-30,1,Bot,7,1,1,1,0,113,134,641584,656605,,,,,,,,,,,,,,,,,,,,,,,,,595978
718773,2023-03-30,1,Bot,7,2,1,1,0,113,134,641584,656605,single,Single,Jake Fraley singles on a fly ball to left fielder Bryan Reynolds. Jonathan India to 3rd. TJ Friedl to 2nd.,T,,,,,,,,,,641584,,1B,,,Single,single,,,,,595978
718773,2023-03-30,1,Bot,8,0,0,0,0,113,134,663886,656605,grounded_into_double_play,Grounded Into DP,"Tyler Stephenson grounds into a double play, shortstop Oneil Cruz to second baseman Ji Hwan Bae to first baseman Carlos Santana. Jonathan India scores. TJ Friedl to 3rd. Jake Fraley out at 2nd. Tyler Stephenson out at 1st.",T,,,,,,,,,,641584,1B,,T,1,Grounded Into DP,grounded_into_double_play,r_force_out,,,,595978
718773,2023-03-30,1,Bot,9,0,0,1,2,113,134,613564,656605,,,,,,,,,,,,,,,,,,,,,,,,,595978
718773,2023-03-30,1,Bot,9,1,0,2,2,113,134,613564,656605,,,,,,,,,,,,,,,,,,,,,,,,,595978
718773,2023-03-30,1,Bot,9,2,0,2,2,113,134,613564,656605,,,,,,,,,,,,,,,,,,,,,,,,,595978
718773,2023-03-30,1,Bot,9,3,1,2,2,113,134,613564,656605,,,,,,,,,,,,,,,,,,,,,,,,,595978
718773,2023-03-30,1,Bot,9,4,2,2,2,113,134,613564,656605,,,,,,,,,,,,,,,,,,,,,,,,,595978
718773,2023-03-30,1,Bot,9,5,2,2,2,113,134,613564,656605,,,,,,,,,,,,,,,,,,,,,,,,,595978
718773,2023-03-30,1,Bot,9,6,3,2,2,113,134,613564,656605,,,,,,,,,,,,,,,,,,,,,,,,,595978
718773,2023-03-30,1,Bot,9,7,3,2,2,113,134,613564,656605,field_out,Pop Out,Jason Vosler pops out to shortstop Oneil Cruz.,T,,,,,,,,,,613564,,,T,3,Pop Out,field_out,,,,,595978
718773,2023-03-30,2,Top,10,0,1,0,0,113,134,663647,668881,,,,,,,,,,,,,,,,,,,,,,,,,571912
718773,2023-03-30,2,Top,10,1,2,0,0,113,134,663647,668881,,,,,,,,,,,,,,,,,,,,,,,,,571912
718773,2023-03-30,2,Top,10,2,2,1,0,113,134,663647,668881,,,,,,,,,,,,,,,,,,,,,,,,,571912
718773,2023-03-30,2,Top,10,3,3,1,0,113,134,663647,668881,,,,,,,,,,,,,,,,,,,,,,,,,571912
718773,2023-03-30,2,Top,10,4,3,2,0,113,134,663647,668881,,,,,,,,,,,,,,,,,,,,,,,,,571912
718773,2023-03-30,2,Top,10,5,3,2,0,113,134,663647,668881,,,,,,,,,,,,,,,,,,,,,,,,,571912
718773,2023-03-30,2,Top,10,6,3,2,0,113,134,663647,668881,,,,,,,,,,,,,,,,,,,,,,,,,571912
718773,2023-03-30,2,Top,10,7,3,2,0,113,134,663647,668881,,,,,,,,,,,,,,,,,,,,,,,,,571912
718773,2023-03-30,2,Top,10,8,3,3,0,113,134,663647,668881,strikeout,Strikeout,Ke'Bryan Hayes called out on strikes.,T,,,,,,,,,,663647,,,T,1,Strikeout,strikeout,,,,,571912
718773,2023-03-30,2,Top,11,0,0,1,1,113,134,669261,668881,,,,,,,,,,,,,,,,,,,,,,,,,571912
718773,2023-03-30,2,Top,11,1,0,2,1,113,134,669261,668881,,,,,,,,,,,,,,,,,,,,,,,,,571912
718773,2023-03-30,2,Top,11,2,1,2,1,113,134,669261,668881,,,,,,,,,,,,,,,,,,,,,,,,,571912
718773,2023-03-30,2,Top,11,3,2,2,1,113,134,669261,668881,,,,,,,,,,,,,,,,,,,,,,,,,571912
718773,2023-03-30,2,Top,11,4,2,3,1,113,134,669261,668881,strikeout,Strikeout,Jack Suwinski strikes out swinging.,T,,,,,,,,,,669261,,,T,2,Strikeout,strikeout,,,,,571912
718773,2023-03-30,2,Top,12,0,0,0,2,113,134,678225,668881,single,Single,Ji Hwan Bae singles on a bunt ground ball to second baseman Jonathan India.,T,,,,,,,,,,678225,,1B,,,Single,single,,,,,571912
718773,2023-03-30,2,Top,13,0,0,1,2,113,134,595978,668881,,,,,,,,,,,,,,,,,,,,,,,,,571912
718773,2023-03-30,2,Top,13,1,0,1,2,113,134,595978,668881,,,,,,,,,,,,,,,,,,,,,,,,,571912
718773,2023-03-30,2,Top,13,2,0,2,2,113,134,595978,668881,,,,,,,,,,,,,,,,,,,,,,,,,571912
718773,2023-03-30,2,Top,13,3,1,2,2,113,134,595978,668881,,,,,,,,,,,,,,,,,,,,,,,,,571912
718773,2023-03-30,2,Top,13,4,1,3,2,113,134,595978,668881,strikeout,Strikeout,Austin Hedges strikes out on a foul tip.,T,,,,,,,,,,595978,,,T,3,Strikeout,strikeout,,,,,571912
718773,2023-03-30,2,Bot,14,0,0,1,0,113,134,571976,656605,,,,,,,,,,,,,,,,,,,,,,,,,595978
718773,2023-03-30,2,Bot,14,1,0,2,0,113,134,571976,656605,,,,,,,,,,,,,,,,,,,,,,,,,595978
718773,2023-03-30,2,Bot,14,2,1,2,0,113,134,571976,656605,,,,,,,,,,,,,,,,,,,,,,,,,595978
718773,2023-03-30,2,Bot,14,3,1,3,0,113,134,571976,656605,strikeout,Strikeout,Wil Myers strikes out swinging.,T,,,,,,,,,,571976,,,T,1,Strikeout,strikeout,,,,,595978
718773,2023-03-30,2,Bot,15,0,1,0,1,113,134,668715,656605,,,,,,,,,,,,,,,,,,,,,,,,,595978
718773,2023-03-30,2,Bot,15,1,2,0,1,113,134,668715,656605,,,,,,,,,,,,,,,,,,,,,,,,,595978
718773,2023-03-30,2,Bot,15,2,2,1,1,113,134,668715,656605,,,,,,,,,,,,,,,,,,,,,,,,,595978
718773,2023-03-30,2,Bot,15,3,3,1,1,113,134,668715,656605,,,,,,,,,,,,,,,,,,,,,,,,,595978
718773,2023-03-30,2,Bot,15,4,3,2,1,113,134,668715,656605,,,,,,,,,,,,,,,,,,,,,,,,,595978
718773,2023-03-30,2,Bot,15,5,3,2,1,113,134,668715,656605,,,,,,,,,,,,,,,,,,,,,,,,,595978
718773,2023-03-30,2,Bot,15,6,4,2,1,113,134,668715,656605,walk,Walk,Spencer Steer walks.,T,,,,,,,,,,668715,,1B,,,Walk,walk,,,,,595978
718773,2023-03-30,2,Bot,16,0,0,1,1,113,134,666181,656605,,,,,,,,,,,,,,,,,,,,,,,,,595978
718773,2023-03-30,2,Bot,16,1,1,1,1,113,134,666181,656605,,,,,,,,,,,,,,,,,,,,,,,,,595978
718773,2023-03-30,2,Bot,16,2,1,2,1,113,134,666181,656605,,,,,,,,,,,,,,,,,,,,,,,,,595978
718773,2023-03-30,2,Bot,16,3,1,2,1,113,134,666181,656605,,,,,,,,,,,,,,,,,,,,,,,,,595978
718773,2023-03-30,2,Bot,16,4,1,3,1,113,134,666181,656605,strikeout,Strikeout,Will Benson strikes out swinging.,T,,,,,,,,,,666181,,,T,2,Strikeout,strikeout,,,,,595978
718773,2023-03-30,2,Bot,17,0,1,0,2,113,134,676480,656605,,,,,,,,,,,,,,,,,,,,,,,,,595978
718773,2023-03-30,2,Bot,17,1,2,0,2,113,134,676480,656605,,,,,,,,,,,,,,,,,,,,,,,,,595978
718773,2023-03-30,2,Bot,17,2,2,1,2,113,134,676480,656605,,,,,,,,,,,,,,,,,,,,,,,,,595978
718773,2023-03-30,2,Bot,17,3,2,2,2,113,134,676480,656605,,,,,,,,,,,,,,,,,,,,,,,,,595978
718773,2023-03-30,2,Bot,17,4,2,2,2,113,134,676480,656605,force_out,Forceout,"José Barrero grounds into a force out, third baseman Ke'Bryan Hayes to second baseman Ji Hwan Bae. Spencer Steer out at 2nd.",T,,,,,,,,,,668715,1B,,T,3,Forceout,force_out,r_force_out,,,,595978
718773,2023-03-30,3,Top,18,0,0,1,0,113,134,665833,668881,,,,,,,,,,,,,,,,,,,,,,,,,571912
718773,2023-03-30,3,Top,18,1,0,2,0,113,134,665833,668881,,,,,,,,,,,,,,,,,,,,,,,,,571912
718773,2023-03-30,3,Top,18,2,0,2,0,113,134,665833,668881,,,,,,,,,,,,,,,,,,,,,,,,,571912
718773,2023-03-30,3,Top,18,3,1,2,0,113,134,665833,668881,,,,,,,,,,,,,,,,,,,,,,,,,571912
718773,2023-03-30,3,Top,18,4,2,2,0,113,134,665833,668881,,,,,,,,,,,,,,,,,,,,,,,,,571912
718773,2023-03-30,3,Top,18,5,3,2,0,113,134,665833,668881,,,,,,,,,,,,,,,,,,,,,,,,,571912
718773,2023-03-30,3,Top,18,6,3,2,0,113,134,665833,668881,home_run,Home Run,Oneil Cruz homers (1) on a fly ball to right center field.,T,,,,,,,,,,665833,,score,,,Home Run,home_run,,T,T,T,571912
718773,2023-03-30,3,Top,19,0,1,0,0,113,134,668804,668881,,,,,,,,,,,,,,,,,,,,,,,,,571912
718773,2023-03-30,3,Top,19,1,1,0,0,113,134,668804,668881,field_out,Groundout,"Bryan Reynolds grounds out, shortstop José Barrero to first baseman Jason Vosler.",T,,,,,,,,,,668804,,,T,1,Groundout,field_out,,,,,571912
718773,2023-03-30,3,Top,20,0,0,1,1,113,134,457705,668881,,,,,,,,,,,,,,,,,,,,,,,,,571912
718773,2023-03-30,3,Top,20,1,1,1,1,113,134,457705,668881,,,,,,,,,,,,,,,,,,,,,,,,,571912
718773,2023-03-30,3,Top,20,2,1,2,1,113,134,457705,668881,,,,,,,,,,,,,,,,,,,,,,,,,571912
718773,2023-03-30,3,Top,20,3,2,2,1,113,134,457705,668881,,,,,,,,,,,,,,,,,,,,,,,,,571912
718773,2023-03-30,3,Top,20,4,2,2,1,113,134,457705,668881,,,,,,,,,,,,,,,,,,,,,,,,,571912
718773,2023-03-30,3,Top,20,5,3,2,1,113,134,457705,668881,,,,,,,,,,,,,,,,,,,,,,,,,571912
718773,2023-03-30,3,Top,20,6,3,2,1,113,134,457705,668881,,,,,,,,,,,,,,,,,,,,,,,,,571912
718773,2023-03-30,3,Top,20,7,4,2,1,113,134,457705,668881,walk,Walk,Andrew McCutchen walks.,T,,,,,,,,,,457705,,1B,,,Walk,walk,,,,,571912
718773,2023-03-30,3,Top,21,0,0,1,1,113,134,467793,668881,,,,,,,,,,,,,,,,,,,,,,,,,571912
718773,2023-03-30,3,Top,21,1,0,2,1,113,134,467793,668881,,,,,,,,,,,,,,,,,,,,,,,,,571912
718773,2023-03-30,3,Top,21,2,1,2,1,113,134,467793,668881,,,,,,,,,,,,,,,,,,,,,,,,,571912
718773,2023-03-30,3,Top,21,3,1,2,1,113,134,467793,668881,,,,,,,,,,,,,,,,,,,,,,,,,571912
718773,2023-03-30,3,Top,21,4,1,2,1,113,134,467793,668881,,,,,,,,,,,,,,,,,,,,,,,,,571912
718773,2023-03-30,3,Top,21,5,1,3,1,113,134,467793,668881,strikeout,Strikeout,Carlos Santana strikes out swinging.,T,,,,,,,,,,467793,,,T,2,Strikeout,strikeout,,,,,571912
718773,2023-03-30,3,Top,22,0,0,1,2,113,134,675986,668881,,,,,,,,,,,,,,,,,,,,,,,,,571912
718773,2023-03-30,3,Top,22,1,1,1,2,113,134,675986,668881,,,,,,,,,,,,,,,,,,,,,,,,,571912
718773,2023-03-30,3,Top,22,2,1,1,2,113,134,675986,668881,,,,,,,,,,,,,,,,,,,,,,,,,571912
718773,2023-03-30,3,Top,22,3,2,1,2,113,134,675986,668881,,,,,,,,,,,,,,,,,,,,,,,,,571912
718773,2023-03-30,3,Top,22,4,2,2,2,113,134,675986,668881,,,,,,,,,,,,,,,,,,,,,,,,,571912
718773,2023-03-30,3,Top,22,5,2,2,2,113,134,675986,668881,,,,,,,,,,,,,,,,,,,,,,,,,571912
718773,2023-03-30,3,Top,22,6,2,2,2,113,134,675986,668881,single,Single,Canaan Smith-Njigba singles on a line drive to right fielder Wil Myers. Andrew McCutchen to 2nd.,T,,,,,,,,,,675986,,1B,,,Single,single,,,,,571912
718773,2023-03-30,3,Top,23,0,0,0,2,113,134,663647,668881,,,,,,,,,,,,,,,,,,,,,,,,,571912
718773,2023-03-30,3,Top,23,1,1,0,2,113,134,663647,668881,,,,,,,,,,,,,,,,,,,,,,,,,571912
718773,2023-03-30,3,Top,23,2,1,0,2,113,134,663647,668881,,,,,,,,,,,,,,,,,,,,,,,,,571912
718773,2023-03-30,3,Top,23,3,1,0,2,113,134,663647,668881,,,,,,,,,,,,,,,,,,,,,,,,,571912
718773,2023-03-30,3,Top,23,4,2,0,2,113,134,663647,668881,,,,,,,,,,,,,,,,,,,,,,,,,571912
718773,2023-03-30,3,Top,23,5,2,1,2,113,134,663647,668881,,,,,,,,,,,,,,,,,,,,,,,,,571912
718773,2023-03-30,3,Top,23,6,2,2,2,113,134,663647,668881,,,,,,,,,,,,,,,,,,,,,,,,,571912
718773,2023-03-30,3,Top,23,7,2,3,2,113,134,663647,668881,strikeout,Strikeout,Ke'Bryan Hayes called out on strikes.,T,,,,,,,,,,663647,,,T,3,Strikeout,strikeout,,,,,571912
718773,2023-03-30,3,Bot,24,0,1,0,0,113,134,663697,656605,,,,,,,,,,,,,,,,,,,,,,,,,595978
718773,2023-03-30,3,Bot,24,1,1,1,0,113,134,663697,656605,,,,,,,,,,,,,,,,,,,,,,,,,595978
718773,2023-03-30,3,Bot,24,2,1,1,0,113,134,663697,656605,field_out,Groundout,"Jonathan India grounds out, shortstop Oneil Cruz to first baseman Carlos Santana.",T,,,,,,,,,,663697,,,T,1,Groundout,field_out,,,,,595978
718773,2023-03-30,3,Bot,25,0,1,0,1,113,134,670770,656605,,,,,,,,,,,,,,,,,,,,,,,,,595978
718773,2023-03-30,3,Bot,25,1,1,1,1,113,134,670770,656605,,,,,,,,,,,,,,,,,,,,,,,,,595978
718773,2023-03-30,3,Bot,25,2,1,2,1,113,134,670770,656605,,,,,,,,,,,,,,,,,,,,,,,,,595978
718773,2023-03-30,3,Bot,25,3,1,2,1,113,134,670770,656605,field_out,Groundout,"TJ Friedl grounds out softly, first baseman Carlos Santana to pitcher Mitch Keller.",T,,,,,,,,,,670770,,,T,2,Groundout,field_out,,,,,595978
718773,2023-03-30,3,Bot,26,0,1,0,2,113,134,641584,656605,,,,,,,,,,,,,,,,,,,,,,,,,595978
718773,2023-03-30,3,Bot,26,1,2,0,2,113,134,641584,656605,,,,,,,,,,,,,,,,,,,,,,,,,595978
718773,2023-03-30,3,Bot,26,2,3,0,2,113,134,641584,656605,,,,,,,,,,,,,,,,,,,,,,,,,595978
718773,2023-03-30,3,Bot,26,3,4,0,2,113,134,641584,656605,walk,Walk,Jake Fraley walks.,T,,,,,,,,,,641584,,1B,,,Walk,walk,,,,,595978
718773,2023-03-30,3,Bot,27,0,0,1,2,113,134,663886,656605,,,,,,,,,,,,,,,,,,,,,,,,,595978
718773,2023-03-30,3,Bot,27,1,0,2,2,113,134,663886,656605,,,,,,,,,,,,,,,,,,,,,,,,,595978
718773,2023-03-30,3,Bot,27,2,0,2,2,113,134,663886,656605,field_error,Field Error,Tyler Stephenson reaches on a fielding error by second baseman Ji Hwan Bae. Jake Fraley to 2nd.,T,,,,,,,,,,663886,,1B,,,Field Error,field_error,,,,,595978
718773,2023-03-30,3,Bot,28,0,1,0,2,113,134,613564,656605,,,,,,,,,,,,,,,,,,,,,,,,,595978
718773,2023-03-30,3,Bot,28,1,1,1,2,113,134,613564,656605,,,,,,,,,,,,,,,,,,,,,,,,,595978
718773,2023-03-30,3,Bot,28,2,1,2,2,113,134,613564,656605,,,,,,,,,,,,,,,,,,,,,,,,,595978
718773,2023-03-30,3,Bot,28,3,1,2,2,113,134,613564,656605,,,,,,,,,,,,,,,,,,,,,,,,,595978
718773,2023-03-30,3,Bot,28,4,1,3,2,113,134,613564,656605,strikeout,Strikeout,Jason Vosler strikes out swinging.,T,,,,,,,,,,613564,,,T,3,Strikeout,strikeout,,,,,595978
718773,2023-03-30,4,Top,29,0,1,0,0,113,134,669261,668881,,,,,,,,,,,,,,,,,,,,,,,,,571912
718773,2023-03-30,4,Top,29,1,1,1,0,113,134,669261,668881,,,,,,,,,,,,,,,,,,,,,,,,,571912
718773,2023-03-30,4,Top,29,2,1,2,0,113,134,669261,668881,,,,,,,,,,,,,,,,,,,,,,,,,571912
718773,2023-03-30,4,Top,29,3,2,2,0,113,134,669261,668881,,,,,,,,,,,,,,,,,,,,,,,,,571912
718773,2023-03-30,4,Top,29,4,2,3,0,113,134,669261,668881,strikeout,Strikeout,Jack Suwinski strikes out on a foul tip.,T,,,,,,,,,,669261,,,T,1,Strikeout,strikeout,,,,,571912
718773,2023-03-30,4,Top,30,0,0,0,1,113,134,678225,668881,double,Double,Ji Hwan Bae doubles (1) on a line drive to left fielder Will Benson.,T,,,,,,,,,,678225,,2B,,,Double,double,,,,,571912
718773,2023-03-30,4,Top,31,0,0,1,1,113,134,595978,668881,,,,,,,,,,,,,,,,,,,,,,,,,571912
718773,2023-03-30,4,Top,31,1,0,1,1,113,134,595978,668881,,,,,,,,,,,,,,,,,,,,,,,,,571912
718773,2023-03-30,4,Top,31,2,0,2,1,113,134,595978,668881,,,,,,,,,,,,,,,,,,,,,,,,,571912
718773,2023-03-30,4,Top,31,3,1,2,1,113,134,595978,668881,,,,,,,,,,,,,,,,,,,,,,,,,571912
718773,2023-03-30,4,Top,31,4,2,2,1,113,134,595978,668881,,,,,,,,,,,,,,,,,,,,,,,,,571912
718773,2023-03-30,4,Top,31,5,2,2,1,113,134,595978,668881,,,,,,,,,,,,,,,,,,,,,,,,,571912
718773,2023-03-30,4,Top,31,6,2,2,1,113,134,595978,668881,,,,,,,,,,,,,,,,,,,,,,,,,571912
718773,2023-03-30,4,Top,31,7,3,2,1,113,134,595978,668881,,,,,,,,,,,,,,,,,,,,,,,,,571912
718773,2023-03-30,4,Top,31,8,4,2,1,113,134,595978,668881,walk,Walk,Austin Hedges walks.,T,,T,,,,,,,,678225,2B,3B,,,Stolen Base 3B,stolen_base_3b,r_stolen_base_3b,,,,571912
718773,2023-03-30,4,Top,32,0,0,0,1,113,134,665833,518585,,,,,,,,,,,,,,,,,,,,,,,,,571912
718773,2023-03-30,4,Top,32,1,0,0,1,113,134,665833,518585,,,,,,,,,,,,,,,,,,,,,,,,,571912
718773,2023-03-30,4,Top,32,2,0,1,1,113,134,665833,518585,,,,,,,,,,,,,,,,,,,,,,,,,571912
718773,2023-03-30,4,Top,32,3,1,1,1,113,134,665833,518585,,,,,,,,,,,,,,,,,,,,,,,,,571912
718773,2023-03-30,4,Top,32,4,1,2,1,113,134,665833,518585,,,,,,,,,,,,,,,,,,,,,,,,,571912
718773,2023-03-30,4,Top,32,5,2,2,1,113,134,665833,518585,,,,,,,,,,,,,,,,,,,,,,,,,571912
718773,2023-03-30,4,Top,32,6,3,2,1,113,134,665833,518585,,,,,,,,,,,,,,,,,,,,,,,,,571912
718773,2023-03-30,4,Top,32,7,4,2,1,113,134,665833,518585,walk,Walk,Oneil Cruz walks. Austin Hedges to 2nd.,T,,,,,,,,,,595978,1B,2B,,,Walk,walk,r_adv_force,,,,571912
718773,2023-03-30,4,Top,33,0,0,1,1,113,134,668804,518585,,,,,,,,,,,,,,,,,,,,,,,,,571912
718773,2023-03-30,4,Top,33,1,1,1,1,113,134,668804,518585,,,,,,,,,,,,,,,,,,,,,,,,,571912
718773,2023-03-30,4,Top,33,2,2,1,1,113,134,668804,518585,,,,,,,,,,,,,,,,,,,,,,,,,571912
718773,2023-03-30,4,Top,33,3,2,2,1,113,134,668804,518585,,,,,,,,,,,,,,,,,,,,,,,,,571912
718773,2023-03-30,4,Top,33,4,3,2,1,113,134,668804,518585,,,,,,,,,,,,,,,,,,,,,,,,,571912
718773,2023-03-30,4,Top,33,5,3,2,1,113,134,668804,518585,,,,,,,,,,,,,,,,,,,,,,,,,571912
718773,2023-03-30,4,Top,33,6,4,2,1,113,134,668804,518585,walk,Walk,Bryan Reynolds walks. Ji Hwan Bae scores. Austin Hedges to 3rd. Oneil Cruz to 2nd.,T,,,,,,,,,,678225,3B,score,,,Walk,walk,r_adv_force,T,T,T,571912
718773,2023-03-30,4,Top,34,0,0,0,1,113,134,457705,518585,,,,,,,,,,,,,,,,,,,,,,,,,571912
718773,2023-03-30,4,Top,34,1,1,0,1,113,134,457705,518585,,,,,,,,,,,,,,,,,,,,,,,,,571912
718773,2023-03-30,4,Top,34,2,2,0,1,113,134,457705,518585,,,,,,,,,,,,,,,,,,,,,,,,,571912
718773,2023-03-30,4,Top,34,3,3,0,1,113,134,457705,518585,,,,,,,,,,,,,,,,,,,,,,,,,571912
718773,2023-03-30,4,Top,34,4,3,1,1,113,134,457705,518585,,,,,,,,,,,,,,,,,,,,,,,,,571912
718773,2023-03-30,4,Top,34,5,3,2,1,113,134,457705,518585,,,,,,,,,,,,,,,,,,,,,,,,,571912
718773,2023-03-30,4,Top,34,6,4,2,1,113,134,457705,518585,walk,Walk,Andrew McCutchen walks. Austin Hedges scores. Oneil Cruz to 3rd. Bryan Reynolds to 2nd.,T,,,,,,,,,,595978,3B,score,,,Walk,walk,r_adv_force,T,T,T,571912
718773,2023-03-30,4,Top,35,0,0,1,1,113,134,467793,518585,,,,,,,,,,,,,,,,,,,,,,,,,571912
718773,2023-03-30,4,Top,35,1,0,2,1,113,134,467793,518585,,,,,,,,,,,,,,,,,,,,,,,,,571912
718773,2023-03-30,4,Top,35,2,1,2,1,113,134,467793,518585,,,,,,,,,,,,,,,,,,,,,,,,,571912
718773,2023-03-30,4,Top,35,3,1,2,1,113,134,467793,518585,,,,,,,,,,,,,,,,,,,,,,,,,571912
718773,2023-03-30,4,Top,35,4,2,2,1,113,134,467793,518585,,,,,,,,,,,,,,,,,,,,,,,,,571912
718773,2023-03-30,4,Top,35,5,2,2,1,113,134,467793,518585,fielders_choice_out,Fielders Choice Out,"Carlos Santana reaches on a fielder's choice out, third baseman Spencer Steer to catcher Tyler Stephenson. Bryan Reynolds out at home. Andrew McCutchen to 3rd.",T,,,,,,,,,,665833,3B,score,,,Wild Pitch,wild_pitch,r_adv_play,T,,T,571912
718773,2023-03-30,4,Top,36,0,0,0,2,113,134,675986,622065,,,,,,,,,,,,,,,,,,,,,,,,,571912
718773,2023-03-30,4,Top,36,1,0,0,2,113,134,675986,622065,,,,,,,,,,,,,,,,,,,,,,,,,571912
718773,2023-03-30,4,Top,36,2,1,0,2,113,134,675986,622065,,,,,,,,,,,,,,,,,,,,,,,,,571912
718773,2023-03-30,4,Top,36,3,2,0,2,113,134,675986,622065,,,,,,,,,,,,,,,,,,,,,,,,,571912
718773,2023-03-30,4,Top,36,4,2,1,2,113,134,675986,622065,,,,,,,,,,,,,,,,,,,,,,,,,571912
718773,2023-03-30,4,Top,36,5,2,2,2,113,134,675986,622065,,,,,,,,,,,,,,,,,,,,,,,,,571912
718773,2023-03-30,4,Top,36,6,2,2,2,113,134,675986,622065,,,,,,,,,,,,,,,,,,,,,,,,,571912
718773,2023-03-30,4,Top,36,7,2,3,2,113,134,675986,622065,strikeout,Strikeout,Canaan Smith-Njigba strikes out swinging.,T,,,,,,,,,,675986,,,T,3,Strikeout,strikeout,,,,,571912
718773,2023-03-30,4,Bot,37,0,1,0,0,113,134,571976,656605,,,,,,,,,,,,,,,,,,,,,,,,,595978
718773,2023-03-30,4,Bot,37,1,2,0,0,113,134,571976,656605,,,,,,,,,,,,,,,,,,,,,,,,,595978
718773,2023-03-30,4,Bot,37,2,2,1,0,113,134,571976,656605,,,,,,,,,,,,,,,,,,,,,,,,,595978
718773,2023-03-30,4,Bot,37,3,2,2,0,113,134,571976,656605,,,,,,,,,,,,,,,,,,,,,,,,,595978
718773,2023-03-30,4,Bot,37,4,3,2,0,113,134,571976,656605,,,,,,,,,,,,,,,,,,,,,,,,,595978
718773,2023-03-30,4,Bot,37,5,3,3,0,113,134,571976,656605,strikeout,Strikeout,Wil Myers called out on strikes.,T,,,,,,,,,,571976,,,T,1,Strikeout,strikeout,,,,,595978
718773,2023-03-30,4,Bot,38,0,0,1,1,113,134,668715,656605,,,,,,,,,,,,,,,,,,,,,,,,,595978
718773,2023-03-30,4,Bot,38,1,0,2,1,113,134,668715,656605,,,,,,,,,,,,,,,,,,,,,,,,,595978
718773,2023-03-30,4,Bot,38,2,0,2,1,113,134,668715,656605,,,,,,,,,,,,,,,,,,,,,,,,,595978
718773,2023-03-30,4,Bot,38,3,1,2,1,113,134,668715,656605,,,,,,,,,,,,,,,,,,,,,,,,,595978
718773,2023-03-30,4,Bot,38,4,1,2,1,113,134,668715,656605,,,,,,,,,,,,,,,,,,,,,,,,,595978
718773,2023-03-30,4,Bot,38,5,2,2,1,113,134,668715,656605,,,,,,,,,,,,,,,,,,,,,,,,,595978
718773,2023-03-30,4,Bot,38,6,2,2,1,113,134,668715,656605,,,,,,,,,,,,,,,,,,,,,,,,,595978
718773,2023-03-30,4,Bot,38,7,2,2,1,113,134,668715,656605,home_run,Home Run,Spencer Steer homers (1) on a fly ball to left center field.,T,,,,,,,,,,668715,,score,,,Home Run,home_run,,T,T,T,595978
718773,2023-03-30,4,Bot,39,0,0,1,1,113,134,666181,656605,,,,,,,,,,,,,,,,,,,,,,,,,595978
718773,2023-03-30,4,Bot,39,1,1,1,1,113,134,666181,656605,,,,,,,,,,,,,,,,,,,,,,,,,595978
718773,2023-03-30,4,Bot,39,2,1,2,1,113,134,666181,656605,,,,,,,,,,,,,,,,,,,,,,,,,595978
718773,2023-03-30,4,Bot,39,3,1,3,1,113,134,666181,656605,strikeout,Strikeout,Will Benson strikes out swinging.,T,,,,,,,,,,666181,,,T,2,Strikeout,strikeout,,,,,595978
718773,2023-03-30,4,Bot,40,0,1,0,2,113,134,676480,656605,,,,,,,,,,,,,,,,,,,,,,,,,595978
718773,2023-03-30,4,Bot,40,1,1,1,2,113,134,676480,656605,,,,,,,,,,,,,,,,,,,,,,,,,595978
718773,2023-03-30,4,Bot,40,2,1,2,2,113,134,676480,656605,,,,,,,,,,,,,,,,,,,,,,,,,595978
718773,2023-03-30,4,Bot,40,3,1,3,2,113,134,676480,656605,strikeout,Strikeout,José Barrero strikes out swinging.,T,,,,,,,,,,676480,,,T,3,Strikeout,strikeout,,,,,595978
718773,2023-03-30,5,Top,41,0,0,1,0,113,134,663647,622065,,,,,,,,,,,,,,,,,,,,,,,,,571912
718773,2023-03-30,5,Top,41,1,1,1,0,113,134,663647,622065,,,,,,,,,,,,,,,,,,,,,,,,,571912
718773,2023-03-30,5,Top,41,2,1,1,0,113,134,663647,622065,field_out,Groundout,"Ke'Bryan Hayes grounds out, shortstop José Barrero to first baseman Jason Vosler.",T,,,,,,,,,,663647,,,T,1,Groundout,field_out,,,,,571912
718773,2023-03-30,5,Top,42,0,0,0,1,113,134,669261,622065,field_out,Bunt Groundout,"Jack Suwinski bunt grounds out, pitcher Alex Young to first baseman Jason Vosler.",T,,,,,,,,,,669261,,,T,2,Bunt Groundout,field_out,,,,,571912
718773,2023-03-30,5,Top,43,0,0,1,2,113,134,678225,622065,,,,,,,,,,,,,,,,,,,,,,,,,571912
718773,2023-03-30,5,Top,43,1,0,2,2,113,134,678225,622065,,,,,,,,,,,,,,,,,,,,,,,,,571912
718773,2023-03-30,5,Top,43,2,0,2,2,113,134,678225,622065,field_out,Lineout,Ji Hwan Bae lines out to center fielder TJ Friedl.,T,,,,,,,,,,678225,,,T,3,Lineout,field_out,,,,,571912
718773,2023-03-30,5,Bot,44,0,0,1,0,113,134,663697,656605,,,,,,,,,,,,,,,,,,,,,,,,,595978
718773,2023-03-30,5,Bot,44,1,1,1,0,113,134,663697,656605,,,,,,,,,,,,,,,,,,,,,,,,,595978
718773,2023-03-30,5,Bot,44,2,2,1,0,113,134,663697,656605,,,,,,,,,,,,,,,,,,,,,,,,,595978
718773,2023-03-30,5,Bot,44,3,3,1,0,113,134,663697,656605,,,,,,,,,,,,,,,,,,,,,,,,,595978
718773,2023-03-30,5,Bot,44,4,3,2,0,113,134,663697,656605,,,,,,,,,,,,,,,,,,,,,,,,,595978
718773,2023-03-30,5,Bot,44,5,4,2,0,113,134,663697,656605,walk,Walk,Jonathan India walks.,T,,,,,,,,,,663697,,1B,,,Walk,walk,,,,,595978
718773,2023-03-30,5,Bot,45,0,0,0,0,113,134,670770,656605,,,,,,,,,,,,,,,,,,,,,,,,,595978
718773,2023-03-30,5,Bot,45,1,0,1,0,113,134,670770,656605,,,,,,,,,,,,,,,,,,,,,,,,,595978
718773,2023-03-30,5,Bot,45,2,0,2,0,113,134,670770,656605,,,,,,,,,,,,,,,,,,,,,,,,,595978
718773,2023-03-30,5,Bot,45,3,1,2,0,113,134,670770,656605,,,,,,,,,,,,,,,,,,,,,,,,,595978
718773,2023-03-30,5,Bot,45,4,1,3,0,113,134,670770,656605,strikeout,Strikeout,TJ Friedl strikes out swinging.,T,,,,,,,,,,670770,,,T,1,Strikeout,strikeout,,,,,595978
718773,2023-03-30,5,Bot,46,0,0,0,1,113,134,641584,656605,single,Single,Jake Fraley singles on a sharp line drive to right fielder Canaan Smith-Njigba. Jonathan India to 3rd.,T,,,,,,,,,,641584,,1B,,,Single,single,,,,,595978
718773,2023-03-30,5,Bot,47,0,1,0,1,113,134,663886,656605,,,,,,,,,,,,,,,,,,,,,,,,,595978
718773,2023-03-30,5,Bot,47,1,1,1,1,113,134,663886,656605,,,,,,,,,,,,,,,,,,,,,,,,,595978
718773,2023-03-30,5,Bot,47,2,1,2,1,113,134,663886,656605,,,,,,,,,,,,,,,,,,,,,,,,,595978
718773,2023-03-30,5,Bot,47,3,1,3,1,113,134,663886,656605,strikeout,Strikeout,Tyler Stephenson called out on strikes.,T,,,,,,,,,,663886,,,T,2,Strikeout,strikeout,,,,,595978
718773,2023-03-30,5,Bot,48,0,0,1,2,113,134,613564,656605,,,,,,,,,,,,,,,,,,,,,,,,,595978
718773,2023-03-30,5,Bot,48,1,0,2,2,113,134,613564,656605,,,,,,,,,,,,,,,,,,,,,,,,,595978
718773,2023-03-30,5,Bot,48,2,0,2,2,113,134,613564,656605,,,,,,,,,,,,,,,,,,,,,,,,,595978
718773,2023-03-30,5,Bot,48,3,0,2,2,113,134,613564,656605,triple,Triple,Jason Vosler triples (1) on a sharp line drive to right fielder Canaan Smith-Njigba. Jonathan India scores. Jake Fraley scores.,T,,,,,,,,,,613564,,3B,,,Triple,triple,,,,,595978
718773,2023-03-30,5,Bot,49,0,0,0,2,113,134,571976,664294,,,,,,,,,,,,,,,,,,,,,,,,,595978
718773,2023-03-30,5,Bot,49,1,0,0,2,113,134,571976,664294,,,,,,,,,,,,,,,,,,,,,,,,,595978
718773,2023-03-30,5,Bot,49,2,1,0,2,113,134,571976,664294,,,,,,,,,,,,,,,,,,,,,,,,,595978
718773,2023-03-30,5,Bot,49,3,2,0,2,113,134,571976,664294,,,,,,,,,,,,,,,,,,,,,,,,,595978
718773,2023-03-30,5,Bot,49,4,3,0,2,113,134,571976,664294,,,,,,,,,,,,,,,,,,,,,,,,,595978
718773,2023-03-30,5,Bot,49,5,4,0,2,113,134,571976,664294,walk,Walk,Wil Myers walks.,T,,,,,,,,,,571976,,1B,,,Walk,walk,,,,,595978
718773,2023-03-30,5,Bot,50,0,1,0,2,113,134,668715,664294,,,,,,,,,,,,,,,,,,,,,,,,,595978
718773,2023-03-30,5,Bot,50,1,2,0,2,113,134,668715,664294,,,,,,,,,,,,,,,,,,,,,,,,,595978
718773,2023-03-30,5,Bot,50,2,2,0,2,113,134,668715,664294,,,,,,,,,,,,,,,,,,,,,,,,,595978
718773,2023-03-30,5,Bot,50,3,3,0,2,113,134,668715,664294,,,,,,,,,,,,,,,,,,,,,,,,,595978
718773,2023-03-30,5,Bot,50,4,3,1,2,113,134,668715,664294,,,,,,,,,,,,,,,,,,,,,,,,,595978
718773,2023-03-30,5,Bot,50,5,3,2,2,113,134,668715,664294,,,,,,,,,,,,,,,,,,,,,,,,,595978
718773,2023-03-30,5,Bot,50,6,4,2,2,113,134,668715,664294,walk,Walk,Spencer Steer walks. Wil Myers to 2nd.,T,,,,,,,,,,571976,1B,2B,,,Walk,walk,r_adv_force,,,,595978
718773,2023-03-30,5,Bot,51,0,0,1,2,113,134,666181,664294,,,,,,,,,,,,,,,,,,,,,,,,,595978
718773,2023-03-30,5,Bot,51,1,1,1,2,113,134,666181,664294,,,,,,,,,,,,,,,,,,,,,,,,,595978
718773,2023-03-30,5,Bot,51,2,1,2,2,113,134,666181,664294,,,,,,,,,,,,,,,,,,,,,,,,,595978
718773,2023-03-30,5,Bot,51,3,2,2,2,113,134,666181,664294,,,,,,,,,,,,,,,,,,,,,,,,,595978
718773,2023-03-30,5,Bot,51,4,2,3,2,113,134,666181,664294,strikeout,Strikeout,Will Benson strikes out swinging.,T,,,,,,,,,,666181,,,T,3,Strikeout,strikeout,,,,,595978
718773,2023-03-30,6,Top,52,0,0,0,0,113,134,595978,622065,field_out,Flyout,Austin Hedges flies out to right fielder Wil Myers.,T,,,,,,,,,,595978,,,T,1,Flyout,field_out,,,,,571912
718773,2023-03-30,6,Top,53,0,0,1,1,113,134,665833,622065,,,,,,,,,,,,,,,,,,,,,,,,,571912
718773,2023-03-30,6,Top,53,1,1,1,1,113,134,665833,622065,,,,,,,,,,,,,,,,,,,,,,,,,571912
718773,2023-03-30,6,Top,53,2,2,1,1,113,134,665833,622065,,,,,,,,,,,,,,,,,,,,,,,,,571912
718773,2023-03-30,6,Top,53,3,3,1,1,113,134,665833,622065,,,,,,,,,,,,,,,,,,,,,,,,,571912
718773,2023-03-30,6,Top,53,4,4,1,1,113,134,665833,622065,walk,Walk,Oneil Cruz walks.,T,,,,,,,,,,665833,,1B,,,Walk,walk,,,,,571912
718773,2023-03-30,6,Top,54,0,0,0,1,113,134,668804,571882,,,,,,,,,,,,,,,,,,,,,,,,,571912
718773,2023-03-30,6,Top,54,1,0,0,1,113,134,668804,571882,,,,,,,,,,,,,,,,,,,,,,,,,571912
718773,2023-03-30,6,Top,54,2,0,1,1,113,134,668804,571882,,,,,,,,,,,,,,,,,,,,,,,,,571912
718773,2023-03-30,6,Top,54,3,1,1,1,113,134,668804,571882,,,,,,,,,,,,,,,,,,,,,,,,,571912
718773,2023-03-30,6,Top,54,4,1,2,1,113,134,668804,571882,,,,,,,,,,,,,,,,,,,,,,,,,571912
718773,2023-03-30,6,Top,54,5,1,2,1,113,134,668804,571882,,,,,,,,,,,,,,,,,,,,,,,,,571912
718773,2023-03-30,6,Top,54,6,1,2,1,113,134,668804,571882,,,,,,,,,,,,,,,,,,,,,,,,,571912
718773,2023-03-30,6,Top,54,7,1,2,1,113,134,668804,571882,field_out,Pop Out,Bryan Reynolds pops out to third baseman Spencer Steer.,T,,,,,,,,,,668804,,,T,2,Pop Out,field_out,,,,,571912
718773,2023-03-30,6,Top,55,0,1,0,2,113,134,457705,571882,,,,,,,,,,,,,,,,,,,,,,,,,571912
718773,2023-03-30,6,Top,55,1,1,0,2,113,134,457705,571882,single,Single,Andrew McCutchen singles on a line drive to center fielder TJ Friedl. Oneil Cruz to 3rd.,T,,,,,,,,,,457705,,1B,,,Single,single,,,,,571912
718773,2023-03-30,6,Top,56,0,1,0,2,113,134,467793,571882,,,,,,,,,,,,,,,,,,,,,,,,,571912
718773,2023-03-30,6,Top,56,1,1,0,2,113,134,467793,571882,,,,,,,,,,,,,,,,,,,,,,,,,571912
718773,2023-03-30,6,Top,56,2,1,1,2,113,134,467793,571882,,,,,,,,,,,,,,,,,,,,,,,,,571912
718773,2023-03-30,6,Top,56,3,1,1,2,113,134,467793,571882,field_out,Pop Out,Carlos Santana pops out to shortstop José Barrero.,T,,,,,,,,,,467793,,,T,3,Pop Out,field_out,,,,,571912
718773,2023-03-30,6,Bot,57,0,0,1,0,113,134,676480,664294,,,,,,,,,,,,,,,,,,,,,,,,,595978
718773,2023-03-30,6,Bot,57,1,0,2,0,113,134,676480,664294,,,,,,,,,,,,,,,,,,,,,,,,,595978
718773,2023-03-30,6,Bot,57,2,0,3,0,113,134,676480,664294,strikeout,Strikeout,José Barrero strikes out swinging.,T,,,,,,,,,,676480,,,T,1,Strikeout,strikeout,,,,,595978
718773,2023-03-30,6,Bot,58,0,1,0,1,113,134,663697,664294,,,,,,,,,,,,,,,,,,,,,,,,,595978
718773,2023-03-30,6,Bot,58,1,2,0,1,113,134,663697,664294,,,,,,,,,,,,,,,,,,,,,,,,,595978
718773,2023-03-30,6,Bot,58,2,2,1,1,113,134,663697,664294,,,,,,,,,,,,,,,,,,,,,,,,,595978
718773,2023-03-30,6,Bot,58,3,2,2,1,113,134,663697,664294,,,,,,,,,,,,,,,,,,,,,,,,,595978
718773,2023-03-30,6,Bot,58,4,2,3,1,113,134,663697,664294,strikeout,Strikeout,Jonathan India strikes out swinging.,T,,,,,,,,,,663697,,,T,2,Strikeout,strikeout,,,,,595978
718773,2023-03-30,6,Bot,59,0,0,0,2,113,134,670770,642239,,,,,,,,,,,,,,,,,,,,,,,,,595978
718773,2023-03-30,6,Bot,59,1,0,0,2,113,134,670770,642239,,,,,,,,,,,,,,,,,,,,,,,,,595978
718773,2023-03-30,6,Bot,59,2,0,1,2,113,134,670770,642239,,,,,,,,,,,,,,,,,,,,,,,,,595978
718773,2023-03-30,6,Bot,59,3,1,1,2,113,134,670770,642239,,,,,,,,,,,,,,,,,,,,,,,,,595978
718773,2023-03-30,6,Bot,59,4,1,2,2,113,134,670770,642239,,,,,,,,,,,,,,,,,,,,,,,,,595978
718773,2023-03-30,6,Bot,59,5,2,2,2,113,134,670770,642239,,,,,,,,,,,,,,,,,,,,,,,,,595978
718773,2023-03-30,6,Bot,59,6,2,3,2,113,134,670770,642239,strikeout,Strikeout,TJ Friedl strikes out swinging.,T,,,,,,,,,,670770,,,T,3,Strikeout,strikeout,,,,,595978
718773,2023-03-30,7,Top,60,0,0,1,0,113,134,675986,571882,,,,,,,,,,,,,,,,,,,,,,,,,571912
718773,2023-03-30,7,Top,60,1,0,2,0,113,134,675986,571882,,,,,,,,,,,,,,,,,,,,,,,,,571912
718773,2023-03-30,7,Top,60,2,1,2,0,113,134,675986,571882,,,,,,,,,,,,,,,,,,,,,,,,,571912
718773,2023-03-30,7,Top,60,3,2,2,0,113,134,675986,571882,,,,,,,,,,,,,,,,,,,,,,,,,571912
718773,2023-03-30,7,Top,60,4,2,3,0,113,134,675986,571882,strikeout,Strikeout,Canaan Smith-Njigba strikes out on a foul tip.,T,,,,,,,,,,675986,,,T,1,Strikeout,strikeout,,,,,571912
718773,2023-03-30,7,Top,61,0,0,1,1,113,134,663647,571882,,,,,,,,,,,,,,,,,,,,,,,,,571912
718773,2023-03-30,7,Top,61,1,0,1,1,113,134,663647,571882,field_out,Lineout,Ke'Bryan Hayes lines out to second baseman Jonathan India.,T,,,,,,,,,,663647,,,T,2,Lineout,field_out,,,,,571912
718773,2023-03-30,7,Top,62,0,0,1,2,113,134,669261,571882,,,,,,,,,,,,,,,,,,,,,,,,,571912
718773,2023-03-30,7,Top,62,1,1,1,2,113,134,669261,571882,,,,,,,,,,,,,,,,,,,,,,,,,571912
718773,2023-03-30,7,Top,62,2,1,2,2,113,134,669261,571882,,,,,,,,,,,,,,,,,,,,,,,,,571912
718773,2023-03-30,7,Top,62,3,1,2,2,113,134,669261,571882,field_out,Groundout,"Jack Suwinski grounds out, second baseman Jonathan India to first baseman Jason Vosler.",T,,,,,,,,,,669261,,,T,3,Groundout,field_out,,,,,571912
718773,2023-03-30,7,Bot,63,0,0,1,0,113,134,641584,642239,,,,,,,,,,,,,,,,,,,,,,,,,595978
718773,2023-03-30,7,Bot,63,1,0,2,0,113,134,641584,642239,,,,,,,,,,,,,,,,,,,,,,,,,595978
718773,2023-03-30,7,Bot,63,2,0,2,0,113,134,641584,642239,field_out,Flyout,Jake Fraley flies out to center fielder Jack Suwinski.,T,,,,,,,,,,641584,,,T,1,Flyout,field_out,,,,,595978
718773,2023-03-30,7,Bot,64,0,1,0,1,113,134,663886,642239,,,,,,,,,,,,,,,,,,,,,,,,,595978
718773,2023-03-30,7,Bot,64,1,1,1,1,113,134,663886,642239,,,,,,,,,,,,,,,,,,,,,,,,,595978
718773,2023-03-30,7,Bot,64,2,2,1,1,113,134,663886,642239,,,,,,,,,,,,,,,,,,,,,,,,,595978
718773,2023-03-30,7,Bot,64,3,2,2,1,113,134,663886,642239,,,,,,,,,,,,,,,,,,,,,,,,,595978
718773,2023-03-30,7,Bot,64,4,2,2,1,113,134,663886,642239,field_out,Groundout,"Tyler Stephenson grounds out, shortstop Oneil Cruz to first baseman Carlos Santana.",T,,,,,,,,,,663886,,,T,2,Groundout,field_out,,,,,595978
718773,2023-03-30,7,Bot,65,0,1,0,2,113,134,613564,642239,,,,,,,,,,,,,,,,,,,,,,,,,595978
718773,2023-03-30,7,Bot,65,1,1,0,2,113,134,613564,642239,field_out,Pop Out,Jason Vosler pops out to catcher Austin Hedges in foul territory.,T,,,,,,,,,,613564,,,T,3,Pop Out,field_out,,,,,595978
718773,2023-03-30,8,Top,66,0,0,0,0,113,134,678225,571656,,,,,,,,,,,,,,,,,,,,,,,,,571912
718773,2023-03-30,8,Top,66,1,1,0,0,113,134,678225,571656,,,,,,,,,,,,,,,,,,,,,,,,,571912
718773,2023-03-30,8,Top,66,2,2,0,0,113,134,678225,571656,,,,,,,,,,,,,,,,,,,,,,,,,571912
718773,2023-03-30,8,Top,66,3,3,0,0,113,134,678225,571656,,,,,,,,,,,,,,,,,,,,,,,,,571912
718773,2023-03-30,8,Top,66,4,4,0,0,113,134,678225,571656,walk,Walk,Ji Hwan Bae walks.,T,,,,,,,,,,678225,,1B,,,Walk,walk,,,,,571912
718773,2023-03-30,8,Top,67,0,1,0,0,113,134,595978,571656,,,,,,,,,,,,,,,,,,,,,,,,,571912
718773,2023-03-30,8,Top,67,1,1,0,0,113,134,595978,571656,,,,,,,,,,,,,,,,,,,,,,,,,571912
718773,2023-03-30,8,Top,67,2,1,1,0,113,134,595978,571656,,,,,,,,,,,,,,,,,,,,,,,,,571912
718773,2023-03-30,8,Top,67,3,1,1,0,113,134,595978,571656,,,,,,,,,,,,,,,,,,,,,,,,,571912
718773,2023-03-30,8,Top,67,4,1,1,0,113,134,595978,571656,sac_bunt,Sac Bunt,"Austin Hedges out on a sacrifice bunt, third baseman Spencer Steer to second baseman Jonathan India. Ji Hwan Bae to 3rd.",T,T,,,,,,,,,678225,1B,2B,,,Stolen Base 2B,stolen_base_2b,r_stolen_base_2b,,,,571912
718773,2023-03-30,8,Top,68,0,1,0,1,113,134,665833,571656,,,,,,,,,,,,,,,,,,,,,,,,,571912
718773,2023-03-30,8,Top,68,1,2,0,1,113,134,665833,571656,,,,,,,,,,,,,,,,,,,,,,,,,571912
718773,2023-03-30,8,Top,68,2,3,0,1,113,134,665833,571656,,,,,,,,,,,,,,,,,,,,,,,,,571912
718773,2023-03-30,8,Top,68,3,3,1,1,113,134,665833,571656,,,,,,,,,,,,,,,,,,,,,,,,,571912
718773,2023-03-30,8,Top,68,4,3,2,1,113,134,665833,571656,,,,,,,,,,,,,,,,,,,,,,,,,571912
718773,2023-03-30,8,Top,68,5,3,2,1,113,134,665833,571656,sac_fly,Sac Fly,Oneil Cruz out on a sacrifice fly to left fielder Will Benson. Ji Hwan Bae scores.,T,,,,,,,,,,665833,,,T,2,Sac Fly,sac_fly,,,,,571912
718773,2023-03-30,8,Top,69,0,1,0,2,113,134,668804,571656,,,,,,,,,,,,,,,,,,,,,,,,,571912
718773,2023-03-30,8,Top,69,1,1,1,2,113,134,668804,571656,,,,,,,,,,,,,,,,,,,,,,,,,571912
718773,2023-03-30,8,Top,69,2,1,2,2,113,134,668804,571656,,,,,,,,,,,,,,,,,,,,,,,,,571912
718773,2023-03-30,8,Top,69,3,1,3,2,113,134,668804,571656,strikeout,Strikeout,Bryan Reynolds strikes out swinging.,T,,,,,,,,,,668804,,,T,3,Strikeout,strikeout,,,,,571912
718773,2023-03-30,8,Bot,70,0,0,0,0,113,134,571976,670059,,,,,,,,,,,,,,,,,,,,,,,,,595978
718773,2023-03-30,8,Bot,70,1,1,0,0,113,134,571976,670059,,,,,,,,,,,,,,,,,,,,,,,,,595978
718773,2023-03-30,8,Bot,70,2,1,1,0,113,134,571976,670059,,,,,,,,,,,,,,,,,,,,,,,,,595978
718773,2023-03-30,8,Bot,70,3,1,1,0,113,134,571976,670059,single,Single,Wil Myers singles on a sharp ground ball to center fielder Jack Suwinski.,T,,,,,,,,,,571976,,1B,,,Single,single,,,,,595978
718773,2023-03-30,8,Bot,71,0,0,0,0,113,134,668715,670059,force_out,Forceout,"Spencer Steer grounds into a force out, shortstop Oneil Cruz to second baseman Ji Hwan Bae. Wil Myers out at 2nd. Spencer Steer to 1st.",T,,,,,,,,,,571976,1B,,T,1,Forceout,force_out,r_force_out,,,,595978
718773,2023-03-30,8,Bot,72,0,0,0,1,113,134,666181,670059,,,,,,,,,,,,,,,,,,,,,,,,,595978
718773,2023-03-30,8,Bot,72,1,0,1,1,113,134,666181,670059,,,,,,,,,,,,,,,,,,,,,,,,,595978
718773,2023-03-30,8,Bot,72,2,0,2,1,113,134,666181,670059,,,,,,,,,,,,,,,,,,,,,,,,,595978
718773,2023-03-30,8,Bot,72,3,1,2,1,113,134,666181,670059,,,,,,,,,,,,,,,,,,,,,,,,,595978
718773,2023-03-30,8,Bot,72,4,2,2,1,113,134,666181,670059,,,,,,,,,,,,,,,,,,,,,,,,,595978
718773,2023-03-30,8,Bot,72,5,2,3,1,113,134,666181,670059,strikeout_double_play,Strikeout Double Play,"Reds challenged (tag play), call on the field was upheld: Will Benson strikes out swinging and Stuart Fairchild caught stealing 2nd, catcher Austin Hedges to shortstop Oneil Cruz to catcher Austin Hedges.",T,,,,T,,,,,,666181,,,T,2,Strikeout Double Play,strikeout_double_play,,,,,595978
718773,2023-03-30,9,Top,73,0,0,0,0,113,134,457705,664139,,,,,,,,,,,,,,,,,,,,,,,,,571912
718773,2023-03-30,9,Top,73,1,0,0,0,113,134,457705,664139,,,,,,,,,,,,,,,,,,,,,,,,,571912
718773,2023-03-30,9,Top,73,2,0,0,0,113,134,457705,664139,,,,,,,,,,,,,,,,,,,,,,,,,571912
718773,2023-03-30,9,Top,73,3,0,0,0,113,134,457705,664139,,,,,,,,,,,,,,,,,,,,,,,,,571912
718773,2023-03-30,9,Top,73,4,0,0,0,113,134,457705,664139,,,,,,,,,,,,,,,,,,,,,,,,,571912
718773,2023-03-30,9,Top,73,5,1,0,0,113,134,457705,664139,,,,,,,,,,,,,,,,,,,,,,,,,571912
718773,2023-03-30,9,Top,73,6,1,1,0,113,134,457705,664139,,,,,,,,,,,,,,,,,,,,,,,,,571912
718773,2023-03-30,9,Top,73,7,2,1,0,113,134,457705,664139,,,,,,,,,,,,,,,,,,,,,,,,,571912
718773,2023-03-30,9,Top,73,8,2,1,0,113,134,457705,664139,field_out,Flyout,Andrew McCutchen flies out to right fielder Will Benson.,T,,,,,,,,,,457705,,,T,1,Flyout,field_out,,,,,571912
718773,2023-03-30,9,Top,74,0,0,1,1,113,134,467793,664139,,,,,,,,,,,,,,,,,,,,,,,,,571912
718773,2023-03-30,9,Top,74,1,1,1,1,113,134,467793,664139,,,,,,,,,,,,,,,,,,,,,,,,,571912
718773,2023-03-30,9,Top,74,2,2,1,1,113,134,467793,664139,,,,,,,,,,,,,,,,,,,,,,,,,571912
718773,2023-03-30,9,Top,74,3,2,2,1,113,134,467793,664139,,,,,,,,,,,,,,,,,,,,,,,,,571912
718773,2023-03-30,9,Top,74,4,3,2,1,113,134,467793,664139,,,,,,,,,,,,,,,,,,,,,,,,,571912
718773,2023-03-30,9,Top,74,5,4,2,1,113,134,467793,664139,walk,Walk,Carlos Santana walks.,T,,,,,,,,,,467793,,1B,,,Walk,walk,,,,,571912
718773,2023-03-30,9,Top,75,0,0,1,1,113,134,675986,664139,,,,,,,,,,,,,,,,,,,,,,,,,571912
718773,2023-03-30,9,Top,75,1,0,2,1,113,134,675986,664139,,,,,,,,,,,,,,,,,,,,,,,,,571912
718773,2023-03-30,9,Top,75,2,1,2,1,113,134,675986,664139,,,,,,,,,,,,,,,,,,,,,,,,,571912
718773,2023-03-30,9,Top,75,3,1,2,1,113,134,675986,664139,,,,,,,,,,,,,,,,,,,,,,,,,571912
718773,2023-03-30,9,Top,75,4,1,2,1,113,134,675986,664139,grounded_into_double_play,Grounded Into DP,"Canaan Smith-Njigba grounds into a double play, first baseman Wil Myers to shortstop José Barrero. Carlos Santana out at 2nd. Canaan Smith-Njigba out at 1st.",T,,,,,,,,,,675986,,,T,2,Grounded Into DP,grounded_into_double_play,,,,,571912
718773,2023-03-30,9,Bot,76,0,0,0,0,113,134,676480,670280,,,,,,,,,,,,,,,,,,,,,,,,,595978
718773,2023-03-30,9,Bot,76,1,0,0,0,113,134,676480,670280,,,,,,,,,,,,,,,,,,,,,,,,,595978
718773,2023-03-30,9,Bot,76,2,0,0,0,113,134,676480,670280,,,,,,,,,,,,,,,,,,,,,,,,,595978
718773,2023-03-30,9,Bot,76,3,0,0,0,113,134,676480,670280,,,,,,,,,,,,,,,,,,,,,,,,,595978
718773,2023-03-30,9,Bot,76,4,1,0,0,113,134,676480,670280,,,,,,,,,,,,,,,,,,,,,,,,,595978
718773,2023-03-30,9,Bot,76,5,1,1,0,113,134,676480,670280,,,,,,,,,,,,,,,,,,,,,,,,,595978
718773,2023-03-30,9,Bot,76,6,1,2,0,113,134,676480,670280,,,,,,,,,,,,,,,,,,,,,,,,,595978
718773,2023-03-30,9,Bot,76,7,2,2,0,113,134,676480,670280,,,,,,,,,,,,,,,,,,,,,,,,,595978
718773,2023-03-30,9,Bot,76,8,2,2,0,113,134,676480,670280,field_out,Groundout,"José Barrero grounds out, third baseman Ke'Bryan Hayes to first baseman Carlos Santana.",T,,,,,,,,,,676480,,,T,1,Groundout,field_out,,,,,595978
718773,2023-03-30,9,Bot,77,0,0,1,1,113,134,663697,670280,,,,,,,,,,,,,,,,,,,,,,,,,595978
718773,2023-03-30,9,Bot,77,1,0,2,1,113,134,663697,670280,,,,,,,,,,,,,,,,,,,,,,,,,595978
718773,2023-03-30,9,Bot,77,2,1,2,1,113,134,663697,670280,,,,,,,,,,,,,,,,,,,,,,,,,595978
718773,2023-03-30,9,Bot,77,3,1,2,1,113,134,663697,670280,double,Double,Jonathan India doubles (1) on a sharp line drive to left fielder Bryan Reynolds.,T,,,,,,,,,,663697,,2B,,,Double,double,,,,,595978
718773,2023-03-30,9,Bot,78,0,0,1,1,113,134,670770,670280,,,,,,,,,,,,,,,,,,,,,,,,,595978
718773,2023-03-30,9,Bot,78,1,0,2,1,113,134,670770,670280,,,,,,,,,,,,,,,,,,,,,,,,,595978
718773,2023-03-30,9,Bot,78,2,0,2,1,113,134,670770,670280,,,,,,,,,,,,,,,,,,,,,,,,,595978
718773,2023-03-30,9,Bot,78,3,0,2,1,113,134,670770,670280,,,,,,,,,,,,,,,,,,,,,,,,,595978
718773,2023-03-30,9,Bot,78,4,0,3,1,113,134,670770,670280,strikeout,Strikeout,TJ Friedl strikes out swinging.,T,,,,,,,,,,670770,,,T,2,Strikeout,strikeout,,,,,595978
718773,2023-03-30,9,Bot,79,0,1,0,2,113,134,641584,670280,,,,,,,,,,,,,,,,,,,,,,,,,595978
718773,2023-03-30,9,Bot,79,1,1,1,2,113,134,641584,670280,,,,,,,,,,,,,,,,,,,,,,,,,595978
718773,2023-03-30,9,Bot,79,2,1,2,2,113,134,641584,670280,,,,,,,,,,,,,,,,,,,,,,,,,595978
718773,2023-03-30,9,Bot,79,3,1,3,2,113,134,641584,670280,strikeout,Strikeout,Jake Fraley called out on strikes.,T,,,,,,,,,,641584,,,T,3,Strikeout,strikeout,,,,,595978
718772,2023-03-30,1,Top,0,0,0,0,0,138,141,543807,571945,,,,,,,,,,,,,,,,,,,,,,,,,575929
718772,2023-03-30,1,Top,0,1,0,0,0,138,141,543807,571945,,,,,,,,,,,,,,,,,,,,,,,,,575929
718772,2023-03-30,1,Top,0,2,0,0,0,138,141,543807,571945,,,,,,,,,,,,,,,,,,,,,,,,,575929
718772,2023-03-30,1,Top,0,3,0,0,0,138,141,543807,571945,,,,,,,,,,,,,,,,,,,,,,,,,575929
718772,2023-03-30,1,Top,0,4,0,0,0,138,141,543807,571945,,,,,,,,,,,,,,,,,,,,,,,,,575929
718772,2023-03-30,1,Top,0,5,1,0,0,138,141,543807,571945,,,,,,,,,,,,,,,,,,,,,,,,,575929
718772,2023-03-30,1,Top,0,6,1,1,0,138,141,543807,571945,,,,,,,,,,,,,,,,,,,,,,,,,575929
718772,2023-03-30,1,Top,0,7,2,1,0,138,141,543807,571945,,,,,,,,,,,,,,,,,,,,,,,,,575929
718772,2023-03-30,1,Top,0,8,2,2,0,138,141,543807,571945,,,,,,,,,,,,,,,,,,,,,,,,,575929
718772,2023-03-30,1,Top,0,9,2,2,0,138,141,543807,571945,single,Single,George Springer singles on a sharp line drive to right fielder Jordan Walker.,T,,,,,,,,,,543807,,1B,,,Single,single,,,,,575929
718772,2023-03-30,1,Top,1,0,1,0,0,138,141,666182,571945,,,,,,,,,,,,,,,,,,,,,,,,,575929
718772,2023-03-30,1,Top,1,1,1,1,0,138,141,666182,571945,,,,,,,,,,,,,,,,,,,,,,,,,575929
718772,2023-03-30,1,Top,1,2,1,2,0,138,141,666182,571945,,,,,,,,,,,,,,,,,,,,,,,,,575929
718772,2023-03-30,1,Top,1,3,2,2,0,138,141,666182,571945,,,,,,,,,,,,,,,,,,,,,,,,,575929
718772,2023-03-30,1,Top,1,4,2,2,0,138,141,666182,571945,single,Single,Bo Bichette singles on a line drive to center fielder Tyler O'Neill. George Springer to 2nd.,T,,,,,,,,,,666182,,1B,,,Single,single,,,,,575929
718772,2023-03-30,1,Top,2,0,1,0,0,138,141,665489,571945,,,,,,,,,,,,,,,,,,,,,,,,,575929
718772,2023-03-30,1,Top,2,1,2,0,0,138,141,665489,571945,,,,,,,,,,,,,,,,,,,,,,,,,575929
718772,2023-03-30,1,Top,2,2,2,1,0,138,141,665489,571945,,,,,,,,,,,,,,,,,,,,,,,,,575929
718772,2023-03-30,1,Top,2,3,2,1,0,138,141,665489,571945,field_out,Flyout,Vladimir Guerrero Jr. flies out sharply to center fielder Tyler O'Neill. George Springer to 3rd.,T,,,,,,,,,,665489,,,T,1,Flyout,field_out,,,,,575929
718772,2023-03-30,1,Top,3,0,1,0,1,138,141,662139,571945,,,,,,,,,,,,,,,,,,,,,,,,,575929
718772,2023-03-30,1,Top,3,1,1,1,1,138,141,662139,571945,,,,,,,,,,,,,,,,,,,,,,,,,575929
718772,2023-03-30,1,Top,3,2,2,1,1,138,141,662139,571945,,,,,,,,,,,,,,,,,,,,,,,,,575929
718772,2023-03-30,1,Top,3,3,2,2,1,138,141,662139,571945,,,,,,,,,,,,,,,,,,,,,,,,,575929
718772,2023-03-30,1,Top,3,4,2,2,1,138,141,662139,571945,,,,,,,,,,,,,,,,,,,,,,,,,575929
718772,2023-03-30,1,Top,3,5,2,2,1,138,141,662139,571945,,,,,,,,,,,,,,,,,,,,,,,,,575929
718772,2023-03-30,1,Top,3,6,2,2,1,138,141,662139,571945,,,,,,,,,,,,,,,,,,,,,,,,,575929
718772,2023-03-30,1,Top,3,7,3,2,1,138,141,662139,571945,,,,,,,,,,,,,,,,,,,,,,,,,575929
718772,2023-03-30,1,Top,3,8,3,2,1,138,141,662139,571945,double,Double,Daulton Varsho doubles (1) on a sharp line drive to right fielder Jordan Walker. George Springer scores. Bo Bichette to 3rd.,T,,,,,,,,,,662139,,2B,,,Double,double,,,,,575929
718772,2023-03-30,1,Top,4,0,0,1,1,138,141,672386,571945,,,,,,,,,,,,,,,,,,,,,,,,,575929
718772,2023-03-30,1,Top,4,1,1,1,1,138,141,672386,571945,,,,,,,,,,,,,,,,,,,,,,,,,575929
718772,2023-03-30,1,Top,4,2,1,1,1,138,141,672386,571945,single,Single,Alejandro Kirk singles on a line drive to center fielder Tyler O'Neill. Bo Bichette scores. Daulton Varsho scores.,T,,,,,,,,,,672386,,1B,,,Single,single,,,,,575929
718772,2023-03-30,1,Top,5,0,0,0,1,138,141,474832,571945,,,,,,,,,,,,,,,,,,,,,,,,,575929
718772,2023-03-30,1,Top,5,1,1,0,1,138,141,474832,571945,,,,,,,,,,,,,,,,,,,,,,,,,575929
718772,2023-03-30,1,Top,5,2,2,0,1,138,141,474832,571945,,,,,,,,,,,,,,,,,,,,,,,,,575929
718772,2023-03-30,1,Top,5,3,2,1,1,138,141,474832,571945,,,,,,,,,,,,,,,,,,,,,,,,,575929
718772,2023-03-30,1,Top,5,4,2,1,1,138,141,474832,571945,field_out,Lineout,Brandon Belt lines out to center fielder Tyler O'Neill.,T,,,,,,,,,,474832,,,T,2,Lineout,field_out,,,,,575929
718772,2023-03-30,1,Top,6,0,1,0,2,138,141,656305,571945,,,,,,,,,,,,,,,,,,,,,,,,,575929
718772,2023-03-30,1,Top,6,1,1,1,2,138,141,656305,571945,,,,,,,,,,,,,,,,,,,,,,,,,575929
718772,2023-03-30,1,Top,6,2,1,1,2,138,141,656305,571945,single,Single,Matt Chapman singles on a ground ball to right fielder Jordan Walker. Alejandro Kirk to 2nd.,T,,,,,,,,,,656305,,1B,,,Single,single,,,,,575929
718772,2023-03-30,1,Top,7,0,1,0,2,138,141,593160,571945,,,,,,,,,,,,,,,,,,,,,,,,,575929
718772,2023-03-30,1,Top,7,1,1,1,2,138,141,593160,571945,,,,,,,,,,,,,,,,,,,,,,,,,575929
718772,2023-03-30,1,Top,7,2,1,2,2,138,141,593160,571945,,,,,,,,,,,,,,,,,,,,,,,,,575929
718772,2023-03-30,1,Top,7,3,1,3,2,138,141,593160,571945,strikeout,Strikeout,Whit Merrifield called out on strikes.,T,,,,,,,,,,593160,,,T,3,Strikeout,strikeout,,,,,575929
718772,2023-03-30,1,Bot,8,0,0,1,0,138,141,680977,666201,,,,,,,,,,,,,,,,,,,,,,,,,643376
718772,2023-03-30,1,Bot,8,1,1,1,0,138,141,680977,666201,,,,,,,,,,,,,,,,,,,,,,,,,643376
718772,2023-03-30,1,Bot,8,2,2,1,0,138,141,680977,666201,,,,,,,,,,,,,,,,,,,,,,,,,643376
718772,2023-03-30,1,Bot,8,3,3,1,0,138,141,680977,666201,,,,,,,,,,,,,,,,,,,,,,,,,643376
718772,2023-03-30,1,Bot,8,4,3,2,0,138,141,680977,666201,,,,,,,,,,,,,,,,,,,,,,,,,643376
718772,2023-03-30,1,Bot,8,5,3,2,0,138,141,680977,666201,,,,,,,,,,,,,,,,,,,,,,,,,643376
718772,2023-03-30,1,Bot,8,6,3,2,0,138,141,680977,666201,single,Single,"Brendan Donovan singles on a ground ball to shortstop Bo Bichette. Brendan Donovan to 2nd. Brendan Donovan advances to 2nd, on a throwing error by shortstop Bo Bichette.",T,,,,,,,,,,680977,,1B,,,Single,single,,,,,643376
718772,2023-03-30,1,Bot,9,0,1,0,0,138,141,663457,666201,,,,,,,,,,,,,,,,,,,,,,,,,643376
718772,2023-03-30,1,Bot,9,1,1,1,0,138,141,663457,666201,,,,,,,,,,,,,,,,,,,,,,,,,643376
718772,2023-03-30,1,Bot,9,2,1,2,0,138,141,663457,666201,,,,,,,,,,,,,,,,,,,,,,,,,643376
718772,2023-03-30,1,Bot,9,3,2,2,0,138,141,663457,666201,,,,,,,,,,,,,,,,,,,,,,,,,643376
718772,2023-03-30,1,Bot,9,4,3,2,0,138,141,663457,666201,,,,,,,,,,,,,,,,,,,,,,,,,643376
718772,2023-03-30,1,Bot,9,5,4,2,0,138,141,663457,666201,walk,Walk,Lars Nootbaar walks.,T,,,,,,,,,,663457,,1B,,,Walk,walk,,,,,643376
718772,2023-03-30,1,Bot,10,0,1,0,0,138,141,502671,666201,,,,,,,,,,,,,,,,,,,,,,,,,643376
718772,2023-03-30,1,Bot,10,1,1,1,0,138,141,502671,666201,,,,,,,,,,,,,,,,,,,,,,,,,643376
718772,2023-03-30,1,Bot,10,2,1,2,0,138,141,502671,666201,,,,,,,,,,,,,,,,,,,,,,,,,643376
718772,2023-03-30,1,Bot,10,3,2,2,0,138,141,502671,666201,,,,,,,,,,,,,,,,,,,,,,,,,643376
718772,2023-03-30,1,Bot,10,4,2,2,0,138,141,502671,666201,,,,,,,,,,,,,,,,,,,,,,,,,643376
718772,2023-03-30,1,Bot,10,5,3,2,0,138,141,502671,666201,,,,,,,,,,,,,,,,,,,,,,,,,643376
718772,2023-03-30,1,Bot,10,6,3,3,0,138,141,502671,666201,strikeout,Strikeout,Paul Goldschmidt strikes out swinging.,T,,,,,,,,,,502671,,,T,1,Strikeout,strikeout,,,,,643376
718772,2023-03-30,1,Bot,11,0,0,0,1,138,141,571448,666201,,,,,,,,,,,,,,,,,,,,,,,,,643376
718772,2023-03-30,1,Bot,11,1,0,0,1,138,141,571448,666201,single,Single,Nolan Arenado singles on a line drive to left fielder Daulton Varsho. Brendan Donovan scores. Lars Nootbaar to 3rd.,T,,,,,,,,,,571448,,1B,,,Single,single,,,,,643376
718772,2023-03-30,1,Bot,12,0,0,0,1,138,141,575929,666201,,,,,,,,,,,,,,,,,,,,,,,,,643376
718772,2023-03-30,1,Bot,12,1,0,1,1,138,141,575929,666201,,,,,,,,,,,,,,,,,,,,,,,,,643376
718772,2023-03-30,1,Bot,12,2,0,2,1,138,141,575929,666201,,,,,,,,,,,,,,,,,,,,,,,,,643376
718772,2023-03-30,1,Bot,12,3,0,2,1,138,141,575929,666201,,,,,,,,,,,,,,,,,,,,,,,,,643376
718772,2023-03-30,1,Bot,12,4,1,2,1,138,141,575929,666201,,,,,,,,,,,,,,,,,,,,,,,,,643376
718772,2023-03-30,1,Bot,12,5,1,2,1,138,141,575929,666201,field_out,Lineout,Willson Contreras lines out to second baseman Whit Merrifield.,T,,,,,,,,,,575929,,,T,2,Lineout,field_out,,,,,643376
718772,2023-03-30,1,Bot,13,0,0,1,2,138,141,641933,666201,,,,,,,,,,,,,,,,,,,,,,,,,643376
718772,2023-03-30,1,Bot,13,1,1,1,2,138,141,641933,666201,,,,,,,,,,,,,,,,,,,,,,,,,643376
718772,2023-03-30,1,Bot,13,2,1,1,2,138,141,641933,666201,,,,,,,,,,,,,,,,,,,,,,,,,643376
718772,2023-03-30,1,Bot,13,3,1,2,2,138,141,641933,666201,,,,,,,,,,,,,,,,,,,,,,,,,643376
718772,2023-03-30,1,Bot,13,4,1,3,2,138,141,641933,666201,strikeout,Strikeout,Tyler O'Neill strikes out swinging.,T,,,,,,,,,,641933,,,T,3,Strikeout,strikeout,,,,,643376
718772,2023-03-30,2,Top,14,0,0,1,0,138,141,595281,571945,,,,,,,,,,,,,,,,,,,,,,,,,575929
718772,2023-03-30,2,Top,14,1,0,1,0,138,141,595281,571945,field_out,Flyout,Kevin Kiermaier flies out to right fielder Jordan Walker.,T,,,,,,,,,,595281,,,T,1,Flyout,field_out,,,,,575929
718772,2023-03-30,2,Top,15,0,0,1,1,138,141,543807,571945,,,,,,,,,,,,,,,,,,,,,,,,,575929
718772,2023-03-30,2,Top,15,1,0,1,1,138,141,543807,571945,single,Single,George Springer singles on a line drive to left fielder Lars Nootbaar.,T,,,,,,,,,,543807,,1B,,,Single,single,,,,,575929
718772,2023-03-30,2,Top,16,0,1,0,1,138,141,666182,571945,,,,,,,,,,,,,,,,,,,,,,,,,575929
718772,2023-03-30,2,Top,16,1,1,1,1,138,141,666182,571945,,,,,,,,,,,,,,,,,,,,,,,,,575929
718772,2023-03-30,2,Top,16,2,1,2,1,138,141,666182,571945,,,,,,,,,,,,,,,,,,,,,,,,,575929
718772,2023-03-30,2,Top,16,3,2,2,1,138,141,666182,571945,,,,,,,,,,,,,,,,,,,,,,,,,575929
718772,2023-03-30,2,Top,16,4,2,2,1,138,141,666182,571945,double,Double,Bo Bichette doubles (1) on a sharp line drive to right fielder Jordan Walker. George Springer scores.,T,,,,,,,,,,666182,,2B,,,Double,double,,,,,575929
718772,2023-03-30,2,Top,17,0,1,0,1,138,141,665489,571945,,,,,,,,,,,,,,,,,,,,,,,,,575929
718772,2023-03-30,2,Top,17,1,2,0,1,138,141,665489,571945,hit_by_pitch,Hit By Pitch,Vladimir Guerrero Jr. hit by pitch.,T,,,,,,,,,,665489,,1B,,,Hit By Pitch,hit_by_pitch,,,,,575929
718772,2023-03-30,2,Top,18,0,1,0,1,138,141,662139,571945,,,,,,,,,,,,,,,,,,,,,,,,,575929
718772,2023-03-30,2,Top,18,1,1,1,1,138,141,662139,571945,,,,,,,,,,,,,,,,,,,,,,,,,575929
718772,2023-03-30,2,Top,18,2,1,2,1,138,141,662139,571945,,,,,,,,,,,,,,,,,,,,,,,,,575929
718772,2023-03-30,2,Top,18,3,1,3,1,138,141,662139,571945,strikeout,Strikeout,Daulton Varsho strikes out swinging.,T,,,,,,,,,,662139,,,T,2,Strikeout,strikeout,,,,,575929
718772,2023-03-30,2,Top,19,0,0,1,2,138,141,672386,571945,,,,,,,,,,,,,,,,,,,,,,,,,575929
718772,2023-03-30,2,Top,19,1,0,2,2,138,141,672386,571945,,,,,,,,,,,,,,,,,,,,,,,,,575929
718772,2023-03-30,2,Top,19,2,1,2,2,138,141,672386,571945,,,,,,,,,,,,,,,,,,,,,,,,,575929
718772,2023-03-30,2,Top,19,3,1,2,2,138,141,672386,571945,field_out,Flyout,Alejandro Kirk flies out to right fielder Jordan Walker.,T,,,,,,,,,,672386,,,T,3,Flyout,field_out,,,,,575929
718772,2023-03-30,2,Bot,20,0,0,1,0,138,141,669357,666201,,,,,,,,,,,,,,,,,,,,,,,,,643376
718772,2023-03-30,2,Bot,20,1,0,2,0,138,141,669357,666201,,,,,,,,,,,,,,,,,,,,,,,,,643376
718772,2023-03-30,2,Bot,20,2,1,2,0,138,141,669357,666201,,,,,,,,,,,,,,,,,,,,,,,,,643376
718772,2023-03-30,2,Bot,20,3,1,3,0,138,141,669357,666201,strikeout,Strikeout,Nolan Gorman strikes out swinging.,T,,,,,,,,,,669357,,,T,1,Strikeout,strikeout,,,,,643376
718772,2023-03-30,2,Bot,21,0,0,1,1,138,141,691023,666201,,,,,,,,,,,,,,,,,,,,,,,,,643376
718772,2023-03-30,2,Bot,21,1,0,1,1,138,141,691023,666201,single,Single,Jordan Walker singles on a sharp ground ball to center fielder Kevin Kiermaier.,T,,,,,,,,,,691023,,1B,,,Single,single,,,,,643376
718772,2023-03-30,2,Bot,22,0,1,0,1,138,141,669242,666201,,,,,,,,,,,,,,,,,,,,,,,,,643376
718772,2023-03-30,2,Bot,22,1,1,0,1,138,141,669242,666201,single,Single,Tommy Edman singles on a line drive to center fielder Kevin Kiermaier. Jordan Walker to 2nd.,T,,,,,,,,,,669242,,1B,,,Single,single,,,,,643376
718772,2023-03-30,2,Bot,23,0,1,0,1,138,141,680977,666201,,,,,,,,,,,,,,,,,,,,,,,,,643376
718772,2023-03-30,2,Bot,23,1,1,0,1,138,141,680977,666201,,,,,,,,,,,,,,,,,,,,,,,,,643376
718772,2023-03-30,2,Bot,23,2,1,1,1,138,141,680977,666201,,,,,,,,,,,,,,,,,,,,,,,,,643376
718772,2023-03-30,2,Bot,23,3,2,1,1,138,141,680977,666201,,,,,,,,,,,,,,,,,,,,,,,,,643376
718772,2023-03-30,2,Bot,23,4,3,1,1,138,141,680977,666201,,,,,,,,,,,,,,,,,,,,,,,,,643376
718772,2023-03-30,2,Bot,23,5,3,2,1,138,141,680977,666201,,,,,,,,,,,,,,,,,,,,,,,,,643376
718772,2023-03-30,2,Bot,23,6,3,2,1,138,141,680977,666201,,,,,,,,,,,,,,,,,,,,,,,,,643376
718772,2023-03-30,2,Bot,23,7,3,2,1,138,141,680977,666201,field_out,Lineout,Brendan Donovan lines out sharply to right fielder George Springer.,T,,,,,,,,,,680977,,,T,2,Lineout,field_out,,,,,643376
718772,2023-03-30,2,Bot,24,0,1,0,2,138,141,663457,666201,,,,,,,,,,,,,,,,,,,,,,,,,643376
718772,2023-03-30,2,Bot,24,1,2,0,2,138,141,663457,666201,,,,,,,,,,,,,,,,,,,,,,,,,643376
718772,2023-03-30,2,Bot,24,2,2,0,2,138,141,663457,666201,field_out,Groundout,"Lars Nootbaar grounds out sharply, second baseman Whit Merrifield to first baseman Vladimir Guerrero Jr.",T,,,,,,,,,,663457,,,T,3,Groundout,field_out,,,,,643376
718772,2023-03-30,3,Top,25,0,0,1,0,138,141,474832,571945,,,,,,,,,,,,,,,,,,,,,,,,,575929
718772,2023-03-30,3,Top,25,1,0,2,0,138,141,474832,571945,,,,,,,,,,,,,,,,,,,,,,,,,575929
718772,2023-03-30,3,Top,25,2,0,2,0,138,141,474832,571945,,,,,,,,,,,,,,,,,,,,,,,,,575929
718772,2023-03-30,3,Top,25,3,1,2,0,138,141,474832,571945,,,,,,,,,,,,,,,,,,,,,,,,,575929
718772,2023-03-30,3,Top,25,4,1,2,0,138,141,474832,571945,,,,,,,,,,,,,,,,,,,,,,,,,575929
718772,2023-03-30,3,Top,25,5,2,2,0,138,141,474832,571945,,,,,,,,,,,,,,,,,,,,,,,,,575929
718772,2023-03-30,3,Top,25,6,2,3,0,138,141,474832,571945,strikeout,Strikeout,Brandon Belt strikes out swinging.,T,,,,,,,,,,474832,,,T,1,Strikeout,strikeout,,,,,575929
718772,2023-03-30,3,Top,26,0,0,1,1,138,141,656305,571945,,,,,,,,,,,,,,,,,,,,,,,,,575929
718772,2023-03-30,3,Top,26,1,0,2,1,138,141,656305,571945,,,,,,,,,,,,,,,,,,,,,,,,,575929
718772,2023-03-30,3,Top,26,2,0,2,1,138,141,656305,571945,,,,,,,,,,,,,,,,,,,,,,,,,575929
718772,2023-03-30,3,Top,26,3,1,2,1,138,141,656305,571945,,,,,,,,,,,,,,,,,,,,,,,,,575929
718772,2023-03-30,3,Top,26,4,1,2,1,138,141,656305,571945,single,Single,Matt Chapman singles on a line drive to center fielder Tyler O'Neill.,T,,,,,,,,,,656305,,1B,,,Single,single,,,,,575929
718772,2023-03-30,3,Top,27,0,0,1,1,138,141,593160,571945,,,,,,,,,,,,,,,,,,,,,,,,,575929
718772,2023-03-30,3,Top,27,1,0,2,1,138,141,593160,571945,,,,,,,,,,,,,,,,,,,,,,,,,575929
718772,2023-03-30,3,Top,27,2,1,2,1,138,141,593160,571945,,,,,,,,,,,,,,,,,,,,,,,,,575929
718772,2023-03-30,3,Top,27,3,1,2,1,138,141,593160,571945,,,,,,,,,,,,,,,,,,,,,,,,,575929
718772,2023-03-30,3,Top,27,4,2,2,1,138,141,593160,571945,,,,,,,,,,,,,,,,,,,,,,,,,575929
718772,2023-03-30,3,Top,27,5,2,3,1,138,141,593160,571945,strikeout,Strikeout,Whit Merrifield strikes out swinging.,T,,,,,,,,,,593160,,,T,2,Strikeout,strikeout,,,,,575929
718772,2023-03-30,3,Top,28,0,1,0,2,138,141,595281,571945,,,,,,,,,,,,,,,,,,,,,,,,,575929
718772,2023-03-30,3,Top,28,1,1,1,2,138,141,595281,571945,,,,,,,,,,,,,,,,,,,,,,,,,575929
718772,2023-03-30,3,Top,28,2,1,2,2,138,141,595281,571945,,,,,,,,,,,,,,,,,,,,,,,,,575929
718772,2023-03-30,3,Top,28,3,1,3,2,138,141,595281,571945,strikeout,Strikeout,Kevin Kiermaier called out on strikes.,T,,,,,,,,,,595281,,,T,3,Strikeout,strikeout,,,,,575929
718772,2023-03-30,3,Bot,29,0,1,0,0,138,141,502671,666201,,,,,,,,,,,,,,,,,,,,,,,,,643376
718772,2023-03-30,3,Bot,29,1,1,1,0,138,141,502671,666201,,,,,,,,,,,,,,,,,,,,,,,,,643376
718772,2023-03-30,3,Bot,29,2,1,2,0,138,141,502671,666201,,,,,,,,,,,,,,,,,,,,,,,,,643376
718772,2023-03-30,3,Bot,29,3,2,2,0,138,141,502671,666201,,,,,,,,,,,,,,,,,,,,,,,,,643376
718772,2023-03-30,3,Bot,29,4,2,2,0,138,141,502671,666201,,,,,,,,,,,,,,,,,,,,,,,,,643376
718772,2023-03-30,3,Bot,29,5,2,2,0,138,141,502671,666201,field_out,Flyout,Paul Goldschmidt flies out to right fielder George Springer.,T,,,,,,,,,,502671,,,T,1,Flyout,field_out,,,,,643376
718772,2023-03-30,3,Bot,30,0,0,0,1,138,141,571448,666201,field_out,Flyout,Nolan Arenado flies out to center fielder Kevin Kiermaier.,T,,,,,,,,,,571448,,,T,2,Flyout,field_out,,,,,643376
718772,2023-03-30,3,Bot,31,0,0,1,2,138,141,575929,666201,,,,,,,,,,,,,,,,,,,,,,,,,643376
718772,2023-03-30,3,Bot,31,1,1,1,2,138,141,575929,666201,,,,,,,,,,,,,,,,,,,,,,,,,643376
718772,2023-03-30,3,Bot,31,2,1,2,2,138,141,575929,666201,,,,,,,,,,,,,,,,,,,,,,,,,643376
718772,2023-03-30,3,Bot,31,3,1,2,2,138,141,575929,666201,single,Single,Willson Contreras singles on a ground ball to center fielder Kevin Kiermaier.,T,,,,,,,,,,575929,,1B,,,Single,single,,,,,643376
718772,2023-03-30,3,Bot,32,0,0,0,2,138,141,641933,666201,home_run,Home Run,Tyler O'Neill homers (1) on a fly ball to center field. Willson Contreras scores.,T,,,,,,,,,,641933,,score,,,Home Run,home_run,,T,T,T,643376
718772,2023-03-30,3,Bot,33,0,1,0,2,138,141,669357,666201,,,,,,,,,,,,,,,,,,,,,,,,,643376
718772,2023-03-30,3,Bot,33,1,2,0,2,138,141,669357,666201,,,,,,,,,,,,,,,,,,,,,,,,,643376
718772,2023-03-30,3,Bot,33,2,2,0,2,138,141,669357,666201,single,Single,Nolan Gorman singles on a line drive to right fielder George Springer.,T,,,,,,,,,,669357,,1B,,,Single,single,,,,,643376
718772,2023-03-30,3,Bot,34,0,0,0,2,138,141,691023,666201,,,,,,,,,,,,,,,,,,,,,,,,,643376
718772,2023-03-30,3,Bot,34,1,0,0,2,138,141,691023,666201,field_out,Groundout,"Jordan Walker grounds out softly, pitcher Alek Manoah to first baseman Vladimir Guerrero Jr.",T,,,,,,,,,,691023,,,T,3,Groundout,field_out,,,,,643376
718772,2023-03-30,4,Top,35,0,0,1,0,138,141,543807,571945,,,,,,,,,,,,,,,,,,,,,,,,,575929
718772,2023-03-30,4,Top,35,1,1,1,0,138,141,543807,571945,,,,,,,,,,,,,,,,,,,,,,,,,575929
718772,2023-03-30,4,Top,35,2,1,2,0,138,141,543807,571945,,,,,,,,,,,,,,,,,,,,,,,,,575929
718772,2023-03-30,4,Top,35,3,1,2,0,138,141,543807,571945,single,Single,George Springer singles on a ground ball to second baseman Brendan Donovan.,T,,,,,,,,,,543807,,1B,,,Single,single,,,,,575929
718772,2023-03-30,4,Top,36,0,1,0,0,138,141,666182,571945,,,,,,,,,,,,,,,,,,,,,,,,,575929
718772,2023-03-30,4,Top,36,1,2,0,0,138,141,666182,571945,,,,,,,,,,,,,,,,,,,,,,,,,575929
718772,2023-03-30,4,Top,36,2,2,1,0,138,141,666182,571945,,,,,,,,,,,,,,,,,,,,,,,,,575929
718772,2023-03-30,4,Top,36,3,2,2,0,138,141,666182,571945,,,,,,,,,,,,,,,,,,,,,,,,,575929
718772,2023-03-30,4,Top,36,4,2,2,0,138,141,666182,571945,,,,,,,,,,,,,,,,,,,,,,,,,575929
718772,2023-03-30,4,Top,36,5,2,2,0,138,141,666182,571945,,,,,,,,,,,,,,,,,,,,,,,,,575929
718772,2023-03-30,4,Top,36,6,2,3,0,138,141,666182,571945,strikeout,Strikeout,Bo Bichette strikes out swinging.,T,,,,,,,,,,666182,,,T,1,Strikeout,strikeout,,,,,575929
718772,2023-03-30,4,Top,37,0,0,0,1,138,141,665489,571945,single,Single,Vladimir Guerrero Jr. singles on a sharp ground ball to right fielder Jordan Walker. George Springer to 3rd. Vladimir Guerrero Jr. to 2nd.,T,,,,,,,,,,665489,,1B,,,Single,single,,,,,575929
718772,2023-03-30,4,Top,38,0,0,0,1,138,141,662139,668868,,,,,,,,,,,,,,,,,,,,,,,,,575929
718772,2023-03-30,4,Top,38,1,0,0,1,138,141,662139,668868,,,,,,,,,,,,,,,,,,,,,,,,,575929
718772,2023-03-30,4,Top,38,2,1,0,1,138,141,662139,668868,,,,,,,,,,,,,,,,,,,,,,,,,575929
718772,2023-03-30,4,Top,38,3,2,0,1,138,141,662139,668868,,,,,,,,,,,,,,,,,,,,,,,,,575929
718772,2023-03-30,4,Top,38,4,2,1,1,138,141,662139,668868,,,,,,,,,,,,,,,,,,,,,,,,,575929
718772,2023-03-30,4,Top,38,5,2,1,1,138,141,662139,668868,sac_fly,Sac Fly,Daulton Varsho out on a sacrifice fly to left fielder Lars Nootbaar. George Springer scores.,T,,,,,,,,,,662139,,,T,2,Sac Fly,sac_fly,,,,,575929
718772,2023-03-30,4,Top,39,0,1,0,2,138,141,672386,668868,,,,,,,,,,,,,,,,,,,,,,,,,575929
718772,2023-03-30,4,Top,39,1,1,1,2,138,141,672386,668868,,,,,,,,,,,,,,,,,,,,,,,,,575929
718772,2023-03-30,4,Top,39,2,1,2,2,138,141,672386,668868,,,,,,,,,,,,,,,,,,,,,,,,,575929
718772,2023-03-30,4,Top,39,3,1,3,2,138,141,672386,668868,strikeout,Strikeout,Alejandro Kirk strikes out swinging.,T,,,,,,,,,,672386,,,T,3,Strikeout,strikeout,,,,,575929
718772,2023-03-30,4,Bot,40,0,1,0,0,138,141,669242,666201,,,,,,,,,,,,,,,,,,,,,,,,,643376
718772,2023-03-30,4,Bot,40,1,1,0,0,138,141,669242,666201,,,,,,,,,,,,,,,,,,,,,,,,,643376
718772,2023-03-30,4,Bot,40,2,2,0,0,138,141,669242,666201,,,,,,,,,,,,,,,,,,,,,,,,,643376
718772,2023-03-30,4,Bot,40,3,2,1,0,138,141,669242,666201,,,,,,,,,,,,,,,,,,,,,,,,,643376
718772,2023-03-30,4,Bot,40,4,3,1,0,138,141,669242,666201,,,,,,,,,,,,,,,,,,,,,,,,,643376
718772,2023-03-30,4,Bot,40,5,3,2,0,138,141,669242,666201,,,,,,,,,,,,,,,,,,,,,,,,,643376
718772,2023-03-30,4,Bot,40,6,3,2,0,138,141,669242,666201,,,,,,,,,,,,,,,,,,,,,,,,,643376
718772,2023-03-30,4,Bot,40,7,3,2,0,138,141,669242,666201,single,Single,Tommy Edman singles on a ground ball to third baseman Matt Chapman.,T,,,,,,,,,,669242,,1B,,,Single,single,,,,,643376
718772,2023-03-30,4,Bot,41,0,0,1,0,138,141,680977,666201,,,,,,,,,,,,,,,,,,,,,,,,,643376
718772,2023-03-30,4,Bot,41,1,0,2,0,138,141,680977,666201,,,,,,,,,,,,,,,,,,,,,,,,,643376
718772,2023-03-30,4,Bot,41,2,0,2,0,138,141,680977,666201,,,,,,,,,,,,,,,,,,,,,,,,,643376
718772,2023-03-30,4,Bot,41,3,0,2,0,138,141,680977,666201,,,,,,,,,,,,,,,,,,,,,,,,,643376
718772,2023-03-30,4,Bot,41,4,0,2,0,138,141,680977,666201,home_run,Home Run,Brendan Donovan homers (1) on a fly ball to right center field. Tommy Edman scores.,T,,,,,,,,,,680977,,score,,,Home Run,home_run,,T,T,T,643376
718772,2023-03-30,4,Bot,42,0,0,1,0,138,141,663457,666201,,,,,,,,,,,,,,,,,,,,,,,,,643376
718772,2023-03-30,4,Bot,42,1,0,2,0,138,141,663457,666201,,,,,,,,,,,,,,,,,,,,,,,,,643376
718772,2023-03-30,4,Bot,42,2,1,2,0,138,141,663457,666201,,,,,,,,,,,,,,,,,,,,,,,,,643376
718772,2023-03-30,4,Bot,42,3,1,2,0,138,141,663457,666201,field_out,Groundout,Lars Nootbaar grounds out to first baseman Vladimir Guerrero Jr.,T,,,,,,,,,,663457,,,T,1,Groundout,field_out,,,,,643376
718772,2023-03-30,4,Bot,43,0,1,0,1,138,141,502671,666201,,,,,,,,,,,,,,,,,,,,,,,,,643376
718772,2023-03-30,4,Bot,43,1,2,0,1,138,141,502671,666201,,,,,,,,,,,,,,,,,,,,,,,,,643376
718772,2023-03-30,4,Bot,43,2,2,1,1,138,141,502671,666201,,,,,,,,,,,,,,,,,,,,,,,,,643376
718772,2023-03-30,4,Bot,43,3,2,2,1,138,141,502671,666201,,,,,,,,,,,,,,,,,,,,,,,,,643376
718772,2023-03-30,4,Bot,43,4,2,2,1,138,141,502671,666201,,,,,,,,,,,,,,,,,,,,,,,,,643376
718772,2023-03-30,4,Bot,43,5,2,2,1,138,141,502671,666201,,,,,,,,,,,,,,,,,,,,,,,,,643376
718772,2023-03-30,4,Bot,43,6,3,2,1,138,141,502671,666201,,,,,,,,,,,,,,,,,,,,,,,,,643376
718772,2023-03-30,4,Bot,43,7,3,2,1,138,141,502671,666201,,,,,,,,,,,,,,,,,,,,,,,,,643376
718772,2023-03-30,4,Bot,43,8,4,2,1,138,141,502671,666201,walk,Walk,Paul Goldschmidt walks.,T,,,,,,,,,,502671,,1B,,,Walk,walk,,,,,643376
718772,2023-03-30,4,Bot,44,0,0,0,1,138,141,571448,647315,,,,,,,,,,,,,,,,,,,,,,,,,643376
718772,2023-03-30,4,Bot,44,1,0,0,1,138,141,571448,647315,,,,,,,,,,,,,,,,,,,,,,,,,643376
718772,2023-03-30,4,Bot,44,2,1,0,1,138,141,571448,647315,,,,,,,,,,,,,,,,,,,,,,,,,643376
718772,2023-03-30,4,Bot,44,3,1,0,1,138,141,571448,647315,grounded_into_double_play,Grounded Into DP,"Nolan Arenado grounds into a double play, third baseman Matt Chapman to second baseman Whit Merrifield to first baseman Vladimir Guerrero Jr. Paul Goldschmidt out at 2nd. Nolan Arenado out at 1st.",T,,,,,,,,,,502671,1B,,T,2,Grounded Into DP,grounded_into_double_play,r_force_out,,,,643376
718772,2023-03-30,5,Top,45,0,1,0,0,138,141,474832,668868,,,,,,,,,,,,,,,,,,,,,,,,,575929
718772,2023-03-30,5,Top,45,1,1,1,0,138,141,474832,668868,,,,,,,,,,,,,,,,,,,,,,,,,575929
718772,2023-03-30,5,Top,45,2,1,2,0,138,141,474832,668868,,,,,,,,,,,,,,,,,,,,,,,,,575929
718772,2023-03-30,5,Top,45,3,2,2,0,138,141,474832,668868,,,,,,,,,,,,,,,,,,,,,,,,,575929
718772,2023-03-30,5,Top,45,4,2,3,0,138,141,474832,668868,strikeout,Strikeout,Brandon Belt strikes out swinging.,T,,,,,,,,,,474832,,,T,1,Strikeout,strikeout,,,,,575929
718772,2023-03-30,5,Top,46,0,0,1,1,138,141,656305,668868,,,,,,,,,,,,,,,,,,,,,,,,,575929
718772,2023-03-30,5,Top,46,1,0,2,1,138,141,656305,668868,,,,,,,,,,,,,,,,,,,,,,,,,575929
718772,2023-03-30,5,Top,46,2,1,2,1,138,141,656305,668868,,,,,,,,,,,,,,,,,,,,,,,,,575929
718772,2023-03-30,5,Top,46,3,1,2,1,138,141,656305,668868,,,,,,,,,,,,,,,,,,,,,,,,,575929
718772,2023-03-30,5,Top,46,4,1,2,1,138,141,656305,668868,,,,,,,,,,,,,,,,,,,,,,,,,575929
718772,2023-03-30,5,Top,46,5,2,2,1,138,141,656305,668868,,,,,,,,,,,,,,,,,,,,,,,,,575929
718772,2023-03-30,5,Top,46,6,2,3,1,138,141,656305,668868,strikeout,Strikeout,Matt Chapman strikes out swinging.,T,,,,,,,,,,656305,,,T,2,Strikeout,strikeout,,,,,575929
718772,2023-03-30,5,Top,47,0,0,1,2,138,141,593160,668868,,,,,,,,,,,,,,,,,,,,,,,,,575929
718772,2023-03-30,5,Top,47,1,0,1,2,138,141,593160,668868,field_out,Groundout,"Whit Merrifield grounds out, shortstop Tommy Edman to first baseman Paul Goldschmidt.",T,,,,,,,,,,593160,,,T,3,Groundout,field_out,,,,,575929
718772,2023-03-30,5,Bot,48,0,1,0,0,138,141,575929,647315,,,,,,,,,,,,,,,,,,,,,,,,,643376
718772,2023-03-30,5,Bot,48,1,1,1,0,138,141,575929,647315,,,,,,,,,,,,,,,,,,,,,,,,,643376
718772,2023-03-30,5,Bot,48,2,1,2,0,138,141,575929,647315,,,,,,,,,,,,,,,,,,,,,,,,,643376
718772,2023-03-30,5,Bot,48,3,2,2,0,138,141,575929,647315,,,,,,,,,,,,,,,,,,,,,,,,,643376
718772,2023-03-30,5,Bot,48,4,3,2,0,138,141,575929,647315,,,,,,,,,,,,,,,,,,,,,,,,,643376
718772,2023-03-30,5,Bot,48,5,3,3,0,138,141,575929,647315,strikeout,Strikeout,Willson Contreras called out on strikes.,T,,,,,,,,,,575929,,,T,1,Strikeout,strikeout,,,,,643376
718772,2023-03-30,5,Bot,49,0,0,1,1,138,141,641933,647315,,,,,,,,,,,,,,,,,,,,,,,,,643376
718772,2023-03-30,5,Bot,49,1,1,1,1,138,141,641933,647315,,,,,,,,,,,,,,,,,,,,,,,,,643376
718772,2023-03-30,5,Bot,49,2,2,1,1,138,141,641933,647315,,,,,,,,,,,,,,,,,,,,,,,,,643376
718772,2023-03-30,5,Bot,49,3,2,2,1,138,141,641933,647315,,,,,,,,,,,,,,,,,,,,,,,,,643376
718772,2023-03-30,5,Bot,49,4,2,2,1,138,141,641933,647315,field_out,Groundout,"Tyler O'Neill grounds out, shortstop Bo Bichette to first baseman Vladimir Guerrero Jr.",T,,,,,,,,,,641933,,,T,2,Groundout,field_out,,,,,643376
718772,2023-03-30,5,Bot,50,0,0,0,2,138,141,669357,657024,,,,,,,,,,,,,,,,,,,,,,,,,643376
718772,2023-03-30,5,Bot,50,1,0,0,2,138,141,669357,657024,,,,,,,,,,,,,,,,,,,,,,,,,643376
718772,2023-03-30,5,Bot,50,2,0,1,2,138,141,669357,657024,,,,,,,,,,,,,,,,,,,,,,,,,643376
718772,2023-03-30,5,Bot,50,3,1,1,2,138,141,669357,657024,,,,,,,,,,,,,,,,,,,,,,,,,643376
718772,2023-03-30,5,Bot,50,4,2,1,2,138,141,669357,657024,,,,,,,,,,,,,,,,,,,,,,,,,643376
718772,2023-03-30,5,Bot,50,5,2,2,2,138,141,669357,657024,,,,,,,,,,,,,,,,,,,,,,,,,643376
718772,2023-03-30,5,Bot,50,6,2,3,2,138,141,669357,657024,strikeout,Strikeout,Nolan Gorman strikes out swinging.,T,,,,,,,,,,669357,,,T,3,Strikeout,strikeout,,,,,643376
718772,2023-03-30,6,Top,51,0,0,0,0,138,141,595281,668868,single,Single,Kevin Kiermaier singles on a sharp ground ball to left fielder Lars Nootbaar.,T,,,,,,,,,,595281,,1B,,,Single,single,,,,,575929
718772,2023-03-30,6,Top,52,0,0,0,0,138,141,543807,572403,,,,,,,,,,,,,,,,,,,,,,,,,575929
718772,2023-03-30,6,Top,52,1,0,0,0,138,141,543807,572403,,,,,,,,,,,,,,,,,,,,,,,,,575929
718772,2023-03-30,6,Top,52,2,1,0,0,138,141,543807,572403,,,,,,,,,,,,,,,,,,,,,,,,,575929
718772,2023-03-30,6,Top,52,3,1,1,0,138,141,543807,572403,,,,,,,,,,,,,,,,,,,,,,,,,575929
718772,2023-03-30,6,Top,52,4,1,2,0,138,141,543807,572403,,,,,,,,,,,,,,,,,,,,,,,,,575929
718772,2023-03-30,6,Top,52,5,1,3,0,138,141,543807,572403,strikeout,Strikeout,George Springer strikes out on a foul tip.,T,,,,,,,,,,543807,,,T,1,Strikeout,strikeout,,,,,575929
718772,2023-03-30,6,Top,53,0,0,1,1,138,141,666182,572403,,,,,,,,,,,,,,,,,,,,,,,,,575929
718772,2023-03-30,6,Top,53,1,1,1,1,138,141,666182,572403,,,,,,,,,,,,,,,,,,,,,,,,,575929
718772,2023-03-30,6,Top,53,2,1,1,1,138,141,666182,572403,single,Single,Bo Bichette singles on a line drive to left fielder Lars Nootbaar. Kevin Kiermaier to 2nd.,T,,,,,,,,,,666182,,1B,,,Single,single,,,,,575929
718772,2023-03-30,6,Top,54,0,0,1,1,138,141,665489,572403,,,,,,,,,,,,,,,,,,,,,,,,,575929
718772,2023-03-30,6,Top,54,1,1,1,1,138,141,665489,572403,,,,,,,,,,,,,,,,,,,,,,,,,575929
718772,2023-03-30,6,Top,54,2,2,1,1,138,141,665489,572403,,,,,,,,,,,,,,,,,,,,,,,,,575929
718772,2023-03-30,6,Top,54,3,2,2,1,138,141,665489,572403,,,,,,,,,,,,,,,,,,,,,,,,,575929
718772,2023-03-30,6,Top,54,4,2,2,1,138,141,665489,572403,,,,,,,,,,,,,,,,,,,,,,,,,575929
718772,2023-03-30,6,Top,54,5,2,2,1,138,141,665489,572403,,,,,,,,,,,,,,,,,,,,,,,,,575929
718772,2023-03-30,6,Top,54,6,2,2,1,138,141,665489,572403,,,,,,,,,,,,,,,,,,,,,,,,,575929
718772,2023-03-30,6,Top,54,7,3,2,1,138,141,665489,572403,,,,,,,,,,,,,,,,,,,,,,,,,575929
718772,2023-03-30,6,Top,54,8,3,2,1,138,141,665489,572403,force_out,Forceout,"Vladimir Guerrero Jr. grounds into a force out, third baseman Nolan Arenado to second baseman Brendan Donovan. Kevin Kiermaier to 3rd. Bo Bichette out at 2nd. Vladimir Guerrero Jr. to 1st.",T,,,,,,,,,,666182,1B,,T,2,Forceout,force_out,r_force_out,,,,575929
718772,2023-03-30,6,Top,55,0,0,0,2,138,141,662139,669467,,,,,,,,,,,,,,,,,,,,,,,,,575929
718772,2023-03-30,6,Top,55,1,0,0,2,138,141,662139,669467,,,,,,,,,,,,,,,,,,,,,,,,,575929
718772,2023-03-30,6,Top,55,2,0,0,2,138,141,662139,669467,field_out,Groundout,"Daulton Varsho grounds out, second baseman Brendan Donovan to first baseman Paul Goldschmidt.",T,,,,,,,,,,662139,,,T,3,Groundout,field_out,,,,,575929
718772,2023-03-30,6,Bot,56,0,1,0,0,138,141,691023,657024,,,,,,,,,,,,,,,,,,,,,,,,,643376
718772,2023-03-30,6,Bot,56,1,1,1,0,138,141,691023,657024,,,,,,,,,,,,,,,,,,,,,,,,,643376
718772,2023-03-30,6,Bot,56,2,1,2,0,138,141,691023,657024,,,,,,,,,,,,,,,,,,,,,,,,,643376
718772,2023-03-30,6,Bot,56,3,1,2,0,138,141,691023,657024,,,,,,,,,,,,,,,,,,,,,,,,,643376
718772,2023-03-30,6,Bot,56,4,2,2,0,138,141,691023,657024,,,,,,,,,,,,,,,,,,,,,,,,,643376
718772,2023-03-30,6,Bot,56,5,3,2,0,138,141,691023,657024,,,,,,,,,,,,,,,,,,,,,,,,,643376
718772,2023-03-30,6,Bot,56,6,3,3,0,138,141,691023,657024,strikeout,Strikeout,Jordan Walker called out on strikes.,T,,,,,,,,,,691023,,,T,1,Strikeout,strikeout,,,,,643376
718772,2023-03-30,6,Bot,57,0,1,0,1,138,141,669242,657024,,,,,,,,,,,,,,,,,,,,,,,,,643376
718772,2023-03-30,6,Bot,57,1,1,1,1,138,141,669242,657024,,,,,,,,,,,,,,,,,,,,,,,,,643376
718772,2023-03-30,6,Bot,57,2,2,1,1,138,141,669242,657024,,,,,,,,,,,,,,,,,,,,,,,,,643376
718772,2023-03-30,6,Bot,57,3,2,2,1,138,141,669242,657024,,,,,,,,,,,,,,,,,,,,,,,,,643376
718772,2023-03-30,6,Bot,57,4,2,2,1,138,141,669242,657024,field_out,Groundout,"Tommy Edman grounds out, third baseman Matt Chapman to first baseman Vladimir Guerrero Jr.",T,,,,,,,,,,669242,,,T,2,Groundout,field_out,,,,,643376
718772,2023-03-30,6,Bot,58,0,0,0,2,138,141,680977,641835,,,,,,,,,,,,,,,,,,,,,,,,,643376
718772,2023-03-30,6,Bot,58,1,0,0,2,138,141,680977,641835,,,,,,,,,,,,,,,,,,,,,,,,,643376
718772,2023-03-30,6,Bot,58,2,0,1,2,138,141,680977,641835,,,,,,,,,,,,,,,,,,,,,,,,,643376
718772,2023-03-30,6,Bot,58,3,1,1,2,138,141,680977,641835,,,,,,,,,,,,,,,,,,,,,,,,,643376
718772,2023-03-30,6,Bot,58,4,1,1,2,138,141,680977,641835,single,Single,Brendan Donovan singles on a sharp line drive to left fielder Daulton Varsho.,T,,,,,,,,,,680977,,1B,,,Single,single,,,,,643376
718772,2023-03-30,6,Bot,59,0,0,1,2,138,141,663457,641835,,,,,,,,,,,,,,,,,,,,,,,,,643376
718772,2023-03-30,6,Bot,59,1,0,1,2,138,141,663457,641835,single,Single,Lars Nootbaar singles on a ground ball to left fielder Daulton Varsho. Brendan Donovan to 2nd.,T,,,,,,,,,,663457,,1B,,,Single,single,,,,,643376
718772,2023-03-30,6,Bot,60,0,0,0,2,138,141,502671,641835,,,,,,,,,,,,,,,,,,,,,,,,,643376
718772,2023-03-30,6,Bot,60,1,0,1,2,138,141,502671,641835,,,,,,,,,,,,,,,,,,,,,,,,,643376
718772,2023-03-30,6,Bot,60,2,1,1,2,138,141,502671,641835,,,,,,,,,,,,,,,,,,,,,,,,,643376
718772,2023-03-30,6,Bot,60,3,1,1,2,138,141,502671,641835,single,Single,Paul Goldschmidt singles on a line drive to right fielder George Springer. Brendan Donovan scores. Lars Nootbaar to 3rd.,T,,,,,,,,,,502671,,1B,,,Single,single,,,,,643376
718772,2023-03-30,6,Bot,61,0,0,0,2,138,141,571448,542914,,,,,,,,,,,,,,,,,,,,,,,,,643376
718772,2023-03-30,6,Bot,61,1,0,0,2,138,141,571448,542914,,,,,,,,,,,,,,,,,,,,,,,,,643376
718772,2023-03-30,6,Bot,61,2,0,1,2,138,141,571448,542914,,,,,,,,,,,,,,,,,,,,,,,,,643376
718772,2023-03-30,6,Bot,61,3,1,1,2,138,141,571448,542914,,,,,,,,,,,,,,,,,,,,,,,,,643376
718772,2023-03-30,6,Bot,61,4,1,2,2,138,141,571448,542914,,,,,,,,,,,,,,,,,,,,,,,,,643376
718772,2023-03-30,6,Bot,61,5,2,2,2,138,141,571448,542914,,,,,,,,,,,,,,,,,,,,,,,,,643376
718772,2023-03-30,6,Bot,61,6,2,2,2,138,141,571448,542914,,,,,,,,,,,,,,,,,,,,,,,,,643376
718772,2023-03-30,6,Bot,61,7,2,2,2,138,141,571448,542914,field_out,Groundout,"Nolan Arenado grounds out, third baseman Matt Chapman to first baseman Vladimir Guerrero Jr.",T,T,,,,,,,,,502671,1B,2B,,,Stolen Base 2B,stolen_base_2b,r_stolen_base_2b,,,,643376
718772,2023-03-30,7,Top,62,0,0,1,0,138,141,672386,669467,,,,,,,,,,,,,,,,,,,,,,,,,575929
718772,2023-03-30,7,Top,62,1,1,1,0,138,141,672386,669467,,,,,,,,,,,,,,,,,,,,,,,,,575929
718772,2023-03-30,7,Top,62,2,1,2,0,138,141,672386,669467,,,,,,,,,,,,,,,,,,,,,,,,,575929
718772,2023-03-30,7,Top,62,3,1,2,0,138,141,672386,669467,,,,,,,,,,,,,,,,,,,,,,,,,575929
718772,2023-03-30,7,Top,62,4,2,2,0,138,141,672386,669467,,,,,,,,,,,,,,,,,,,,,,,,,575929
718772,2023-03-30,7,Top,62,5,2,2,0,138,141,672386,669467,field_out,Groundout,"Alejandro Kirk grounds out, shortstop Tommy Edman to first baseman Paul Goldschmidt.",T,,,,,,,,,,672386,,,T,1,Groundout,field_out,,,,,575929
718772,2023-03-30,7,Top,63,0,0,1,1,138,141,474832,669467,,,,,,,,,,,,,,,,,,,,,,,,,575929
718772,2023-03-30,7,Top,63,1,0,2,1,138,141,474832,669467,,,,,,,,,,,,,,,,,,,,,,,,,575929
718772,2023-03-30,7,Top,63,2,0,2,1,138,141,474832,669467,,,,,,,,,,,,,,,,,,,,,,,,,575929
718772,2023-03-30,7,Top,63,3,1,2,1,138,141,474832,669467,,,,,,,,,,,,,,,,,,,,,,,,,575929
718772,2023-03-30,7,Top,63,4,1,2,1,138,141,474832,669467,double,Double,Brandon Belt doubles (1) on a ground ball to right fielder Jordan Walker.,T,,,,,,,,,,474832,,2B,,,Double,double,,,,,575929
718772,2023-03-30,7,Top,64,0,0,0,1,138,141,656305,669467,,,,,,,,,,,,,,,,,,,,,,,,,575929
718772,2023-03-30,7,Top,64,1,0,1,1,138,141,656305,669467,,,,,,,,,,,,,,,,,,,,,,,,,575929
718772,2023-03-30,7,Top,64,2,1,1,1,138,141,656305,669467,,,,,,,,,,,,,,,,,,,,,,,,,575929
718772,2023-03-30,7,Top,64,3,1,1,1,138,141,656305,669467,single,Single,Matt Chapman singles on a sharp line drive to right fielder Jordan Walker. Nathan Lukes scores.,T,,,,,,,,,,656305,,1B,,,Single,single,,,,,575929
718772,2023-03-30,7,Top,65,0,0,1,1,138,141,593160,669467,,,,,,,,,,,,,,,,,,,,,,,,,575929
718772,2023-03-30,7,Top,65,1,0,1,2,138,141,593160,669467,,,,,,,,,,,,,,,,,,,,,,,,,575929
718772,2023-03-30,7,Top,65,2,0,2,2,138,141,593160,669467,,,,,,,,,,,,,,,,,,,,,,,,,575929
718772,2023-03-30,7,Top,65,3,0,2,2,138,141,593160,669467,,,,,,,,,,,,,,,,,,,,,,,,,575929
718772,2023-03-30,7,Top,65,4,1,2,2,138,141,593160,669467,,,,,,,,,,,,,,,,,,,,,,,,,575929
718772,2023-03-30,7,Top,65,5,2,2,2,138,141,593160,669467,,,,,,,,,,,,,,,,,,,,,,,,,575929
718772,2023-03-30,7,Top,65,6,3,2,2,138,141,593160,669467,,,,,,,,,,,,,,,,,,,,,,,,,575929
718772,2023-03-30,7,Top,65,7,4,2,2,138,141,593160,669467,walk,Walk,Whit Merrifield walks.,T,,,,T,,,,,,656305,1B,,T,2,Caught Stealing 2B,caught_stealing_2b,r_caught_stealing_2b,,,,575929
718772,2023-03-30,7,Top,66,0,0,0,2,138,141,595281,669467,,,,,,,,,,,,,,,,,,,,,,,,,575929
718772,2023-03-30,7,Top,66,1,1,0,2,138,141,595281,669467,,,,,,,,,,,,,,,,,,,,,,,,,575929
718772,2023-03-30,7,Top,66,2,1,0,2,138,141,595281,669467,field_out,Groundout,"Kevin Kiermaier grounds out softly, pitcher Andre Pallante to first baseman Paul Goldschmidt.",T,,,,,,,,,,595281,,,T,3,Groundout,field_out,,,,,575929
718772,2023-03-30,7,Bot,67,0,0,0,0,138,141,575929,542914,,,,,,,,,,,,,,,,,,,,,,,,,643376
718772,2023-03-30,7,Bot,67,1,0,1,0,138,141,575929,542914,,,,,,,,,,,,,,,,,,,,,,,,,643376
718772,2023-03-30,7,Bot,67,2,0,2,0,138,141,575929,542914,,,,,,,,,,,,,,,,,,,,,,,,,643376
718772,2023-03-30,7,Bot,67,3,0,2,0,138,141,575929,542914,single,Single,Willson Contreras singles on a sharp ground ball to right fielder George Springer.,T,,,,,,,,,,575929,,1B,,,Single,single,,,,,643376
718772,2023-03-30,7,Bot,68,0,0,1,0,138,141,641933,542914,,,,,,,,,,,,,,,,,,,,,,,,,643376
718772,2023-03-30,7,Bot,68,1,1,1,0,138,141,641933,542914,,,,,,,,,,,,,,,,,,,,,,,,,643376
718772,2023-03-30,7,Bot,68,2,2,1,0,138,141,641933,542914,,,,,,,,,,,,,,,,,,,,,,,,,643376
718772,2023-03-30,7,Bot,68,3,2,1,0,138,141,641933,542914,,,,,,,,,,,,,,,,,,,,,,,,,643376
718772,2023-03-30,7,Bot,68,4,3,1,0,138,141,641933,542914,,,,,,,,,,,,,,,,,,,,,,,,,643376
718772,2023-03-30,7,Bot,68,5,4,1,0,138,141,641933,542914,walk,Walk,Tyler O'Neill walks. Willson Contreras to 2nd.,T,,,,,,,,,,575929,1B,2B,,,Walk,walk,r_adv_force,,,,643376
718772,2023-03-30,7,Bot,69,0,0,0,0,138,141,669357,643256,,,,,,,,,,,,,,,,,,,,,,,,,643376
718772,2023-03-30,7,Bot,69,1,0,0,0,138,141,669357,643256,,,,,,,,,,,,,,,,,,,,,,,,,643376
718772,2023-03-30,7,Bot,69,2,1,0,0,138,141,669357,643256,,,,,,,,,,,,,,,,,,,,,,,,,643376
718772,2023-03-30,7,Bot,69,3,2,0,0,138,141,669357,643256,,,,,,,,,,,,,,,,,,,,,,,,,643376
718772,2023-03-30,7,Bot,69,4,3,0,0,138,141,669357,643256,,,,,,,,,,,,,,,,,,,,,,,,,643376
718772,2023-03-30,7,Bot,69,5,3,1,0,138,141,669357,643256,,,,,,,,,,,,,,,,,,,,,,,,,643376
718772,2023-03-30,7,Bot,69,6,4,1,0,138,141,669357,643256,walk,Walk,Nolan Gorman walks. Willson Contreras to 3rd. Tyler O'Neill to 2nd.,T,,,,,,,,,,575929,2B,3B,,,Walk,walk,r_adv_force,,,,643376
718772,2023-03-30,7,Bot,70,0,0,1,0,138,141,691023,643256,,,,,,,,,,,,,,,,,,,,,,,,,643376
718772,2023-03-30,7,Bot,70,1,0,1,0,138,141,691023,643256,,,,,,,,,,,,,,,,,,,,,,,,,643376
718772,2023-03-30,7,Bot,70,2,0,1,0,138,141,691023,643256,force_out,Forceout,"Jordan Walker grounds into a force out, shortstop Bo Bichette to second baseman Whit Merrifield. Willson Contreras scores. Tyler O'Neill to 3rd. Nolan Gorman out at 2nd. Jordan Walker to 1st.",T,,,,,,,,,,669357,1B,,T,1,Forceout,force_out,r_force_out,,,,643376
718772,2023-03-30,7,Bot,71,0,0,0,1,138,141,669242,643256,fielders_choice_out,Fielders Choice Out,"Tommy Edman reaches on a fielder's choice out, first baseman Vladimir Guerrero Jr. to catcher Alejandro Kirk. Tyler O'Neill out at home. Jordan Walker to 2nd.",T,,,,,,,,,,641933,3B,,T,2,Fielders Choice Out,fielders_choice_out,r_runner_out,,,,643376
718772,2023-03-30,7,Bot,72,0,1,0,2,138,141,680977,643256,,,,,,,,,,,,,,,,,,,,,,,,,643376
718772,2023-03-30,7,Bot,72,1,1,1,2,138,141,680977,643256,,,,,,,,,,,,,,,,,,,,,,,,,643376
718772,2023-03-30,7,Bot,72,2,1,1,2,138,141,680977,643256,field_out,Pop Out,Brendan Donovan pops out to shortstop Bo Bichette.,T,,,,,,,,,,680977,,,T,3,Pop Out,field_out,,,,,643376
718772,2023-03-30,8,Top,73,0,0,0,0,138,141,543807,663855,,,,,,,,,,,,,,,,,,,,,,,,,575929
718772,2023-03-30,8,Top,73,1,0,1,0,138,141,543807,663855,,,,,,,,,,,,,,,,,,,,,,,,,575929
718772,2023-03-30,8,Top,73,2,0,2,0,138,141,543807,663855,,,,,,,,,,,,,,,,,,,,,,,,,575929
718772,2023-03-30,8,Top,73,3,0,2,0,138,141,543807,663855,single,Single,George Springer singles on a fly ball to center fielder Tyler O'Neill.,T,,,,,,,,,,543807,,1B,,,Single,single,,,,,575929
718772,2023-03-30,8,Top,74,0,0,1,0,138,141,666182,663855,,,,,,,,,,,,,,,,,,,,,,,,,575929
718772,2023-03-30,8,Top,74,1,0,1,0,138,141,666182,663855,single,Single,Bo Bichette singles on a ground ball to third baseman Nolan Arenado. George Springer to 2nd.,T,,,,,,,,,,666182,,1B,,,Single,single,,,,,575929
718772,2023-03-30,8,Top,75,0,1,0,0,138,141,665489,663855,,,,,,,,,,,,,,,,,,,,,,,,,575929
718772,2023-03-30,8,Top,75,1,1,0,0,138,141,665489,663855,,,,,,,,,,,,,,,,,,,,,,,,,575929
718772,2023-03-30,8,Top,75,2,1,0,0,138,141,665489,663855,,,,,,,,,,,,,,,,,,,,,,,,,575929
718772,2023-03-30,8,Top,75,3,1,0,0,138,141,665489,663855,,,,,,,,,,,,,,,,,,,,,,,,,575929
718772,2023-03-30,8,Top,75,4,1,1,0,138,141,665489,663855,,,,,,,,,,,,,,,,,,,,,,,,,575929
718772,2023-03-30,8,Top,75,5,1,2,0,138,141,665489,663855,,,,,,,,,,,,,,,,,,,,,,,,,575929
718772,2023-03-30,8,Top,75,6,1,2,0,138,141,665489,663855,single,Single,Vladimir Guerrero Jr. singles on a line drive to right fielder Jordan Walker. George Springer scores. Bo Bichette scores. Vladimir Guerrero Jr. to 2nd.,T,,,,,,,,,,543807,2B,3B,,,Wild Pitch,wild_pitch,r_adv_play,,,,575929
718772,2023-03-30,8,Top,76,0,0,1,0,138,141,662139,663855,,,,,,,,,,,,,,,,,,,,,,,,,575929
718772,2023-03-30,8,Top,76,1,1,1,0,138,141,662139,663855,,,,,,,,,,,,,,,,,,,,,,,,,575929
718772,2023-03-30,8,Top,76,2,1,2,0,138,141,662139,663855,,,,,,,,,,,,,,,,,,,,,,,,,575929
718772,2023-03-30,8,Top,76,3,2,2,0,138,141,662139,663855,,,,,,,,,,,,,,,,,,,,,,,,,575929
718772,2023-03-30,8,Top,76,4,2,2,0,138,141,662139,663855,,,,,,,,,,,,,,,,,,,,,,,,,575929
718772,2023-03-30,8,Top,76,5,2,2,0,138,141,662139,663855,,,,,,,,,,,,,,,,,,,,,,,,,575929
718772,2023-03-30,8,Top,76,6,2,2,0,138,141,662139,663855,,,,,,,,,,,,,,,,,,,,,,,,,575929
718772,2023-03-30,8,Top,76,7,2,3,0,138,141,662139,663855,strikeout,Strikeout,Daulton Varsho strikes out swinging.,T,,,,,,,,,,662139,,,T,1,Strikeout,strikeout,,,,,575929
718772,2023-03-30,8,Top,77,0,0,1,1,138,141,672386,663855,,,,,,,,,,,,,,,,,,,,,,,,,575929
718772,2023-03-30,8,Top,77,1,0,1,1,138,141,672386,663855,field_out,Groundout,"Alejandro Kirk grounds out softly, pitcher Jordan Hicks to first baseman Paul Goldschmidt. Vladimir Guerrero Jr. to 3rd.",T,,,,,,,,,,672386,,,T,2,Groundout,field_out,,,,,575929
718772,2023-03-30,8,Top,78,0,0,0,2,138,141,624415,663855,,,,,,,,,,,,,,,,,,,,,,,,,575929
718772,2023-03-30,8,Top,78,1,0,0,2,138,141,624415,663855,,,,,,,,,,,,,,,,,,,,,,,,,575929
718772,2023-03-30,8,Top,78,2,0,1,2,138,141,624415,663855,,,,,,,,,,,,,,,,,,,,,,,,,575929
718772,2023-03-30,8,Top,78,3,1,1,2,138,141,624415,663855,,,,,,,,,,,,,,,,,,,,,,,,,575929
718772,2023-03-30,8,Top,78,4,1,2,2,138,141,624415,663855,,,,,,,,,,,,,,,,,,,,,,,,,575929
718772,2023-03-30,8,Top,78,5,2,2,2,138,141,624415,663855,,,,,,,,,,,,,,,,,,,,,,,,,575929
718772,2023-03-30,8,Top,78,6,3,2,2,138,141,624415,663855,,,,,,,,,,,,,,,,,,,,,,,,,575929
718772,2023-03-30,8,Top,78,7,4,2,2,138,141,624415,663855,walk,Walk,Cavan Biggio walks.,T,,,,,,,,,,624415,,1B,,,Walk,walk,,,,,575929
718772,2023-03-30,8,Top,79,0,0,0,2,138,141,656305,663855,,,,,,,,,,,,,,,,,,,,,,,,,575929
718772,2023-03-30,8,Top,79,1,1,0,2,138,141,656305,663855,,,,,,,,,,,,,,,,,,,,,,,,,575929
718772,2023-03-30,8,Top,79,2,1,0,2,138,141,656305,663855,force_out,Forceout,"Matt Chapman grounds into a force out, shortstop Tommy Edman to second baseman Brendan Donovan. Cavan Biggio out at 2nd.",T,,,,,,,,,,624415,1B,,T,3,Forceout,force_out,r_force_out,,,,575929
718772,2023-03-30,8,Bot,80,0,0,0,0,138,141,663457,554340,,,,,,,,,,,,,,,,,,,,,,,,,643376
718772,2023-03-30,8,Bot,80,1,0,0,0,138,141,663457,554340,,,,,,,,,,,,,,,,,,,,,,,,,643376
718772,2023-03-30,8,Bot,80,2,0,0,0,138,141,663457,554340,,,,,,,,,,,,,,,,,,,,,,,,,643376
718772,2023-03-30,8,Bot,80,3,1,0,0,138,141,663457,554340,,,,,,,,,,,,,,,,,,,,,,,,,643376
718772,2023-03-30,8,Bot,80,4,2,0,0,138,141,663457,554340,,,,,,,,,,,,,,,,,,,,,,,,,643376
718772,2023-03-30,8,Bot,80,5,2,1,0,138,141,663457,554340,,,,,,,,,,,,,,,,,,,,,,,,,643376
718772,2023-03-30,8,Bot,80,6,2,2,0,138,141,663457,554340,,,,,,,,,,,,,,,,,,,,,,,,,643376
718772,2023-03-30,8,Bot,80,7,3,2,0,138,141,663457,554340,,,,,,,,,,,,,,,,,,,,,,,,,643376
718772,2023-03-30,8,Bot,80,8,4,2,0,138,141,663457,554340,walk,Walk,Lars Nootbaar walks.,T,,,,,,,,,,663457,,1B,,,Walk,walk,,,,,643376
718772,2023-03-30,8,Bot,81,0,1,0,0,138,141,502671,554340,,,,,,,,,,,,,,,,,,,,,,,,,643376
718772,2023-03-30,8,Bot,81,1,1,1,0,138,141,502671,554340,,,,,,,,,,,,,,,,,,,,,,,,,643376
718772,2023-03-30,8,Bot,81,2,1,1,0,138,141,502671,554340,double,Double,Paul Goldschmidt doubles (1) on a sharp line drive to left fielder Daulton Varsho. Lars Nootbaar to 3rd.,T,,,,,,,,,,502671,,2B,,,Double,double,,,,,643376
718772,2023-03-30,8,Bot,82,0,0,0,0,138,141,571448,554340,,,,,,,,,,,,,,,,,,,,,,,,,643376
718772,2023-03-30,8,Bot,82,1,0,1,0,138,141,571448,554340,,,,,,,,,,,,,,,,,,,,,,,,,643376
718772,2023-03-30,8,Bot,82,2,1,1,0,138,141,571448,554340,,,,,,,,,,,,,,,,,,,,,,,,,643376
718772,2023-03-30,8,Bot,82,3,1,1,0,138,141,571448,554340,double,Double,Nolan Arenado hits a ground-rule double (1) on a line drive down the left-field line. Lars Nootbaar scores. Paul Goldschmidt scores.,T,,,,,,,,,,571448,,2B,,,Double,double,,,,,643376
718772,2023-03-30,8,Bot,83,0,0,1,0,138,141,668800,554340,,,,,,,,,,,,,,,,,,,,,,,,,643376
718772,2023-03-30,8,Bot,83,1,1,1,0,138,141,668800,554340,,,,,,,,,,,,,,,,,,,,,,,,,643376
718772,2023-03-30,8,Bot,83,2,1,1,0,138,141,668800,554340,field_out,Bunt Pop Out,Andrew Knizner bunt pops out softly to pitcher Yimi Garcia.,T,,,,,,,,,,668800,,,T,1,Bunt Pop Out,field_out,,,,,643376
718772,2023-03-30,8,Bot,84,0,0,0,1,138,141,641933,554340,field_out,Lineout,Tyler O'Neill lines out to center fielder Kevin Kiermaier.,T,,,,,,,,,,641933,,,T,2,Lineout,field_out,,,,,643376
718772,2023-03-30,8,Bot,85,0,1,0,2,138,141,669357,554340,,,,,,,,,,,,,,,,,,,,,,,,,643376
718772,2023-03-30,8,Bot,85,1,2,0,2,138,141,669357,554340,,,,,,,,,,,,,,,,,,,,,,,,,643376
718772,2023-03-30,8,Bot,85,2,3,0,2,138,141,669357,554340,,,,,,,,,,,,,,,,,,,,,,,,,643376
718772,2023-03-30,8,Bot,85,3,4,0,2,138,141,669357,554340,intent_walk,Intent Walk,Yimi Garcia intentionally walks Nolan Gorman.,T,,,,,,,,,,669357,,1B,,,Intent Walk,intent_walk,,,,,643376
718772,2023-03-30,8,Bot,86,0,0,1,2,138,141,691023,554340,,,,,,,,,,,,,,,,,,,,,,,,,643376
718772,2023-03-30,8,Bot,86,1,0,1,2,138,141,691023,554340,force_out,Forceout,"Jordan Walker grounds into a force out, fielded by third baseman Matt Chapman. Nolan Arenado out at 3rd.",T,,,,,,,,,,571448,2B,,T,3,Forceout,force_out,r_force_out,,,,643376
718772,2023-03-30,9,Top,87,0,0,0,0,138,141,593160,664854,,,,,,,,,,,,,,,,,,,,,,,,,575929
718772,2023-03-30,9,Top,87,1,0,0,0,138,141,593160,664854,,,,,,,,,,,,,,,,,,,,,,,,,575929
718772,2023-03-30,9,Top,87,2,1,0,0,138,141,593160,664854,,,,,,,,,,,,,,,,,,,,,,,,,575929
718772,2023-03-30,9,Top,87,3,2,0,0,138,141,593160,664854,,,,,,,,,,,,,,,,,,,,,,,,,575929
718772,2023-03-30,9,Top,87,4,3,0,0,138,141,593160,664854,,,,,,,,,,,,,,,,,,,,,,,,,575929
718772,2023-03-30,9,Top,87,5,4,0,0,138,141,593160,664854,walk,Walk,Whit Merrifield walks.,T,,,,,,,,,,593160,,1B,,,Walk,walk,,,,,575929
718772,2023-03-30,9,Top,88,0,0,0,0,138,141,595281,664854,,,,,,,,,,,,,,,,,,,,,,,,,575929
718772,2023-03-30,9,Top,88,1,0,0,0,138,141,595281,664854,,,,,,,,,,,,,,,,,,,,,,,,,575929
718772,2023-03-30,9,Top,88,2,0,1,0,138,141,595281,664854,,,,,,,,,,,,,,,,,,,,,,,,,575929
718772,2023-03-30,9,Top,88,3,0,2,0,138,141,595281,664854,,,,,,,,,,,,,,,,,,,,,,,,,575929
718772,2023-03-30,9,Top,88,4,0,2,0,138,141,595281,664854,,,,,,,,,,,,,,,,,,,,,,,,,575929
718772,2023-03-30,9,Top,88,5,0,2,0,138,141,595281,664854,single,Single,Kevin Kiermaier singles on a sharp ground ball to right fielder Jordan Walker. Whit Merrifield to 3rd.,T,,,,,,,,,,595281,,1B,,,Single,single,,,,,575929
718772,2023-03-30,9,Top,89,0,1,0,0,138,141,543807,664854,,,,,,,,,,,,,,,,,,,,,,,,,575929
718772,2023-03-30,9,Top,89,1,1,1,0,138,141,543807,664854,,,,,,,,,,,,,,,,,,,,,,,,,575929
718772,2023-03-30,9,Top,89,2,1,2,0,138,141,543807,664854,,,,,,,,,,,,,,,,,,,,,,,,,575929
718772,2023-03-30,9,Top,89,3,1,2,0,138,141,543807,664854,,,,,,,,,,,,,,,,,,,,,,,,,575929
718772,2023-03-30,9,Top,89,4,1,2,0,138,141,543807,664854,single,Single,George Springer singles on a fly ball to shortstop Tommy Edman. Whit Merrifield scores. Kevin Kiermaier to 3rd.,T,,,,,,,,,,543807,,1B,,,Single,single,,,,,575929
718772,2023-03-30,9,Top,90,0,0,1,0,138,141,666182,664854,,,,,,,,,,,,,,,,,,,,,,,,,575929
718772,2023-03-30,9,Top,90,1,0,2,0,138,141,666182,664854,,,,,,,,,,,,,,,,,,,,,,,,,575929
718772,2023-03-30,9,Top,90,2,0,2,0,138,141,666182,664854,,,,,,,,,,,,,,,,,,,,,,,,,575929
718772,2023-03-30,9,Top,90,3,0,2,0,138,141,666182,664854,,,,,,,,,,,,,,,,,,,,,,,,,575929
718772,2023-03-30,9,Top,90,4,0,2,0,138,141,666182,664854,,,,,,,,,,,,,,,,,,,,,,,,,575929
718772,2023-03-30,9,Top,90,5,0,2,0,138,141,666182,664854,,,,,,,,,,,,,,,,,,,,,,,,,575929
718772,2023-03-30,9,Top,90,6,0,2,0,138,141,666182,664854,force_out,Forceout,"Bo Bichette grounds into a force out, second baseman Brendan Donovan to shortstop Tommy Edman. George Springer out at 2nd. Bo Bichette to 1st.",T,,,,,,,,,,543807,1B,,T,1,Forceout,force_out,r_force_out,,,,575929
718772,2023-03-30,9,Top,91,0,1,0,1,138,141,665489,664854,,,,,,,,,,,,,,,,,,,,,,,,,575929
718772,2023-03-30,9,Top,91,1,1,1,1,138,141,665489,664854,,,,,,,,,,,,,,,,,,,,,,,,,575929
718772,2023-03-30,9,Top,91,2,1,1,1,138,141,665489,664854,sac_fly,Sac Fly,Vladimir Guerrero Jr. out on a sacrifice fly to center fielder Tyler O'Neill. Kevin Kiermaier scores.,T,,,,,,,,,,665489,,,T,2,Sac Fly,sac_fly,,,,,575929
718772,2023-03-30,9,Top,92,0,1,0,2,138,141,662139,664854,,,,,,,,,,,,,,,,,,,,,,,,,575929
718772,2023-03-30,9,Top,92,1,1,0,2,138,141,662139,664854,field_out,Flyout,Daulton Varsho flies out to right fielder Jordan Walker.,T,,,,,,,,,,662139,,,T,3,Flyout,field_out,,,,,575929
718772,2023-03-30,9,Bot,93,0,0,0,0,138,141,669242,605447,,,,,,,,,,,,,,,,,,,,,,,,,643376
718772,2023-03-30,9,Bot,93,1,0,1,0,138,141,669242,605447,,,,,,,,,,,,,,,,,,,,,,,,,643376
718772,2023-03-30,9,Bot,93,2,0,2,0,138,141,669242,605447,,,,,,,,,,,,,,,,,,,,,,,,,643376
718772,2023-03-30,9,Bot,93,3,0,3,0,138,141,669242,605447,strikeout,Strikeout,Tommy Edman strikes out swinging.,T,,,,,,,,,,669242,,,T,1,Strikeout,strikeout,,,,,643376
718772,2023-03-30,9,Bot,94,0,0,1,1,138,141,680977,605447,,,,,,,,,,,,,,,,,,,,,,,,,643376
718772,2023-03-30,9,Bot,94,1,1,1,1,138,141,680977,605447,,,,,,,,,,,,,,,,,,,,,,,,,643376
718772,2023-03-30,9,Bot,94,2,1,2,1,138,141,680977,605447,,,,,,,,,,,,,,,,,,,,,,,,,643376
718772,2023-03-30,9,Bot,94,3,1,2,1,138,141,680977,605447,,,,,,,,,,,,,,,,,,,,,,,,,643376
718772,2023-03-30,9,Bot,94,4,2,2,1,138,141,680977,605447,,,,,,,,,,,,,,,,,,,,,,,,,643376
718772,2023-03-30,9,Bot,94,5,2,2,1,138,141,680977,605447,field_out,Groundout,"Brendan Donovan grounds out, second baseman Whit Merrifield to first baseman Vladimir Guerrero Jr.",T,,,,,,,,,,680977,,,T,2,Groundout,field_out,,,,,643376
718772,2023-03-30,9,Bot,95,0,1,0,2,138,141,663457,605447,,,,,,,,,,,,,,,,,,,,,,,,,643376
718772,2023-03-30,9,Bot,95,1,1,1,2,138,141,663457,605447,,,,,,,,,,,,,,,,,,,,,,,,,643376
718772,2023-03-30,9,Bot,95,2,1,2,2,138,141,663457,605447,,,,,,,,,,,,,,,,,,,,,,,,,643376
718772,2023-03-30,9,Bot,95,3,1,3,2,138,141,663457,605447,strikeout,Strikeout,Lars Nootbaar strikes out swinging.,T,,,,,,,,,,663457,,,T,3,Strikeout,strikeout,,,,,643376
718775,2023-03-30,1,Top,0,0,0,0,0,118,142,596146,425844,,,,,,,,,,,,,,,,,,,,,,,,,521692
718775,2023-03-30,1,Top,0,1,0,0,0,118,142,596146,425844,,,,,,,,,,,,,,,,,,,,,,,,,521692
718775,2023-03-30,1,Top,0,2,0,0,0,118,142,596146,425844,,,,,,,,,,,,,,,,,,,,,,,,,521692
718775,2023-03-30,1,Top,0,3,0,0,0,118,142,596146,425844,field_out,Flyout,Max Kepler flies out to center fielder Kyle Isbel.,T,,,,,,,,,,596146,,,T,1,Flyout,field_out,,,,,521692
718775,2023-03-30,1,Top,1,0,1,0,1,118,142,621043,425844,,,,,,,,,,,,,,,,,,,,,,,,,521692
718775,2023-03-30,1,Top,1,1,1,1,1,118,142,621043,425844,,,,,,,,,,,,,,,,,,,,,,,,,521692
718775,2023-03-30,1,Top,1,2,2,1,1,118,142,621043,425844,,,,,,,,,,,,,,,,,,,,,,,,,521692
718775,2023-03-30,1,Top,1,3,2,2,1,118,142,621043,425844,,,,,,,,,,,,,,,,,,,,,,,,,521692
718775,2023-03-30,1,Top,1,4,2,2,1,118,142,621043,425844,single,Single,Carlos Correa singles on a ground ball to left fielder Edward Olivares.,T,,,,,,,,,,621043,,1B,,,Single,single,,,,,521692
718775,2023-03-30,1,Top,2,0,0,1,1,118,142,621439,425844,,,,,,,,,,,,,,,,,,,,,,,,,521692
718775,2023-03-30,1,Top,2,1,0,1,1,118,142,621439,425844,single,Single,Byron Buxton singles on a line drive to left fielder Edward Olivares. Carlos Correa to 2nd.,T,,,,,,,,,,621439,,1B,,,Single,single,,,,,521692
718775,2023-03-30,1,Top,3,0,1,0,1,118,142,663616,425844,,,,,,,,,,,,,,,,,,,,,,,,,521692
718775,2023-03-30,1,Top,3,1,1,1,1,118,142,663616,425844,,,,,,,,,,,,,,,,,,,,,,,,,521692
718775,2023-03-30,1,Top,3,2,1,2,1,118,142,663616,425844,,,,,,,,,,,,,,,,,,,,,,,,,521692
718775,2023-03-30,1,Top,3,3,1,2,1,118,142,663616,425844,,,,,,,,,,,,,,,,,,,,,,,,,521692
718775,2023-03-30,1,Top,3,4,1,3,1,118,142,663616,425844,strikeout,Strikeout,Trevor Larnach strikes out swinging.,T,,,,,,,,,,663616,,,T,2,Strikeout,strikeout,,,,,521692
718775,2023-03-30,1,Top,4,0,0,1,2,118,142,669304,425844,,,,,,,,,,,,,,,,,,,,,,,,,521692
718775,2023-03-30,1,Top,4,1,0,2,2,118,142,669304,425844,,,,,,,,,,,,,,,,,,,,,,,,,521692
718775,2023-03-30,1,Top,4,2,1,2,2,118,142,669304,425844,,,,,,,,,,,,,,,,,,,,,,,,,521692
718775,2023-03-30,1,Top,4,3,1,2,2,118,142,669304,425844,,,,,,,,,,,,,,,,,,,,,,,,,521692
718775,2023-03-30,1,Top,4,4,2,2,2,118,142,669304,425844,,,,,,,,,,,,,,,,,,,,,,,,,521692
718775,2023-03-30,1,Top,4,5,2,2,2,118,142,669304,425844,,,,,,,,,,,,,,,,,,,,,,,,,521692
718775,2023-03-30,1,Top,4,6,3,2,2,118,142,669304,425844,,,,,,,,,,,,,,,,,,,,,,,,,521692
718775,2023-03-30,1,Top,4,7,4,2,2,118,142,669304,425844,walk,Walk,Jose Miranda walks. Carlos Correa to 3rd. Byron Buxton to 2nd.,T,,,,,,,,,,621043,2B,3B,,,Walk,walk,r_adv_force,,,,521692
718775,2023-03-30,1,Top,5,0,1,0,2,118,142,624503,425844,,,,,,,,,,,,,,,,,,,,,,,,,521692
718775,2023-03-30,1,Top,5,1,1,0,2,118,142,624503,425844,field_out,Groundout,"Nick Gordon grounds out, second baseman Michael Massey to first baseman Vinnie Pasquantino.",T,,,,,,,,,,624503,,,T,3,Groundout,field_out,,,,,521692
718775,2023-03-30,1,Bot,6,0,1,0,0,118,142,677951,641154,,,,,,,,,,,,,,,,,,,,,,,,,680777
718775,2023-03-30,1,Bot,6,1,1,1,0,118,142,677951,641154,,,,,,,,,,,,,,,,,,,,,,,,,680777
718775,2023-03-30,1,Bot,6,2,1,2,0,118,142,677951,641154,,,,,,,,,,,,,,,,,,,,,,,,,680777
718775,2023-03-30,1,Bot,6,3,2,2,0,118,142,677951,641154,,,,,,,,,,,,,,,,,,,,,,,,,680777
718775,2023-03-30,1,Bot,6,4,3,2,0,118,142,677951,641154,,,,,,,,,,,,,,,,,,,,,,,,,680777
718775,2023-03-30,1,Bot,6,5,3,2,0,118,142,677951,641154,,,,,,,,,,,,,,,,,,,,,,,,,680777
718775,2023-03-30,1,Bot,6,6,3,2,0,118,142,677951,641154,field_out,Flyout,Bobby Witt Jr. flies out to center fielder Michael A. Taylor.,T,,,,,,,,,,677951,,,T,1,Flyout,field_out,,,,,680777
718775,2023-03-30,1,Bot,7,0,0,1,1,118,142,669004,641154,,,,,,,,,,,,,,,,,,,,,,,,,680777
718775,2023-03-30,1,Bot,7,1,0,2,1,118,142,669004,641154,,,,,,,,,,,,,,,,,,,,,,,,,680777
718775,2023-03-30,1,Bot,7,2,1,2,1,118,142,669004,641154,,,,,,,,,,,,,,,,,,,,,,,,,680777
718775,2023-03-30,1,Bot,7,3,2,2,1,118,142,669004,641154,,,,,,,,,,,,,,,,,,,,,,,,,680777
718775,2023-03-30,1,Bot,7,4,2,3,1,118,142,669004,641154,strikeout,Strikeout,MJ Melendez called out on strikes.,T,,,,,,,,,,669004,,,T,2,Strikeout,strikeout,,,,,680777
718775,2023-03-30,1,Bot,8,0,1,0,2,118,142,521692,641154,,,,,,,,,,,,,,,,,,,,,,,,,680777
718775,2023-03-30,1,Bot,8,1,1,0,2,118,142,521692,641154,field_out,Groundout,"Salvador Perez grounds out, shortstop Carlos Correa to first baseman Joey Gallo.",T,,,,,,,,,,521692,,,T,3,Groundout,field_out,,,,,680777
718775,2023-03-30,2,Top,9,0,0,1,0,118,142,608336,425844,,,,,,,,,,,,,,,,,,,,,,,,,521692
718775,2023-03-30,2,Top,9,1,0,1,0,118,142,608336,425844,single,Single,Joey Gallo singles on a ground ball to right fielder MJ Melendez.,T,,,,,,,,,,608336,,1B,,,Single,single,,,,,521692
718775,2023-03-30,2,Top,10,0,0,1,0,118,142,543877,425844,,,,,,,,,,,,,,,,,,,,,,,,,521692
718775,2023-03-30,2,Top,10,1,0,2,0,118,142,543877,425844,,,,,,,,,,,,,,,,,,,,,,,,,521692
718775,2023-03-30,2,Top,10,2,1,2,0,118,142,543877,425844,,,,,,,,,,,,,,,,,,,,,,,,,521692
718775,2023-03-30,2,Top,10,3,1,2,0,118,142,543877,425844,,,,,,,,,,,,,,,,,,,,,,,,,521692
718775,2023-03-30,2,Top,10,4,1,2,0,118,142,543877,425844,grounded_into_double_play,Grounded Into DP,"Christian Vazquez grounds into a double play, third baseman Hunter Dozier to second baseman Michael Massey to first baseman Vinnie Pasquantino. Joey Gallo out at 2nd. Christian Vazquez out at 1st.",T,,,,,,,,,,608336,1B,,T,1,Grounded Into DP,grounded_into_double_play,r_force_out,,,,521692
718775,2023-03-30,2,Top,11,0,0,1,2,118,142,572191,425844,,,,,,,,,,,,,,,,,,,,,,,,,521692
718775,2023-03-30,2,Top,11,1,0,2,2,118,142,572191,425844,,,,,,,,,,,,,,,,,,,,,,,,,521692
718775,2023-03-30,2,Top,11,2,0,2,2,118,142,572191,425844,,,,,,,,,,,,,,,,,,,,,,,,,521692
718775,2023-03-30,2,Top,11,3,0,3,2,118,142,572191,425844,strikeout,Strikeout,Michael A. Taylor strikes out swinging.,T,,,,,,,,,,572191,,,T,3,Strikeout,strikeout,,,,,521692
718775,2023-03-30,2,Bot,12,0,1,0,0,118,142,686469,641154,,,,,,,,,,,,,,,,,,,,,,,,,680777
718775,2023-03-30,2,Bot,12,1,1,1,0,118,142,686469,641154,,,,,,,,,,,,,,,,,,,,,,,,,680777
718775,2023-03-30,2,Bot,12,2,2,1,0,118,142,686469,641154,,,,,,,,,,,,,,,,,,,,,,,,,680777
718775,2023-03-30,2,Bot,12,3,2,2,0,118,142,686469,641154,,,,,,,,,,,,,,,,,,,,,,,,,680777
718775,2023-03-30,2,Bot,12,4,2,2,0,118,142,686469,641154,field_out,Groundout,"Vinnie Pasquantino grounds out, second baseman Nick Gordon to first baseman Joey Gallo.",T,,,,,,,,,,686469,,,T,1,Groundout,field_out,,,,,680777
718775,2023-03-30,2,Bot,13,0,0,1,1,118,142,614177,641154,,,,,,,,,,,,,,,,,,,,,,,,,680777
718775,2023-03-30,2,Bot,13,1,1,1,1,118,142,614177,641154,,,,,,,,,,,,,,,,,,,,,,,,,680777
718775,2023-03-30,2,Bot,13,2,1,2,1,118,142,614177,641154,,,,,,,,,,,,,,,,,,,,,,,,,680777
718775,2023-03-30,2,Bot,13,3,1,3,1,118,142,614177,641154,strikeout,Strikeout,Franmil Reyes strikes out swinging.,T,,,,,,,,,,614177,,,T,2,Strikeout,strikeout,,,,,680777
718775,2023-03-30,2,Bot,14,0,0,1,2,118,142,686681,641154,,,,,,,,,,,,,,,,,,,,,,,,,680777
718775,2023-03-30,2,Bot,14,1,0,2,2,118,142,686681,641154,,,,,,,,,,,,,,,,,,,,,,,,,680777
718775,2023-03-30,2,Bot,14,2,0,3,2,118,142,686681,641154,strikeout,Strikeout,Michael Massey strikes out swinging.,T,,,,,,,,,,686681,,,T,3,Strikeout,strikeout,,,,,680777
718775,2023-03-30,3,Top,15,0,0,1,0,118,142,596146,425844,,,,,,,,,,,,,,,,,,,,,,,,,521692
718775,2023-03-30,3,Top,15,1,0,1,0,118,142,596146,425844,field_out,Lineout,Max Kepler lines out to pitcher Zack Greinke.,T,,,,,,,,,,596146,,,T,1,Lineout,field_out,,,,,521692
718775,2023-03-30,3,Top,16,0,0,1,1,118,142,621043,425844,,,,,,,,,,,,,,,,,,,,,,,,,521692
718775,2023-03-30,3,Top,16,1,1,1,1,118,142,621043,425844,,,,,,,,,,,,,,,,,,,,,,,,,521692
718775,2023-03-30,3,Top,16,2,2,1,1,118,142,621043,425844,,,,,,,,,,,,,,,,,,,,,,,,,521692
718775,2023-03-30,3,Top,16,3,2,2,1,118,142,621043,425844,,,,,,,,,,,,,,,,,,,,,,,,,521692
718775,2023-03-30,3,Top,16,4,3,2,1,118,142,621043,425844,,,,,,,,,,,,,,,,,,,,,,,,,521692
718775,2023-03-30,3,Top,16,5,3,2,1,118,142,621043,425844,field_out,Flyout,Carlos Correa flies out to right fielder MJ Melendez.,T,,,,,,,,,,621043,,,T,2,Flyout,field_out,,,,,521692
718775,2023-03-30,3,Top,17,0,1,0,2,118,142,621439,425844,,,,,,,,,,,,,,,,,,,,,,,,,521692
718775,2023-03-30,3,Top,17,1,2,0,2,118,142,621439,425844,,,,,,,,,,,,,,,,,,,,,,,,,521692
718775,2023-03-30,3,Top,17,2,2,0,2,118,142,621439,425844,field_out,Pop Out,Byron Buxton pops out to second baseman Michael Massey.,T,,,,,,,,,,621439,,,T,3,Pop Out,field_out,,,,,521692
718775,2023-03-30,3,Bot,18,0,0,1,0,118,142,641531,641154,,,,,,,,,,,,,,,,,,,,,,,,,680777
718775,2023-03-30,3,Bot,18,1,1,1,0,118,142,641531,641154,,,,,,,,,,,,,,,,,,,,,,,,,680777
718775,2023-03-30,3,Bot,18,2,2,1,0,118,142,641531,641154,,,,,,,,,,,,,,,,,,,,,,,,,680777
718775,2023-03-30,3,Bot,18,3,2,2,0,118,142,641531,641154,,,,,,,,,,,,,,,,,,,,,,,,,680777
718775,2023-03-30,3,Bot,18,4,2,2,0,118,142,641531,641154,,,,,,,,,,,,,,,,,,,,,,,,,680777
718775,2023-03-30,3,Bot,18,5,2,2,0,118,142,641531,641154,field_out,Groundout,"Hunter Dozier grounds out, third baseman Jose Miranda to first baseman Joey Gallo.",T,,,,,,,,,,641531,,,T,1,Groundout,field_out,,,,,680777
718775,2023-03-30,3,Bot,19,0,0,0,1,118,142,664728,641154,,,,,,,,,,,,,,,,,,,,,,,,,680777
718775,2023-03-30,3,Bot,19,1,1,0,1,118,142,664728,641154,,,,,,,,,,,,,,,,,,,,,,,,,680777
718775,2023-03-30,3,Bot,19,2,2,0,1,118,142,664728,641154,,,,,,,,,,,,,,,,,,,,,,,,,680777
718775,2023-03-30,3,Bot,19,3,3,0,1,118,142,664728,641154,,,,,,,,,,,,,,,,,,,,,,,,,680777
718775,2023-03-30,3,Bot,19,4,3,1,1,118,142,664728,641154,,,,,,,,,,,,,,,,,,,,,,,,,680777
718775,2023-03-30,3,Bot,19,5,4,1,1,118,142,664728,641154,walk,Walk,Kyle Isbel walks.,T,,,,,,,,,,664728,,1B,,,Walk,walk,,,,,680777
718775,2023-03-30,3,Bot,20,0,0,1,1,118,142,658668,641154,,,,,,,,,,,,,,,,,,,,,,,,,680777
718775,2023-03-30,3,Bot,20,1,0,2,1,118,142,658668,641154,,,,,,,,,,,,,,,,,,,,,,,,,680777
718775,2023-03-30,3,Bot,20,2,1,2,1,118,142,658668,641154,,,,,,,,,,,,,,,,,,,,,,,,,680777
718775,2023-03-30,3,Bot,20,3,1,2,1,118,142,658668,641154,,,,,,,,,,,,,,,,,,,,,,,,,680777
718775,2023-03-30,3,Bot,20,4,1,2,1,118,142,658668,641154,field_out,Groundout,"Edward Olivares grounds out, pitcher Pablo Lopez to first baseman Joey Gallo. Kyle Isbel to 2nd.",T,,,,,,,,,,658668,,,T,2,Groundout,field_out,,,,,680777
718775,2023-03-30,3,Bot,21,0,0,1,2,118,142,677951,641154,,,,,,,,,,,,,,,,,,,,,,,,,680777
718775,2023-03-30,3,Bot,21,1,1,1,2,118,142,677951,641154,,,,,,,,,,,,,,,,,,,,,,,,,680777
718775,2023-03-30,3,Bot,21,2,1,2,2,118,142,677951,641154,,,,,,,,,,,,,,,,,,,,,,,,,680777
718775,2023-03-30,3,Bot,21,3,2,2,2,118,142,677951,641154,,,,,,,,,,,,,,,,,,,,,,,,,680777
718775,2023-03-30,3,Bot,21,4,2,3,2,118,142,677951,641154,strikeout,Strikeout,Bobby Witt Jr. strikes out swinging.,T,,,,,,,,,,677951,,,T,3,Strikeout,strikeout,,,,,680777
718775,2023-03-30,4,Top,22,0,1,0,0,118,142,663616,425844,,,,,,,,,,,,,,,,,,,,,,,,,521692
718775,2023-03-30,4,Top,22,1,1,1,0,118,142,663616,425844,,,,,,,,,,,,,,,,,,,,,,,,,521692
718775,2023-03-30,4,Top,22,2,1,2,0,118,142,663616,425844,,,,,,,,,,,,,,,,,,,,,,,,,521692
718775,2023-03-30,4,Top,22,3,1,2,0,118,142,663616,425844,,,,,,,,,,,,,,,,,,,,,,,,,521692
718775,2023-03-30,4,Top,22,4,2,2,0,118,142,663616,425844,,,,,,,,,,,,,,,,,,,,,,,,,521692
718775,2023-03-30,4,Top,22,5,3,2,0,118,142,663616,425844,,,,,,,,,,,,,,,,,,,,,,,,,521692
718775,2023-03-30,4,Top,22,6,3,2,0,118,142,663616,425844,,,,,,,,,,,,,,,,,,,,,,,,,521692
718775,2023-03-30,4,Top,22,7,3,3,0,118,142,663616,425844,strikeout,Strikeout,Trevor Larnach called out on strikes.,T,,,,,,,,,,663616,,,T,1,Strikeout,strikeout,,,,,521692
718775,2023-03-30,4,Top,23,0,0,1,1,118,142,669304,425844,,,,,,,,,,,,,,,,,,,,,,,,,521692
718775,2023-03-30,4,Top,23,1,0,1,1,118,142,669304,425844,field_out,Groundout,Jose Miranda grounds out to first baseman Vinnie Pasquantino.,T,,,,,,,,,,669304,,,T,2,Groundout,field_out,,,,,521692
718775,2023-03-30,4,Top,24,0,1,0,2,118,142,624503,425844,,,,,,,,,,,,,,,,,,,,,,,,,521692
718775,2023-03-30,4,Top,24,1,1,1,2,118,142,624503,425844,,,,,,,,,,,,,,,,,,,,,,,,,521692
718775,2023-03-30,4,Top,24,2,1,2,2,118,142,624503,425844,,,,,,,,,,,,,,,,,,,,,,,,,521692
718775,2023-03-30,4,Top,24,3,1,2,2,118,142,624503,425844,field_out,Lineout,Nick Gordon lines out to left fielder Edward Olivares.,T,,,,,,,,,,624503,,,T,3,Lineout,field_out,,,,,521692
718775,2023-03-30,4,Bot,25,0,1,0,0,118,142,669004,641154,,,,,,,,,,,,,,,,,,,,,,,,,680777
718775,2023-03-30,4,Bot,25,1,2,0,0,118,142,669004,641154,,,,,,,,,,,,,,,,,,,,,,,,,680777
718775,2023-03-30,4,Bot,25,2,3,0,0,118,142,669004,641154,,,,,,,,,,,,,,,,,,,,,,,,,680777
718775,2023-03-30,4,Bot,25,3,4,0,0,118,142,669004,641154,walk,Walk,MJ Melendez walks.,T,,,,,,,,,,669004,,1B,,,Walk,walk,,,,,680777
718775,2023-03-30,4,Bot,26,0,0,0,0,118,142,521692,641154,single,Single,Salvador Perez singles on a fly ball to left fielder Trevor Larnach. MJ Melendez to 2nd.,T,,,,,,,,,,521692,,1B,,,Single,single,,,,,680777
718775,2023-03-30,4,Bot,27,0,0,1,0,118,142,686469,641154,,,,,,,,,,,,,,,,,,,,,,,,,680777
718775,2023-03-30,4,Bot,27,1,0,2,0,118,142,686469,641154,,,,,,,,,,,,,,,,,,,,,,,,,680777
718775,2023-03-30,4,Bot,27,2,0,2,0,118,142,686469,641154,,,,,,,,,,,,,,,,,,,,,,,,,680777
718775,2023-03-30,4,Bot,27,3,0,2,0,118,142,686469,641154,,,,,,,,,,,,,,,,,,,,,,,,,680777
718775,2023-03-30,4,Bot,27,4,1,2,0,118,142,686469,641154,,,,,,,,,,,,,,,,,,,,,,,,,680777
718775,2023-03-30,4,Bot,27,5,1,3,0,118,142,686469,641154,strikeout,Strikeout,Vinnie Pasquantino strikes out swinging.,T,,,,,,,,,,686469,,,T,1,Strikeout,strikeout,,,,,680777
718775,2023-03-30,4,Bot,28,0,1,0,1,118,142,614177,641154,,,,,,,,,,,,,,,,,,,,,,,,,680777
718775,2023-03-30,4,Bot,28,1,1,1,1,118,142,614177,641154,,,,,,,,,,,,,,,,,,,,,,,,,680777
718775,2023-03-30,4,Bot,28,2,1,2,1,118,142,614177,641154,,,,,,,,,,,,,,,,,,,,,,,,,680777
718775,2023-03-30,4,Bot,28,3,1,3,1,118,142,614177,641154,strikeout,Strikeout,Franmil Reyes strikes out swinging.,T,,,,,,,,,,614177,,,T,2,Strikeout,strikeout,,,,,680777
718775,2023-03-30,4,Bot,29,0,0,1,2,118,142,686681,641154,,,,,,,,,,,,,,,,,,,,,,,,,680777
718775,2023-03-30,4,Bot,29,1,0,1,2,118,142,686681,641154,field_out,Flyout,Michael Massey flies out to center fielder Michael A. Taylor.,T,,,,,,,,,,686681,,,T,3,Flyout,field_out,,,,,680777
718775,2023-03-30,5,Top,30,0,0,1,0,118,142,608336,425844,,,,,,,,,,,,,,,,,,,,,,,,,521692
718775,2023-03-30,5,Top,30,1,0,2,0,118,142,608336,425844,,,,,,,,,,,,,,,,,,,,,,,,,521692
718775,2023-03-30,5,Top,30,2,0,3,0,118,142,608336,425844,strikeout,Strikeout,Joey Gallo called out on strikes.,T,,,,,,,,,,608336,,,T,1,Strikeout,strikeout,,,,,521692
718775,2023-03-30,5,Top,31,0,0,0,1,118,142,543877,425844,single,Single,Christian Vazquez singles on a ground ball to center fielder Kyle Isbel.,T,,,,,,,,,,543877,,1B,,,Single,single,,,,,521692
718775,2023-03-30,5,Top,32,0,1,0,1,118,142,572191,425844,,,,,,,,,,,,,,,,,,,,,,,,,521692
718775,2023-03-30,5,Top,32,1,1,0,1,118,142,572191,425844,single,Single,Michael A. Taylor singles on a sharp line drive to left fielder Edward Olivares. Christian Vazquez to 2nd.,T,,,,,,,,,,572191,,1B,,,Single,single,,,,,521692
718775,2023-03-30,5,Top,33,0,0,1,1,118,142,596146,425844,,,,,,,,,,,,,,,,,,,,,,,,,521692
718775,2023-03-30,5,Top,33,1,1,1,1,118,142,596146,425844,,,,,,,,,,,,,,,,,,,,,,,,,521692
718775,2023-03-30,5,Top,33,2,2,1,1,118,142,596146,425844,,,,,,,,,,,,,,,,,,,,,,,,,521692
718775,2023-03-30,5,Top,33,3,2,2,1,118,142,596146,425844,,,,,,,,,,,,,,,,,,,,,,,,,521692
718775,2023-03-30,5,Top,33,4,2,2,1,118,142,596146,425844,field_out,Groundout,"Max Kepler grounds out, second baseman Michael Massey to first baseman Vinnie Pasquantino. Christian Vazquez to 3rd. Michael A. Taylor to 2nd.",T,,,,,,,,,,596146,,,T,2,Groundout,field_out,,,,,521692
718775,2023-03-30,5,Top,34,0,0,0,2,118,142,621043,425844,,,,,,,,,,,,,,,,,,,,,,,,,521692
718775,2023-03-30,5,Top,34,1,0,1,2,118,142,621043,425844,,,,,,,,,,,,,,,,,,,,,,,,,521692
718775,2023-03-30,5,Top,34,2,0,2,2,118,142,621043,425844,,,,,,,,,,,,,,,,,,,,,,,,,521692
718775,2023-03-30,5,Top,34,3,0,2,2,118,142,621043,425844,field_out,Pop Out,Carlos Correa pops out to second baseman Michael Massey.,T,,,,,,,,,,621043,,,T,3,Pop Out,field_out,,,,,521692
718775,2023-03-30,5,Bot,35,0,1,0,0,118,142,641531,641154,,,,,,,,,,,,,,,,,,,,,,,,,680777
718775,2023-03-30,5,Bot,35,1,1,1,0,118,142,641531,641154,,,,,,,,,,,,,,,,,,,,,,,,,680777
718775,2023-03-30,5,Bot,35,2,1,2,0,118,142,641531,641154,,,,,,,,,,,,,,,,,,,,,,,,,680777
718775,2023-03-30,5,Bot,35,3,1,3,0,118,142,641531,641154,strikeout,Strikeout,Hunter Dozier strikes out swinging.,T,,,,,,,,,,641531,,,T,1,Strikeout,strikeout,,,,,680777
718775,2023-03-30,5,Bot,36,0,0,0,1,118,142,664728,641154,double,Double,Kyle Isbel doubles (1) on a sharp line drive to center fielder Michael A. Taylor.,T,,,,,,,,,,664728,,2B,,,Double,double,,,,,680777
718775,2023-03-30,5,Bot,37,0,0,0,1,118,142,658668,641154,,,,,,,,,,,,,,,,,,,,,,,,,680777
718775,2023-03-30,5,Bot,37,1,1,0,1,118,142,658668,641154,,,,,,,,,,,,,,,,,,,,,,,,,680777
718775,2023-03-30,5,Bot,37,2,2,0,1,118,142,658668,641154,hit_by_pitch,Hit By Pitch,Edward Olivares hit by pitch.,T,,,,,,,,,,658668,,1B,,,Hit By Pitch,hit_by_pitch,,,,,680777
718775,2023-03-30,5,Bot,38,0,0,0,1,118,142,677951,641154,,,,,,,,,,,,,,,,,,,,,,,,,680777
718775,2023-03-30,5,Bot,38,1,0,1,1,118,142,677951,641154,,,,,,,,,,,,,,,,,,,,,,,,,680777
718775,2023-03-30,5,Bot,38,2,1,1,1,118,142,677951,641154,,,,,,,,,,,,,,,,,,,,,,,,,680777
718775,2023-03-30,5,Bot,38,3,2,1,1,118,142,677951,641154,,,,,,,,,,,,,,,,,,,,,,,,,680777
718775,2023-03-30,5,Bot,38,4,2,2,1,118,142,677951,641154,,,,,,,,,,,,,,,,,,,,,,,,,680777
718775,2023-03-30,5,Bot,38,5,3,2,1,118,142,677951,641154,,,,,,,,,,,,,,,,,,,,,,,,,680777
718775,2023-03-30,5,Bot,38,6,4,2,1,118,142,677951,641154,walk,Walk,Bobby Witt Jr. walks. Kyle Isbel to 3rd. Edward Olivares to 2nd.,T,,,,,,,,,,664728,2B,3B,,,Walk,walk,r_adv_force,,,,680777
718775,2023-03-30,5,Bot,39,0,0,0,1,118,142,669004,641154,,,,,,,,,,,,,,,,,,,,,,,,,680777
718775,2023-03-30,5,Bot,39,1,1,0,1,118,142,669004,641154,,,,,,,,,,,,,,,,,,,,,,,,,680777
718775,2023-03-30,5,Bot,39,2,2,0,1,118,142,669004,641154,,,,,,,,,,,,,,,,,,,,,,,,,680777
718775,2023-03-30,5,Bot,39,3,3,0,1,118,142,669004,641154,,,,,,,,,,,,,,,,,,,,,,,,,680777
718775,2023-03-30,5,Bot,39,4,3,1,1,118,142,669004,641154,,,,,,,,,,,,,,,,,,,,,,,,,680777
718775,2023-03-30,5,Bot,39,5,3,2,1,118,142,669004,641154,,,,,,,,,,,,,,,,,,,,,,,,,680777
718775,2023-03-30,5,Bot,39,6,3,2,1,118,142,669004,641154,grounded_into_double_play,Grounded Into DP,"MJ Melendez grounds into a double play, first baseman Joey Gallo to catcher Christian Vazquez to second baseman Nick Gordon. Kyle Isbel out at home. MJ Melendez out at 1st.",T,,,,,,,,,,664728,3B,,T,2,Grounded Into DP,grounded_into_double_play,r_force_out,,,,680777
718775,2023-03-30,6,Top,40,0,0,1,0,118,142,621439,425844,,,,,,,,,,,,,,,,,,,,,,,,,521692
718775,2023-03-30,6,Top,40,1,0,2,0,118,142,621439,425844,,,,,,,,,,,,,,,,,,,,,,,,,521692
718775,2023-03-30,6,Top,40,2,1,2,0,118,142,621439,425844,,,,,,,,,,,,,,,,,,,,,,,,,521692
718775,2023-03-30,6,Top,40,3,2,2,0,118,142,621439,425844,,,,,,,,,,,,,,,,,,,,,,,,,521692
718775,2023-03-30,6,Top,40,4,2,2,0,118,142,621439,425844,triple,Triple,Byron Buxton triples (1) on a line drive to right fielder MJ Melendez.,T,,,,,,,,,,621439,,3B,,,Triple,triple,,,,,521692
718775,2023-03-30,6,Top,41,0,1,0,0,118,142,663616,425844,,,,,,,,,,,,,,,,,,,,,,,,,521692
718775,2023-03-30,6,Top,41,1,1,0,0,118,142,663616,425844,,,,,,,,,,,,,,,,,,,,,,,,,521692
718775,2023-03-30,6,Top,41,2,1,1,0,118,142,663616,425844,,,,,,,,,,,,,,,,,,,,,,,,,521692
718775,2023-03-30,6,Top,41,3,1,1,0,118,142,663616,425844,single,Single,Trevor Larnach singles on a line drive to center fielder Kyle Isbel. Byron Buxton scores.,T,,,,,,,,,,663616,,1B,,,Single,single,,,,,521692
718775,2023-03-30,6,Top,42,0,0,0,0,118,142,669304,425844,field_out,Flyout,Jose Miranda flies out to right fielder MJ Melendez in foul territory.,T,,,,,,,,,,669304,,,T,1,Flyout,field_out,,,,,521692
718775,2023-03-30,6,Top,43,0,0,0,1,118,142,571657,607237,,,,,,,,,,,,,,,,,,,,,,,,,521692
718775,2023-03-30,6,Top,43,1,0,0,1,118,142,571657,607237,,,,,,,,,,,,,,,,,,,,,,,,,521692
718775,2023-03-30,6,Top,43,2,0,0,1,118,142,571657,607237,,,,,,,,,,,,,,,,,,,,,,,,,521692
718775,2023-03-30,6,Top,43,3,1,0,1,118,142,571657,607237,,,,,,,,,,,,,,,,,,,,,,,,,521692
718775,2023-03-30,6,Top,43,4,2,0,1,118,142,571657,607237,,,,,,,,,,,,,,,,,,,,,,,,,521692
718775,2023-03-30,6,Top,43,5,3,0,1,118,142,571657,607237,,,,,,,,,,,,,,,,,,,,,,,,,521692
718775,2023-03-30,6,Top,43,6,3,1,1,118,142,571657,607237,,,,,,,,,,,,,,,,,,,,,,,,,521692
718775,2023-03-30,6,Top,43,7,4,1,1,118,142,571657,607237,walk,Walk,Kyle Farmer walks. Trevor Larnach to 2nd.,T,,,,,,,,,,663616,1B,2B,,,Walk,walk,r_adv_force,,,,521692
718775,2023-03-30,6,Top,44,0,0,0,1,118,142,456781,607237,,,,,,,,,,,,,,,,,,,,,,,,,521692
718775,2023-03-30,6,Top,44,1,1,0,1,118,142,456781,607237,,,,,,,,,,,,,,,,,,,,,,,,,521692
718775,2023-03-30,6,Top,44,2,1,1,1,118,142,456781,607237,,,,,,,,,,,,,,,,,,,,,,,,,521692
718775,2023-03-30,6,Top,44,3,2,1,1,118,142,456781,607237,,,,,,,,,,,,,,,,,,,,,,,,,521692
718775,2023-03-30,6,Top,44,4,2,2,1,118,142,456781,607237,,,,,,,,,,,,,,,,,,,,,,,,,521692
718775,2023-03-30,6,Top,44,5,2,2,1,118,142,456781,607237,single,Single,Donovan Solano singles on a line drive to left fielder Edward Olivares. Trevor Larnach scores. Kyle Farmer to 2nd.,T,,,,,,,,,,456781,,1B,,,Single,single,,,,,521692
718775,2023-03-30,6,Top,45,0,0,0,1,118,142,543877,607237,,,,,,,,,,,,,,,,,,,,,,,,,521692
718775,2023-03-30,6,Top,45,1,0,1,1,118,142,543877,607237,,,,,,,,,,,,,,,,,,,,,,,,,521692
718775,2023-03-30,6,Top,45,2,1,1,1,118,142,543877,607237,,,,,,,,,,,,,,,,,,,,,,,,,521692
718775,2023-03-30,6,Top,45,3,2,1,1,118,142,543877,607237,,,,,,,,,,,,,,,,,,,,,,,,,521692
718775,2023-03-30,6,Top,45,4,3,1,1,118,142,543877,607237,,,,,,,,,,,,,,,,,,,,,,,,,521692
718775,2023-03-30,6,Top,45,5,3,2,1,118,142,543877,607237,,,,,,,,,,,,,,,,,,,,,,,,,521692
718775,2023-03-30,6,Top,45,6,3,2,1,118,142,543877,607237,,,,,,,,,,,,,,,,,,,,,,,,,521692
718775,2023-03-30,6,Top,45,7,3,2,1,118,142,543877,607237,single,Single,Christian Vazquez singles on a sharp line drive to left fielder Edward Olivares. Kyle Farmer to 3rd. Donovan Solano to 2nd.,T,,,,,,,,,,543877,,1B,,,Single,single,,,,,521692
718775,2023-03-30,6,Top,46,0,0,1,1,118,142,572191,607237,,,,,,,,,,,,,,,,,,,,,,,,,521692
718775,2023-03-30,6,Top,46,1,0,2,1,118,142,572191,607237,,,,,,,,,,,,,,,,,,,,,,,,,521692
718775,2023-03-30,6,Top,46,2,0,2,1,118,142,572191,607237,,,,,,,,,,,,,,,,,,,,,,,,,521692
718775,2023-03-30,6,Top,46,3,1,2,1,118,142,572191,607237,,,,,,,,,,,,,,,,,,,,,,,,,521692
718775,2023-03-30,6,Top,46,4,1,3,1,118,142,572191,607237,strikeout,Strikeout,Michael A. Taylor strikes out swinging.,T,,,,,,,,,,572191,,,T,2,Strikeout,strikeout,,,,,521692
718775,2023-03-30,6,Top,47,0,1,0,2,118,142,596146,607237,,,,,,,,,,,,,,,,,,,,,,,,,521692
718775,2023-03-30,6,Top,47,1,1,0,2,118,142,596146,607237,field_out,Lineout,Max Kepler lines out to right fielder MJ Melendez.,T,,,,,,,,,,596146,,,T,3,Lineout,field_out,,,,,521692
718775,2023-03-30,6,Bot,48,0,0,0,0,118,142,521692,641154,,,,,,,,,,,,,,,,,,,,,,,,,680777
718775,2023-03-30,6,Bot,48,1,0,0,0,118,142,521692,641154,,,,,,,,,,,,,,,,,,,,,,,,,680777
718775,2023-03-30,6,Bot,48,2,0,1,0,118,142,521692,641154,,,,,,,,,,,,,,,,,,,,,,,,,680777
718775,2023-03-30,6,Bot,48,3,1,1,0,118,142,521692,641154,,,,,,,,,,,,,,,,,,,,,,,,,680777
718775,2023-03-30,6,Bot,48,4,1,2,0,118,142,521692,641154,,,,,,,,,,,,,,,,,,,,,,,,,680777
718775,2023-03-30,6,Bot,48,5,1,3,0,118,142,521692,641154,strikeout,Strikeout,Salvador Perez strikes out swinging.,T,,,,,,,,,,521692,,,T,1,Strikeout,strikeout,,,,,680777
718775,2023-03-30,6,Bot,49,0,0,0,1,118,142,686469,573204,,,,,,,,,,,,,,,,,,,,,,,,,680777
718775,2023-03-30,6,Bot,49,1,0,0,1,118,142,686469,573204,,,,,,,,,,,,,,,,,,,,,,,,,680777
718775,2023-03-30,6,Bot,49,2,1,0,1,118,142,686469,573204,,,,,,,,,,,,,,,,,,,,,,,,,680777
718775,2023-03-30,6,Bot,49,3,1,1,1,118,142,686469,573204,,,,,,,,,,,,,,,,,,,,,,,,,680777
718775,2023-03-30,6,Bot,49,4,2,1,1,118,142,686469,573204,,,,,,,,,,,,,,,,,,,,,,,,,680777
718775,2023-03-30,6,Bot,49,5,2,2,1,118,142,686469,573204,,,,,,,,,,,,,,,,,,,,,,,,,680777
718775,2023-03-30,6,Bot,49,6,2,2,1,118,142,686469,573204,field_out,Pop Out,Vinnie Pasquantino pops out to first baseman Donovan Solano in foul territory.,T,,,,,,,,,,686469,,,T,2,Pop Out,field_out,,,,,680777
718775,2023-03-30,6,Bot,50,0,0,1,2,118,142,614177,573204,,,,,,,,,,,,,,,,,,,,,,,,,680777
718775,2023-03-30,6,Bot,50,1,0,2,2,118,142,614177,573204,,,,,,,,,,,,,,,,,,,,,,,,,680777
718775,2023-03-30,6,Bot,50,2,0,2,2,118,142,614177,573204,,,,,,,,,,,,,,,,,,,,,,,,,680777
718775,2023-03-30,6,Bot,50,3,0,3,2,118,142,614177,573204,strikeout,Strikeout,Franmil Reyes strikes out swinging.,T,,,,,,,,,,614177,,,T,3,Strikeout,strikeout,,,,,680777
718775,2023-03-30,7,Top,51,0,0,0,0,118,142,621043,669395,,,,,,,,,,,,,,,,,,,,,,,,,521692
718775,2023-03-30,7,Top,51,1,0,1,0,118,142,621043,669395,,,,,,,,,,,,,,,,,,,,,,,,,521692
718775,2023-03-30,7,Top,51,2,1,1,0,118,142,621043,669395,,,,,,,,,,,,,,,,,,,,,,,,,521692
718775,2023-03-30,7,Top,51,3,1,1,0,118,142,621043,669395,field_out,Lineout,Carlos Correa lines out sharply to center fielder Kyle Isbel.,T,,,,,,,,,,621043,,,T,1,Lineout,field_out,,,,,521692
718775,2023-03-30,7,Top,52,0,1,0,1,118,142,621439,669395,,,,,,,,,,,,,,,,,,,,,,,,,521692
718775,2023-03-30,7,Top,52,1,2,0,1,118,142,621439,669395,,,,,,,,,,,,,,,,,,,,,,,,,521692
718775,2023-03-30,7,Top,52,2,2,0,1,118,142,621439,669395,field_out,Pop Out,Byron Buxton pops out to shortstop Bobby Witt Jr.,T,,,,,,,,,,621439,,,T,2,Pop Out,field_out,,,,,521692
718775,2023-03-30,7,Top,53,0,1,0,2,118,142,663616,669395,,,,,,,,,,,,,,,,,,,,,,,,,521692
718775,2023-03-30,7,Top,53,1,2,0,2,118,142,663616,669395,,,,,,,,,,,,,,,,,,,,,,,,,521692
718775,2023-03-30,7,Top,53,2,2,1,2,118,142,663616,669395,,,,,,,,,,,,,,,,,,,,,,,,,521692
718775,2023-03-30,7,Top,53,3,2,2,2,118,142,663616,669395,,,,,,,,,,,,,,,,,,,,,,,,,521692
718775,2023-03-30,7,Top,53,4,3,2,2,118,142,663616,669395,,,,,,,,,,,,,,,,,,,,,,,,,521692
718775,2023-03-30,7,Top,53,5,4,2,2,118,142,663616,669395,walk,Walk,Trevor Larnach walks.,T,,,,,,,,,,663616,,1B,,,Walk,walk,,,,,521692
718775,2023-03-30,7,Top,54,0,1,0,2,118,142,669304,669395,,,,,,,,,,,,,,,,,,,,,,,,,521692
718775,2023-03-30,7,Top,54,1,1,1,2,118,142,669304,669395,,,,,,,,,,,,,,,,,,,,,,,,,521692
718775,2023-03-30,7,Top,54,2,1,1,2,118,142,669304,669395,,,,,,,,,,,,,,,,,,,,,,,,,521692
718775,2023-03-30,7,Top,54,3,2,1,2,118,142,669304,669395,,,,,,,,,,,,,,,,,,,,,,,,,521692
718775,2023-03-30,7,Top,54,4,3,1,2,118,142,669304,669395,,,,,,,,,,,,,,,,,,,,,,,,,521692
718775,2023-03-30,7,Top,54,5,4,1,2,118,142,669304,669395,walk,Walk,Jose Miranda walks. Trevor Larnach to 2nd.,T,,,,,,,,,,663616,1B,2B,,,Walk,walk,r_adv_force,,,,521692
718775,2023-03-30,7,Top,55,0,0,0,2,118,142,571657,669395,,,,,,,,,,,,,,,,,,,,,,,,,521692
718775,2023-03-30,7,Top,55,1,0,1,2,118,142,571657,669395,,,,,,,,,,,,,,,,,,,,,,,,,521692
718775,2023-03-30,7,Top,55,2,0,1,2,118,142,571657,669395,single,Single,Kyle Farmer singles on a ground ball to third baseman Hunter Dozier. Trevor Larnach to 3rd. Jose Miranda to 2nd.,T,,,,,,,,,,571657,,1B,,,Single,single,,,,,521692
718775,2023-03-30,7,Top,56,0,1,0,2,118,142,456781,669395,,,,,,,,,,,,,,,,,,,,,,,,,521692
718775,2023-03-30,7,Top,56,1,2,0,2,118,142,456781,669395,,,,,,,,,,,,,,,,,,,,,,,,,521692
718775,2023-03-30,7,Top,56,2,2,0,2,118,142,456781,669395,field_out,Lineout,Donovan Solano lines out to left fielder Edward Olivares.,T,,,,,,,,,,456781,,,T,3,Lineout,field_out,,,,,521692
718775,2023-03-30,7,Bot,57,0,1,0,0,118,142,686681,573204,,,,,,,,,,,,,,,,,,,,,,,,,680777
718775,2023-03-30,7,Bot,57,1,1,0,0,118,142,686681,573204,field_out,Flyout,Michael Massey flies out to center fielder Michael A. Taylor.,T,,,,,,,,,,686681,,,T,1,Flyout,field_out,,,,,680777
718775,2023-03-30,7,Bot,58,0,0,0,1,118,142,641531,605347,,,,,,,,,,,,,,,,,,,,,,,,,680777
718775,2023-03-30,7,Bot,58,1,0,0,1,118,142,641531,605347,,,,,,,,,,,,,,,,,,,,,,,,,680777
718775,2023-03-30,7,Bot,58,2,0,1,1,118,142,641531,605347,,,,,,,,,,,,,,,,,,,,,,,,,680777
718775,2023-03-30,7,Bot,58,3,0,2,1,118,142,641531,605347,,,,,,,,,,,,,,,,,,,,,,,,,680777
718775,2023-03-30,7,Bot,58,4,0,3,1,118,142,641531,605347,strikeout,Strikeout,Hunter Dozier called out on strikes.,T,,,,,,,,,,641531,,,T,2,Strikeout,strikeout,,,,,680777
718775,2023-03-30,7,Bot,59,0,0,1,2,118,142,664728,605347,,,,,,,,,,,,,,,,,,,,,,,,,680777
718775,2023-03-30,7,Bot,59,1,0,1,2,118,142,664728,605347,field_out,Groundout,"Kyle Isbel grounds out, shortstop Carlos Correa to first baseman Donovan Solano.",T,,,,,,,,,,664728,,,T,3,Groundout,field_out,,,,,680777
718775,2023-03-30,8,Top,60,0,0,0,0,118,142,543877,621016,,,,,,,,,,,,,,,,,,,,,,,,,521692
718775,2023-03-30,8,Top,60,1,0,1,0,118,142,543877,621016,,,,,,,,,,,,,,,,,,,,,,,,,521692
718775,2023-03-30,8,Top,60,2,1,1,0,118,142,543877,621016,,,,,,,,,,,,,,,,,,,,,,,,,521692
718775,2023-03-30,8,Top,60,3,1,2,0,118,142,543877,621016,,,,,,,,,,,,,,,,,,,,,,,,,521692
718775,2023-03-30,8,Top,60,4,2,2,0,118,142,543877,621016,,,,,,,,,,,,,,,,,,,,,,,,,521692
718775,2023-03-30,8,Top,60,5,2,3,0,118,142,543877,621016,strikeout,Strikeout,Christian Vazquez strikes out swinging.,T,,,,,,,,,,543877,,,T,1,Strikeout,strikeout,,,,,521692
718775,2023-03-30,8,Top,61,0,0,1,1,118,142,572191,621016,,,,,,,,,,,,,,,,,,,,,,,,,521692
718775,2023-03-30,8,Top,61,1,1,1,1,118,142,572191,621016,,,,,,,,,,,,,,,,,,,,,,,,,521692
718775,2023-03-30,8,Top,61,2,1,2,1,118,142,572191,621016,,,,,,,,,,,,,,,,,,,,,,,,,521692
718775,2023-03-30,8,Top,61,3,1,2,1,118,142,572191,621016,,,,,,,,,,,,,,,,,,,,,,,,,521692
718775,2023-03-30,8,Top,61,4,1,3,1,118,142,572191,621016,strikeout,Strikeout,Michael A. Taylor strikes out swinging.,T,,,,,,,,,,572191,,,T,2,Strikeout,strikeout,,,,,521692
718775,2023-03-30,8,Top,62,0,1,0,2,118,142,596146,621016,,,,,,,,,,,,,,,,,,,,,,,,,521692
718775,2023-03-30,8,Top,62,1,1,1,2,118,142,596146,621016,,,,,,,,,,,,,,,,,,,,,,,,,521692
718775,2023-03-30,8,Top,62,2,1,2,2,118,142,596146,621016,,,,,,,,,,,,,,,,,,,,,,,,,521692
718775,2023-03-30,8,Top,62,3,2,2,2,118,142,596146,621016,,,,,,,,,,,,,,,,,,,,,,,,,521692
718775,2023-03-30,8,Top,62,4,2,2,2,118,142,596146,621016,,,,,,,,,,,,,,,,,,,,,,,,,521692
718775,2023-03-30,8,Top,62,5,2,3,2,118,142,596146,621016,strikeout,Strikeout,Max Kepler strikes out swinging.,T,,,,,,,,,,596146,,,T,3,Strikeout,strikeout,,,,,521692
718775,2023-03-30,8,Bot,63,0,0,0,0,118,142,658668,643377,,,,,,,,,,,,,,,,,,,,,,,,,680777
718775,2023-03-30,8,Bot,63,1,0,0,0,118,142,658668,643377,field_out,Lineout,Edward Olivares lines out sharply to center fielder Michael A. Taylor.,T,,,,,,,,,,658668,,,T,1,Lineout,field_out,,,,,680777
718775,2023-03-30,8,Bot,64,0,1,0,1,118,142,677951,643377,,,,,,,,,,,,,,,,,,,,,,,,,680777
718775,2023-03-30,8,Bot,64,1,2,0,1,118,142,677951,643377,,,,,,,,,,,,,,,,,,,,,,,,,680777
718775,2023-03-30,8,Bot,64,2,3,0,1,118,142,677951,643377,,,,,,,,,,,,,,,,,,,,,,,,,680777
718775,2023-03-30,8,Bot,64,3,3,1,1,118,142,677951,643377,,,,,,,,,,,,,,,,,,,,,,,,,680777
718775,2023-03-30,8,Bot,64,4,4,1,1,118,142,677951,643377,walk,Walk,Bobby Witt Jr. walks.,T,,,,,,,,,,677951,,1B,,,Walk,walk,,,,,680777
718775,2023-03-30,8,Bot,65,0,1,0,1,118,142,669004,643377,,,,,,,,,,,,,,,,,,,,,,,,,680777
718775,2023-03-30,8,Bot,65,1,1,1,1,118,142,669004,643377,,,,,,,,,,,,,,,,,,,,,,,,,680777
718775,2023-03-30,8,Bot,65,2,1,1,1,118,142,669004,643377,grounded_into_double_play,Grounded Into DP,"MJ Melendez grounds into a double play, shortstop Carlos Correa to first baseman Donovan Solano. Bobby Witt Jr. out at 2nd. MJ Melendez out at 1st.",T,,,,,,,,,,677951,1B,,T,2,Grounded Into DP,grounded_into_double_play,r_force_out,,,,680777
718775,2023-03-30,9,Top,66,0,0,0,0,118,142,621043,672578,,,,,,,,,,,,,,,,,,,,,,,,,521692
718775,2023-03-30,9,Top,66,1,0,0,0,118,142,621043,672578,,,,,,,,,,,,,,,,,,,,,,,,,521692
718775,2023-03-30,9,Top,66,2,1,0,0,118,142,621043,672578,,,,,,,,,,,,,,,,,,,,,,,,,521692
718775,2023-03-30,9,Top,66,3,2,0,0,118,142,621043,672578,,,,,,,,,,,,,,,,,,,,,,,,,521692
718775,2023-03-30,9,Top,66,4,2,1,0,118,142,621043,672578,,,,,,,,,,,,,,,,,,,,,,,,,521692
718775,2023-03-30,9,Top,66,5,2,2,0,118,142,621043,672578,,,,,,,,,,,,,,,,,,,,,,,,,521692
718775,2023-03-30,9,Top,66,6,3,2,0,118,142,621043,672578,,,,,,,,,,,,,,,,,,,,,,,,,521692
718775,2023-03-30,9,Top,66,7,3,2,0,118,142,621043,672578,field_out,Groundout,"Carlos Correa grounds out, shortstop Bobby Witt Jr. to first baseman Vinnie Pasquantino.",T,,,,,,,,,,621043,,,T,1,Groundout,field_out,,,,,521692
718775,2023-03-30,9,Top,67,0,0,1,1,118,142,621439,672578,,,,,,,,,,,,,,,,,,,,,,,,,521692
718775,2023-03-30,9,Top,67,1,1,1,1,118,142,621439,672578,,,,,,,,,,,,,,,,,,,,,,,,,521692
718775,2023-03-30,9,Top,67,2,1,2,1,118,142,621439,672578,,,,,,,,,,,,,,,,,,,,,,,,,521692
718775,2023-03-30,9,Top,67,3,1,3,1,118,142,621439,672578,strikeout,Strikeout,Byron Buxton strikes out swinging.,T,,,,,,,,,,621439,,,T,2,Strikeout,strikeout,,,,,521692
718775,2023-03-30,9,Top,68,0,0,0,2,118,142,663616,672578,single,Single,Trevor Larnach singles on a line drive to right fielder MJ Melendez.,T,,,,,,,,,,663616,,1B,,,Single,single,,,,,521692
718775,2023-03-30,9,Top,69,0,0,1,2,118,142,669304,672578,,,,,,,,,,,,,,,,,,,,,,,,,521692
718775,2023-03-30,9,Top,69,1,0,2,2,118,142,669304,672578,,,,,,,,,,,,,,,,,,,,,,,,,521692
718775,2023-03-30,9,Top,69,2,1,2,2,118,142,669304,672578,,,,,,,,,,,,,,,,,,,,,,,,,521692
718775,2023-03-30,9,Top,69,3,1,2,2,118,142,669304,672578,,,,,,,,,,,,,,,,,,,,,,,,,521692
718775,2023-03-30,9,Top,69,4,1,2,2,118,142,669304,672578,field_out,Flyout,Jose Miranda flies out to right fielder MJ Melendez.,T,,,,,,,,,,669304,,,T,3,Flyout,field_out,,,,,521692
718775,2023-03-30,9,Bot,70,0,0,0,0,118,142,521692,661395,,,,,,,,,,,,,,,,,,,,,,,,,680777
718775,2023-03-30,9,Bot,70,1,0,0,0,118,142,521692,661395,,,,,,,,,,,,,,,,,,,,,,,,,680777
718775,2023-03-30,9,Bot,70,2,0,1,0,118,142,521692,661395,,,,,,,,,,,,,,,,,,,,,,,,,680777
718775,2023-03-30,9,Bot,70,3,1,1,0,118,142,521692,661395,,,,,,,,,,,,,,,,,,,,,,,,,680777
718775,2023-03-30,9,Bot,70,4,1,2,0,118,142,521692,661395,,,,,,,,,,,,,,,,,,,,,,,,,680777
718775,2023-03-30,9,Bot,70,5,1,2,0,118,142,521692,661395,field_out,Flyout,Salvador Perez flies out to left fielder Trevor Larnach.,T,,,,,,,,,,521692,,,T,1,Flyout,field_out,,,,,680777
718775,2023-03-30,9,Bot,71,0,1,0,1,118,142,686469,661395,,,,,,,,,,,,,,,,,,,,,,,,,680777
718775,2023-03-30,9,Bot,71,1,2,0,1,118,142,686469,661395,,,,,,,,,,,,,,,,,,,,,,,,,680777
718775,2023-03-30,9,Bot,71,2,2,1,1,118,142,686469,661395,,,,,,,,,,,,,,,,,,,,,,,,,680777
718775,2023-03-30,9,Bot,71,3,2,2,1,118,142,686469,661395,,,,,,,,,,,,,,,,,,,,,,,,,680777
718775,2023-03-30,9,Bot,71,4,2,2,1,118,142,686469,661395,,,,,,,,,,,,,,,,,,,,,,,,,680777
718775,2023-03-30,9,Bot,71,5,3,2,1,118,142,686469,661395,,,,,,,,,,,,,,,,,,,,,,,,,680777
718775,2023-03-30,9,Bot,71,6,4,2,1,118,142,686469,661395,walk,Walk,Vinnie Pasquantino walks.,T,,,,,,,,,,686469,,1B,,,Walk,walk,,,,,680777
718775,2023-03-30,9,Bot,72,0,1,0,1,118,142,614177,661395,,,,,,,,,,,,,,,,,,,,,,,,,680777
718775,2023-03-30,9,Bot,72,1,1,0,1,118,142,614177,661395,,,,,,,,,,,,,,,,,,,,,,,,,680777
718775,2023-03-30,9,Bot,72,2,1,0,1,118,142,614177,661395,field_out,Groundout,"Franmil Reyes grounds out, second baseman Kyle Farmer to first baseman Donovan Solano. Vinnie Pasquantino to 2nd.",T,,,,,,,,,,614177,,,T,2,Groundout,field_out,,,,,680777
718775,2023-03-30,9,Bot,73,0,0,1,2,118,142,686681,661395,,,,,,,,,,,,,,,,,,,,,,,,,680777
718775,2023-03-30,9,Bot,73,1,0,2,2,118,142,686681,661395,,,,,,,,,,,,,,,,,,,,,,,,,680777
718775,2023-03-30,9,Bot,73,2,1,2,2,118,142,686681,661395,,,,,,,,,,,,,,,,,,,,,,,,,680777
718775,2023-03-30,9,Bot,73,3,1,3,2,118,142,686681,661395,strikeout,Strikeout,Michael Massey strikes out swinging.,T,,,,,,,,,,686681,,,T,3,Strikeout,strikeout,,,,,680777
718774,2023-03-30,1,Top,0,0,0,0,0,146,121,607043,645261,,,,,,,,,,,,,,,,,,,,,,,,,607732
718774,2023-03-30,1,Top,0,1,0,0,0,146,121,607043,645261,,,,,,,,,,,,,,,,,,,,,,,,,607732
718774,2023-03-30,1,Top,0,2,0,0,0,146,121,607043,645261,,,,,,,,,,,,,,,,,,,,,,,,,607732
718774,2023-03-30,1,Top,0,3,0,1,0,146,121,607043,645261,,,,,,,,,,,,,,,,,,,,,,,,,607732
718774,2023-03-30,1,Top,0,4,0,1,0,146,121,607043,645261,field_out,Groundout,"Brandon Nimmo grounds out, first baseman Garrett Cooper to pitcher Sandy Alcantara.",T,,,,,,,,,,607043,,,T,1,Groundout,field_out,,,,,607732
718774,2023-03-30,1,Top,1,0,0,1,1,146,121,516782,645261,,,,,,,,,,,,,,,,,,,,,,,,,607732
718774,2023-03-30,1,Top,1,1,1,1,1,146,121,516782,645261,,,,,,,,,,,,,,,,,,,,,,,,,607732
718774,2023-03-30,1,Top,1,2,2,1,1,146,121,516782,645261,,,,,,,,,,,,,,,,,,,,,,,,,607732
718774,2023-03-30,1,Top,1,3,2,2,1,146,121,516782,645261,,,,,,,,,,,,,,,,,,,,,,,,,607732
718774,2023-03-30,1,Top,1,4,2,2,1,146,121,516782,645261,,,,,,,,,,,,,,,,,,,,,,,,,607732
718774,2023-03-30,1,Top,1,5,3,2,1,146,121,516782,645261,,,,,,,,,,,,,,,,,,,,,,,,,607732
718774,2023-03-30,1,Top,1,6,3,2,1,146,121,516782,645261,,,,,,,,,,,,,,,,,,,,,,,,,607732
718774,2023-03-30,1,Top,1,7,3,2,1,146,121,516782,645261,,,,,,,,,,,,,,,,,,,,,,,,,607732
718774,2023-03-30,1,Top,1,8,3,2,1,146,121,516782,645261,,,,,,,,,,,,,,,,,,,,,,,,,607732
718774,2023-03-30,1,Top,1,9,3,2,1,146,121,516782,645261,field_out,Groundout,"Starling Marte grounds out, second baseman Luis Arraez to first baseman Garrett Cooper.",T,,,,,,,,,,516782,,,T,2,Groundout,field_out,,,,,607732
718774,2023-03-30,1,Top,2,0,1,0,2,146,121,596019,645261,,,,,,,,,,,,,,,,,,,,,,,,,607732
718774,2023-03-30,1,Top,2,1,2,0,2,146,121,596019,645261,,,,,,,,,,,,,,,,,,,,,,,,,607732
718774,2023-03-30,1,Top,2,2,3,0,2,146,121,596019,645261,,,,,,,,,,,,,,,,,,,,,,,,,607732
718774,2023-03-30,1,Top,2,3,3,1,2,146,121,596019,645261,,,,,,,,,,,,,,,,,,,,,,,,,607732
718774,2023-03-30,1,Top,2,4,3,2,2,146,121,596019,645261,,,,,,,,,,,,,,,,,,,,,,,,,607732
718774,2023-03-30,1,Top,2,5,3,3,2,146,121,596019,645261,strikeout,Strikeout,Francisco Lindor strikes out swinging.,T,,,,,,,,,,596019,,,T,3,Strikeout,strikeout,,,,,607732
718774,2023-03-30,1,Bot,3,0,1,0,0,146,121,650333,453286,,,,,,,,,,,,,,,,,,,,,,,,,621512
718774,2023-03-30,1,Bot,3,1,1,0,0,146,121,650333,453286,single,Single,Luis Arraez singles on a line drive to left fielder Mark Canha.,T,,,,,,,,,,650333,,1B,,,Single,single,,,,,621512
718774,2023-03-30,1,Bot,4,0,0,1,0,146,121,516416,453286,,,,,,,,,,,,,,,,,,,,,,,,,621512
718774,2023-03-30,1,Bot,4,1,1,1,0,146,121,516416,453286,,,,,,,,,,,,,,,,,,,,,,,,,621512
718774,2023-03-30,1,Bot,4,2,1,1,0,146,121,516416,453286,grounded_into_double_play,Grounded Into DP,"Jean Segura grounds into a double play, pitcher Max Scherzer to shortstop Francisco Lindor to first baseman Pete Alonso. Luis Arraez out at 2nd. Jean Segura out at 1st.",T,,,,,,,,,,650333,1B,,T,1,Grounded Into DP,grounded_into_double_play,r_force_out,,,,621512
718774,2023-03-30,1,Bot,5,0,0,1,2,146,121,643265,453286,,,,,,,,,,,,,,,,,,,,,,,,,621512
718774,2023-03-30,1,Bot,5,1,0,2,2,146,121,643265,453286,,,,,,,,,,,,,,,,,,,,,,,,,621512
718774,2023-03-30,1,Bot,5,2,1,2,2,146,121,643265,453286,,,,,,,,,,,,,,,,,,,,,,,,,621512
718774,2023-03-30,1,Bot,5,3,1,2,2,146,121,643265,453286,,,,,,,,,,,,,,,,,,,,,,,,,621512
718774,2023-03-30,1,Bot,5,4,1,3,2,146,121,643265,453286,strikeout,Strikeout,Garrett Cooper strikes out swinging.,T,,,,,,,,,,643265,,,T,3,Strikeout,strikeout,,,,,621512
718774,2023-03-30,2,Top,6,0,0,1,0,146,121,624413,645261,,,,,,,,,,,,,,,,,,,,,,,,,607732
718774,2023-03-30,2,Top,6,1,1,1,0,146,121,624413,645261,,,,,,,,,,,,,,,,,,,,,,,,,607732
718774,2023-03-30,2,Top,6,2,1,2,0,146,121,624413,645261,,,,,,,,,,,,,,,,,,,,,,,,,607732
718774,2023-03-30,2,Top,6,3,1,2,0,146,121,624413,645261,field_out,Groundout,"Pete Alonso grounds out, third baseman Jean Segura to first baseman Garrett Cooper.",T,,,,,,,,,,624413,,,T,1,Groundout,field_out,,,,,607732
718774,2023-03-30,2,Top,7,0,0,1,1,146,121,643446,645261,,,,,,,,,,,,,,,,,,,,,,,,,607732
718774,2023-03-30,2,Top,7,1,0,1,1,146,121,643446,645261,field_out,Flyout,Jeff McNeil flies out to center fielder Jazz Chisholm Jr.,T,,,,,,,,,,643446,,,T,2,Flyout,field_out,,,,,607732
718774,2023-03-30,2,Top,8,0,0,1,2,146,121,592192,645261,,,,,,,,,,,,,,,,,,,,,,,,,607732
718774,2023-03-30,2,Top,8,1,0,1,2,146,121,592192,645261,field_out,Groundout,"Mark Canha grounds out, third baseman Jean Segura to first baseman Garrett Cooper.",T,,,,,,,,,,592192,,,T,3,Groundout,field_out,,,,,607732
718774,2023-03-30,2,Bot,9,0,1,0,0,146,121,665862,453286,,,,,,,,,,,,,,,,,,,,,,,,,621512
718774,2023-03-30,2,Bot,9,1,1,1,0,146,121,665862,453286,,,,,,,,,,,,,,,,,,,,,,,,,621512
718774,2023-03-30,2,Bot,9,2,1,2,0,146,121,665862,453286,,,,,,,,,,,,,,,,,,,,,,,,,621512
718774,2023-03-30,2,Bot,9,3,2,2,0,146,121,665862,453286,,,,,,,,,,,,,,,,,,,,,,,,,621512
718774,2023-03-30,2,Bot,9,4,2,2,0,146,121,665862,453286,field_out,Groundout,"Jazz Chisholm Jr. grounds out, shortstop Francisco Lindor to first baseman Pete Alonso.",T,,,,,,,,,,665862,,,T,1,Groundout,field_out,,,,,621512
718774,2023-03-30,2,Bot,10,0,0,1,1,146,121,624585,453286,,,,,,,,,,,,,,,,,,,,,,,,,621512
718774,2023-03-30,2,Bot,10,1,1,1,1,146,121,624585,453286,,,,,,,,,,,,,,,,,,,,,,,,,621512
718774,2023-03-30,2,Bot,10,2,1,2,1,146,121,624585,453286,,,,,,,,,,,,,,,,,,,,,,,,,621512
718774,2023-03-30,2,Bot,10,3,2,2,1,146,121,624585,453286,,,,,,,,,,,,,,,,,,,,,,,,,621512
718774,2023-03-30,2,Bot,10,4,2,3,1,146,121,624585,453286,strikeout,Strikeout,Jorge Soler strikes out swinging.,T,,,,,,,,,,624585,,,T,2,Strikeout,strikeout,,,,,621512
718774,2023-03-30,2,Bot,11,0,0,1,2,146,121,541645,453286,,,,,,,,,,,,,,,,,,,,,,,,,621512
718774,2023-03-30,2,Bot,11,1,0,1,2,146,121,541645,453286,field_out,Pop Out,Avisail Garcia pops out to second baseman Jeff McNeil.,T,,,,,,,,,,541645,,,T,3,Pop Out,field_out,,,,,621512
718774,2023-03-30,3,Top,12,0,1,0,0,146,121,596129,645261,,,,,,,,,,,,,,,,,,,,,,,,,607732
718774,2023-03-30,3,Top,12,1,2,0,0,146,121,596129,645261,,,,,,,,,,,,,,,,,,,,,,,,,607732
718774,2023-03-30,3,Top,12,2,3,0,0,146,121,596129,645261,,,,,,,,,,,,,,,,,,,,,,,,,607732
718774,2023-03-30,3,Top,12,3,4,0,0,146,121,596129,645261,walk,Walk,Daniel Vogelbach walks.,T,,,,,,,,,,596129,,1B,,,Walk,walk,,,,,607732
718774,2023-03-30,3,Top,13,0,0,1,0,146,121,500871,645261,,,,,,,,,,,,,,,,,,,,,,,,,607732
718774,2023-03-30,3,Top,13,1,1,1,0,146,121,500871,645261,,,,,,,,,,,,,,,,,,,,,,,,,607732
718774,2023-03-30,3,Top,13,2,1,2,0,146,121,500871,645261,,,,,,,,,,,,,,,,,,,,,,,,,607732
718774,2023-03-30,3,Top,13,3,1,2,0,146,121,500871,645261,,,,,,,,,,,,,,,,,,,,,,,,,607732
718774,2023-03-30,3,Top,13,4,2,2,0,146,121,500871,645261,,,,,,,,,,,,,,,,,,,,,,,,,607732
718774,2023-03-30,3,Top,13,5,2,2,0,146,121,500871,645261,,,,,,,,,,,,,,,,,,,,,,,,,607732
718774,2023-03-30,3,Top,13,6,2,3,0,146,121,500871,645261,strikeout,Strikeout,Eduardo Escobar strikes out swinging.,T,,,,,,,,,,500871,,,T,1,Strikeout,strikeout,,,,,607732
718774,2023-03-30,3,Top,14,0,0,1,1,146,121,553882,645261,,,,,,,,,,,,,,,,,,,,,,,,,607732
718774,2023-03-30,3,Top,14,1,1,1,1,146,121,553882,645261,,,,,,,,,,,,,,,,,,,,,,,,,607732
718774,2023-03-30,3,Top,14,2,1,2,1,146,121,553882,645261,,,,,,,,,,,,,,,,,,,,,,,,,607732
718774,2023-03-30,3,Top,14,3,2,2,1,146,121,553882,645261,,,,,,,,,,,,,,,,,,,,,,,,,607732
718774,2023-03-30,3,Top,14,4,2,2,1,146,121,553882,645261,single,Single,Omar Narvaez singles on a line drive to right fielder Avisail Garcia. Daniel Vogelbach to 3rd.,T,,,,,,,,,,553882,,1B,,,Single,single,,,,,607732
718774,2023-03-30,3,Top,15,0,1,0,1,146,121,607043,645261,,,,,,,,,,,,,,,,,,,,,,,,,607732
718774,2023-03-30,3,Top,15,1,2,0,1,146,121,607043,645261,,,,,,,,,,,,,,,,,,,,,,,,,607732
718774,2023-03-30,3,Top,15,2,2,0,1,146,121,607043,645261,,,,,,,,,,,,,,,,,,,,,,,,,607732
718774,2023-03-30,3,Top,15,3,2,1,1,146,121,607043,645261,,,,,,,,,,,,,,,,,,,,,,,,,607732
718774,2023-03-30,3,Top,15,4,2,2,1,146,121,607043,645261,,,,,,,,,,,,,,,,,,,,,,,,,607732
718774,2023-03-30,3,Top,15,5,2,2,1,146,121,607043,645261,sac_fly_double_play,Sac Fly Double Play,"Brandon Nimmo flies into a sacrifice double play, left fielder Bryan De La Cruz to catcher Jacob Stallings to second baseman Luis Arraez to first baseman Garrett Cooper. Daniel Vogelbach scores. Omar Narvaez out at 2nd.",T,,,,,,,,,,607043,,,T,2,Sac Fly Double Play,sac_fly_double_play,,,,,607732
718774,2023-03-30,3,Bot,16,0,0,1,0,146,121,650559,453286,,,,,,,,,,,,,,,,,,,,,,,,,621512
718774,2023-03-30,3,Bot,16,1,0,2,0,146,121,650559,453286,,,,,,,,,,,,,,,,,,,,,,,,,621512
718774,2023-03-30,3,Bot,16,2,1,2,0,146,121,650559,453286,,,,,,,,,,,,,,,,,,,,,,,,,621512
718774,2023-03-30,3,Bot,16,3,1,3,0,146,121,650559,453286,strikeout,Strikeout,Bryan De La Cruz strikes out swinging.,T,,,,,,,,,,650559,,,T,1,Strikeout,strikeout,,,,,621512
718774,2023-03-30,3,Bot,17,0,0,1,1,146,121,607732,453286,,,,,,,,,,,,,,,,,,,,,,,,,621512
718774,2023-03-30,3,Bot,17,1,0,2,1,146,121,607732,453286,,,,,,,,,,,,,,,,,,,,,,,,,621512
718774,2023-03-30,3,Bot,17,2,1,2,1,146,121,607732,453286,,,,,,,,,,,,,,,,,,,,,,,,,621512
718774,2023-03-30,3,Bot,17,3,1,3,1,146,121,607732,453286,strikeout,Strikeout,Jacob Stallings strikes out swinging.,T,,,,,,,,,,607732,,,T,2,Strikeout,strikeout,,,,,621512
718774,2023-03-30,3,Bot,18,0,0,1,2,146,121,621563,453286,,,,,,,,,,,,,,,,,,,,,,,,,621512
718774,2023-03-30,3,Bot,18,1,1,1,2,146,121,621563,453286,,,,,,,,,,,,,,,,,,,,,,,,,621512
718774,2023-03-30,3,Bot,18,2,1,1,2,146,121,621563,453286,field_out,Groundout,"Joey Wendle grounds out, shortstop Francisco Lindor to first baseman Pete Alonso.",T,,,,,,,,,,621563,,,T,3,Groundout,field_out,,,,,621512
718774,2023-03-30,4,Top,19,0,0,1,0,146,121,516782,645261,,,,,,,,,,,,,,,,,,,,,,,,,607732
718774,2023-03-30,4,Top,19,1,1,1,0,146,121,516782,645261,,,,,,,,,,,,,,,,,,,,,,,,,607732
718774,2023-03-30,4,Top,19,2,1,2,0,146,121,516782,645261,,,,,,,,,,,,,,,,,,,,,,,,,607732
718774,2023-03-30,4,Top,19,3,2,2,0,146,121,516782,645261,,,,,,,,,,,,,,,,,,,,,,,,,607732
718774,2023-03-30,4,Top,19,4,3,2,0,146,121,516782,645261,,,,,,,,,,,,,,,,,,,,,,,,,607732
718774,2023-03-30,4,Top,19,5,4,2,0,146,121,516782,645261,walk,Walk,Starling Marte walks.,T,,,,,,,,,,516782,,1B,,,Walk,walk,,,,,607732
718774,2023-03-30,4,Top,20,0,0,0,0,146,121,596019,645261,,,,,,,,,,,,,,,,,,,,,,,,,607732
718774,2023-03-30,4,Top,20,1,0,0,0,146,121,596019,645261,field_out,Lineout,Francisco Lindor lines out to right fielder Avisail Garcia.,T,,,,,,,,,,596019,,,T,1,Lineout,field_out,,,,,607732
718774,2023-03-30,4,Top,21,0,1,0,1,146,121,624413,645261,,,,,,,,,,,,,,,,,,,,,,,,,607732
718774,2023-03-30,4,Top,21,1,1,0,1,146,121,624413,645261,,,,,,,,,,,,,,,,,,,,,,,,,607732
718774,2023-03-30,4,Top,21,2,2,0,1,146,121,624413,645261,,,,,,,,,,,,,,,,,,,,,,,,,607732
718774,2023-03-30,4,Top,21,3,3,0,1,146,121,624413,645261,,,,,,,,,,,,,,,,,,,,,,,,,607732
718774,2023-03-30,4,Top,21,4,3,1,1,146,121,624413,645261,,,,,,,,,,,,,,,,,,,,,,,,,607732
718774,2023-03-30,4,Top,21,5,3,2,1,146,121,624413,645261,,,,,,,,,,,,,,,,,,,,,,,,,607732
718774,2023-03-30,4,Top,21,6,3,2,1,146,121,624413,645261,field_out,Groundout,"Pete Alonso grounds out, third baseman Jean Segura to first baseman Garrett Cooper.",T,T,,,,,,,,,516782,1B,2B,,,Stolen Base 2B,stolen_base_2b,r_stolen_base_2b,,,,607732
718774,2023-03-30,4,Top,22,0,1,0,2,146,121,643446,645261,,,,,,,,,,,,,,,,,,,,,,,,,607732
718774,2023-03-30,4,Top,22,1,1,1,2,146,121,643446,645261,,,,,,,,,,,,,,,,,,,,,,,,,607732
718774,2023-03-30,4,Top,22,2,1,1,2,146,121,643446,645261,field_out,Lineout,Jeff McNeil lines out to first baseman Garrett Cooper.,T,,,,,,,,,,643446,,,T,3,Lineout,field_out,,,,,607732
718774,2023-03-30,4,Bot,23,0,0,1,0,146,121,650333,453286,,,,,,,,,,,,,,,,,,,,,,,,,621512
718774,2023-03-30,4,Bot,23,1,1,1,0,146,121,650333,453286,,,,,,,,,,,,,,,,,,,,,,,,,621512
718774,2023-03-30,4,Bot,23,2,1,1,0,146,121,650333,453286,field_out,Groundout,"Luis Arraez grounds out, shortstop Francisco Lindor to first baseman Pete Alonso.",T,,,,,,,,,,650333,,,T,1,Groundout,field_out,,,,,621512
718774,2023-03-30,4,Bot,24,0,0,1,1,146,121,516416,453286,,,,,,,,,,,,,,,,,,,,,,,,,621512
718774,2023-03-30,4,Bot,24,1,1,1,1,146,121,516416,453286,,,,,,,,,,,,,,,,,,,,,,,,,621512
718774,2023-03-30,4,Bot,24,2,2,1,1,146,121,516416,453286,,,,,,,,,,,,,,,,,,,,,,,,,621512
718774,2023-03-30,4,Bot,24,3,3,1,1,146,121,516416,453286,,,,,,,,,,,,,,,,,,,,,,,,,621512
718774,2023-03-30,4,Bot,24,4,3,2,1,146,121,516416,453286,,,,,,,,,,,,,,,,,,,,,,,,,621512
718774,2023-03-30,4,Bot,24,5,3,2,1,146,121,516416,453286,,,,,,,,,,,,,,,,,,,,,,,,,621512
718774,2023-03-30,4,Bot,24,6,3,2,1,146,121,516416,453286,,,,,,,,,,,,,,,,,,,,,,,,,621512
718774,2023-03-30,4,Bot,24,7,4,2,1,146,121,516416,453286,walk,Walk,Jean Segura walks.,T,,,,,,,,,,516416,,1B,,,Walk,walk,,,,,621512
718774,2023-03-30,4,Bot,25,0,0,1,1,146,121,643265,453286,,,,,,,,,,,,,,,,,,,,,,,,,621512
718774,2023-03-30,4,Bot,25,1,1,1,1,146,121,643265,453286,,,,,,,,,,,,,,,,,,,,,,,,,621512
718774,2023-03-30,4,Bot,25,2,1,1,1,146,121,643265,453286,,,,,,,,,,,,,,,,,,,,,,,,,621512
718774,2023-03-30,4,Bot,25,3,1,2,1,146,121,643265,453286,,,,,,,,,,,,,,,,,,,,,,,,,621512
718774,2023-03-30,4,Bot,25,4,1,2,1,146,121,643265,453286,,,,,,,,,,,,,,,,,,,,,,,,,621512
718774,2023-03-30,4,Bot,25,5,1,2,1,146,121,643265,453286,,,,,,,,,,,,,,,,,,,,,,,,,621512
718774,2023-03-30,4,Bot,25,6,1,2,1,146,121,643265,453286,,,,,,,,,,,,,,,,,,,,,,,,,621512
718774,2023-03-30,4,Bot,25,7,1,2,1,146,121,643265,453286,,,,,,,,,,,,,,,,,,,,,,,,,621512
718774,2023-03-30,4,Bot,25,8,1,2,1,146,121,643265,453286,,,,,,,,,,,,,,,,,,,,,,,,,621512
718774,2023-03-30,4,Bot,25,9,1,2,1,146,121,643265,453286,,,,,,,,,,,,,,,,,,,,,,,,,621512
718774,2023-03-30,4,Bot,25,10,1,2,1,146,121,643265,453286,,,,,,,,,,,,,,,,,,,,,,,,,621512
718774,2023-03-30,4,Bot,25,11,1,2,1,146,121,643265,453286,grounded_into_double_play,Grounded Into DP,"Garrett Cooper grounds into a double play, shortstop Francisco Lindor to second baseman Jeff McNeil to first baseman Pete Alonso. Jean Segura out at 2nd. Garrett Cooper out at 1st.",T,,,,,,,,,,516416,1B,,T,2,Grounded Into DP,grounded_into_double_play,r_force_out,,,,621512
718774,2023-03-30,5,Top,26,0,0,1,0,146,121,592192,645261,,,,,,,,,,,,,,,,,,,,,,,,,607732
718774,2023-03-30,5,Top,26,1,0,2,0,146,121,592192,645261,,,,,,,,,,,,,,,,,,,,,,,,,607732
718774,2023-03-30,5,Top,26,2,0,2,0,146,121,592192,645261,field_out,Groundout,"Mark Canha grounds out, shortstop Joey Wendle to first baseman Garrett Cooper.",T,,,,,,,,,,592192,,,T,1,Groundout,field_out,,,,,607732
718774,2023-03-30,5,Top,27,0,1,0,1,146,121,596129,645261,,,,,,,,,,,,,,,,,,,,,,,,,607732
718774,2023-03-30,5,Top,27,1,1,1,1,146,121,596129,645261,,,,,,,,,,,,,,,,,,,,,,,,,607732
718774,2023-03-30,5,Top,27,2,2,1,1,146,121,596129,645261,,,,,,,,,,,,,,,,,,,,,,,,,607732
718774,2023-03-30,5,Top,27,3,2,2,1,146,121,596129,645261,,,,,,,,,,,,,,,,,,,,,,,,,607732
718774,2023-03-30,5,Top,27,4,2,2,1,146,121,596129,645261,,,,,,,,,,,,,,,,,,,,,,,,,607732
718774,2023-03-30,5,Top,27,5,3,2,1,146,121,596129,645261,,,,,,,,,,,,,,,,,,,,,,,,,607732
718774,2023-03-30,5,Top,27,6,3,2,1,146,121,596129,645261,field_out,Groundout,"Daniel Vogelbach grounds out, first baseman Garrett Cooper to pitcher Sandy Alcantara.",T,,,,,,,,,,596129,,,T,2,Groundout,field_out,,,,,607732
718774,2023-03-30,5,Top,28,0,1,0,2,146,121,500871,645261,,,,,,,,,,,,,,,,,,,,,,,,,607732
718774,2023-03-30,5,Top,28,1,1,1,2,146,121,500871,645261,,,,,,,,,,,,,,,,,,,,,,,,,607732
718774,2023-03-30,5,Top,28,2,1,1,2,146,121,500871,645261,field_out,Groundout,"Eduardo Escobar grounds out, pitcher Sandy Alcantara to first baseman Garrett Cooper.",T,,,,,,,,,,500871,,,T,3,Groundout,field_out,,,,,607732
718774,2023-03-30,5,Bot,29,0,0,0,0,146,121,665862,453286,field_out,Flyout,Jazz Chisholm Jr. flies out to right fielder Starling Marte.,T,,,,,,,,,,665862,,,T,1,Flyout,field_out,,,,,621512
718774,2023-03-30,5,Bot,30,0,0,1,1,146,121,624585,453286,,,,,,,,,,,,,,,,,,,,,,,,,621512
718774,2023-03-30,5,Bot,30,1,0,2,1,146,121,624585,453286,,,,,,,,,,,,,,,,,,,,,,,,,621512
718774,2023-03-30,5,Bot,30,2,0,2,1,146,121,624585,453286,field_out,Flyout,Jorge Soler flies out to center fielder Brandon Nimmo.,T,,,,,,,,,,624585,,,T,2,Flyout,field_out,,,,,621512
718774,2023-03-30,5,Bot,31,0,0,1,2,146,121,541645,453286,,,,,,,,,,,,,,,,,,,,,,,,,621512
718774,2023-03-30,5,Bot,31,1,0,2,2,146,121,541645,453286,,,,,,,,,,,,,,,,,,,,,,,,,621512
718774,2023-03-30,5,Bot,31,2,1,2,2,146,121,541645,453286,,,,,,,,,,,,,,,,,,,,,,,,,621512
718774,2023-03-30,5,Bot,31,3,2,2,2,146,121,541645,453286,,,,,,,,,,,,,,,,,,,,,,,,,621512
718774,2023-03-30,5,Bot,31,4,3,2,2,146,121,541645,453286,,,,,,,,,,,,,,,,,,,,,,,,,621512
718774,2023-03-30,5,Bot,31,5,3,2,2,146,121,541645,453286,,,,,,,,,,,,,,,,,,,,,,,,,621512
718774,2023-03-30,5,Bot,31,6,3,2,2,146,121,541645,453286,,,,,,,,,,,,,,,,,,,,,,,,,621512
718774,2023-03-30,5,Bot,31,7,3,2,2,146,121,541645,453286,,,,,,,,,,,,,,,,,,,,,,,,,621512
718774,2023-03-30,5,Bot,31,8,4,2,2,146,121,541645,453286,walk,Walk,Avisail Garcia walks.,T,,,,,,,,,,541645,,1B,,,Walk,walk,,,,,621512
718774,2023-03-30,5,Bot,32,0,0,0,2,146,121,650559,453286,,,,,,,,,,,,,,,,,,,,,,,,,621512
718774,2023-03-30,5,Bot,32,1,0,1,2,146,121,650559,453286,,,,,,,,,,,,,,,,,,,,,,,,,621512
718774,2023-03-30,5,Bot,32,2,1,1,2,146,121,650559,453286,,,,,,,,,,,,,,,,,,,,,,,,,621512
718774,2023-03-30,5,Bot,32,3,2,1,2,146,121,650559,453286,,,,,,,,,,,,,,,,,,,,,,,,,621512
718774,2023-03-30,5,Bot,32,4,2,2,2,146,121,650559,453286,,,,,,,,,,,,,,,,,,,,,,,,,621512
718774,2023-03-30,5,Bot,32,5,2,2,2,146,121,650559,453286,field_out,Pop Out,Bryan De La Cruz pops out to shortstop Francisco Lindor.,T,,,,,,,,,,650559,,,T,3,Pop Out,field_out,,,,,621512
718774,2023-03-30,6,Top,33,0,1,0,0,146,121,553882,645261,,,,,,,,,,,,,,,,,,,,,,,,,607732
718774,2023-03-30,6,Top,33,1,1,0,0,146,121,553882,645261,field_out,Groundout,"Omar Narvaez grounds out, second baseman Luis Arraez to first baseman Garrett Cooper.",T,,,,,,,,,,553882,,,T,1,Groundout,field_out,,,,,607732
718774,2023-03-30,6,Top,34,0,1,0,1,146,121,607043,645261,,,,,,,,,,,,,,,,,,,,,,,,,607732
718774,2023-03-30,6,Top,34,1,2,0,1,146,121,607043,645261,,,,,,,,,,,,,,,,,,,,,,,,,607732
718774,2023-03-30,6,Top,34,2,3,0,1,146,121,607043,645261,,,,,,,,,,,,,,,,,,,,,,,,,607732
718774,2023-03-30,6,Top,34,3,4,0,1,146,121,607043,645261,walk,Walk,Brandon Nimmo walks.,T,,,,,,,,,,607043,,1B,,,Walk,walk,,,,,607732
718774,2023-03-30,6,Top,35,0,0,1,1,146,121,516782,645261,,,,,,,,,,,,,,,,,,,,,,,,,607732
718774,2023-03-30,6,Top,35,1,0,1,1,146,121,516782,645261,single,Single,"Starling Marte singles on a ground ball to center fielder Jazz Chisholm Jr. Brandon Nimmo to 3rd. Starling Marte to 2nd. Starling Marte advances to 2nd, on a throwing error by center fielder Jazz Chisholm Jr.",T,,,,,,,,,,516782,,1B,,,Single,single,,,,,607732
718774,2023-03-30,6,Top,36,0,0,0,1,146,121,596019,645261,,,,,,,,,,,,,,,,,,,,,,,,,607732
718774,2023-03-30,6,Top,36,1,0,1,1,146,121,596019,645261,,,,,,,,,,,,,,,,,,,,,,,,,607732
718774,2023-03-30,6,Top,36,2,0,2,1,146,121,596019,645261,,,,,,,,,,,,,,,,,,,,,,,,,607732
718774,2023-03-30,6,Top,36,3,0,2,1,146,121,596019,645261,sac_fly,Sac Fly,Francisco Lindor out on a sacrifice fly to center fielder Jazz Chisholm Jr. Brandon Nimmo scores. Starling Marte to 3rd.,T,,,,,,,,,,596019,,,T,2,Sac Fly,sac_fly,,,,,607732
718774,2023-03-30,6,Top,37,0,1,0,2,146,121,624413,645261,,,,,,,,,,,,,,,,,,,,,,,,,607732
718774,2023-03-30,6,Top,37,1,2,0,2,146,121,624413,645261,,,,,,,,,,,,,,,,,,,,,,,,,607732
718774,2023-03-30,6,Top,37,2,2,1,2,146,121,624413,645261,,,,,,,,,,,,,,,,,,,,,,,,,607732
718774,2023-03-30,6,Top,37,3,2,2,2,146,121,624413,645261,,,,,,,,,,,,,,,,,,,,,,,,,607732
718774,2023-03-30,6,Top,37,4,3,2,2,146,121,624413,645261,,,,,,,,,,,,,,,,,,,,,,,,,607732
718774,2023-03-30,6,Top,37,5,3,2,2,146,121,624413,645261,,,,,,,,,,,,,,,,,,,,,,,,,607732
718774,2023-03-30,6,Top,37,6,4,2,2,146,121,624413,645261,walk,Walk,Pete Alonso walks.,T,,,,,,,,,,624413,,1B,,,Walk,walk,,,,,607732
718774,2023-03-30,6,Top,38,0,0,1,2,146,121,643446,645261,,,,,,,,,,,,,,,,,,,,,,,,,607732
718774,2023-03-30,6,Top,38,1,0,2,2,146,121,643446,645261,,,,,,,,,,,,,,,,,,,,,,,,,607732
718774,2023-03-30,6,Top,38,2,1,2,2,146,121,643446,645261,,,,,,,,,,,,,,,,,,,,,,,,,607732
718774,2023-03-30,6,Top,38,3,1,2,2,146,121,643446,645261,single,Single,Jeff McNeil singles on a ground ball to center fielder Jazz Chisholm Jr. Starling Marte scores. Pete Alonso to 3rd.,T,,,,,,,,,,643446,,1B,,,Single,single,,,,,607732
718774,2023-03-30,6,Top,39,0,0,0,2,146,121,592192,677053,,,,,,,,,,,,,,,,,,,,,,,,,607732
718774,2023-03-30,6,Top,39,1,0,0,2,146,121,592192,677053,,,,,,,,,,,,,,,,,,,,,,,,,607732
718774,2023-03-30,6,Top,39,2,0,1,2,146,121,592192,677053,,,,,,,,,,,,,,,,,,,,,,,,,607732
718774,2023-03-30,6,Top,39,3,0,1,2,146,121,592192,677053,field_out,Flyout,Mark Canha flies out to right fielder Avisail Garcia.,T,,,,,,,,,,592192,,,T,3,Flyout,field_out,,,,,607732
718774,2023-03-30,6,Bot,40,0,1,0,0,146,121,607732,453286,,,,,,,,,,,,,,,,,,,,,,,,,621512
718774,2023-03-30,6,Bot,40,1,1,1,0,146,121,607732,453286,,,,,,,,,,,,,,,,,,,,,,,,,621512
718774,2023-03-30,6,Bot,40,2,1,2,0,146,121,607732,453286,,,,,,,,,,,,,,,,,,,,,,,,,621512
718774,2023-03-30,6,Bot,40,3,1,2,0,146,121,607732,453286,,,,,,,,,,,,,,,,,,,,,,,,,621512
718774,2023-03-30,6,Bot,40,4,2,2,0,146,121,607732,453286,,,,,,,,,,,,,,,,,,,,,,,,,621512
718774,2023-03-30,6,Bot,40,5,3,2,0,146,121,607732,453286,,,,,,,,,,,,,,,,,,,,,,,,,621512
718774,2023-03-30,6,Bot,40,6,3,2,0,146,121,607732,453286,,,,,,,,,,,,,,,,,,,,,,,,,621512
718774,2023-03-30,6,Bot,40,7,3,2,0,146,121,607732,453286,double,Double,Jacob Stallings doubles (1) on a sharp line drive to center fielder Brandon Nimmo.,T,,,,,,,,,,607732,,2B,,,Double,double,,,,,621512
718774,2023-03-30,6,Bot,41,0,0,0,0,146,121,621563,453286,field_out,Pop Out,Joey Wendle pops out to third baseman Eduardo Escobar in foul territory.,T,,,,,,,,,,621563,,,T,1,Pop Out,field_out,,,,,621512
718774,2023-03-30,6,Bot,42,0,0,1,1,146,121,650333,453286,,,,,,,,,,,,,,,,,,,,,,,,,621512
718774,2023-03-30,6,Bot,42,1,0,1,1,146,121,650333,453286,double,Double,Luis Arraez doubles (1) on a line drive to right fielder Starling Marte. Jacob Stallings scores.,T,,,,,,,,,,650333,,2B,,,Double,double,,,,,621512
718774,2023-03-30,6,Bot,43,0,0,0,1,146,121,516416,453286,,,,,,,,,,,,,,,,,,,,,,,,,621512
718774,2023-03-30,6,Bot,43,1,0,1,1,146,121,516416,453286,,,,,,,,,,,,,,,,,,,,,,,,,621512
718774,2023-03-30,6,Bot,43,2,1,1,1,146,121,516416,453286,,,,,,,,,,,,,,,,,,,,,,,,,621512
718774,2023-03-30,6,Bot,43,3,1,2,1,146,121,516416,453286,,,,,,,,,,,,,,,,,,,,,,,,,621512
718774,2023-03-30,6,Bot,43,4,1,2,1,146,121,516416,453286,,,,,,,,,,,,,,,,,,,,,,,,,621512
718774,2023-03-30,6,Bot,43,5,1,2,1,146,121,516416,453286,,,,,,,,,,,,,,,,,,,,,,,,,621512
718774,2023-03-30,6,Bot,43,6,1,3,1,146,121,516416,453286,strikeout,Strikeout,Jean Segura strikes out swinging.,T,,,,,,,,,,516416,,,T,2,Strikeout,strikeout,,,,,621512
718774,2023-03-30,6,Bot,44,0,0,1,2,146,121,643265,453286,,,,,,,,,,,,,,,,,,,,,,,,,621512
718774,2023-03-30,6,Bot,44,1,0,1,2,146,121,643265,453286,home_run,Home Run,Garrett Cooper homers (1) on a fly ball to center field. Luis Arraez scores.,T,,,,,,,,,,643265,,score,,,Home Run,home_run,,T,T,T,621512
718774,2023-03-30,6,Bot,45,0,1,0,2,146,121,665862,453286,,,,,,,,,,,,,,,,,,,,,,,,,621512
718774,2023-03-30,6,Bot,45,1,2,0,2,146,121,665862,453286,,,,,,,,,,,,,,,,,,,,,,,,,621512
718774,2023-03-30,6,Bot,45,2,2,1,2,146,121,665862,453286,,,,,,,,,,,,,,,,,,,,,,,,,621512
718774,2023-03-30,6,Bot,45,3,2,1,2,146,121,665862,453286,,,,,,,,,,,,,,,,,,,,,,,,,621512
718774,2023-03-30,6,Bot,45,4,2,2,2,146,121,665862,453286,,,,,,,,,,,,,,,,,,,,,,,,,621512
718774,2023-03-30,6,Bot,45,5,2,3,2,146,121,665862,453286,strikeout,Strikeout,Jazz Chisholm Jr. called out on strikes.,T,,,,,,,,,,665862,,,T,3,Strikeout,strikeout,,,,,621512
718774,2023-03-30,7,Top,46,0,0,0,0,146,121,502054,656945,,,,,,,,,,,,,,,,,,,,,,,,,607732
718774,2023-03-30,7,Top,46,1,0,0,0,146,121,502054,656945,,,,,,,,,,,,,,,,,,,,,,,,,607732
718774,2023-03-30,7,Top,46,2,0,0,0,146,121,502054,656945,field_out,Groundout,"Tommy Pham grounds out, third baseman Jean Segura to first baseman Garrett Cooper.",T,,,,,,,,,,502054,,,T,1,Groundout,field_out,,,,,607732
718774,2023-03-30,7,Top,47,0,1,0,1,146,121,500871,656945,,,,,,,,,,,,,,,,,,,,,,,,,607732
718774,2023-03-30,7,Top,47,1,1,1,1,146,121,500871,656945,,,,,,,,,,,,,,,,,,,,,,,,,607732
718774,2023-03-30,7,Top,47,2,1,2,1,146,121,500871,656945,,,,,,,,,,,,,,,,,,,,,,,,,607732
718774,2023-03-30,7,Top,47,3,1,2,1,146,121,500871,656945,single,Single,Eduardo Escobar singles on a sharp line drive to left fielder Bryan De La Cruz.,T,,,,,,,,,,500871,,1B,,,Single,single,,,,,607732
718774,2023-03-30,7,Top,48,0,1,0,1,146,121,553882,656945,,,,,,,,,,,,,,,,,,,,,,,,,607732
718774,2023-03-30,7,Top,48,1,2,0,1,146,121,553882,656945,,,,,,,,,,,,,,,,,,,,,,,,,607732
718774,2023-03-30,7,Top,48,2,2,1,1,146,121,553882,656945,,,,,,,,,,,,,,,,,,,,,,,,,607732
718774,2023-03-30,7,Top,48,3,3,1,1,146,121,553882,656945,,,,,,,,,,,,,,,,,,,,,,,,,607732
718774,2023-03-30,7,Top,48,4,3,2,1,146,121,553882,656945,,,,,,,,,,,,,,,,,,,,,,,,,607732
718774,2023-03-30,7,Top,48,5,3,2,1,146,121,553882,656945,,,,,,,,,,,,,,,,,,,,,,,,,607732
718774,2023-03-30,7,Top,48,6,4,2,1,146,121,553882,656945,walk,Walk,Omar Narvaez walks. Eduardo Escobar to 2nd.,T,,,,,,,,,,500871,1B,2B,,,Walk,walk,r_adv_force,,,,607732
718774,2023-03-30,7,Top,49,0,0,1,1,146,121,607043,656945,,,,,,,,,,,,,,,,,,,,,,,,,607732
718774,2023-03-30,7,Top,49,1,1,1,1,146,121,607043,656945,,,,,,,,,,,,,,,,,,,,,,,,,607732
718774,2023-03-30,7,Top,49,2,1,1,1,146,121,607043,656945,double,Double,Brandon Nimmo doubles (1) on a sharp line drive to center fielder Jazz Chisholm Jr. Eduardo Escobar scores. Omar Narvaez scores.,T,,,,,,,,,,607043,,2B,,,Double,double,,,,,607732
718774,2023-03-30,7,Top,50,0,0,0,1,146,121,516782,608638,,,,,,,,,,,,,,,,,,,,,,,,,607732
718774,2023-03-30,7,Top,50,1,0,0,1,146,121,516782,608638,,,,,,,,,,,,,,,,,,,,,,,,,607732
718774,2023-03-30,7,Top,50,2,0,1,1,146,121,516782,608638,,,,,,,,,,,,,,,,,,,,,,,,,607732
718774,2023-03-30,7,Top,50,3,0,2,1,146,121,516782,608638,,,,,,,,,,,,,,,,,,,,,,,,,607732
718774,2023-03-30,7,Top,50,4,1,2,1,146,121,516782,608638,,,,,,,,,,,,,,,,,,,,,,,,,607732
718774,2023-03-30,7,Top,50,5,1,2,1,146,121,516782,608638,,,,,,,,,,,,,,,,,,,,,,,,,607732
718774,2023-03-30,7,Top,50,6,2,2,1,146,121,516782,608638,,,,,,,,,,,,,,,,,,,,,,,,,607732
718774,2023-03-30,7,Top,50,7,2,2,1,146,121,516782,608638,field_out,Groundout,"Starling Marte grounds out, third baseman Jean Segura to first baseman Garrett Cooper.",T,,,,,,,,,,516782,,,T,2,Groundout,field_out,,,,,607732
718774,2023-03-30,7,Top,51,0,0,1,2,146,121,596019,608638,,,,,,,,,,,,,,,,,,,,,,,,,607732
718774,2023-03-30,7,Top,51,1,0,1,2,146,121,596019,608638,field_out,Groundout,"Francisco Lindor grounds out, shortstop Joey Wendle to first baseman Garrett Cooper.",T,,,,,,,,,,596019,,,T,3,Groundout,field_out,,,,,607732
718774,2023-03-30,7,Bot,52,0,0,0,0,146,121,624585,622098,,,,,,,,,,,,,,,,,,,,,,,,,621512
718774,2023-03-30,7,Bot,52,1,0,0,0,146,121,624585,622098,,,,,,,,,,,,,,,,,,,,,,,,,621512
718774,2023-03-30,7,Bot,52,2,0,1,0,146,121,624585,622098,,,,,,,,,,,,,,,,,,,,,,,,,621512
718774,2023-03-30,7,Bot,52,3,1,1,0,146,121,624585,622098,,,,,,,,,,,,,,,,,,,,,,,,,621512
718774,2023-03-30,7,Bot,52,4,2,1,0,146,121,624585,622098,,,,,,,,,,,,,,,,,,,,,,,,,621512
718774,2023-03-30,7,Bot,52,5,2,1,0,146,121,624585,622098,double,Double,Jorge Soler doubles (1) on a sharp line drive to center fielder Brandon Nimmo.,T,,,,,,,,,,624585,,2B,,,Double,double,,,,,621512
718774,2023-03-30,7,Bot,53,0,0,0,0,146,121,541645,622098,field_out,Flyout,Avisail Garcia flies out to center fielder Brandon Nimmo.,T,,,,,,,,,,541645,,,T,1,Flyout,field_out,,,,,621512
718774,2023-03-30,7,Bot,54,0,1,0,1,146,121,650559,622098,,,,,,,,,,,,,,,,,,,,,,,,,621512
718774,2023-03-30,7,Bot,54,1,2,0,1,146,121,650559,622098,,,,,,,,,,,,,,,,,,,,,,,,,621512
718774,2023-03-30,7,Bot,54,2,3,0,1,146,121,650559,622098,,,,,,,,,,,,,,,,,,,,,,,,,621512
718774,2023-03-30,7,Bot,54,3,3,1,1,146,121,650559,622098,,,,,,,,,,,,,,,,,,,,,,,,,621512
718774,2023-03-30,7,Bot,54,4,3,2,1,146,121,650559,622098,,,,,,,,,,,,,,,,,,,,,,,,,621512
718774,2023-03-30,7,Bot,54,5,3,3,1,146,121,650559,622098,strikeout,Strikeout,Bryan De La Cruz strikes out on a foul tip.,T,,,,,,,,,,650559,,,T,2,Strikeout,strikeout,,,,,621512
718774,2023-03-30,7,Bot,55,0,1,0,2,146,121,607732,622098,,,,,,,,,,,,,,,,,,,,,,,,,621512
718774,2023-03-30,7,Bot,55,1,2,0,2,146,121,607732,622098,,,,,,,,,,,,,,,,,,,,,,,,,621512
718774,2023-03-30,7,Bot,55,2,2,1,2,146,121,607732,622098,,,,,,,,,,,,,,,,,,,,,,,,,621512
718774,2023-03-30,7,Bot,55,3,2,2,2,146,121,607732,622098,,,,,,,,,,,,,,,,,,,,,,,,,621512
718774,2023-03-30,7,Bot,55,4,2,2,2,146,121,607732,622098,,,,,,,,,,,,,,,,,,,,,,,,,621512
718774,2023-03-30,7,Bot,55,5,3,2,2,146,121,607732,622098,,,,,,,,,,,,,,,,,,,,,,,,,621512
718774,2023-03-30,7,Bot,55,6,3,2,2,146,121,607732,622098,,,,,,,,,,,,,,,,,,,,,,,,,621512
718774,2023-03-30,7,Bot,55,7,3,3,2,146,121,607732,622098,strikeout,Strikeout,Jacob Stallings strikes out swinging.,T,,,,,,,,,,607732,,,T,3,Strikeout,strikeout,,,,,621512
718774,2023-03-30,8,Top,56,0,0,0,0,146,121,624413,623211,,,,,,,,,,,,,,,,,,,,,,,,,607732
718774,2023-03-30,8,Top,56,1,1,0,0,146,121,624413,623211,,,,,,,,,,,,,,,,,,,,,,,,,607732
718774,2023-03-30,8,Top,56,2,2,0,0,146,121,624413,623211,,,,,,,,,,,,,,,,,,,,,,,,,607732
718774,2023-03-30,8,Top,56,3,2,0,0,146,121,624413,623211,field_out,Groundout,"Pete Alonso grounds out, second baseman Luis Arraez to first baseman Garrett Cooper.",T,,,,,,,,,,624413,,,T,1,Groundout,field_out,,,,,607732
718774,2023-03-30,8,Top,57,0,0,0,1,146,121,643446,623211,single,Single,Jeff McNeil singles on a bunt ground ball to third baseman Jean Segura.,T,,,,,,,,,,643446,,1B,,,Single,single,,,,,607732
718774,2023-03-30,8,Top,58,0,1,0,1,146,121,592192,623211,,,,,,,,,,,,,,,,,,,,,,,,,607732
718774,2023-03-30,8,Top,58,1,1,1,1,146,121,592192,623211,,,,,,,,,,,,,,,,,,,,,,,,,607732
718774,2023-03-30,8,Top,58,2,1,2,1,146,121,592192,623211,,,,,,,,,,,,,,,,,,,,,,,,,607732
718774,2023-03-30,8,Top,58,3,2,2,1,146,121,592192,623211,hit_by_pitch,Hit By Pitch,Mark Canha hit by pitch. Jeff McNeil to 2nd.,T,,,,,,,,,,643446,1B,2B,,,Hit By Pitch,hit_by_pitch,r_adv_force,,,,607732
718774,2023-03-30,8,Top,59,0,0,1,1,146,121,502054,623211,,,,,,,,,,,,,,,,,,,,,,,,,607732
718774,2023-03-30,8,Top,59,1,1,1,1,146,121,502054,623211,,,,,,,,,,,,,,,,,,,,,,,,,607732
718774,2023-03-30,8,Top,59,2,1,2,1,146,121,502054,623211,,,,,,,,,,,,,,,,,,,,,,,,,607732
718774,2023-03-30,8,Top,59,3,2,2,1,146,121,502054,623211,,,,,,,,,,,,,,,,,,,,,,,,,607732
718774,2023-03-30,8,Top,59,4,2,3,1,146,121,502054,623211,strikeout,Strikeout,Tommy Pham strikes out swinging.,T,,,,,,,,,,502054,,,T,2,Strikeout,strikeout,,,,,607732
718774,2023-03-30,8,Top,60,0,0,1,2,146,121,500871,623211,,,,,,,,,,,,,,,,,,,,,,,,,607732
718774,2023-03-30,8,Top,60,1,1,1,2,146,121,500871,623211,,,,,,,,,,,,,,,,,,,,,,,,,607732
718774,2023-03-30,8,Top,60,2,1,1,2,146,121,500871,623211,,,,,,,,,,,,,,,,,,,,,,,,,607732
718774,2023-03-30,8,Top,60,3,2,1,2,146,121,500871,623211,,,,,,,,,,,,,,,,,,,,,,,,,607732
718774,2023-03-30,8,Top,60,4,3,1,2,146,121,500871,623211,,,,,,,,,,,,,,,,,,,,,,,,,607732
718774,2023-03-30,8,Top,60,5,3,2,2,146,121,500871,623211,,,,,,,,,,,,,,,,,,,,,,,,,607732
718774,2023-03-30,8,Top,60,6,3,2,2,146,121,500871,623211,,,,,,,,,,,,,,,,,,,,,,,,,607732
718774,2023-03-30,8,Top,60,7,3,2,2,146,121,500871,623211,,,,,,,,,,,,,,,,,,,,,,,,,607732
718774,2023-03-30,8,Top,60,8,3,2,2,146,121,500871,623211,,,,,,,,,,,,,,,,,,,,,,,,,607732
718774,2023-03-30,8,Top,60,9,3,3,2,146,121,500871,623211,strikeout,Strikeout,Eduardo Escobar strikes out swinging.,T,,,,,,,,,,643446,2B,3B,,,Wild Pitch,wild_pitch,r_adv_play,,,,607732
718774,2023-03-30,8,Bot,61,0,0,0,0,146,121,542932,548384,,,,,,,,,,,,,,,,,,,,,,,,,621512
718774,2023-03-30,8,Bot,61,1,0,0,0,146,121,542932,548384,,,,,,,,,,,,,,,,,,,,,,,,,621512
718774,2023-03-30,8,Bot,61,2,0,1,0,146,121,542932,548384,,,,,,,,,,,,,,,,,,,,,,,,,621512
718774,2023-03-30,8,Bot,61,3,0,2,0,146,121,542932,548384,,,,,,,,,,,,,,,,,,,,,,,,,621512
718774,2023-03-30,8,Bot,61,4,0,3,0,146,121,542932,548384,strikeout,Strikeout,Jon Berti strikes out swinging.,T,,,,,,,,,,542932,,,T,1,Strikeout,strikeout,,,,,621512
718774,2023-03-30,8,Bot,62,0,0,1,1,146,121,650333,548384,,,,,,,,,,,,,,,,,,,,,,,,,621512
718774,2023-03-30,8,Bot,62,1,1,1,1,146,121,650333,548384,,,,,,,,,,,,,,,,,,,,,,,,,621512
718774,2023-03-30,8,Bot,62,2,1,2,1,146,121,650333,548384,,,,,,,,,,,,,,,,,,,,,,,,,621512
718774,2023-03-30,8,Bot,62,3,2,2,1,146,121,650333,548384,,,,,,,,,,,,,,,,,,,,,,,,,621512
718774,2023-03-30,8,Bot,62,4,2,3,1,146,121,650333,548384,strikeout,Strikeout,Luis Arraez strikes out on a foul tip.,T,,,,,,,,,,650333,,,T,2,Strikeout,strikeout,,,,,621512
718774,2023-03-30,8,Bot,63,0,0,0,2,146,121,516416,548384,,,,,,,,,,,,,,,,,,,,,,,,,621512
718774,2023-03-30,8,Bot,63,1,0,1,2,146,121,516416,548384,,,,,,,,,,,,,,,,,,,,,,,,,621512
718774,2023-03-30,8,Bot,63,2,0,2,2,146,121,516416,548384,,,,,,,,,,,,,,,,,,,,,,,,,621512
718774,2023-03-30,8,Bot,63,3,1,2,2,146,121,516416,548384,,,,,,,,,,,,,,,,,,,,,,,,,621512
718774,2023-03-30,8,Bot,63,4,1,2,2,146,121,516416,548384,field_out,Groundout,"Jean Segura grounds out, shortstop Francisco Lindor to first baseman Pete Alonso.",T,,,,,,,,,,516416,,,T,3,Groundout,field_out,,,,,621512
718774,2023-03-30,9,Top,64,0,0,0,0,146,121,553882,623211,,,,,,,,,,,,,,,,,,,,,,,,,607732
718774,2023-03-30,9,Top,64,1,0,1,0,146,121,553882,623211,,,,,,,,,,,,,,,,,,,,,,,,,607732
718774,2023-03-30,9,Top,64,2,0,1,0,146,121,553882,623211,field_out,Groundout,"Omar Narvaez grounds out, second baseman Luis Arraez to first baseman Garrett Cooper.",T,,,,,,,,,,553882,,,T,1,Groundout,field_out,,,,,607732
718774,2023-03-30,9,Top,65,0,1,0,1,146,121,607043,623211,,,,,,,,,,,,,,,,,,,,,,,,,607732
718774,2023-03-30,9,Top,65,1,1,1,1,146,121,607043,623211,,,,,,,,,,,,,,,,,,,,,,,,,607732
718774,2023-03-30,9,Top,65,2,1,1,1,146,121,607043,623211,field_out,Groundout,Brandon Nimmo grounds out to first baseman Garrett Cooper.,T,,,,,,,,,,607043,,,T,2,Groundout,field_out,,,,,607732
718774,2023-03-30,9,Top,66,0,1,0,2,146,121,516782,623211,,,,,,,,,,,,,,,,,,,,,,,,,607732
718774,2023-03-30,9,Top,66,1,2,0,2,146,121,516782,623211,,,,,,,,,,,,,,,,,,,,,,,,,607732
718774,2023-03-30,9,Top,66,2,2,0,2,146,121,516782,623211,single,Single,Starling Marte singles on a ground ball to left fielder Bryan De La Cruz.,T,,,,,,,,,,516782,,1B,,,Single,single,,,,,607732
718774,2023-03-30,9,Top,67,0,0,0,2,146,121,596019,623211,,,,,,,,,,,,,,,,,,,,,,,,,607732
718774,2023-03-30,9,Top,67,1,1,0,2,146,121,596019,623211,,,,,,,,,,,,,,,,,,,,,,,,,607732
718774,2023-03-30,9,Top,67,2,1,0,2,146,121,596019,623211,,,,,,,,,,,,,,,,,,,,,,,,,607732
718774,2023-03-30,9,Top,67,3,2,0,2,146,121,596019,623211,,,,,,,,,,,,,,,,,,,,,,,,,607732
718774,2023-03-30,9,Top,67,4,2,1,2,146,121,596019,623211,,,,,,,,,,,,,,,,,,,,,,,,,607732
718774,2023-03-30,9,Top,67,5,2,1,2,146,121,596019,623211,single,Single,Francisco Lindor singles on a line drive to right fielder Avisail Garcia. Starling Marte to 2nd.,T,,,,,,,,,,596019,,1B,,,Single,single,,,,,607732
718774,2023-03-30,9,Top,68,0,1,0,2,146,121,624413,623211,,,,,,,,,,,,,,,,,,,,,,,,,607732
718774,2023-03-30,9,Top,68,1,1,1,2,146,121,624413,623211,,,,,,,,,,,,,,,,,,,,,,,,,607732
718774,2023-03-30,9,Top,68,2,1,1,2,146,121,624413,623211,,,,,,,,,,,,,,,,,,,,,,,,,607732
718774,2023-03-30,9,Top,68,3,1,2,2,146,121,624413,623211,,,,,,,,,,,,,,,,,,,,,,,,,607732
718774,2023-03-30,9,Top,68,4,1,3,2,146,121,624413,623211,strikeout,Strikeout,Pete Alonso strikes out swinging.,T,,,,,,,,,,624413,,,T,3,Strikeout,strikeout,,,,,607732
718774,2023-03-30,9,Bot,69,0,0,0,0,146,121,643265,502085,,,,,,,,,,,,,,,,,,,,,,,,,621512
718774,2023-03-30,9,Bot,69,1,0,1,0,146,121,643265,502085,,,,,,,,,,,,,,,,,,,,,,,,,621512
718774,2023-03-30,9,Bot,69,2,1,1,0,146,121,643265,502085,,,,,,,,,,,,,,,,,,,,,,,,,621512
718774,2023-03-30,9,Bot,69,3,2,1,0,146,121,643265,502085,,,,,,,,,,,,,,,,,,,,,,,,,621512
718774,2023-03-30,9,Bot,69,4,2,2,0,146,121,643265,502085,,,,,,,,,,,,,,,,,,,,,,,,,621512
718774,2023-03-30,9,Bot,69,5,2,3,0,146,121,643265,502085,strikeout,Strikeout,Garrett Cooper strikes out swinging.,T,,,,,,,,,,643265,,,T,1,Strikeout,strikeout,,,,,621512
718774,2023-03-30,9,Bot,70,0,1,0,1,146,121,665862,502085,,,,,,,,,,,,,,,,,,,,,,,,,621512
718774,2023-03-30,9,Bot,70,1,1,1,1,146,121,665862,502085,,,,,,,,,,,,,,,,,,,,,,,,,621512
718774,2023-03-30,9,Bot,70,2,2,1,1,146,121,665862,502085,,,,,,,,,,,,,,,,,,,,,,,,,621512
718774,2023-03-30,9,Bot,70,3,2,2,1,146,121,665862,502085,,,,,,,,,,,,,,,,,,,,,,,,,621512
718774,2023-03-30,9,Bot,70,4,2,2,1,146,121,665862,502085,,,,,,,,,,,,,,,,,,,,,,,,,621512
718774,2023-03-30,9,Bot,70,5,2,3,1,146,121,665862,502085,strikeout,Strikeout,Jazz Chisholm Jr. strikes out swinging.,T,,,,,,,,,,665862,,,T,2,Strikeout,strikeout,,,,,621512
718774,2023-03-30,9,Bot,71,0,1,0,2,146,121,624585,502085,,,,,,,,,,,,,,,,,,,,,,,,,621512
718774,2023-03-30,9,Bot,71,1,2,0,2,146,121,624585,502085,,,,,,,,,,,,,,,,,,,,,,,,,621512
718774,2023-03-30,9,Bot,71,2,3,0,2,146,121,624585,502085,,,,,,,,,,,,,,,,,,,,,,,,,621512
718774,2023-03-30,9,Bot,71,3,3,1,2,146,121,624585,502085,,,,,,,,,,,,,,,,,,,,,,,,,621512
718774,2023-03-30,9,Bot,71,4,3,1,2,146,121,624585,502085,field_out,Flyout,Jorge Soler flies out to right fielder Starling Marte.,T,,,,,,,,,,624585,,,T,3,Flyout,field_out,,,,,621512
718768,2023-03-30,1,Top,0,0,0,0,0,117,145,641313,664285,,,,,,,,,,,,,,,,,,,,,,,,,455117
718768,2023-03-30,1,Top,0,1,0,0,0,117,145,641313,664285,,,,,,,,,,,,,,,,,,,,,,,,,455117
718768,2023-03-30,1,Top,0,2,0,0,0,117,145,641313,664285,,,,,,,,,,,,,,,,,,,,,,,,,455117
718768,2023-03-30,1,Top,0,3,1,0,0,117,145,641313,664285,,,,,,,,,,,,,,,,,,,,,,,,,455117
718768,2023-03-30,1,Top,0,4,1,0,0,117,145,641313,664285,field_out,Groundout,"Tim Anderson grounds out, second baseman Mauricio Dubon to first baseman Jose Abreu.",T,,,,,,,,,,641313,,,T,1,Groundout,field_out,,,,,455117
718768,2023-03-30,1,Top,1,0,0,1,1,117,145,673357,664285,,,,,,,,,,,,,,,,,,,,,,,,,455117
718768,2023-03-30,1,Top,1,1,1,1,1,117,145,673357,664285,,,,,,,,,,,,,,,,,,,,,,,,,455117
718768,2023-03-30,1,Top,1,2,2,1,1,117,145,673357,664285,,,,,,,,,,,,,,,,,,,,,,,,,455117
718768,2023-03-30,1,Top,1,3,2,2,1,117,145,673357,664285,,,,,,,,,,,,,,,,,,,,,,,,,455117
718768,2023-03-30,1,Top,1,4,2,2,1,117,145,673357,664285,,,,,,,,,,,,,,,,,,,,,,,,,455117
718768,2023-03-30,1,Top,1,5,3,2,1,117,145,673357,664285,,,,,,,,,,,,,,,,,,,,,,,,,455117
718768,2023-03-30,1,Top,1,6,3,2,1,117,145,673357,664285,single,Single,Luis Robert Jr. singles on a soft ground ball to pitcher Framber Valdez.,T,,,,,,,,,,673357,,1B,,,Single,single,,,,,455117
718768,2023-03-30,1,Top,2,0,0,1,1,117,145,683734,664285,,,,,,,,,,,,,,,,,,,,,,,,,455117
718768,2023-03-30,1,Top,2,1,0,1,1,117,145,683734,664285,field_out,Pop Out,Andrew Vaughn pops out to shortstop Jeremy Pena.,T,,,,,,,,,,683734,,,T,2,Pop Out,field_out,,,,,455117
718768,2023-03-30,1,Top,3,0,0,0,2,117,145,650391,664285,force_out,Forceout,"Eloy Jimenez grounds into a force out, shortstop Jeremy Pena to second baseman Mauricio Dubon. Luis Robert Jr. out at 2nd.",T,,,,,,,,,,673357,1B,,T,3,Forceout,force_out,r_force_out,,,,455117
718768,2023-03-30,1,Bot,4,0,1,0,0,117,145,665161,656302,,,,,,,,,,,,,,,,,,,,,,,,,518735
718768,2023-03-30,1,Bot,4,1,1,1,0,117,145,665161,656302,,,,,,,,,,,,,,,,,,,,,,,,,518735
718768,2023-03-30,1,Bot,4,2,1,1,0,117,145,665161,656302,single,Single,Jeremy Pena singles on a ground ball to center fielder Luis Robert Jr.,T,,,,,,,,,,665161,,1B,,,Single,single,,,,,518735
718768,2023-03-30,1,Bot,5,0,0,1,0,117,145,608324,656302,,,,,,,,,,,,,,,,,,,,,,,,,518735
718768,2023-03-30,1,Bot,5,1,0,2,0,117,145,608324,656302,,,,,,,,,,,,,,,,,,,,,,,,,518735
718768,2023-03-30,1,Bot,5,2,1,2,0,117,145,608324,656302,,,,,,,,,,,,,,,,,,,,,,,,,518735
718768,2023-03-30,1,Bot,5,3,1,3,0,117,145,608324,656302,strikeout,Strikeout,Alex Bregman strikes out swinging.,T,,,,,,,,,,608324,,,T,1,Strikeout,strikeout,,,,,518735
718768,2023-03-30,1,Bot,6,0,0,1,1,117,145,670541,656302,,,,,,,,,,,,,,,,,,,,,,,,,518735
718768,2023-03-30,1,Bot,6,1,0,2,1,117,145,670541,656302,,,,,,,,,,,,,,,,,,,,,,,,,518735
718768,2023-03-30,1,Bot,6,2,1,2,1,117,145,670541,656302,,,,,,,,,,,,,,,,,,,,,,,,,518735
718768,2023-03-30,1,Bot,6,3,2,2,1,117,145,670541,656302,,,,,,,,,,,,,,,,,,,,,,,,,518735
718768,2023-03-30,1,Bot,6,4,2,2,1,117,145,670541,656302,,,,,,,,,,,,,,,,,,,,,,,,,518735
718768,2023-03-30,1,Bot,6,5,2,3,1,117,145,670541,656302,strikeout,Strikeout,Yordan Alvarez strikes out swinging.,T,T,,,,,,,,,665161,1B,2B,,,Stolen Base 2B,stolen_base_2b,r_stolen_base_2b,,,,518735
718768,2023-03-30,1,Bot,7,0,0,1,2,117,145,547989,656302,,,,,,,,,,,,,,,,,,,,,,,,,518735
718768,2023-03-30,1,Bot,7,1,1,1,2,117,145,547989,656302,,,,,,,,,,,,,,,,,,,,,,,,,518735
718768,2023-03-30,1,Bot,7,2,1,2,2,117,145,547989,656302,,,,,,,,,,,,,,,,,,,,,,,,,518735
718768,2023-03-30,1,Bot,7,3,1,3,2,117,145,547989,656302,strikeout,Strikeout,Jose Abreu strikes out swinging.,T,,,,,,,,,,547989,,,T,3,Strikeout,strikeout,,,,,518735
718768,2023-03-30,2,Top,8,0,0,1,0,117,145,660162,664285,,,,,,,,,,,,,,,,,,,,,,,,,455117
718768,2023-03-30,2,Top,8,1,0,2,0,117,145,660162,664285,,,,,,,,,,,,,,,,,,,,,,,,,455117
718768,2023-03-30,2,Top,8,2,0,3,0,117,145,660162,664285,strikeout,Strikeout,Yoan Moncada called out on strikes.,T,,,,,,,,,,660162,,,T,1,Strikeout,strikeout,,,,,455117
718768,2023-03-30,2,Top,9,0,0,1,1,117,145,643217,664285,,,,,,,,,,,,,,,,,,,,,,,,,455117
718768,2023-03-30,2,Top,9,1,1,1,1,117,145,643217,664285,,,,,,,,,,,,,,,,,,,,,,,,,455117
718768,2023-03-30,2,Top,9,2,2,1,1,117,145,643217,664285,,,,,,,,,,,,,,,,,,,,,,,,,455117
718768,2023-03-30,2,Top,9,3,3,1,1,117,145,643217,664285,,,,,,,,,,,,,,,,,,,,,,,,,455117
718768,2023-03-30,2,Top,9,4,3,2,1,117,145,643217,664285,,,,,,,,,,,,,,,,,,,,,,,,,455117
718768,2023-03-30,2,Top,9,5,3,2,1,117,145,643217,664285,field_out,Lineout,Andrew Benintendi lines out sharply to first baseman Jose Abreu.,T,,,,,,,,,,643217,,,T,2,Lineout,field_out,,,,,455117
718768,2023-03-30,2,Top,10,0,1,0,2,117,145,518735,664285,,,,,,,,,,,,,,,,,,,,,,,,,455117
718768,2023-03-30,2,Top,10,1,1,0,2,117,145,518735,664285,field_out,Groundout,"Yasmani Grandal grounds out, third baseman Alex Bregman to first baseman Jose Abreu.",T,,,,,,,,,,518735,,,T,3,Groundout,field_out,,,,,455117
718768,2023-03-30,2,Bot,11,0,0,1,0,117,145,663656,656302,,,,,,,,,,,,,,,,,,,,,,,,,518735
718768,2023-03-30,2,Bot,11,1,0,2,0,117,145,663656,656302,,,,,,,,,,,,,,,,,,,,,,,,,518735
718768,2023-03-30,2,Bot,11,2,1,2,0,117,145,663656,656302,,,,,,,,,,,,,,,,,,,,,,,,,518735
718768,2023-03-30,2,Bot,11,3,2,2,0,117,145,663656,656302,,,,,,,,,,,,,,,,,,,,,,,,,518735
718768,2023-03-30,2,Bot,11,4,2,3,0,117,145,663656,656302,strikeout,Strikeout,Kyle Tucker called out on strikes.,T,,,,,,,,,,663656,,,T,1,Strikeout,strikeout,,,,,518735
718768,2023-03-30,2,Bot,12,0,0,1,1,117,145,673237,656302,,,,,,,,,,,,,,,,,,,,,,,,,518735
718768,2023-03-30,2,Bot,12,1,0,2,1,117,145,673237,656302,,,,,,,,,,,,,,,,,,,,,,,,,518735
718768,2023-03-30,2,Bot,12,2,1,2,1,117,145,673237,656302,,,,,,,,,,,,,,,,,,,,,,,,,518735
718768,2023-03-30,2,Bot,12,3,1,2,1,117,145,673237,656302,,,,,,,,,,,,,,,,,,,,,,,,,518735
718768,2023-03-30,2,Bot,12,4,1,2,1,117,145,673237,656302,,,,,,,,,,,,,,,,,,,,,,,,,518735
718768,2023-03-30,2,Bot,12,5,1,2,1,117,145,673237,656302,field_out,Flyout,Yainer Diaz flies out to center fielder Luis Robert Jr.,T,,,,,,,,,,673237,,,T,2,Flyout,field_out,,,,,518735
718768,2023-03-30,2,Bot,13,0,0,1,2,117,145,676694,656302,,,,,,,,,,,,,,,,,,,,,,,,,518735
718768,2023-03-30,2,Bot,13,1,0,2,2,117,145,676694,656302,,,,,,,,,,,,,,,,,,,,,,,,,518735
718768,2023-03-30,2,Bot,13,2,0,3,2,117,145,676694,656302,strikeout,Strikeout,Jake Meyers called out on strikes.,T,,,,,,,,,,676694,,,T,3,Strikeout,strikeout,,,,,518735
718768,2023-03-30,3,Top,14,0,1,0,0,117,145,462101,664285,,,,,,,,,,,,,,,,,,,,,,,,,455117
718768,2023-03-30,3,Top,14,1,1,1,0,117,145,462101,664285,,,,,,,,,,,,,,,,,,,,,,,,,455117
718768,2023-03-30,3,Top,14,2,2,1,0,117,145,462101,664285,,,,,,,,,,,,,,,,,,,,,,,,,455117
718768,2023-03-30,3,Top,14,3,2,2,0,117,145,462101,664285,,,,,,,,,,,,,,,,,,,,,,,,,455117
718768,2023-03-30,3,Top,14,4,2,2,0,117,145,462101,664285,field_out,Groundout,"Elvis Andrus grounds out, shortstop Jeremy Pena to first baseman Jose Abreu.",T,,,,,,,,,,462101,,,T,1,Groundout,field_out,,,,,455117
718768,2023-03-30,3,Top,15,0,0,1,1,117,145,663853,664285,,,,,,,,,,,,,,,,,,,,,,,,,455117
718768,2023-03-30,3,Top,15,1,0,2,1,117,145,663853,664285,,,,,,,,,,,,,,,,,,,,,,,,,455117
718768,2023-03-30,3,Top,15,2,1,2,1,117,145,663853,664285,,,,,,,,,,,,,,,,,,,,,,,,,455117
718768,2023-03-30,3,Top,15,3,2,2,1,117,145,663853,664285,,,,,,,,,,,,,,,,,,,,,,,,,455117
718768,2023-03-30,3,Top,15,4,2,2,1,117,145,663853,664285,field_out,Groundout,Romy Gonzalez grounds out to first baseman Jose Abreu.,T,,,,,,,,,,663853,,,T,2,Groundout,field_out,,,,,455117
718768,2023-03-30,3,Top,16,0,0,1,2,117,145,641313,664285,,,,,,,,,,,,,,,,,,,,,,,,,455117
718768,2023-03-30,3,Top,16,1,1,1,2,117,145,641313,664285,,,,,,,,,,,,,,,,,,,,,,,,,455117
718768,2023-03-30,3,Top,16,2,2,1,2,117,145,641313,664285,,,,,,,,,,,,,,,,,,,,,,,,,455117
718768,2023-03-30,3,Top,16,3,2,1,2,117,145,641313,664285,,,,,,,,,,,,,,,,,,,,,,,,,455117
718768,2023-03-30,3,Top,16,4,3,1,2,117,145,641313,664285,,,,,,,,,,,,,,,,,,,,,,,,,455117
718768,2023-03-30,3,Top,16,5,3,1,2,117,145,641313,664285,double,Double,Tim Anderson doubles (1) on a line drive to right fielder Kyle Tucker.,T,,,,,,,,,,641313,,2B,,,Double,double,,,,,455117
718768,2023-03-30,3,Top,17,0,0,1,2,117,145,673357,664285,,,,,,,,,,,,,,,,,,,,,,,,,455117
718768,2023-03-30,3,Top,17,1,0,2,2,117,145,673357,664285,,,,,,,,,,,,,,,,,,,,,,,,,455117
718768,2023-03-30,3,Top,17,2,0,2,2,117,145,673357,664285,,,,,,,,,,,,,,,,,,,,,,,,,455117
718768,2023-03-30,3,Top,17,3,1,2,2,117,145,673357,664285,,,,,,,,,,,,,,,,,,,,,,,,,455117
718768,2023-03-30,3,Top,17,4,2,2,2,117,145,673357,664285,,,,,,,,,,,,,,,,,,,,,,,,,455117
718768,2023-03-30,3,Top,17,5,2,2,2,117,145,673357,664285,,,,,,,,,,,,,,,,,,,,,,,,,455117
718768,2023-03-30,3,Top,17,6,2,2,2,117,145,673357,664285,field_out,Groundout,"Luis Robert Jr. grounds out, third baseman Alex Bregman to first baseman Jose Abreu.",T,,,,,,,,,,673357,,,T,3,Groundout,field_out,,,,,455117
718768,2023-03-30,3,Bot,18,0,0,1,0,117,145,455117,656302,,,,,,,,,,,,,,,,,,,,,,,,,518735
718768,2023-03-30,3,Bot,18,1,0,2,0,117,145,455117,656302,,,,,,,,,,,,,,,,,,,,,,,,,518735
718768,2023-03-30,3,Bot,18,2,1,2,0,117,145,455117,656302,,,,,,,,,,,,,,,,,,,,,,,,,518735
718768,2023-03-30,3,Bot,18,3,1,2,0,117,145,455117,656302,,,,,,,,,,,,,,,,,,,,,,,,,518735
718768,2023-03-30,3,Bot,18,4,1,3,0,117,145,455117,656302,strikeout,Strikeout,Martin Maldonado called out on strikes.,T,,,,,,,,,,455117,,,T,1,Strikeout,strikeout,,,,,518735
718768,2023-03-30,3,Bot,19,0,0,1,1,117,145,643289,656302,,,,,,,,,,,,,,,,,,,,,,,,,518735
718768,2023-03-30,3,Bot,19,1,0,2,1,117,145,643289,656302,,,,,,,,,,,,,,,,,,,,,,,,,518735
718768,2023-03-30,3,Bot,19,2,1,2,1,117,145,643289,656302,,,,,,,,,,,,,,,,,,,,,,,,,518735
718768,2023-03-30,3,Bot,19,3,1,2,1,117,145,643289,656302,,,,,,,,,,,,,,,,,,,,,,,,,518735
718768,2023-03-30,3,Bot,19,4,1,2,1,117,145,643289,656302,field_out,Groundout,"Mauricio Dubon grounds out, second baseman Elvis Andrus to first baseman Andrew Vaughn.",T,,,,,,,,,,643289,,,T,2,Groundout,field_out,,,,,518735
718768,2023-03-30,3,Bot,20,0,0,1,2,117,145,665161,656302,,,,,,,,,,,,,,,,,,,,,,,,,518735
718768,2023-03-30,3,Bot,20,1,0,2,2,117,145,665161,656302,,,,,,,,,,,,,,,,,,,,,,,,,518735
718768,2023-03-30,3,Bot,20,2,0,2,2,117,145,665161,656302,,,,,,,,,,,,,,,,,,,,,,,,,518735
718768,2023-03-30,3,Bot,20,3,1,2,2,117,145,665161,656302,,,,,,,,,,,,,,,,,,,,,,,,,518735
718768,2023-03-30,3,Bot,20,4,2,2,2,117,145,665161,656302,,,,,,,,,,,,,,,,,,,,,,,,,518735
718768,2023-03-30,3,Bot,20,5,2,3,2,117,145,665161,656302,strikeout,Strikeout,Jeremy Pena strikes out swinging.,T,,,,,,,,,,665161,,,T,3,Strikeout,strikeout,,,,,518735
718768,2023-03-30,4,Top,21,0,0,1,0,117,145,683734,664285,,,,,,,,,,,,,,,,,,,,,,,,,455117
718768,2023-03-30,4,Top,21,1,0,2,0,117,145,683734,664285,,,,,,,,,,,,,,,,,,,,,,,,,455117
718768,2023-03-30,4,Top,21,2,0,3,0,117,145,683734,664285,strikeout,Strikeout,"Andrew Vaughn strikes out swinging, catcher Martin Maldonado to first baseman Jose Abreu.",T,,,,,,,,,,683734,,,T,1,Strikeout,strikeout,,,,,455117
718768,2023-03-30,4,Top,22,0,0,1,1,117,145,650391,664285,,,,,,,,,,,,,,,,,,,,,,,,,455117
718768,2023-03-30,4,Top,22,1,0,2,1,117,145,650391,664285,,,,,,,,,,,,,,,,,,,,,,,,,455117
718768,2023-03-30,4,Top,22,2,0,3,1,117,145,650391,664285,strikeout,Strikeout,Eloy Jimenez strikes out swinging.,T,,,,,,,,,,650391,,,T,2,Strikeout,strikeout,,,,,455117
718768,2023-03-30,4,Top,23,0,0,1,2,117,145,660162,664285,,,,,,,,,,,,,,,,,,,,,,,,,455117
718768,2023-03-30,4,Top,23,1,1,1,2,117,145,660162,664285,,,,,,,,,,,,,,,,,,,,,,,,,455117
718768,2023-03-30,4,Top,23,2,1,2,2,117,145,660162,664285,,,,,,,,,,,,,,,,,,,,,,,,,455117
718768,2023-03-30,4,Top,23,3,2,2,2,117,145,660162,664285,,,,,,,,,,,,,,,,,,,,,,,,,455117
718768,2023-03-30,4,Top,23,4,2,2,2,117,145,660162,664285,,,,,,,,,,,,,,,,,,,,,,,,,455117
718768,2023-03-30,4,Top,23,5,2,2,2,117,145,660162,664285,single,Single,Yoan Moncada singles on a ground ball to left fielder Yordan Alvarez.,T,,,,,,,,,,660162,,1B,,,Single,single,,,,,455117
718768,2023-03-30,4,Top,24,0,0,0,2,117,145,643217,664285,single,Single,Andrew Benintendi singles on a ground ball to left fielder Yordan Alvarez. Yoan Moncada to 2nd.,T,,,,,,,,,,643217,,1B,,,Single,single,,,,,455117
718768,2023-03-30,4,Top,25,0,1,0,2,117,145,518735,664285,,,,,,,,,,,,,,,,,,,,,,,,,455117
718768,2023-03-30,4,Top,25,1,2,0,2,117,145,518735,664285,,,,,,,,,,,,,,,,,,,,,,,,,455117
718768,2023-03-30,4,Top,25,2,3,0,2,117,145,518735,664285,,,,,,,,,,,,,,,,,,,,,,,,,455117
718768,2023-03-30,4,Top,25,3,3,1,2,117,145,518735,664285,,,,,,,,,,,,,,,,,,,,,,,,,455117
718768,2023-03-30,4,Top,25,4,3,2,2,117,145,518735,664285,,,,,,,,,,,,,,,,,,,,,,,,,455117
718768,2023-03-30,4,Top,25,5,3,2,2,117,145,518735,664285,field_out,Groundout,"Yasmani Grandal grounds out, shortstop Jeremy Pena to first baseman Jose Abreu.",T,,,,,,,,,,518735,,,T,3,Groundout,field_out,,,,,455117
718768,2023-03-30,4,Bot,26,0,0,1,0,117,145,608324,656302,,,,,,,,,,,,,,,,,,,,,,,,,518735
718768,2023-03-30,4,Bot,26,1,0,2,0,117,145,608324,656302,,,,,,,,,,,,,,,,,,,,,,,,,518735
718768,2023-03-30,4,Bot,26,2,0,2,0,117,145,608324,656302,field_out,Flyout,Alex Bregman flies out to right fielder Romy Gonzalez.,T,,,,,,,,,,608324,,,T,1,Flyout,field_out,,,,,518735
718768,2023-03-30,4,Bot,27,0,1,0,1,117,145,670541,656302,,,,,,,,,,,,,,,,,,,,,,,,,518735
718768,2023-03-30,4,Bot,27,1,2,0,1,117,145,670541,656302,,,,,,,,,,,,,,,,,,,,,,,,,518735
718768,2023-03-30,4,Bot,27,2,3,0,1,117,145,670541,656302,,,,,,,,,,,,,,,,,,,,,,,,,518735
718768,2023-03-30,4,Bot,27,3,3,1,1,117,145,670541,656302,,,,,,,,,,,,,,,,,,,,,,,,,518735
718768,2023-03-30,4,Bot,27,4,3,2,1,117,145,670541,656302,,,,,,,,,,,,,,,,,,,,,,,,,518735
718768,2023-03-30,4,Bot,27,5,3,3,1,117,145,670541,656302,strikeout,Strikeout,Yordan Alvarez strikes out swinging.,T,,,,,,,,,,670541,,,T,2,Strikeout,strikeout,,,,,518735
718768,2023-03-30,4,Bot,28,0,0,1,2,117,145,547989,656302,,,,,,,,,,,,,,,,,,,,,,,,,518735
718768,2023-03-30,4,Bot,28,1,0,2,2,117,145,547989,656302,,,,,,,,,,,,,,,,,,,,,,,,,518735
718768,2023-03-30,4,Bot,28,2,0,2,2,117,145,547989,656302,,,,,,,,,,,,,,,,,,,,,,,,,518735
718768,2023-03-30,4,Bot,28,3,1,2,2,117,145,547989,656302,,,,,,,,,,,,,,,,,,,,,,,,,518735
718768,2023-03-30,4,Bot,28,4,1,2,2,117,145,547989,656302,field_out,Groundout,"Jose Abreu grounds out, pitcher Dylan Cease to first baseman Andrew Vaughn.",T,,,,,,,,,,547989,,,T,3,Groundout,field_out,,,,,518735
718768,2023-03-30,5,Top,29,0,0,1,0,117,145,462101,664285,,,,,,,,,,,,,,,,,,,,,,,,,455117
718768,2023-03-30,5,Top,29,1,1,1,0,117,145,462101,664285,,,,,,,,,,,,,,,,,,,,,,,,,455117
718768,2023-03-30,5,Top,29,2,2,1,0,117,145,462101,664285,,,,,,,,,,,,,,,,,,,,,,,,,455117
718768,2023-03-30,5,Top,29,3,2,1,0,117,145,462101,664285,single,Single,Elvis Andrus singles on a sharp line drive to left fielder Yordan Alvarez.,T,,,,,,,,,,462101,,1B,,,Single,single,,,,,455117
718768,2023-03-30,5,Top,30,0,0,1,0,117,145,663853,664285,,,,,,,,,,,,,,,,,,,,,,,,,455117
718768,2023-03-30,5,Top,30,1,0,2,0,117,145,663853,664285,,,,,,,,,,,,,,,,,,,,,,,,,455117
718768,2023-03-30,5,Top,30,2,0,2,0,117,145,663853,664285,,,,,,,,,,,,,,,,,,,,,,,,,455117
718768,2023-03-30,5,Top,30,3,1,2,0,117,145,663853,664285,,,,,,,,,,,,,,,,,,,,,,,,,455117
718768,2023-03-30,5,Top,30,4,1,2,0,117,145,663853,664285,single,Single,Romy Gonzalez singles on a sharp line drive to center fielder Jake Meyers. Elvis Andrus to 3rd.,T,,,,,,,,,,663853,,1B,,,Single,single,,,,,455117
718768,2023-03-30,5,Top,31,0,0,0,0,117,145,641313,664285,fielders_choice_out,Fielders Choice Out,"Tim Anderson reaches on a fielder's choice out, third baseman Alex Bregman to catcher Martin Maldonado to third baseman Alex Bregman. Elvis Andrus out at home. Romy Gonzalez to 2nd.",T,,,,,,,,,,462101,3B,,T,1,Fielders Choice Out,fielders_choice_out,r_rundown,,,,455117
718768,2023-03-30,5,Top,32,0,0,1,1,117,145,673357,664285,,,,,,,,,,,,,,,,,,,,,,,,,455117
718768,2023-03-30,5,Top,32,1,0,2,1,117,145,673357,664285,,,,,,,,,,,,,,,,,,,,,,,,,455117
718768,2023-03-30,5,Top,32,2,0,2,1,117,145,673357,664285,,,,,,,,,,,,,,,,,,,,,,,,,455117
718768,2023-03-30,5,Top,32,3,1,2,1,117,145,673357,664285,,,,,,,,,,,,,,,,,,,,,,,,,455117
718768,2023-03-30,5,Top,32,4,2,2,1,117,145,673357,664285,,,,,,,,,,,,,,,,,,,,,,,,,455117
718768,2023-03-30,5,Top,32,5,2,2,1,117,145,673357,664285,,,,,,,,,,,,,,,,,,,,,,,,,455117
718768,2023-03-30,5,Top,32,6,2,3,1,117,145,673357,664285,strikeout,Strikeout,Luis Robert Jr. strikes out swinging.,T,,,,,,,,,,673357,,,T,2,Strikeout,strikeout,,,,,455117
718768,2023-03-30,5,Top,33,0,0,0,2,117,145,683734,664285,,,,,,,,,,,,,,,,,,,,,,,,,455117
718768,2023-03-30,5,Top,33,1,0,1,2,117,145,683734,664285,,,,,,,,,,,,,,,,,,,,,,,,,455117
718768,2023-03-30,5,Top,33,2,0,2,2,117,145,683734,664285,,,,,,,,,,,,,,,,,,,,,,,,,455117
718768,2023-03-30,5,Top,33,3,1,2,2,117,145,683734,664285,hit_by_pitch,Hit By Pitch,Andrew Vaughn hit by pitch. Romy Gonzalez to 3rd. Tim Anderson to 2nd.,T,,,,,,,,,,663853,2B,3B,,,Hit By Pitch,hit_by_pitch,r_adv_force,,,,455117
718768,2023-03-30,5,Top,34,0,0,0,2,117,145,650391,664285,,,,,,,,,,,,,,,,,,,,,,,,,455117
718768,2023-03-30,5,Top,34,1,1,0,2,117,145,650391,664285,,,,,,,,,,,,,,,,,,,,,,,,,455117
718768,2023-03-30,5,Top,34,2,1,0,2,117,145,650391,664285,force_out,Forceout,"Eloy Jimenez grounds into a force out, second baseman Mauricio Dubon to shortstop Jeremy Pena. Andrew Vaughn out at 2nd.",T,,,,,,,,,,683734,1B,,T,3,Forceout,force_out,r_force_out,,,,455117
718768,2023-03-30,5,Bot,35,0,0,0,0,117,145,663656,656302,field_out,Lineout,Kyle Tucker lines out sharply to right fielder Romy Gonzalez.,T,,,,,,,,,,663656,,,T,1,Lineout,field_out,,,,,518735
718768,2023-03-30,5,Bot,36,0,0,1,1,117,145,673237,656302,,,,,,,,,,,,,,,,,,,,,,,,,518735
718768,2023-03-30,5,Bot,36,1,1,1,1,117,145,673237,656302,,,,,,,,,,,,,,,,,,,,,,,,,518735
718768,2023-03-30,5,Bot,36,2,1,2,1,117,145,673237,656302,,,,,,,,,,,,,,,,,,,,,,,,,518735
718768,2023-03-30,5,Bot,36,3,1,2,1,117,145,673237,656302,field_out,Lineout,Yainer Diaz lines out to first baseman Andrew Vaughn.,T,,,,,,,,,,673237,,,T,2,Lineout,field_out,,,,,518735
718768,2023-03-30,5,Bot,37,0,0,0,2,117,145,676694,656302,field_out,Flyout,Jake Meyers flies out sharply to center fielder Luis Robert Jr.,T,,,,,,,,,,676694,,,T,3,Flyout,field_out,,,,,518735
718768,2023-03-30,6,Top,38,0,0,0,0,117,145,660162,650556,,,,,,,,,,,,,,,,,,,,,,,,,455117
718768,2023-03-30,6,Top,38,1,0,1,0,117,145,660162,650556,,,,,,,,,,,,,,,,,,,,,,,,,455117
718768,2023-03-30,6,Top,38,2,0,2,0,117,145,660162,650556,,,,,,,,,,,,,,,,,,,,,,,,,455117
718768,2023-03-30,6,Top,38,3,0,2,0,117,145,660162,650556,,,,,,,,,,,,,,,,,,,,,,,,,455117
718768,2023-03-30,6,Top,38,4,1,2,0,117,145,660162,650556,,,,,,,,,,,,,,,,,,,,,,,,,455117
718768,2023-03-30,6,Top,38,5,2,2,0,117,145,660162,650556,,,,,,,,,,,,,,,,,,,,,,,,,455117
718768,2023-03-30,6,Top,38,6,2,3,0,117,145,660162,650556,strikeout,Strikeout,Yoan Moncada strikes out swinging.,T,,,,,,,,,,660162,,,T,1,Strikeout,strikeout,,,,,455117
718768,2023-03-30,6,Top,39,0,1,0,1,117,145,643217,650556,,,,,,,,,,,,,,,,,,,,,,,,,455117
718768,2023-03-30,6,Top,39,1,1,1,1,117,145,643217,650556,,,,,,,,,,,,,,,,,,,,,,,,,455117
718768,2023-03-30,6,Top,39,2,1,1,1,117,145,643217,650556,field_out,Flyout,Andrew Benintendi flies out to left fielder Yordan Alvarez.,T,,,,,,,,,,643217,,,T,2,Flyout,field_out,,,,,455117
718768,2023-03-30,6,Top,40,0,0,1,2,117,145,518735,650556,,,,,,,,,,,,,,,,,,,,,,,,,455117
718768,2023-03-30,6,Top,40,1,0,2,2,117,145,518735,650556,,,,,,,,,,,,,,,,,,,,,,,,,455117
718768,2023-03-30,6,Top,40,2,0,2,2,117,145,518735,650556,field_out,Groundout,"Yasmani Grandal grounds out softly, pitcher Bryan Abreu to first baseman Jose Abreu.",T,,,,,,,,,,518735,,,T,3,Groundout,field_out,,,,,455117
718768,2023-03-30,6,Bot,41,0,0,1,0,117,145,455117,656302,,,,,,,,,,,,,,,,,,,,,,,,,518735
718768,2023-03-30,6,Bot,41,1,0,2,0,117,145,455117,656302,,,,,,,,,,,,,,,,,,,,,,,,,518735
718768,2023-03-30,6,Bot,41,2,1,2,0,117,145,455117,656302,,,,,,,,,,,,,,,,,,,,,,,,,518735
718768,2023-03-30,6,Bot,41,3,1,2,0,117,145,455117,656302,,,,,,,,,,,,,,,,,,,,,,,,,518735
718768,2023-03-30,6,Bot,41,4,1,2,0,117,145,455117,656302,field_out,Flyout,Martin Maldonado flies out to center fielder Luis Robert Jr.,T,,,,,,,,,,455117,,,T,1,Flyout,field_out,,,,,518735
718768,2023-03-30,6,Bot,42,0,0,1,1,117,145,643289,656302,,,,,,,,,,,,,,,,,,,,,,,,,518735
718768,2023-03-30,6,Bot,42,1,1,1,1,117,145,643289,656302,,,,,,,,,,,,,,,,,,,,,,,,,518735
718768,2023-03-30,6,Bot,42,2,1,2,1,117,145,643289,656302,,,,,,,,,,,,,,,,,,,,,,,,,518735
718768,2023-03-30,6,Bot,42,3,2,2,1,117,145,643289,656302,,,,,,,,,,,,,,,,,,,,,,,,,518735
718768,2023-03-30,6,Bot,42,4,2,2,1,117,145,643289,656302,field_out,Groundout,"Mauricio Dubon grounds out, shortstop Tim Anderson to first baseman Andrew Vaughn.",T,,,,,,,,,,643289,,,T,2,Groundout,field_out,,,,,518735
718768,2023-03-30,6,Bot,43,0,0,1,2,117,145,665161,656302,,,,,,,,,,,,,,,,,,,,,,,,,518735
718768,2023-03-30,6,Bot,43,1,1,1,2,117,145,665161,656302,,,,,,,,,,,,,,,,,,,,,,,,,518735
718768,2023-03-30,6,Bot,43,2,1,2,2,117,145,665161,656302,,,,,,,,,,,,,,,,,,,,,,,,,518735
718768,2023-03-30,6,Bot,43,3,1,2,2,117,145,665161,656302,,,,,,,,,,,,,,,,,,,,,,,,,518735
718768,2023-03-30,6,Bot,43,4,2,2,2,117,145,665161,656302,,,,,,,,,,,,,,,,,,,,,,,,,518735
718768,2023-03-30,6,Bot,43,5,2,3,2,117,145,665161,656302,strikeout,Strikeout,Jeremy Pena strikes out swinging.,T,,,,,,,,,,665161,,,T,3,Strikeout,strikeout,,,,,518735
718768,2023-03-30,7,Top,44,0,0,0,0,117,145,462101,593576,,,,,,,,,,,,,,,,,,,,,,,,,455117
718768,2023-03-30,7,Top,44,1,0,0,0,117,145,462101,593576,field_out,Groundout,"Elvis Andrus grounds out, third baseman Alex Bregman to first baseman Jose Abreu.",T,,,,,,,,,,462101,,,T,1,Groundout,field_out,,,,,455117
718768,2023-03-30,7,Top,45,0,0,0,1,117,145,693049,593576,,,,,,,,,,,,,,,,,,,,,,,,,455117
718768,2023-03-30,7,Top,45,1,1,0,1,117,145,693049,593576,,,,,,,,,,,,,,,,,,,,,,,,,455117
718768,2023-03-30,7,Top,45,2,2,0,1,117,145,693049,593576,,,,,,,,,,,,,,,,,,,,,,,,,455117
718768,2023-03-30,7,Top,45,3,2,0,1,117,145,693049,593576,single,Single,Oscar Colas singles on a ground ball to center fielder Jake Meyers.,T,,,,,,,,,,693049,,1B,,,Single,single,,,,,455117
718768,2023-03-30,7,Top,46,0,0,1,1,117,145,641313,593576,,,,,,,,,,,,,,,,,,,,,,,,,455117
718768,2023-03-30,7,Top,46,1,0,1,1,117,145,641313,593576,single,Single,"Tim Anderson singles on a ground ball to left fielder Yordan Alvarez, deflected by shortstop Jeremy Pena. Oscar Colas to 2nd.",T,,,,,,,,,,641313,,1B,,,Single,single,,,,,455117
718768,2023-03-30,7,Top,47,0,0,1,1,117,145,673357,593576,catcher_interf,Catcher Interference,Luis Robert Jr. reaches on catcher interference by Martin Maldonado. Oscar Colas to 3rd. Tim Anderson to 2nd. Luis Robert Jr. to 1st.,T,,,,,,,,,,693049,2B,3B,,,Catcher Interference,catcher_interf,r_adv_play,,,,455117
718768,2023-03-30,7,Top,48,0,0,0,1,117,145,683734,593576,,,,,,,,,,,,,,,,,,,,,,,,,455117
718768,2023-03-30,7,Top,48,1,1,0,1,117,145,683734,593576,,,,,,,,,,,,,,,,,,,,,,,,,455117
718768,2023-03-30,7,Top,48,2,1,1,1,117,145,683734,593576,,,,,,,,,,,,,,,,,,,,,,,,,455117
718768,2023-03-30,7,Top,48,3,2,1,1,117,145,683734,593576,,,,,,,,,,,,,,,,,,,,,,,,,455117
718768,2023-03-30,7,Top,48,4,2,2,1,117,145,683734,593576,,,,,,,,,,,,,,,,,,,,,,,,,455117
718768,2023-03-30,7,Top,48,5,2,2,1,117,145,683734,593576,,,,,,,,,,,,,,,,,,,,,,,,,455117
718768,2023-03-30,7,Top,48,6,2,3,1,117,145,683734,593576,strikeout,Strikeout,Andrew Vaughn strikes out swinging.,T,,,,,,,,,,683734,,,T,2,Strikeout,strikeout,,,,,455117
718768,2023-03-30,7,Top,49,0,0,1,2,117,145,650391,593576,,,,,,,,,,,,,,,,,,,,,,,,,455117
718768,2023-03-30,7,Top,49,1,0,2,2,117,145,650391,593576,,,,,,,,,,,,,,,,,,,,,,,,,455117
718768,2023-03-30,7,Top,49,2,1,2,2,117,145,650391,593576,,,,,,,,,,,,,,,,,,,,,,,,,455117
718768,2023-03-30,7,Top,49,3,1,3,2,117,145,650391,593576,strikeout,Strikeout,Eloy Jimenez strikes out swinging.,T,,,,,,,,,,650391,,,T,3,Strikeout,strikeout,,,,,455117
718768,2023-03-30,7,Bot,50,0,0,0,0,117,145,608324,656302,,,,,,,,,,,,,,,,,,,,,,,,,518735
718768,2023-03-30,7,Bot,50,1,0,1,0,117,145,608324,656302,,,,,,,,,,,,,,,,,,,,,,,,,518735
718768,2023-03-30,7,Bot,50,2,0,2,0,117,145,608324,656302,,,,,,,,,,,,,,,,,,,,,,,,,518735
718768,2023-03-30,7,Bot,50,3,0,3,0,117,145,608324,656302,strikeout,Strikeout,Alex Bregman strikes out swinging.,T,,,,,,,,,,608324,,,T,1,Strikeout,strikeout,,,,,518735
718768,2023-03-30,7,Bot,51,0,1,0,1,117,145,670541,656302,hit_by_pitch,Hit By Pitch,Yordan Alvarez hit by pitch.,T,,,,,,,,,,670541,,1B,,,Hit By Pitch,hit_by_pitch,,,,,518735
718768,2023-03-30,7,Bot,52,0,1,0,1,117,145,547989,656302,,,,,,,,,,,,,,,,,,,,,,,,,518735
718768,2023-03-30,7,Bot,52,1,1,1,1,117,145,547989,656302,,,,,,,,,,,,,,,,,,,,,,,,,518735
718768,2023-03-30,7,Bot,52,2,1,2,1,117,145,547989,656302,,,,,,,,,,,,,,,,,,,,,,,,,518735
718768,2023-03-30,7,Bot,52,3,1,2,1,117,145,547989,656302,single,Single,Jose Abreu singles on a ground ball to left fielder Andrew Benintendi. Yordan Alvarez to 2nd.,T,,,,,,,,,,547989,,1B,,,Single,single,,,,,518735
718768,2023-03-30,7,Bot,53,0,0,0,1,117,145,663656,607481,,,,,,,,,,,,,,,,,,,,,,,,,518735
718768,2023-03-30,7,Bot,53,1,0,0,1,117,145,663656,607481,,,,,,,,,,,,,,,,,,,,,,,,,518735
718768,2023-03-30,7,Bot,53,2,1,0,1,117,145,663656,607481,,,,,,,,,,,,,,,,,,,,,,,,,518735
718768,2023-03-30,7,Bot,53,3,1,1,1,117,145,663656,607481,,,,,,,,,,,,,,,,,,,,,,,,,518735
718768,2023-03-30,7,Bot,53,4,2,1,1,117,145,663656,607481,,,,,,,,,,,,,,,,,,,,,,,,,518735
718768,2023-03-30,7,Bot,53,5,2,2,1,117,145,663656,607481,,,,,,,,,,,,,,,,,,,,,,,,,518735
718768,2023-03-30,7,Bot,53,6,3,2,1,117,145,663656,607481,,,,,,,,,,,,,,,,,,,,,,,,,518735
718768,2023-03-30,7,Bot,53,7,4,2,1,117,145,663656,607481,walk,Walk,Kyle Tucker walks. Yordan Alvarez to 3rd. Jose Abreu to 2nd.,T,,,,,,,,,,670541,2B,3B,,,Walk,walk,r_adv_force,,,,518735
718768,2023-03-30,7,Bot,54,0,1,0,1,117,145,673237,607481,,,,,,,,,,,,,,,,,,,,,,,,,518735
718768,2023-03-30,7,Bot,54,1,1,1,1,117,145,673237,607481,,,,,,,,,,,,,,,,,,,,,,,,,518735
718768,2023-03-30,7,Bot,54,2,1,2,1,117,145,673237,607481,,,,,,,,,,,,,,,,,,,,,,,,,518735
718768,2023-03-30,7,Bot,54,3,1,3,1,117,145,673237,607481,strikeout,Strikeout,Yainer Diaz strikes out swinging.,T,,,,,,,,,,673237,,,T,2,Strikeout,strikeout,,,,,518735
718768,2023-03-30,7,Bot,55,0,1,0,2,117,145,676694,607481,,,,,,,,,,,,,,,,,,,,,,,,,518735
718768,2023-03-30,7,Bot,55,1,1,0,2,117,145,676694,607481,,,,,,,,,,,,,,,,,,,,,,,,,518735
718768,2023-03-30,7,Bot,55,2,1,1,2,117,145,676694,607481,,,,,,,,,,,,,,,,,,,,,,,,,518735
718768,2023-03-30,7,Bot,55,3,1,2,2,117,145,676694,607481,,,,,,,,,,,,,,,,,,,,,,,,,518735
718768,2023-03-30,7,Bot,55,4,2,2,2,117,145,676694,607481,,,,,,,,,,,,,,,,,,,,,,,,,518735
718768,2023-03-30,7,Bot,55,5,3,2,2,117,145,676694,607481,,,,,,,,,,,,,,,,,,,,,,,,,518735
718768,2023-03-30,7,Bot,55,6,3,2,2,117,145,676694,607481,,,,,,,,,,,,,,,,,,,,,,,,,518735
718768,2023-03-30,7,Bot,55,7,3,3,2,117,145,676694,607481,strikeout,Strikeout,Jake Meyers strikes out swinging.,T,,,,,,,,,,670541,3B,score,,,Wild Pitch,wild_pitch,r_adv_play,T,,T,518735
718768,2023-03-30,8,Top,56,0,0,0,0,117,145,660162,606160,,,,,,,,,,,,,,,,,,,,,,,,,455117
718768,2023-03-30,8,Top,56,1,0,0,0,117,145,660162,606160,field_error,Field Error,"White Sox challenged (tag play), call on the field was upheld: Yoan Moncada reaches on a fielding error by first baseman Jose Abreu. Yoan Moncada out at 3rd on the throw, right fielder Kyle Tucker to second baseman Mauricio Dubon to third baseman Alex Bregman.",T,,,,,,,,,,660162,,1B,,,Field Error,field_error,,,,,455117
718768,2023-03-30,8,Top,57,0,1,0,1,117,145,643217,606160,,,,,,,,,,,,,,,,,,,,,,,,,455117
718768,2023-03-30,8,Top,57,1,2,0,1,117,145,643217,606160,,,,,,,,,,,,,,,,,,,,,,,,,455117
718768,2023-03-30,8,Top,57,2,2,1,1,117,145,643217,606160,,,,,,,,,,,,,,,,,,,,,,,,,455117
718768,2023-03-30,8,Top,57,3,2,2,1,117,145,643217,606160,,,,,,,,,,,,,,,,,,,,,,,,,455117
718768,2023-03-30,8,Top,57,4,2,3,1,117,145,643217,606160,strikeout,Strikeout,Andrew Benintendi strikes out swinging.,T,,,,,,,,,,643217,,,T,2,Strikeout,strikeout,,,,,455117
718768,2023-03-30,8,Top,58,0,1,0,2,117,145,518735,606160,,,,,,,,,,,,,,,,,,,,,,,,,455117
718768,2023-03-30,8,Top,58,1,1,0,2,117,145,518735,606160,home_run,Home Run,Yasmani Grandal homers (1) on a line drive to right center field.,T,,,,,,,,,,518735,,score,,,Home Run,home_run,,T,T,T,455117
718768,2023-03-30,8,Top,59,0,0,1,2,117,145,462101,606160,,,,,,,,,,,,,,,,,,,,,,,,,455117
718768,2023-03-30,8,Top,59,1,0,1,2,117,145,462101,606160,field_out,Groundout,"Elvis Andrus grounds out, third baseman Alex Bregman to first baseman Jose Abreu.",T,,,,,,,,,,462101,,,T,3,Groundout,field_out,,,,,455117
718768,2023-03-30,8,Bot,60,0,0,0,0,117,145,455117,608665,,,,,,,,,,,,,,,,,,,,,,,,,518735
718768,2023-03-30,8,Bot,60,1,0,0,0,117,145,455117,608665,single,Single,Martin Maldonado singles on a line drive to left fielder Andrew Benintendi.,T,,,,,,,,,,455117,,1B,,,Single,single,,,,,518735
718768,2023-03-30,8,Bot,61,0,0,1,0,117,145,643289,608665,,,,,,,,,,,,,,,,,,,,,,,,,518735
718768,2023-03-30,8,Bot,61,1,1,1,0,117,145,643289,608665,,,,,,,,,,,,,,,,,,,,,,,,,518735
718768,2023-03-30,8,Bot,61,2,1,2,0,117,145,643289,608665,,,,,,,,,,,,,,,,,,,,,,,,,518735
718768,2023-03-30,8,Bot,61,3,1,2,0,117,145,643289,608665,,,,,,,,,,,,,,,,,,,,,,,,,518735
718768,2023-03-30,8,Bot,61,4,1,2,0,117,145,643289,608665,,,,,,,,,,,,,,,,,,,,,,,,,518735
718768,2023-03-30,8,Bot,61,5,1,2,0,117,145,643289,608665,grounded_into_double_play,Grounded Into DP,"Mauricio Dubon grounds into a double play, third baseman Yoan Moncada to second baseman Elvis Andrus to first baseman Andrew Vaughn. Martin Maldonado out at 2nd. Mauricio Dubon out at 1st.",T,,,,,,,,,,455117,1B,,T,1,Grounded Into DP,grounded_into_double_play,r_force_out,,,,518735
718768,2023-03-30,8,Bot,62,0,1,0,2,117,145,665161,608665,,,,,,,,,,,,,,,,,,,,,,,,,518735
718768,2023-03-30,8,Bot,62,1,2,0,2,117,145,665161,608665,,,,,,,,,,,,,,,,,,,,,,,,,518735
718768,2023-03-30,8,Bot,62,2,2,1,2,117,145,665161,608665,,,,,,,,,,,,,,,,,,,,,,,,,518735
718768,2023-03-30,8,Bot,62,3,2,1,2,117,145,665161,608665,field_out,Groundout,"Jeremy Pena grounds out, third baseman Yoan Moncada to first baseman Andrew Vaughn.",T,,,,,,,,,,665161,,,T,3,Groundout,field_out,,,,,518735
718768,2023-03-30,9,Top,63,0,0,0,0,117,145,693049,519151,,,,,,,,,,,,,,,,,,,,,,,,,455117
718768,2023-03-30,9,Top,63,1,1,0,0,117,145,693049,519151,,,,,,,,,,,,,,,,,,,,,,,,,455117
718768,2023-03-30,9,Top,63,2,1,1,0,117,145,693049,519151,,,,,,,,,,,,,,,,,,,,,,,,,455117
718768,2023-03-30,9,Top,63,3,1,1,0,117,145,693049,519151,field_out,Flyout,Oscar Colas flies out to right fielder Kyle Tucker.,T,,,,,,,,,,693049,,,T,1,Flyout,field_out,,,,,455117
718768,2023-03-30,9,Top,64,0,1,0,1,117,145,641313,519151,,,,,,,,,,,,,,,,,,,,,,,,,455117
718768,2023-03-30,9,Top,64,1,1,1,1,117,145,641313,519151,,,,,,,,,,,,,,,,,,,,,,,,,455117
718768,2023-03-30,9,Top,64,2,2,1,1,117,145,641313,519151,,,,,,,,,,,,,,,,,,,,,,,,,455117
718768,2023-03-30,9,Top,64,3,3,1,1,117,145,641313,519151,,,,,,,,,,,,,,,,,,,,,,,,,455117
718768,2023-03-30,9,Top,64,4,4,1,1,117,145,641313,519151,walk,Walk,Tim Anderson walks.,T,,,,,,,,,,641313,,1B,,,Walk,walk,,,,,455117
718768,2023-03-30,9,Top,65,0,0,1,1,117,145,673357,519151,,,,,,,,,,,,,,,,,,,,,,,,,455117
718768,2023-03-30,9,Top,65,1,0,1,1,117,145,673357,519151,single,Single,Luis Robert Jr. singles on a ground ball to left fielder Yordan Alvarez. Tim Anderson to 2nd.,T,,,,,,,,,,673357,,1B,,,Single,single,,,,,455117
718768,2023-03-30,9,Top,66,0,0,1,1,117,145,683734,519151,,,,,,,,,,,,,,,,,,,,,,,,,455117
718768,2023-03-30,9,Top,66,1,0,2,1,117,145,683734,519151,,,,,,,,,,,,,,,,,,,,,,,,,455117
718768,2023-03-30,9,Top,66,2,1,2,1,117,145,683734,519151,,,,,,,,,,,,,,,,,,,,,,,,,455117
718768,2023-03-30,9,Top,66,3,2,2,1,117,145,683734,519151,,,,,,,,,,,,,,,,,,,,,,,,,455117
718768,2023-03-30,9,Top,66,4,2,2,1,117,145,683734,519151,double,Double,Andrew Vaughn doubles (1) on a sharp line drive to center fielder Jake Meyers. Tim Anderson scores. Luis Robert Jr. scores.,T,,,,,,,,,,683734,,2B,,,Double,double,,,,,455117
718768,2023-03-30,9,Top,67,0,0,1,1,117,145,650391,519151,,,,,,,,,,,,,,,,,,,,,,,,,455117
718768,2023-03-30,9,Top,67,1,0,1,1,117,145,650391,519151,field_out,Flyout,Eloy Jimenez flies out to right fielder Kyle Tucker in foul territory.,T,,,,,,,,,,650391,,,T,2,Flyout,field_out,,,,,455117
718768,2023-03-30,9,Top,68,0,1,0,2,117,145,660162,519151,,,,,,,,,,,,,,,,,,,,,,,,,455117
718768,2023-03-30,9,Top,68,1,1,1,2,117,145,660162,519151,,,,,,,,,,,,,,,,,,,,,,,,,455117
718768,2023-03-30,9,Top,68,2,1,2,2,117,145,660162,519151,,,,,,,,,,,,,,,,,,,,,,,,,455117
718768,2023-03-30,9,Top,68,3,1,3,2,117,145,660162,519151,strikeout,Strikeout,Yoan Moncada strikes out swinging.,T,,,,,,,,,,660162,,,T,3,Strikeout,strikeout,,,,,455117
718768,2023-03-30,9,Bot,69,0,0,0,0,117,145,608324,625643,,,,,,,,,,,,,,,,,,,,,,,,,518735
718768,2023-03-30,9,Bot,69,1,0,1,0,117,145,608324,625643,,,,,,,,,,,,,,,,,,,,,,,,,518735
718768,2023-03-30,9,Bot,69,2,0,2,0,117,145,608324,625643,,,,,,,,,,,,,,,,,,,,,,,,,518735
718768,2023-03-30,9,Bot,69,3,0,2,0,117,145,608324,625643,field_out,Groundout,"Alex Bregman grounds out, second baseman Elvis Andrus to first baseman Andrew Vaughn.",T,,,,,,,,,,608324,,,T,1,Groundout,field_out,,,,,518735
718768,2023-03-30,9,Bot,70,0,0,1,1,117,145,670541,625643,,,,,,,,,,,,,,,,,,,,,,,,,518735
718768,2023-03-30,9,Bot,70,1,0,1,1,117,145,670541,625643,home_run,Home Run,Yordan Alvarez homers (1) on a fly ball to right center field.,T,,,,,,,,,,670541,,score,,,Home Run,home_run,,T,T,T,518735
718768,2023-03-30,9,Bot,71,0,0,1,1,117,145,547989,625643,,,,,,,,,,,,,,,,,,,,,,,,,518735
718768,2023-03-30,9,Bot,71,1,1,1,1,117,145,547989,625643,,,,,,,,,,,,,,,,,,,,,,,,,518735
718768,2023-03-30,9,Bot,71,2,2,1,1,117,145,547989,625643,,,,,,,,,,,,,,,,,,,,,,,,,518735
718768,2023-03-30,9,Bot,71,3,2,2,1,117,145,547989,625643,,,,,,,,,,,,,,,,,,,,,,,,,518735
718768,2023-03-30,9,Bot,71,4,2,2,1,117,145,547989,625643,,,,,,,,,,,,,,,,,,,,,,,,,518735
718768,2023-03-30,9,Bot,71,5,2,2,1,117,145,547989,625643,,,,,,,,,,,,,,,,,,,,,,,,,518735
718768,2023-03-30,9,Bot,71,6,2,2,1,117,145,547989,625643,,,,,,,,,,,,,,,,,,,,,,,,,518735
718768,2023-03-30,9,Bot,71,7,3,2,1,117,145,547989,625643,,,,,,,,,,,,,,,,,,,,,,,,,518735
718768,2023-03-30,9,Bot,71,8,3,2,1,117,145,547989,625643,,,,,,,,,,,,,,,,,,,,,,,,,518735
718768,2023-03-30,9,Bot,71,9,3,2,1,117,145,547989,625643,,,,,,,,,,,,,,,,,,,,,,,,,518735
718768,2023-03-30,9,Bot,71,10,3,2,1,117,145,547989,625643,,,,,,,,,,,,,,,,,,,,,,,,,518735
718768,2023-03-30,9,Bot,71,11,3,2,1,117,145,547989,625643,field_out,Groundout,"Jose Abreu grounds out, third baseman Yoan Moncada to first baseman Andrew Vaughn.",T,,,,,,,,,,547989,,,T,2,Groundout,field_out,,,,,518735
718768,2023-03-30,9,Bot,72,0,0,1,2,117,145,663656,625643,,,,,,,,,,,,,,,,,,,,,,,,,518735
718768,2023-03-30,9,Bot,72,1,1,1,2,117,145,663656,625643,,,,,,,,,,,,,,,,,,,,,,,,,518735
718768,2023-03-30,9,Bot,72,2,2,1,2,117,145,663656,625643,,,,,,,,,,,,,,,,,,,,,,,,,518735
718768,2023-03-30,9,Bot,72,3,3,1,2,117,145,663656,625643,,,,,,,,,,,,,,,,,,,,,,,,,518735
718768,2023-03-30,9,Bot,72,4,4,1,2,117,145,663656,625643,walk,Walk,Kyle Tucker walks.,T,,,,,,,,,,663656,,1B,,,Walk,walk,,,,,518735
718768,2023-03-30,9,Bot,73,0,0,0,2,117,145,673237,625643,,,,,,,,,,,,,,,,,,,,,,,,,518735
718768,2023-03-30,9,Bot,73,1,0,1,2,117,145,673237,625643,,,,,,,,,,,,,,,,,,,,,,,,,518735
718768,2023-03-30,9,Bot,73,2,1,1,2,117,145,673237,625643,,,,,,,,,,,,,,,,,,,,,,,,,518735
718768,2023-03-30,9,Bot,73,3,1,2,2,117,145,673237,625643,,,,,,,,,,,,,,,,,,,,,,,,,518735
718768,2023-03-30,9,Bot,73,4,1,2,2,117,145,673237,625643,,,,,,,,,,,,,,,,,,,,,,,,,518735
718768,2023-03-30,9,Bot,73,5,1,2,2,117,145,673237,625643,,,,,,,,,,,,,,,,,,,,,,,,,518735
718768,2023-03-30,9,Bot,73,6,1,2,2,117,145,673237,625643,,,,,,,,,,,,,,,,,,,,,,,,,518735
718768,2023-03-30,9,Bot,73,7,1,2,2,117,145,673237,625643,,,,,,,,,,,,,,,,,,,,,,,,,518735
718768,2023-03-30,9,Bot,73,8,1,3,2,117,145,673237,625643,strikeout,Strikeout,Yainer Diaz strikes out swinging.,T,,,,,,,,,,673237,,,T,3,Strikeout,strikeout,,,,,518735
718778,2023-03-30,1,Top,0,0,0,0,0,135,115,602074,605483,,,,,,,,,,,,,,,,,,,,,,,,,669134
718778,2023-03-30,1,Top,0,1,0,0,0,135,115,602074,605483,,,,,,,,,,,,,,,,,,,,,,,,,669134
718778,2023-03-30,1,Top,0,2,0,0,0,135,115,602074,605483,,,,,,,,,,,,,,,,,,,,,,,,,669134
718778,2023-03-30,1,Top,0,3,0,1,0,135,115,602074,605483,,,,,,,,,,,,,,,,,,,,,,,,,669134
718778,2023-03-30,1,Top,0,4,0,2,0,135,115,602074,605483,,,,,,,,,,,,,,,,,,,,,,,,,669134
718778,2023-03-30,1,Top,0,5,0,3,0,135,115,602074,605483,strikeout,Strikeout,Yonathan Daza strikes out swinging.,T,,,,,,,,,,602074,,,T,1,Strikeout,strikeout,,,,,669134
718778,2023-03-30,1,Top,1,0,0,1,1,135,115,592178,605483,,,,,,,,,,,,,,,,,,,,,,,,,669134
718778,2023-03-30,1,Top,1,1,1,1,1,135,115,592178,605483,,,,,,,,,,,,,,,,,,,,,,,,,669134
718778,2023-03-30,1,Top,1,2,2,1,1,135,115,592178,605483,,,,,,,,,,,,,,,,,,,,,,,,,669134
718778,2023-03-30,1,Top,1,3,3,1,1,135,115,592178,605483,,,,,,,,,,,,,,,,,,,,,,,,,669134
718778,2023-03-30,1,Top,1,4,3,1,1,135,115,592178,605483,double,Double,Kris Bryant doubles (1) on a sharp line drive to left fielder Juan Soto.,T,,,,,,,,,,592178,,2B,,,Double,double,,,,,669134
718778,2023-03-30,1,Top,2,0,1,0,1,135,115,453568,605483,,,,,,,,,,,,,,,,,,,,,,,,,669134
718778,2023-03-30,1,Top,2,1,1,0,1,135,115,453568,605483,single,Single,Charlie Blackmon singles on a ground ball to left fielder Juan Soto. Kris Bryant to 3rd.,T,,,,,,,,,,453568,,1B,,,Single,single,,,,,669134
718778,2023-03-30,1,Top,3,0,0,1,1,135,115,543068,605483,,,,,,,,,,,,,,,,,,,,,,,,,669134
718778,2023-03-30,1,Top,3,1,1,1,1,135,115,543068,605483,,,,,,,,,,,,,,,,,,,,,,,,,669134
718778,2023-03-30,1,Top,3,2,1,1,1,135,115,543068,605483,,,,,,,,,,,,,,,,,,,,,,,,,669134
718778,2023-03-30,1,Top,3,3,1,2,1,135,115,543068,605483,,,,,,,,,,,,,,,,,,,,,,,,,669134
718778,2023-03-30,1,Top,3,4,1,2,1,135,115,543068,605483,single,Single,C.J. Cron singles on a sharp line drive to left fielder Juan Soto. Kris Bryant scores. Charlie Blackmon to 3rd.,T,,,,,,,,,,453568,1B,2B,,,Wild Pitch,wild_pitch,r_adv_play,,,,669134
718778,2023-03-30,1,Top,4,0,1,0,1,135,115,660707,605483,,,,,,,,,,,,,,,,,,,,,,,,,669134
718778,2023-03-30,1,Top,4,1,1,1,1,135,115,660707,605483,,,,,,,,,,,,,,,,,,,,,,,,,669134
718778,2023-03-30,1,Top,4,2,2,1,1,135,115,660707,605483,,,,,,,,,,,,,,,,,,,,,,,,,669134
718778,2023-03-30,1,Top,4,3,2,2,1,135,115,660707,605483,,,,,,,,,,,,,,,,,,,,,,,,,669134
718778,2023-03-30,1,Top,4,4,3,2,1,135,115,660707,605483,,,,,,,,,,,,,,,,,,,,,,,,,669134
718778,2023-03-30,1,Top,4,5,3,3,1,135,115,660707,605483,strikeout,Strikeout,Elehuris Montero strikes out swinging.,T,,,,,,,,,,660707,,,T,2,Strikeout,strikeout,,,,,669134
718778,2023-03-30,1,Top,5,0,1,0,2,135,115,641857,605483,,,,,,,,,,,,,,,,,,,,,,,,,669134
718778,2023-03-30,1,Top,5,1,1,1,2,135,115,641857,605483,,,,,,,,,,,,,,,,,,,,,,,,,669134
718778,2023-03-30,1,Top,5,2,1,2,2,135,115,641857,605483,,,,,,,,,,,,,,,,,,,,,,,,,669134
718778,2023-03-30,1,Top,5,3,1,2,2,135,115,641857,605483,field_out,Groundout,"Ryan McMahon grounds out, pitcher Blake Snell to first baseman Jake Cronenworth.",T,,,,,,,,,,641857,,,T,3,Groundout,field_out,,,,,669134
718778,2023-03-30,1,Bot,6,0,1,0,0,135,115,663757,608566,,,,,,,,,,,,,,,,,,,,,,,,,661531
718778,2023-03-30,1,Bot,6,1,1,0,0,135,115,663757,608566,double,Double,Trent Grisham doubles (1) on a sharp line drive to right fielder Kris Bryant.,T,,,,,,,,,,663757,,2B,,,Double,double,,,,,661531
718778,2023-03-30,1,Bot,7,0,0,1,0,135,115,665742,608566,,,,,,,,,,,,,,,,,,,,,,,,,661531
718778,2023-03-30,1,Bot,7,1,0,2,0,135,115,665742,608566,,,,,,,,,,,,,,,,,,,,,,,,,661531
718778,2023-03-30,1,Bot,7,2,0,2,0,135,115,665742,608566,field_out,Groundout,"Juan Soto grounds out, second baseman Ryan McMahon to first baseman C. J. Cron. Trent Grisham to 3rd.",T,,,,,,,,,,665742,,,T,1,Groundout,field_out,,,,,661531
718778,2023-03-30,1,Bot,8,0,0,1,1,135,115,592518,608566,,,,,,,,,,,,,,,,,,,,,,,,,661531
718778,2023-03-30,1,Bot,8,1,1,1,1,135,115,592518,608566,,,,,,,,,,,,,,,,,,,,,,,,,661531
718778,2023-03-30,1,Bot,8,2,2,1,1,135,115,592518,608566,,,,,,,,,,,,,,,,,,,,,,,,,661531
718778,2023-03-30,1,Bot,8,3,2,1,1,135,115,592518,608566,sac_fly,Sac Fly,Manny Machado out on a sacrifice fly to center fielder Yonathan Daza. Trent Grisham scores.,T,,,,,,,,,,592518,,,T,2,Sac Fly,sac_fly,,,,,661531
718778,2023-03-30,1,Bot,9,0,0,1,2,135,115,593428,608566,,,,,,,,,,,,,,,,,,,,,,,,,661531
718778,2023-03-30,1,Bot,9,1,1,1,2,135,115,593428,608566,,,,,,,,,,,,,,,,,,,,,,,,,661531
718778,2023-03-30,1,Bot,9,2,2,1,2,135,115,593428,608566,,,,,,,,,,,,,,,,,,,,,,,,,661531
718778,2023-03-30,1,Bot,9,3,3,1,2,135,115,593428,608566,,,,,,,,,,,,,,,,,,,,,,,,,661531
718778,2023-03-30,1,Bot,9,4,3,1,2,135,115,593428,608566,double,Double,Xander Bogaerts doubles (1) on a sharp line drive to left fielder Harold Castro.,T,,,,,,,,,,593428,,2B,,,Double,double,,,,,661531
718778,2023-03-30,1,Bot,10,0,0,1,2,135,115,630105,608566,,,,,,,,,,,,,,,,,,,,,,,,,661531
718778,2023-03-30,1,Bot,10,1,0,1,2,135,115,630105,608566,,,,,,,,,,,,,,,,,,,,,,,,,661531
718778,2023-03-30,1,Bot,10,2,0,1,2,135,115,630105,608566,,,,,,,,,,,,,,,,,,,,,,,,,661531
718778,2023-03-30,1,Bot,10,3,0,2,2,135,115,630105,608566,,,,,,,,,,,,,,,,,,,,,,,,,661531
718778,2023-03-30,1,Bot,10,4,0,3,2,135,115,630105,608566,strikeout,Strikeout,Jake Cronenworth strikes out swinging.,T,,,,,,,,,,593428,2B,3B,,,Balk,balk,r_adv_play,,,,661531
718778,2023-03-30,2,Top,11,0,0,0,0,135,115,553869,605483,,,,,,,,,,,,,,,,,,,,,,,,,669134
718778,2023-03-30,2,Top,11,1,1,0,0,135,115,553869,605483,,,,,,,,,,,,,,,,,,,,,,,,,669134
718778,2023-03-30,2,Top,11,2,1,1,0,135,115,553869,605483,,,,,,,,,,,,,,,,,,,,,,,,,669134
718778,2023-03-30,2,Top,11,3,1,2,0,135,115,553869,605483,,,,,,,,,,,,,,,,,,,,,,,,,669134
718778,2023-03-30,2,Top,11,4,2,2,0,135,115,553869,605483,,,,,,,,,,,,,,,,,,,,,,,,,669134
718778,2023-03-30,2,Top,11,5,3,2,0,135,115,553869,605483,,,,,,,,,,,,,,,,,,,,,,,,,669134
718778,2023-03-30,2,Top,11,6,4,2,0,135,115,553869,605483,walk,Walk,Elias Diaz walks.,T,,,,,,,,,,553869,,1B,,,Walk,walk,,,,,669134
718778,2023-03-30,2,Top,12,0,0,1,0,135,115,605612,605483,,,,,,,,,,,,,,,,,,,,,,,,,669134
718778,2023-03-30,2,Top,12,1,0,2,0,135,115,605612,605483,,,,,,,,,,,,,,,,,,,,,,,,,669134
718778,2023-03-30,2,Top,12,2,1,2,0,135,115,605612,605483,,,,,,,,,,,,,,,,,,,,,,,,,669134
718778,2023-03-30,2,Top,12,3,2,2,0,135,115,605612,605483,,,,,,,,,,,,,,,,,,,,,,,,,669134
718778,2023-03-30,2,Top,12,4,2,2,0,135,115,605612,605483,field_out,Flyout,Harold Castro flies out to left fielder Juan Soto.,T,,,,,,,,,,605612,,,T,1,Flyout,field_out,,,,,669134
718778,2023-03-30,2,Top,13,0,1,0,1,135,115,678662,605483,,,,,,,,,,,,,,,,,,,,,,,,,669134
718778,2023-03-30,2,Top,13,1,2,0,1,135,115,678662,605483,,,,,,,,,,,,,,,,,,,,,,,,,669134
718778,2023-03-30,2,Top,13,2,2,0,1,135,115,678662,605483,,,,,,,,,,,,,,,,,,,,,,,,,669134
718778,2023-03-30,2,Top,13,3,2,1,1,135,115,678662,605483,,,,,,,,,,,,,,,,,,,,,,,,,669134
718778,2023-03-30,2,Top,13,4,3,1,1,135,115,678662,605483,,,,,,,,,,,,,,,,,,,,,,,,,669134
718778,2023-03-30,2,Top,13,5,3,2,1,135,115,678662,605483,,,,,,,,,,,,,,,,,,,,,,,,,669134
718778,2023-03-30,2,Top,13,6,3,3,1,135,115,678662,605483,strikeout,Strikeout,Ezequiel Tovar called out on strikes.,T,,,,,,,,,,678662,,,T,2,Strikeout,strikeout,,,,,669134
718778,2023-03-30,2,Top,14,0,0,0,2,135,115,602074,605483,,,,,,,,,,,,,,,,,,,,,,,,,669134
718778,2023-03-30,2,Top,14,1,1,0,2,135,115,602074,605483,,,,,,,,,,,,,,,,,,,,,,,,,669134
718778,2023-03-30,2,Top,14,2,1,1,2,135,115,602074,605483,,,,,,,,,,,,,,,,,,,,,,,,,669134
718778,2023-03-30,2,Top,14,3,1,2,2,135,115,602074,605483,,,,,,,,,,,,,,,,,,,,,,,,,669134
718778,2023-03-30,2,Top,14,4,1,3,2,135,115,602074,605483,strikeout,Strikeout,Yonathan Daza strikes out swinging.,T,,,,,,,,,,602074,,,T,3,Strikeout,strikeout,,,,,669134
718778,2023-03-30,2,Bot,15,0,1,0,0,135,115,572761,608566,,,,,,,,,,,,,,,,,,,,,,,,,661531
718778,2023-03-30,2,Bot,15,1,1,1,0,135,115,572761,608566,catcher_interf,Catcher Interference,Matt Carpenter reaches on catcher interference by Elias Diaz. Matt Carpenter to 1st.,T,,,,,,,,,,572761,,1B,,,Catcher Interference,catcher_interf,,,,,661531
718778,2023-03-30,2,Bot,16,0,0,1,0,135,115,543592,608566,,,,,,,,,,,,,,,,,,,,,,,,,661531
718778,2023-03-30,2,Bot,16,1,1,1,0,135,115,543592,608566,,,,,,,,,,,,,,,,,,,,,,,,,661531
718778,2023-03-30,2,Bot,16,2,2,1,0,135,115,543592,608566,,,,,,,,,,,,,,,,,,,,,,,,,661531
718778,2023-03-30,2,Bot,16,3,2,2,0,135,115,543592,608566,,,,,,,,,,,,,,,,,,,,,,,,,661531
718778,2023-03-30,2,Bot,16,4,3,2,0,135,115,543592,608566,,,,,,,,,,,,,,,,,,,,,,,,,661531
718778,2023-03-30,2,Bot,16,5,3,2,0,135,115,543592,608566,,,,,,,,,,,,,,,,,,,,,,,,,661531
718778,2023-03-30,2,Bot,16,6,3,3,0,135,115,543592,608566,strikeout,Strikeout,Austin Nola called out on strikes.,T,,,,,,,,,,543592,,,T,1,Strikeout,strikeout,,,,,661531
718778,2023-03-30,2,Bot,17,0,0,1,1,135,115,673490,608566,,,,,,,,,,,,,,,,,,,,,,,,,661531
718778,2023-03-30,2,Bot,17,1,0,2,1,135,115,673490,608566,,,,,,,,,,,,,,,,,,,,,,,,,661531
718778,2023-03-30,2,Bot,17,2,0,2,1,135,115,673490,608566,grounded_into_double_play,Grounded Into DP,"Ha-Seong Kim grounds into a double play, shortstop Ezequiel Tovar to second baseman Ryan McMahon to first baseman C. J. Cron. Matt Carpenter out at 2nd. Ha-Seong Kim out at 1st.",T,,,,,,,,,,572761,1B,,T,2,Grounded Into DP,grounded_into_double_play,r_force_out,,,,661531
718778,2023-03-30,3,Top,18,0,1,0,0,135,115,592178,605483,,,,,,,,,,,,,,,,,,,,,,,,,669134
718778,2023-03-30,3,Top,18,1,1,1,0,135,115,592178,605483,,,,,,,,,,,,,,,,,,,,,,,,,669134
718778,2023-03-30,3,Top,18,2,1,1,0,135,115,592178,605483,field_error,Field Error,Kris Bryant reaches on a fielding error by second baseman Ha-Seong Kim.,T,,,,,,,,,,592178,,1B,,,Field Error,field_error,,,,,669134
718778,2023-03-30,3,Top,19,0,0,1,0,135,115,453568,605483,,,,,,,,,,,,,,,,,,,,,,,,,669134
718778,2023-03-30,3,Top,19,1,1,1,0,135,115,453568,605483,,,,,,,,,,,,,,,,,,,,,,,,,669134
718778,2023-03-30,3,Top,19,2,2,1,0,135,115,453568,605483,,,,,,,,,,,,,,,,,,,,,,,,,669134
718778,2023-03-30,3,Top,19,3,2,1,0,135,115,453568,605483,double,Double,Charlie Blackmon doubles (1) on a line drive to right fielder David Dahl. Kris Bryant to 3rd.,T,,,,,,,,,,453568,,2B,,,Double,double,,,,,669134
718778,2023-03-30,3,Top,20,0,0,1,0,135,115,543068,605483,,,,,,,,,,,,,,,,,,,,,,,,,669134
718778,2023-03-30,3,Top,20,1,1,1,0,135,115,543068,605483,,,,,,,,,,,,,,,,,,,,,,,,,669134
718778,2023-03-30,3,Top,20,2,2,1,0,135,115,543068,605483,,,,,,,,,,,,,,,,,,,,,,,,,669134
718778,2023-03-30,3,Top,20,3,3,1,0,135,115,543068,605483,,,,,,,,,,,,,,,,,,,,,,,,,669134
718778,2023-03-30,3,Top,20,4,3,2,0,135,115,543068,605483,,,,,,,,,,,,,,,,,,,,,,,,,669134
718778,2023-03-30,3,Top,20,5,3,3,0,135,115,543068,605483,strikeout,Strikeout,C.J. Cron strikes out swinging.,T,,,,,,,,,,543068,,,T,1,Strikeout,strikeout,,,,,669134
718778,2023-03-30,3,Top,21,0,0,1,1,135,115,660707,605483,,,,,,,,,,,,,,,,,,,,,,,,,669134
718778,2023-03-30,3,Top,21,1,1,1,1,135,115,660707,605483,,,,,,,,,,,,,,,,,,,,,,,,,669134
718778,2023-03-30,3,Top,21,2,1,2,1,135,115,660707,605483,,,,,,,,,,,,,,,,,,,,,,,,,669134
718778,2023-03-30,3,Top,21,3,1,2,1,135,115,660707,605483,,,,,,,,,,,,,,,,,,,,,,,,,669134
718778,2023-03-30,3,Top,21,4,2,2,1,135,115,660707,605483,,,,,,,,,,,,,,,,,,,,,,,,,669134
718778,2023-03-30,3,Top,21,5,2,3,1,135,115,660707,605483,strikeout,Strikeout,"Elehuris Montero strikes out swinging, catcher Austin Nola to first baseman Jake Cronenworth.",T,,,,,,,,,,660707,,,T,2,Strikeout,strikeout,,,,,669134
718778,2023-03-30,3,Top,22,0,1,0,2,135,115,641857,605483,,,,,,,,,,,,,,,,,,,,,,,,,669134
718778,2023-03-30,3,Top,22,1,1,1,2,135,115,641857,605483,,,,,,,,,,,,,,,,,,,,,,,,,669134
718778,2023-03-30,3,Top,22,2,1,2,2,135,115,641857,605483,,,,,,,,,,,,,,,,,,,,,,,,,669134
718778,2023-03-30,3,Top,22,3,2,2,2,135,115,641857,605483,,,,,,,,,,,,,,,,,,,,,,,,,669134
718778,2023-03-30,3,Top,22,4,2,2,2,135,115,641857,605483,,,,,,,,,,,,,,,,,,,,,,,,,669134
718778,2023-03-30,3,Top,22,5,3,2,2,135,115,641857,605483,,,,,,,,,,,,,,,,,,,,,,,,,669134
718778,2023-03-30,3,Top,22,6,3,3,2,135,115,641857,605483,strikeout,Strikeout,Ryan McMahon strikes out swinging.,T,,,,,,,,,,641857,,,T,3,Strikeout,strikeout,,,,,669134
718778,2023-03-30,3,Bot,23,0,1,0,0,135,115,621311,608566,,,,,,,,,,,,,,,,,,,,,,,,,661531
718778,2023-03-30,3,Bot,23,1,1,1,0,135,115,621311,608566,,,,,,,,,,,,,,,,,,,,,,,,,661531
718778,2023-03-30,3,Bot,23,2,2,1,0,135,115,621311,608566,,,,,,,,,,,,,,,,,,,,,,,,,661531
718778,2023-03-30,3,Bot,23,3,2,2,0,135,115,621311,608566,,,,,,,,,,,,,,,,,,,,,,,,,661531
718778,2023-03-30,3,Bot,23,4,3,2,0,135,115,621311,608566,,,,,,,,,,,,,,,,,,,,,,,,,661531
718778,2023-03-30,3,Bot,23,5,3,3,0,135,115,621311,608566,strikeout,Strikeout,David Dahl called out on strikes.,T,,,,,,,,,,621311,,,T,1,Strikeout,strikeout,,,,,661531
718778,2023-03-30,3,Bot,24,0,0,1,1,135,115,663757,608566,,,,,,,,,,,,,,,,,,,,,,,,,661531
718778,2023-03-30,3,Bot,24,1,1,1,1,135,115,663757,608566,,,,,,,,,,,,,,,,,,,,,,,,,661531
718778,2023-03-30,3,Bot,24,2,1,1,1,135,115,663757,608566,field_out,Lineout,Trent Grisham lines out sharply to right fielder Kris Bryant.,T,,,,,,,,,,663757,,,T,2,Lineout,field_out,,,,,661531
718778,2023-03-30,3,Bot,25,0,0,1,2,135,115,665742,608566,,,,,,,,,,,,,,,,,,,,,,,,,661531
718778,2023-03-30,3,Bot,25,1,0,2,2,135,115,665742,608566,,,,,,,,,,,,,,,,,,,,,,,,,661531
718778,2023-03-30,3,Bot,25,2,0,3,2,135,115,665742,608566,strikeout,Strikeout,Juan Soto strikes out swinging.,T,,,,,,,,,,665742,,,T,3,Strikeout,strikeout,,,,,661531
718778,2023-03-30,4,Top,26,0,0,0,0,135,115,553869,605483,field_out,Groundout,"Elias Diaz grounds out, third baseman Manny Machado to first baseman Jake Cronenworth.",T,,,,,,,,,,553869,,,T,1,Groundout,field_out,,,,,669134
718778,2023-03-30,4,Top,27,0,0,1,1,135,115,605612,605483,,,,,,,,,,,,,,,,,,,,,,,,,669134
718778,2023-03-30,4,Top,27,1,1,1,1,135,115,605612,605483,,,,,,,,,,,,,,,,,,,,,,,,,669134
718778,2023-03-30,4,Top,27,2,1,2,1,135,115,605612,605483,,,,,,,,,,,,,,,,,,,,,,,,,669134
718778,2023-03-30,4,Top,27,3,2,2,1,135,115,605612,605483,,,,,,,,,,,,,,,,,,,,,,,,,669134
718778,2023-03-30,4,Top,27,4,2,2,1,135,115,605612,605483,,,,,,,,,,,,,,,,,,,,,,,,,669134
718778,2023-03-30,4,Top,27,5,2,3,1,135,115,605612,605483,strikeout,Strikeout,Harold Castro strikes out swinging.,T,,,,,,,,,,605612,,,T,2,Strikeout,strikeout,,,,,669134
718778,2023-03-30,4,Top,28,0,0,1,2,135,115,678662,605483,,,,,,,,,,,,,,,,,,,,,,,,,669134
718778,2023-03-30,4,Top,28,1,0,2,2,135,115,678662,605483,,,,,,,,,,,,,,,,,,,,,,,,,669134
718778,2023-03-30,4,Top,28,2,0,2,2,135,115,678662,605483,,,,,,,,,,,,,,,,,,,,,,,,,669134
718778,2023-03-30,4,Top,28,3,1,2,2,135,115,678662,605483,,,,,,,,,,,,,,,,,,,,,,,,,669134
718778,2023-03-30,4,Top,28,4,1,3,2,135,115,678662,605483,strikeout,Strikeout,Ezequiel Tovar strikes out swinging.,T,,,,,,,,,,678662,,,T,3,Strikeout,strikeout,,,,,669134
718778,2023-03-30,4,Bot,29,0,1,0,0,135,115,592518,608566,,,,,,,,,,,,,,,,,,,,,,,,,661531
718778,2023-03-30,4,Bot,29,1,1,0,0,135,115,592518,608566,single,Single,Manny Machado singles on a ground ball to left fielder Harold Castro.,T,,,,,,,,,,592518,,1B,,,Single,single,,,,,661531
718778,2023-03-30,4,Bot,30,0,0,1,0,135,115,593428,608566,,,,,,,,,,,,,,,,,,,,,,,,,661531
718778,2023-03-30,4,Bot,30,1,1,1,0,135,115,593428,608566,,,,,,,,,,,,,,,,,,,,,,,,,661531
718778,2023-03-30,4,Bot,30,2,1,1,0,135,115,593428,608566,double,Double,Xander Bogaerts doubles (2) on a ground ball to left fielder Harold Castro. Manny Machado to 3rd.,T,,,,,,,,,,593428,,2B,,,Double,double,,,,,661531
718778,2023-03-30,4,Bot,31,0,1,0,0,135,115,630105,608566,,,,,,,,,,,,,,,,,,,,,,,,,661531
718778,2023-03-30,4,Bot,31,1,1,1,0,135,115,630105,608566,,,,,,,,,,,,,,,,,,,,,,,,,661531
718778,2023-03-30,4,Bot,31,2,1,2,0,135,115,630105,608566,,,,,,,,,,,,,,,,,,,,,,,,,661531
718778,2023-03-30,4,Bot,31,3,2,2,0,135,115,630105,608566,,,,,,,,,,,,,,,,,,,,,,,,,661531
718778,2023-03-30,4,Bot,31,4,2,2,0,135,115,630105,608566,fielders_choice_out,Fielders Choice Out,"Jake Cronenworth reaches on a fielder's choice out, pitcher German Marquez to catcher Elias Diaz. Manny Machado out at home. Xander Bogaerts to 3rd.",T,,,,,,,,,,592518,3B,,T,1,Fielders Choice Out,fielders_choice_out,r_runner_out,,,,661531
718778,2023-03-30,4,Bot,32,0,1,0,1,135,115,572761,608566,,,,,,,,,,,,,,,,,,,,,,,,,661531
718778,2023-03-30,4,Bot,32,1,1,1,1,135,115,572761,608566,,,,,,,,,,,,,,,,,,,,,,,,,661531
718778,2023-03-30,4,Bot,32,2,1,1,1,135,115,572761,608566,fielders_choice,Fielders Choice,"Matt Carpenter reaches on a fielder's choice, fielded by first baseman C. J. Cron. Xander Bogaerts scores. Jake Cronenworth to 2nd. Throwing error by first baseman C. J. Cron.",T,,,,,,,,,,630105,1B,2B,,,Error,error,r_adv_play,,,,661531
718778,2023-03-30,4,Bot,33,0,1,0,1,135,115,543592,608566,,,,,,,,,,,,,,,,,,,,,,,,,661531
718778,2023-03-30,4,Bot,33,1,1,1,1,135,115,543592,608566,,,,,,,,,,,,,,,,,,,,,,,,,661531
718778,2023-03-30,4,Bot,33,2,1,2,1,135,115,543592,608566,,,,,,,,,,,,,,,,,,,,,,,,,661531
718778,2023-03-30,4,Bot,33,3,1,2,1,135,115,543592,608566,grounded_into_double_play,Grounded Into DP,"Austin Nola grounds into a double play, third baseman Elehuris Montero to second baseman Ryan McMahon to first baseman C. J. Cron. Matt Carpenter out at 2nd. Austin Nola out at 1st.",T,,,,,,,,,,572761,1B,,T,2,Grounded Into DP,grounded_into_double_play,r_force_out,,,,661531
718778,2023-03-30,5,Top,34,0,1,0,0,135,115,602074,605483,,,,,,,,,,,,,,,,,,,,,,,,,669134
718778,2023-03-30,5,Top,34,1,2,0,0,135,115,602074,605483,,,,,,,,,,,,,,,,,,,,,,,,,669134
718778,2023-03-30,5,Top,34,2,3,0,0,135,115,602074,605483,,,,,,,,,,,,,,,,,,,,,,,,,669134
718778,2023-03-30,5,Top,34,3,3,1,0,135,115,602074,605483,,,,,,,,,,,,,,,,,,,,,,,,,669134
718778,2023-03-30,5,Top,34,4,3,2,0,135,115,602074,605483,,,,,,,,,,,,,,,,,,,,,,,,,669134
718778,2023-03-30,5,Top,34,5,3,2,0,135,115,602074,605483,,,,,,,,,,,,,,,,,,,,,,,,,669134
718778,2023-03-30,5,Top,34,6,3,2,0,135,115,602074,605483,single,Single,Yonathan Daza singles on a line drive to right fielder David Dahl.,T,,,,,,,,,,602074,,1B,,,Single,single,,,,,669134
718778,2023-03-30,5,Top,35,0,0,1,0,135,115,592178,605483,,,,,,,,,,,,,,,,,,,,,,,,,669134
718778,2023-03-30,5,Top,35,1,0,2,0,135,115,592178,605483,,,,,,,,,,,,,,,,,,,,,,,,,669134
718778,2023-03-30,5,Top,35,2,0,2,0,135,115,592178,605483,,,,,,,,,,,,,,,,,,,,,,,,,669134
718778,2023-03-30,5,Top,35,3,0,2,0,135,115,592178,605483,field_out,Pop Out,Kris Bryant pops out to first baseman Jake Cronenworth in foul territory.,T,,,,,,,,,,592178,,,T,1,Pop Out,field_out,,,,,669134
718778,2023-03-30,5,Top,36,0,1,0,1,135,115,453568,605483,,,,,,,,,,,,,,,,,,,,,,,,,669134
718778,2023-03-30,5,Top,36,1,1,0,1,135,115,453568,605483,single,Single,Charlie Blackmon singles on a line drive to left fielder Juan Soto. Yonathan Daza to 2nd.,T,,,,,,,,,,453568,,1B,,,Single,single,,,,,669134
718778,2023-03-30,5,Top,37,0,0,0,1,135,115,543068,622503,,,,,,,,,,,,,,,,,,,,,,,,,669134
718778,2023-03-30,5,Top,37,1,0,0,1,135,115,543068,622503,,,,,,,,,,,,,,,,,,,,,,,,,669134
718778,2023-03-30,5,Top,37,2,1,0,1,135,115,543068,622503,,,,,,,,,,,,,,,,,,,,,,,,,669134
718778,2023-03-30,5,Top,37,3,1,0,1,135,115,543068,622503,,,,,,,,,,,,,,,,,,,,,,,,,669134
718778,2023-03-30,5,Top,37,4,1,1,1,135,115,543068,622503,,,,,,,,,,,,,,,,,,,,,,,,,669134
718778,2023-03-30,5,Top,37,5,1,2,1,135,115,543068,622503,,,,,,,,,,,,,,,,,,,,,,,,,669134
718778,2023-03-30,5,Top,37,6,1,2,1,135,115,543068,622503,home_run,Home Run,C.J. Cron homers (1) on a line drive to left field. Yonathan Daza scores. Charlie Blackmon scores.,T,,,,,,,,,,602074,2B,3B,,,Wild Pitch,wild_pitch,r_adv_play,,,,669134
718778,2023-03-30,5,Top,38,0,1,0,1,135,115,660707,622503,,,,,,,,,,,,,,,,,,,,,,,,,669134
718778,2023-03-30,5,Top,38,1,2,0,1,135,115,660707,622503,,,,,,,,,,,,,,,,,,,,,,,,,669134
718778,2023-03-30,5,Top,38,2,2,1,1,135,115,660707,622503,,,,,,,,,,,,,,,,,,,,,,,,,669134
718778,2023-03-30,5,Top,38,3,2,2,1,135,115,660707,622503,,,,,,,,,,,,,,,,,,,,,,,,,669134
718778,2023-03-30,5,Top,38,4,2,3,1,135,115,660707,622503,strikeout,Strikeout,Elehuris Montero strikes out swinging.,T,,,,,,,,,,660707,,,T,2,Strikeout,strikeout,,,,,669134
718778,2023-03-30,5,Top,39,0,1,0,2,135,115,641857,622503,,,,,,,,,,,,,,,,,,,,,,,,,669134
718778,2023-03-30,5,Top,39,1,1,0,2,135,115,641857,622503,field_out,Groundout,Ryan McMahon grounds out to first baseman Jake Cronenworth.,T,,,,,,,,,,641857,,,T,3,Groundout,field_out,,,,,669134
718778,2023-03-30,5,Bot,40,0,0,1,0,135,115,673490,608566,,,,,,,,,,,,,,,,,,,,,,,,,661531
718778,2023-03-30,5,Bot,40,1,0,2,0,135,115,673490,608566,,,,,,,,,,,,,,,,,,,,,,,,,661531
718778,2023-03-30,5,Bot,40,2,0,2,0,135,115,673490,608566,field_out,Pop Out,Ha-Seong Kim pops out to shortstop Ezequiel Tovar.,T,,,,,,,,,,673490,,,T,1,Pop Out,field_out,,,,,661531
718778,2023-03-30,5,Bot,41,0,1,0,1,135,115,621311,608566,,,,,,,,,,,,,,,,,,,,,,,,,661531
718778,2023-03-30,5,Bot,41,1,1,1,1,135,115,621311,608566,,,,,,,,,,,,,,,,,,,,,,,,,661531
718778,2023-03-30,5,Bot,41,2,1,1,1,135,115,621311,608566,field_out,Flyout,David Dahl flies out to left fielder Harold Castro.,T,,,,,,,,,,621311,,,T,2,Flyout,field_out,,,,,661531
718778,2023-03-30,5,Bot,42,0,1,0,2,135,115,663757,608566,,,,,,,,,,,,,,,,,,,,,,,,,661531
718778,2023-03-30,5,Bot,42,1,1,1,2,135,115,663757,608566,,,,,,,,,,,,,,,,,,,,,,,,,661531
718778,2023-03-30,5,Bot,42,2,1,1,2,135,115,663757,608566,field_out,Flyout,Trent Grisham flies out sharply to left fielder Harold Castro.,T,,,,,,,,,,663757,,,T,3,Flyout,field_out,,,,,661531
718778,2023-03-30,6,Top,43,0,0,0,0,135,115,553869,622503,single,Single,Elias Diaz singles on a ground ball to left fielder Juan Soto.,T,,,,,,,,,,553869,,1B,,,Single,single,,,,,669134
718778,2023-03-30,6,Top,44,0,0,1,0,135,115,605612,622503,,,,,,,,,,,,,,,,,,,,,,,,,669134
718778,2023-03-30,6,Top,44,1,0,1,0,135,115,605612,622503,,,,,,,,,,,,,,,,,,,,,,,,,669134
718778,2023-03-30,6,Top,44,2,0,2,0,135,115,605612,622503,,,,,,,,,,,,,,,,,,,,,,,,,669134
718778,2023-03-30,6,Top,44,3,0,2,0,135,115,605612,622503,force_out,Forceout,"Harold Castro grounds into a force out, pitcher Nabil Crismatt to shortstop Xander Bogaerts. Elias Diaz out at 2nd. Harold Castro to 1st.",T,,,,,,,,,,553869,1B,,T,1,Forceout,force_out,r_force_out,,,,669134
718778,2023-03-30,6,Top,45,0,1,0,1,135,115,678662,622503,,,,,,,,,,,,,,,,,,,,,,,,,669134
718778,2023-03-30,6,Top,45,1,2,0,1,135,115,678662,622503,,,,,,,,,,,,,,,,,,,,,,,,,669134
718778,2023-03-30,6,Top,45,2,2,1,1,135,115,678662,622503,,,,,,,,,,,,,,,,,,,,,,,,,669134
718778,2023-03-30,6,Top,45,3,2,2,1,135,115,678662,622503,,,,,,,,,,,,,,,,,,,,,,,,,669134
718778,2023-03-30,6,Top,45,4,2,2,1,135,115,678662,622503,single,Single,Ezequiel Tovar singles on a ground ball to left fielder Juan Soto. Harold Castro to 2nd.,T,,,,,,,,,,678662,,1B,,,Single,single,,,,,669134
718778,2023-03-30,6,Top,46,0,1,0,1,135,115,602074,622503,,,,,,,,,,,,,,,,,,,,,,,,,669134
718778,2023-03-30,6,Top,46,1,1,0,1,135,115,602074,622503,,,,,,,,,,,,,,,,,,,,,,,,,669134
718778,2023-03-30,6,Top,46,2,1,1,1,135,115,602074,622503,,,,,,,,,,,,,,,,,,,,,,,,,669134
718778,2023-03-30,6,Top,46,3,1,2,1,135,115,602074,622503,,,,,,,,,,,,,,,,,,,,,,,,,669134
718778,2023-03-30,6,Top,46,4,1,3,1,135,115,602074,622503,strikeout,Strikeout,Yonathan Daza strikes out swinging.,T,,,,,,,,,,602074,,,T,2,Strikeout,strikeout,,,,,669134
718778,2023-03-30,6,Top,47,0,1,0,2,135,115,592178,622503,,,,,,,,,,,,,,,,,,,,,,,,,669134
718778,2023-03-30,6,Top,47,1,1,1,2,135,115,592178,622503,,,,,,,,,,,,,,,,,,,,,,,,,669134
718778,2023-03-30,6,Top,47,2,1,2,2,135,115,592178,622503,,,,,,,,,,,,,,,,,,,,,,,,,669134
718778,2023-03-30,6,Top,47,3,1,2,2,135,115,592178,622503,single,Single,Kris Bryant singles on a fly ball to left fielder Juan Soto. Harold Castro scores. Ezequiel Tovar to 3rd.,T,,,,,,,,,,592178,,1B,,,Single,single,,,,,669134
718778,2023-03-30,6,Top,48,0,1,0,2,135,115,453568,622503,,,,,,,,,,,,,,,,,,,,,,,,,669134
718778,2023-03-30,6,Top,48,1,1,1,2,135,115,453568,622503,,,,,,,,,,,,,,,,,,,,,,,,,669134
718778,2023-03-30,6,Top,48,2,2,1,2,135,115,453568,622503,,,,,,,,,,,,,,,,,,,,,,,,,669134
718778,2023-03-30,6,Top,48,3,2,1,2,135,115,453568,622503,field_out,Flyout,Charlie Blackmon flies out to center fielder Trent Grisham.,T,,,,,,,,,,453568,,,T,3,Flyout,field_out,,,,,669134
718778,2023-03-30,6,Bot,49,0,0,1,0,135,115,665742,608566,,,,,,,,,,,,,,,,,,,,,,,,,661531
718778,2023-03-30,6,Bot,49,1,1,1,0,135,115,665742,608566,,,,,,,,,,,,,,,,,,,,,,,,,661531
718778,2023-03-30,6,Bot,49,2,2,1,0,135,115,665742,608566,,,,,,,,,,,,,,,,,,,,,,,,,661531
718778,2023-03-30,6,Bot,49,3,2,1,0,135,115,665742,608566,field_out,Groundout,"Juan Soto grounds out, second baseman Ryan McMahon to first baseman C. J. Cron.",T,,,,,,,,,,665742,,,T,1,Groundout,field_out,,,,,661531
718778,2023-03-30,6,Bot,50,0,1,0,1,135,115,592518,608566,,,,,,,,,,,,,,,,,,,,,,,,,661531
718778,2023-03-30,6,Bot,50,1,2,0,1,135,115,592518,608566,,,,,,,,,,,,,,,,,,,,,,,,,661531
718778,2023-03-30,6,Bot,50,2,2,1,1,135,115,592518,608566,,,,,,,,,,,,,,,,,,,,,,,,,661531
718778,2023-03-30,6,Bot,50,3,2,2,1,135,115,592518,608566,,,,,,,,,,,,,,,,,,,,,,,,,661531
718778,2023-03-30,6,Bot,50,4,2,3,1,135,115,592518,608566,strikeout,Strikeout,Manny Machado called out on strikes.,T,,,,,,,,,,592518,,,T,2,Strikeout,strikeout,,,,,661531
718778,2023-03-30,6,Bot,51,0,1,0,2,135,115,593428,608566,,,,,,,,,,,,,,,,,,,,,,,,,661531
718778,2023-03-30,6,Bot,51,1,1,1,2,135,115,593428,608566,,,,,,,,,,,,,,,,,,,,,,,,,661531
718778,2023-03-30,6,Bot,51,2,2,1,2,135,115,593428,608566,,,,,,,,,,,,,,,,,,,,,,,,,661531
718778,2023-03-30,6,Bot,51,3,2,2,2,135,115,593428,608566,,,,,,,,,,,,,,,,,,,,,,,,,661531
718778,2023-03-30,6,Bot,51,4,2,2,2,135,115,593428,608566,,,,,,,,,,,,,,,,,,,,,,,,,661531
718778,2023-03-30,6,Bot,51,5,3,2,2,135,115,593428,608566,,,,,,,,,,,,,,,,,,,,,,,,,661531
718778,2023-03-30,6,Bot,51,6,3,2,2,135,115,593428,608566,single,Single,Xander Bogaerts singles on a line drive to center fielder Yonathan Daza.,T,,,,,,,,,,593428,,1B,,,Single,single,,,,,661531
718778,2023-03-30,6,Bot,52,0,0,1,2,135,115,630105,608566,,,,,,,,,,,,,,,,,,,,,,,,,661531
718778,2023-03-30,6,Bot,52,1,0,2,2,135,115,630105,608566,catcher_interf,Catcher Interference,Jake Cronenworth reaches on catcher interference by Elias Diaz. Xander Bogaerts to 2nd. Jake Cronenworth to 1st.,T,,,,,,,,,,593428,1B,2B,,,Catcher Interference,catcher_interf,r_adv_play,,,,661531
718778,2023-03-30,6,Bot,53,0,0,0,2,135,115,572761,608566,,,,,,,,,,,,,,,,,,,,,,,,,661531
718778,2023-03-30,6,Bot,53,1,1,0,2,135,115,572761,608566,,,,,,,,,,,,,,,,,,,,,,,,,661531
718778,2023-03-30,6,Bot,53,2,1,1,2,135,115,572761,608566,,,,,,,,,,,,,,,,,,,,,,,,,661531
718778,2023-03-30,6,Bot,53,3,1,1,2,135,115,572761,608566,field_out,Flyout,Matt Carpenter flies out sharply to center fielder Yonathan Daza.,T,,,,,,,,,,572761,,,T,3,Flyout,field_out,,,,,661531
718778,2023-03-30,7,Top,54,0,0,0,0,135,115,543068,593619,,,,,,,,,,,,,,,,,,,,,,,,,669134
718778,2023-03-30,7,Top,54,1,0,0,0,135,115,543068,593619,home_run,Home Run,C.J. Cron homers (2) on a fly ball to right field.,T,,,,,,,,,,543068,,score,,,Home Run,home_run,,T,T,T,669134
718778,2023-03-30,7,Top,55,0,0,1,0,135,115,660707,593619,,,,,,,,,,,,,,,,,,,,,,,,,669134
718778,2023-03-30,7,Top,55,1,1,1,0,135,115,660707,593619,,,,,,,,,,,,,,,,,,,,,,,,,669134
718778,2023-03-30,7,Top,55,2,1,1,0,135,115,660707,593619,home_run,Home Run,Elehuris Montero homers (1) on a line drive to left center field.,T,,,,,,,,,,660707,,score,,,Home Run,home_run,,T,T,T,669134
718778,2023-03-30,7,Top,56,0,1,0,0,135,115,641857,593619,,,,,,,,,,,,,,,,,,,,,,,,,669134
718778,2023-03-30,7,Top,56,1,1,0,0,135,115,641857,593619,,,,,,,,,,,,,,,,,,,,,,,,,669134
718778,2023-03-30,7,Top,56,2,1,1,0,135,115,641857,593619,,,,,,,,,,,,,,,,,,,,,,,,,669134
718778,2023-03-30,7,Top,56,3,2,1,0,135,115,641857,593619,,,,,,,,,,,,,,,,,,,,,,,,,669134
718778,2023-03-30,7,Top,56,4,3,1,0,135,115,641857,593619,,,,,,,,,,,,,,,,,,,,,,,,,669134
718778,2023-03-30,7,Top,56,5,3,2,0,135,115,641857,593619,,,,,,,,,,,,,,,,,,,,,,,,,669134
718778,2023-03-30,7,Top,56,6,3,2,0,135,115,641857,593619,double,Double,Ryan McMahon doubles (1) on a ground ball to right fielder David Dahl.,T,,,,,,,,,,641857,,2B,,,Double,double,,,,,669134
718778,2023-03-30,7,Top,57,0,0,1,0,135,115,553869,593619,,,,,,,,,,,,,,,,,,,,,,,,,669134
718778,2023-03-30,7,Top,57,1,0,2,0,135,115,553869,593619,,,,,,,,,,,,,,,,,,,,,,,,,669134
718778,2023-03-30,7,Top,57,2,0,3,0,135,115,553869,593619,strikeout,Strikeout,Elias Diaz strikes out swinging.,T,,,,,,,,,,553869,,,T,1,Strikeout,strikeout,,,,,669134
718778,2023-03-30,7,Top,58,0,0,1,1,135,115,605612,593619,,,,,,,,,,,,,,,,,,,,,,,,,669134
718778,2023-03-30,7,Top,58,1,0,2,1,135,115,605612,593619,,,,,,,,,,,,,,,,,,,,,,,,,669134
718778,2023-03-30,7,Top,58,2,0,2,1,135,115,605612,593619,,,,,,,,,,,,,,,,,,,,,,,,,669134
718778,2023-03-30,7,Top,58,3,0,2,1,135,115,605612,593619,,,,,,,,,,,,,,,,,,,,,,,,,669134
718778,2023-03-30,7,Top,58,4,0,3,1,135,115,605612,593619,strikeout,Strikeout,Harold Castro strikes out swinging.,T,,T,,,,,,,,641857,2B,3B,,,Stolen Base 3B,stolen_base_3b,r_stolen_base_3b,,,,669134
718778,2023-03-30,7,Top,59,0,0,1,2,135,115,678662,593619,,,,,,,,,,,,,,,,,,,,,,,,,669134
718778,2023-03-30,7,Top,59,1,0,2,2,135,115,678662,593619,,,,,,,,,,,,,,,,,,,,,,,,,669134
718778,2023-03-30,7,Top,59,2,1,2,2,135,115,678662,593619,,,,,,,,,,,,,,,,,,,,,,,,,669134
718778,2023-03-30,7,Top,59,3,2,2,2,135,115,678662,593619,,,,,,,,,,,,,,,,,,,,,,,,,669134
718778,2023-03-30,7,Top,59,4,2,2,2,135,115,678662,593619,field_out,Groundout,"Ezequiel Tovar grounds out, third baseman Manny Machado to first baseman Jake Cronenworth.",T,,,,,,,,,,678662,,,T,3,Groundout,field_out,,,,,669134
718778,2023-03-30,7,Bot,60,0,0,0,0,135,115,543592,659275,,,,,,,,,,,,,,,,,,,,,,,,,661531
718778,2023-03-30,7,Bot,60,1,1,0,0,135,115,543592,659275,,,,,,,,,,,,,,,,,,,,,,,,,661531
718778,2023-03-30,7,Bot,60,2,1,0,0,135,115,543592,659275,single,Single,Austin Nola singles on a ground ball to left fielder Harold Castro.,T,,,,,,,,,,543592,,1B,,,Single,single,,,,,661531
718778,2023-03-30,7,Bot,61,0,1,0,0,135,115,673490,659275,,,,,,,,,,,,,,,,,,,,,,,,,661531
718778,2023-03-30,7,Bot,61,1,1,1,0,135,115,673490,659275,,,,,,,,,,,,,,,,,,,,,,,,,661531
718778,2023-03-30,7,Bot,61,2,1,2,0,135,115,673490,659275,,,,,,,,,,,,,,,,,,,,,,,,,661531
718778,2023-03-30,7,Bot,61,3,1,2,0,135,115,673490,659275,,,,,,,,,,,,,,,,,,,,,,,,,661531
718778,2023-03-30,7,Bot,61,4,1,2,0,135,115,673490,659275,single,Single,Ha-Seong Kim singles on a line drive to left fielder Harold Castro. Austin Nola to 2nd.,T,,,,,,,,,,673490,,1B,,,Single,single,,,,,661531
718778,2023-03-30,7,Bot,62,0,1,0,0,135,115,621311,659275,,,,,,,,,,,,,,,,,,,,,,,,,661531
718778,2023-03-30,7,Bot,62,1,1,1,0,135,115,621311,659275,,,,,,,,,,,,,,,,,,,,,,,,,661531
718778,2023-03-30,7,Bot,62,2,2,1,0,135,115,621311,659275,,,,,,,,,,,,,,,,,,,,,,,,,661531
718778,2023-03-30,7,Bot,62,3,2,2,0,135,115,621311,659275,,,,,,,,,,,,,,,,,,,,,,,,,661531
718778,2023-03-30,7,Bot,62,4,2,2,0,135,115,621311,659275,,,,,,,,,,,,,,,,,,,,,,,,,661531
718778,2023-03-30,7,Bot,62,5,2,3,0,135,115,621311,659275,strikeout,Strikeout,David Dahl called out on strikes.,T,,,,,,,,,,621311,,,T,1,Strikeout,strikeout,,,,,661531
718778,2023-03-30,7,Bot,63,0,0,1,1,135,115,663757,659275,,,,,,,,,,,,,,,,,,,,,,,,,661531
718778,2023-03-30,7,Bot,63,1,1,1,1,135,115,663757,659275,,,,,,,,,,,,,,,,,,,,,,,,,661531
718778,2023-03-30,7,Bot,63,2,2,1,1,135,115,663757,659275,,,,,,,,,,,,,,,,,,,,,,,,,661531
718778,2023-03-30,7,Bot,63,3,2,2,1,135,115,663757,659275,,,,,,,,,,,,,,,,,,,,,,,,,661531
718778,2023-03-30,7,Bot,63,4,2,2,1,135,115,663757,659275,,,,,,,,,,,,,,,,,,,,,,,,,661531
718778,2023-03-30,7,Bot,63,5,2,3,1,135,115,663757,659275,strikeout,Strikeout,Trent Grisham strikes out swinging.,T,,,,,,,,,,663757,,,T,2,Strikeout,strikeout,,,,,661531
718778,2023-03-30,7,Bot,64,0,0,0,2,135,115,665742,659275,field_out,Groundout,"Juan Soto grounds out, second baseman Ryan McMahon to first baseman C. J. Cron.",T,,,,,,,,,,665742,,,T,3,Groundout,field_out,,,,,661531
718778,2023-03-30,8,Top,65,0,0,1,0,135,115,602074,593619,,,,,,,,,,,,,,,,,,,,,,,,,669134
718778,2023-03-30,8,Top,65,1,1,1,0,135,115,602074,593619,,,,,,,,,,,,,,,,,,,,,,,,,669134
718778,2023-03-30,8,Top,65,2,1,2,0,135,115,602074,593619,,,,,,,,,,,,,,,,,,,,,,,,,669134
718778,2023-03-30,8,Top,65,3,1,2,0,135,115,602074,593619,,,,,,,,,,,,,,,,,,,,,,,,,669134
718778,2023-03-30,8,Top,65,4,2,2,0,135,115,602074,593619,,,,,,,,,,,,,,,,,,,,,,,,,669134
718778,2023-03-30,8,Top,65,5,2,2,0,135,115,602074,593619,,,,,,,,,,,,,,,,,,,,,,,,,669134
718778,2023-03-30,8,Top,65,6,2,3,0,135,115,602074,593619,strikeout,Strikeout,Yonathan Daza strikes out swinging.,T,,,,,,,,,,602074,,,T,1,Strikeout,strikeout,,,,,669134
718778,2023-03-30,8,Top,66,0,1,0,1,135,115,592178,593619,,,,,,,,,,,,,,,,,,,,,,,,,669134
718778,2023-03-30,8,Top,66,1,1,1,1,135,115,592178,593619,,,,,,,,,,,,,,,,,,,,,,,,,669134
718778,2023-03-30,8,Top,66,2,1,2,1,135,115,592178,593619,,,,,,,,,,,,,,,,,,,,,,,,,669134
718778,2023-03-30,8,Top,66,3,1,2,1,135,115,592178,593619,,,,,,,,,,,,,,,,,,,,,,,,,669134
718778,2023-03-30,8,Top,66,4,2,2,1,135,115,592178,593619,,,,,,,,,,,,,,,,,,,,,,,,,669134
718778,2023-03-30,8,Top,66,5,2,2,1,135,115,592178,593619,single,Single,Kris Bryant singles on a ground ball to third baseman Manny Machado.,T,,,,,,,,,,592178,,1B,,,Single,single,,,,,669134
718778,2023-03-30,8,Top,67,0,0,1,1,135,115,453568,593619,,,,,,,,,,,,,,,,,,,,,,,,,669134
718778,2023-03-30,8,Top,67,1,0,2,1,135,115,453568,593619,,,,,,,,,,,,,,,,,,,,,,,,,669134
718778,2023-03-30,8,Top,67,2,0,3,1,135,115,453568,593619,strikeout,Strikeout,Charlie Blackmon strikes out swinging.,T,,,,,,,,,,453568,,,T,2,Strikeout,strikeout,,,,,669134
718778,2023-03-30,8,Top,68,0,1,0,2,135,115,543068,593619,,,,,,,,,,,,,,,,,,,,,,,,,669134
718778,2023-03-30,8,Top,68,1,2,0,2,135,115,543068,593619,,,,,,,,,,,,,,,,,,,,,,,,,669134
718778,2023-03-30,8,Top,68,2,2,1,2,135,115,543068,593619,,,,,,,,,,,,,,,,,,,,,,,,,669134
718778,2023-03-30,8,Top,68,3,2,2,2,135,115,543068,593619,,,,,,,,,,,,,,,,,,,,,,,,,669134
718778,2023-03-30,8,Top,68,4,2,2,2,135,115,543068,593619,double,Double,"Rockies challenged (tag play), call on the field was upheld: Rockies challenged (home-plate collision), call on the field was upheld: C.J. Cron doubles (1) on a sharp line drive to left fielder Juan Soto. Kris Bryant out at home on the throw, left fielder Juan Soto to shortstop Xander Bogaerts to catcher Austin Nola.",T,,,,,,,,,,543068,,2B,,,Double,double,,,,,669134
718778,2023-03-30,8,Bot,69,0,0,0,0,135,115,592518,664875,,,,,,,,,,,,,,,,,,,,,,,,,661531
718778,2023-03-30,8,Bot,69,1,1,0,0,135,115,592518,664875,,,,,,,,,,,,,,,,,,,,,,,,,661531
718778,2023-03-30,8,Bot,69,2,1,1,0,135,115,592518,664875,,,,,,,,,,,,,,,,,,,,,,,,,661531
718778,2023-03-30,8,Bot,69,3,1,2,0,135,115,592518,664875,,,,,,,,,,,,,,,,,,,,,,,,,661531
718778,2023-03-30,8,Bot,69,4,1,3,0,135,115,592518,664875,strikeout,Strikeout,Manny Machado strikes out swinging.,T,,,,,,,,,,592518,,,T,1,Strikeout,strikeout,,,,,661531
718778,2023-03-30,8,Bot,70,0,0,1,1,135,115,593428,664875,,,,,,,,,,,,,,,,,,,,,,,,,661531
718778,2023-03-30,8,Bot,70,1,1,1,1,135,115,593428,664875,,,,,,,,,,,,,,,,,,,,,,,,,661531
718778,2023-03-30,8,Bot,70,2,2,1,1,135,115,593428,664875,,,,,,,,,,,,,,,,,,,,,,,,,661531
718778,2023-03-30,8,Bot,70,3,2,2,1,135,115,593428,664875,,,,,,,,,,,,,,,,,,,,,,,,,661531
718778,2023-03-30,8,Bot,70,4,2,2,1,135,115,593428,664875,,,,,,,,,,,,,,,,,,,,,,,,,661531
718778,2023-03-30,8,Bot,70,5,2,2,1,135,115,593428,664875,,,,,,,,,,,,,,,,,,,,,,,,,661531
718778,2023-03-30,8,Bot,70,6,2,3,1,135,115,593428,664875,strikeout,Strikeout,Xander Bogaerts called out on strikes.,T,,,,,,,,,,593428,,,T,2,Strikeout,strikeout,,,,,661531
718778,2023-03-30,8,Bot,71,0,0,1,2,135,115,630105,664875,,,,,,,,,,,,,,,,,,,,,,,,,661531
718778,2023-03-30,8,Bot,71,1,0,2,2,135,115,630105,664875,,,,,,,,,,,,,,,,,,,,,,,,,661531
718778,2023-03-30,8,Bot,71,2,0,2,2,135,115,630105,664875,,,,,,,,,,,,,,,,,,,,,,,,,661531
718778,2023-03-30,8,Bot,71,3,0,2,2,135,115,630105,664875,,,,,,,,,,,,,,,,,,,,,,,,,661531
718778,2023-03-30,8,Bot,71,4,0,3,2,135,115,630105,664875,strikeout,Strikeout,Jake Cronenworth called out on strikes.,T,,,,,,,,,,630105,,,T,3,Strikeout,strikeout,,,,,661531
718778,2023-03-30,9,Top,72,0,0,0,0,135,115,660707,621051,,,,,,,,,,,,,,,,,,,,,,,,,669134
718778,2023-03-30,9,Top,72,1,1,0,0,135,115,660707,621051,,,,,,,,,,,,,,,,,,,,,,,,,669134
718778,2023-03-30,9,Top,72,2,1,1,0,135,115,660707,621051,,,,,,,,,,,,,,,,,,,,,,,,,669134
718778,2023-03-30,9,Top,72,3,1,1,0,135,115,660707,621051,single,Single,Elehuris Montero singles on a fly ball to right fielder David Dahl.,T,,,,,,,,,,660707,,1B,,,Single,single,,,,,669134
718778,2023-03-30,9,Top,73,0,0,1,0,135,115,641857,621051,,,,,,,,,,,,,,,,,,,,,,,,,669134
718778,2023-03-30,9,Top,73,1,0,2,0,135,115,641857,621051,,,,,,,,,,,,,,,,,,,,,,,,,669134
718778,2023-03-30,9,Top,73,2,0,3,0,135,115,641857,621051,strikeout,Strikeout,Ryan McMahon strikes out swinging.,T,,,,,,,,,,641857,,,T,1,Strikeout,strikeout,,,,,669134
718778,2023-03-30,9,Top,74,0,0,1,1,135,115,553869,621051,,,,,,,,,,,,,,,,,,,,,,,,,669134
718778,2023-03-30,9,Top,74,1,0,2,1,135,115,553869,621051,,,,,,,,,,,,,,,,,,,,,,,,,669134
718778,2023-03-30,9,Top,74,2,1,2,1,135,115,553869,621051,,,,,,,,,,,,,,,,,,,,,,,,,669134
718778,2023-03-30,9,Top,74,3,2,2,1,135,115,553869,621051,,,,,,,,,,,,,,,,,,,,,,,,,669134
718778,2023-03-30,9,Top,74,4,2,3,1,135,115,553869,621051,strikeout,Strikeout,Elias Diaz strikes out on a foul tip.,T,,,,,,,,,,553869,,,T,2,Strikeout,strikeout,,,,,669134
718778,2023-03-30,9,Top,75,0,0,1,2,135,115,605612,621051,,,,,,,,,,,,,,,,,,,,,,,,,669134
718778,2023-03-30,9,Top,75,1,0,2,2,135,115,605612,621051,,,,,,,,,,,,,,,,,,,,,,,,,669134
718778,2023-03-30,9,Top,75,2,0,2,2,135,115,605612,621051,,,,,,,,,,,,,,,,,,,,,,,,,669134
718778,2023-03-30,9,Top,75,3,0,2,2,135,115,605612,621051,single,Single,Harold Castro singles on a line drive to center fielder Trent Grisham. Elehuris Montero to 2nd.,T,,,,,,,,,,605612,,1B,,,Single,single,,,,,669134
718778,2023-03-30,9,Top,76,0,0,1,2,135,115,678662,621051,,,,,,,,,,,,,,,,,,,,,,,,,669134
718778,2023-03-30,9,Top,76,1,1,1,2,135,115,678662,621051,,,,,,,,,,,,,,,,,,,,,,,,,669134
718778,2023-03-30,9,Top,76,2,1,2,2,135,115,678662,621051,,,,,,,,,,,,,,,,,,,,,,,,,669134
718778,2023-03-30,9,Top,76,3,2,2,2,135,115,678662,621051,,,,,,,,,,,,,,,,,,,,,,,,,669134
718778,2023-03-30,9,Top,76,4,2,2,2,135,115,678662,621051,force_out,Forceout,"Ezequiel Tovar grounds into a force out, shortstop Xander Bogaerts to second baseman Ha-Seong Kim. Harold Castro out at 2nd.",T,,,,,,,,,,605612,1B,,T,3,Forceout,force_out,r_force_out,,,,669134
718778,2023-03-30,9,Bot,77,0,0,0,0,135,115,572761,656234,,,,,,,,,,,,,,,,,,,,,,,,,661531
718778,2023-03-30,9,Bot,77,1,0,0,0,135,115,572761,656234,,,,,,,,,,,,,,,,,,,,,,,,,661531
718778,2023-03-30,9,Bot,77,2,1,0,0,135,115,572761,656234,,,,,,,,,,,,,,,,,,,,,,,,,661531
718778,2023-03-30,9,Bot,77,3,1,1,0,135,115,572761,656234,,,,,,,,,,,,,,,,,,,,,,,,,661531
718778,2023-03-30,9,Bot,77,4,1,1,0,135,115,572761,656234,field_out,Pop Out,Matt Carpenter pops out to third baseman Alan Trejo.,T,,,,,,,,,,572761,,,T,1,Pop Out,field_out,,,,,661531
718778,2023-03-30,9,Bot,78,0,1,0,1,135,115,543592,656234,,,,,,,,,,,,,,,,,,,,,,,,,661531
718778,2023-03-30,9,Bot,78,1,2,0,1,135,115,543592,656234,,,,,,,,,,,,,,,,,,,,,,,,,661531
718778,2023-03-30,9,Bot,78,2,2,1,1,135,115,543592,656234,,,,,,,,,,,,,,,,,,,,,,,,,661531
718778,2023-03-30,9,Bot,78,3,3,1,1,135,115,543592,656234,,,,,,,,,,,,,,,,,,,,,,,,,661531
718778,2023-03-30,9,Bot,78,4,4,1,1,135,115,543592,656234,walk,Walk,Austin Nola walks.,T,,,,,,,,,,543592,,1B,,,Walk,walk,,,,,661531
718778,2023-03-30,9,Bot,79,0,1,0,1,135,115,673490,656234,,,,,,,,,,,,,,,,,,,,,,,,,661531
718778,2023-03-30,9,Bot,79,1,1,1,1,135,115,673490,656234,,,,,,,,,,,,,,,,,,,,,,,,,661531
718778,2023-03-30,9,Bot,79,2,1,1,1,135,115,673490,656234,field_out,Groundout,"Ha-Seong Kim grounds out, third baseman Alan Trejo to first baseman C. J. Cron. Austin Nola to 2nd.",T,,,,,,,,,,673490,,,T,2,Groundout,field_out,,,,,661531
718778,2023-03-30,9,Bot,80,0,0,0,2,135,115,621311,656234,field_out,Flyout,David Dahl flies out to center fielder Yonathan Daza.,T,,,,,,,,,,621311,,,T,3,Flyout,field_out,,,,,661531
718769,2023-03-30,1,Top,0,0,0,0,0,133,108,621493,666205,,,,,,,,,,,,,,,,,,,,,,,,,542208
718769,2023-03-30,1,Top,0,1,0,0,0,133,108,621493,666205,,,,,,,,,,,,,,,,,,,,,,,,,542208
718769,2023-03-30,1,Top,0,2,0,0,0,133,108,621493,666205,,,,,,,,,,,,,,,,,,,,,,,,,542208
718769,2023-03-30,1,Top,0,3,1,0,0,133,108,621493,666205,,,,,,,,,,,,,,,,,,,,,,,,,542208
718769,2023-03-30,1,Top,0,4,1,1,0,133,108,621493,666205,,,,,,,,,,,,,,,,,,,,,,,,,542208
718769,2023-03-30,1,Top,0,5,1,2,0,133,108,621493,666205,,,,,,,,,,,,,,,,,,,,,,,,,542208
718769,2023-03-30,1,Top,0,6,1,2,0,133,108,621493,666205,,,,,,,,,,,,,,,,,,,,,,,,,542208
718769,2023-03-30,1,Top,0,7,1,3,0,133,108,621493,666205,strikeout,Strikeout,Taylor Ward strikes out swinging.,T,,,,,,,,,,621493,,,T,1,Strikeout,strikeout,,,,,542208
718769,2023-03-30,1,Top,1,0,0,1,1,133,108,545361,666205,,,,,,,,,,,,,,,,,,,,,,,,,542208
718769,2023-03-30,1,Top,1,1,0,2,1,133,108,545361,666205,,,,,,,,,,,,,,,,,,,,,,,,,542208
718769,2023-03-30,1,Top,1,2,1,2,1,133,108,545361,666205,,,,,,,,,,,,,,,,,,,,,,,,,542208
718769,2023-03-30,1,Top,1,3,2,2,1,133,108,545361,666205,,,,,,,,,,,,,,,,,,,,,,,,,542208
718769,2023-03-30,1,Top,1,4,2,2,1,133,108,545361,666205,field_out,Lineout,Mike Trout lines out sharply to center fielder Esteury Ruiz.,T,,,,,,,,,,545361,,,T,2,Lineout,field_out,,,,,542208
718769,2023-03-30,1,Top,2,0,0,1,2,133,108,660271,666205,,,,,,,,,,,,,,,,,,,,,,,,,542208
718769,2023-03-30,1,Top,2,1,0,2,2,133,108,660271,666205,,,,,,,,,,,,,,,,,,,,,,,,,542208
718769,2023-03-30,1,Top,2,2,1,2,2,133,108,660271,666205,,,,,,,,,,,,,,,,,,,,,,,,,542208
718769,2023-03-30,1,Top,2,3,1,2,2,133,108,660271,666205,,,,,,,,,,,,,,,,,,,,,,,,,542208
718769,2023-03-30,1,Top,2,4,2,2,2,133,108,660271,666205,,,,,,,,,,,,,,,,,,,,,,,,,542208
718769,2023-03-30,1,Top,2,5,3,2,2,133,108,660271,666205,,,,,,,,,,,,,,,,,,,,,,,,,542208
718769,2023-03-30,1,Top,2,6,3,2,2,133,108,660271,666205,,,,,,,,,,,,,,,,,,,,,,,,,542208
718769,2023-03-30,1,Top,2,7,3,3,2,133,108,660271,666205,strikeout,Strikeout,Shohei Ohtani strikes out swinging.,T,,,,,,,,,,660271,,,T,3,Strikeout,strikeout,,,,,542208
718769,2023-03-30,1,Bot,3,0,1,0,0,133,108,643393,660271,,,,,,,,,,,,,,,,,,,,,,,,,642136
718769,2023-03-30,1,Bot,3,1,2,0,0,133,108,643393,660271,,,,,,,,,,,,,,,,,,,,,,,,,642136
718769,2023-03-30,1,Bot,3,2,2,0,0,133,108,643393,660271,,,,,,,,,,,,,,,,,,,,,,,,,642136
718769,2023-03-30,1,Bot,3,3,3,0,0,133,108,643393,660271,,,,,,,,,,,,,,,,,,,,,,,,,642136
718769,2023-03-30,1,Bot,3,4,4,0,0,133,108,643393,660271,walk,Walk,Tony Kemp walks.,T,,,,,,,,,,643393,,1B,,,Walk,walk,,,,,642136
718769,2023-03-30,1,Bot,4,0,0,1,0,133,108,668843,660271,,,,,,,,,,,,,,,,,,,,,,,,,642136
718769,2023-03-30,1,Bot,4,1,1,1,0,133,108,668843,660271,,,,,,,,,,,,,,,,,,,,,,,,,642136
718769,2023-03-30,1,Bot,4,2,2,1,0,133,108,668843,660271,,,,,,,,,,,,,,,,,,,,,,,,,642136
718769,2023-03-30,1,Bot,4,3,2,1,0,133,108,668843,660271,force_out,Forceout,"Conner Capel grounds into a force out, first baseman Brandon Drury to shortstop Gio Urshela. Tony Kemp out at 2nd. Conner Capel to 1st.",T,,,,,,,,,,643393,1B,,T,1,Forceout,force_out,r_force_out,,,,642136
718769,2023-03-30,1,Bot,5,0,1,0,1,133,108,649557,660271,,,,,,,,,,,,,,,,,,,,,,,,,642136
718769,2023-03-30,1,Bot,5,1,1,1,1,133,108,649557,660271,,,,,,,,,,,,,,,,,,,,,,,,,642136
718769,2023-03-30,1,Bot,5,2,1,2,1,133,108,649557,660271,,,,,,,,,,,,,,,,,,,,,,,,,642136
718769,2023-03-30,1,Bot,5,3,2,2,1,133,108,649557,660271,,,,,,,,,,,,,,,,,,,,,,,,,642136
718769,2023-03-30,1,Bot,5,4,2,3,1,133,108,649557,660271,strikeout,Strikeout,Aledmys Diaz called out on strikes.,T,,,,,,,,,,649557,,,T,2,Strikeout,strikeout,,,,,642136
718769,2023-03-30,1,Bot,6,0,1,0,2,133,108,664913,660271,,,,,,,,,,,,,,,,,,,,,,,,,642136
718769,2023-03-30,1,Bot,6,1,1,0,2,133,108,664913,660271,field_out,Flyout,Seth Brown flies out to right fielder Hunter Renfroe.,T,,,,,,,,,,664913,,,T,3,Flyout,field_out,,,,,642136
718769,2023-03-30,2,Top,7,0,1,0,0,133,108,543685,666205,,,,,,,,,,,,,,,,,,,,,,,,,542208
718769,2023-03-30,2,Top,7,1,2,0,0,133,108,543685,666205,,,,,,,,,,,,,,,,,,,,,,,,,542208
718769,2023-03-30,2,Top,7,2,2,1,0,133,108,543685,666205,,,,,,,,,,,,,,,,,,,,,,,,,542208
718769,2023-03-30,2,Top,7,3,2,2,0,133,108,543685,666205,,,,,,,,,,,,,,,,,,,,,,,,,542208
718769,2023-03-30,2,Top,7,4,3,2,0,133,108,543685,666205,,,,,,,,,,,,,,,,,,,,,,,,,542208
718769,2023-03-30,2,Top,7,5,3,2,0,133,108,543685,666205,,,,,,,,,,,,,,,,,,,,,,,,,542208
718769,2023-03-30,2,Top,7,6,3,3,0,133,108,543685,666205,strikeout,Strikeout,Anthony Rendon called out on strikes.,T,,,,,,,,,,543685,,,T,1,Strikeout,strikeout,,,,,542208
718769,2023-03-30,2,Top,8,0,0,1,1,133,108,592669,666205,,,,,,,,,,,,,,,,,,,,,,,,,542208
718769,2023-03-30,2,Top,8,1,0,1,1,133,108,592669,666205,field_out,Flyout,Hunter Renfroe flies out to right fielder Ramon Laureano.,T,,,,,,,,,,592669,,,T,2,Flyout,field_out,,,,,542208
718769,2023-03-30,2,Top,9,0,1,0,2,133,108,650859,666205,,,,,,,,,,,,,,,,,,,,,,,,,542208
718769,2023-03-30,2,Top,9,1,1,0,2,133,108,650859,666205,field_out,Flyout,Luis Rengifo flies out to right fielder Ramon Laureano.,T,,,,,,,,,,650859,,,T,3,Flyout,field_out,,,,,542208
718769,2023-03-30,2,Bot,10,0,1,0,0,133,108,542583,660271,,,,,,,,,,,,,,,,,,,,,,,,,642136
718769,2023-03-30,2,Bot,10,1,2,0,0,133,108,542583,660271,,,,,,,,,,,,,,,,,,,,,,,,,642136
718769,2023-03-30,2,Bot,10,2,2,1,0,133,108,542583,660271,,,,,,,,,,,,,,,,,,,,,,,,,642136
718769,2023-03-30,2,Bot,10,3,3,1,0,133,108,542583,660271,,,,,,,,,,,,,,,,,,,,,,,,,642136
718769,2023-03-30,2,Bot,10,4,3,1,0,133,108,542583,660271,field_out,Flyout,Jesus Aguilar flies out to left fielder Taylor Ward.,T,,,,,,,,,,542583,,,T,1,Flyout,field_out,,,,,642136
718769,2023-03-30,2,Bot,11,0,0,1,1,133,108,657656,660271,,,,,,,,,,,,,,,,,,,,,,,,,642136
718769,2023-03-30,2,Bot,11,1,1,1,1,133,108,657656,660271,,,,,,,,,,,,,,,,,,,,,,,,,642136
718769,2023-03-30,2,Bot,11,2,2,1,1,133,108,657656,660271,,,,,,,,,,,,,,,,,,,,,,,,,642136
718769,2023-03-30,2,Bot,11,3,2,2,1,133,108,657656,660271,,,,,,,,,,,,,,,,,,,,,,,,,642136
718769,2023-03-30,2,Bot,11,4,2,2,1,133,108,657656,660271,,,,,,,,,,,,,,,,,,,,,,,,,642136
718769,2023-03-30,2,Bot,11,5,3,2,1,133,108,657656,660271,,,,,,,,,,,,,,,,,,,,,,,,,642136
718769,2023-03-30,2,Bot,11,6,3,3,1,133,108,657656,660271,strikeout,Strikeout,Ramon Laureano strikes out swinging.,T,,,,,,,,,,657656,,,T,2,Strikeout,strikeout,,,,,642136
718769,2023-03-30,2,Bot,12,0,1,0,2,133,108,607054,660271,,,,,,,,,,,,,,,,,,,,,,,,,642136
718769,2023-03-30,2,Bot,12,1,1,1,2,133,108,607054,660271,,,,,,,,,,,,,,,,,,,,,,,,,642136
718769,2023-03-30,2,Bot,12,2,1,2,2,133,108,607054,660271,,,,,,,,,,,,,,,,,,,,,,,,,642136
718769,2023-03-30,2,Bot,12,3,1,3,2,133,108,607054,660271,strikeout,Strikeout,Jace Peterson strikes out swinging.,T,,,,,,,,,,607054,,,T,3,Strikeout,strikeout,,,,,642136
718769,2023-03-30,3,Top,13,0,1,0,0,133,108,592273,666205,,,,,,,,,,,,,,,,,,,,,,,,,542208
718769,2023-03-30,3,Top,13,1,1,0,0,133,108,592273,666205,field_out,Lineout,Brandon Drury lines out to shortstop Aledmys Diaz.,T,,,,,,,,,,592273,,,T,1,Lineout,field_out,,,,,542208
718769,2023-03-30,3,Top,14,0,1,0,1,133,108,570482,666205,,,,,,,,,,,,,,,,,,,,,,,,,542208
718769,2023-03-30,3,Top,14,1,1,0,1,133,108,570482,666205,single,Single,Gio Urshela singles on a ground ball to left fielder Seth Brown.,T,,,,,,,,,,570482,,1B,,,Single,single,,,,,542208
718769,2023-03-30,3,Top,15,0,1,0,1,133,108,681351,666205,,,,,,,,,,,,,,,,,,,,,,,,,542208
718769,2023-03-30,3,Top,15,1,1,0,1,133,108,681351,666205,force_out,Forceout,"Logan O'Hoppe grounds into a force out, third baseman Jace Peterson to second baseman Tony Kemp. Gio Urshela out at 2nd. Logan O'Hoppe to 1st.",T,,,,,,,,,,570482,1B,,T,2,Forceout,force_out,r_force_out,,,,542208
718769,2023-03-30,3,Top,16,0,0,1,2,133,108,621493,666205,,,,,,,,,,,,,,,,,,,,,,,,,542208
718769,2023-03-30,3,Top,16,1,0,1,2,133,108,621493,666205,force_out,Forceout,"Taylor Ward grounds into a force out, shortstop Aledmys Diaz to second baseman Tony Kemp. Logan O'Hoppe out at 2nd.",T,,,,,,,,,,681351,1B,,T,3,Forceout,force_out,r_force_out,,,,542208
718769,2023-03-30,3,Bot,17,0,0,1,0,133,108,669127,660271,,,,,,,,,,,,,,,,,,,,,,,,,642136
718769,2023-03-30,3,Bot,17,1,0,1,0,133,108,669127,660271,field_out,Flyout,Shea Langeliers flies out to left fielder Taylor Ward.,T,,,,,,,,,,669127,,,T,1,Flyout,field_out,,,,,642136
718769,2023-03-30,3,Bot,18,0,0,1,1,133,108,665923,660271,,,,,,,,,,,,,,,,,,,,,,,,,642136
718769,2023-03-30,3,Bot,18,1,0,2,1,133,108,665923,660271,,,,,,,,,,,,,,,,,,,,,,,,,642136
718769,2023-03-30,3,Bot,18,2,0,3,1,133,108,665923,660271,strikeout,Strikeout,Esteury Ruiz strikes out swinging.,T,,,,,,,,,,665923,,,T,2,Strikeout,strikeout,,,,,642136
718769,2023-03-30,3,Bot,19,0,0,0,2,133,108,643393,660271,field_out,Pop Out,Tony Kemp pops out to third baseman Anthony Rendon in foul territory.,T,,,,,,,,,,643393,,,T,3,Pop Out,field_out,,,,,642136
718769,2023-03-30,4,Top,20,0,1,0,0,133,108,545361,666205,,,,,,,,,,,,,,,,,,,,,,,,,542208
718769,2023-03-30,4,Top,20,1,2,0,0,133,108,545361,666205,,,,,,,,,,,,,,,,,,,,,,,,,542208
718769,2023-03-30,4,Top,20,2,3,0,0,133,108,545361,666205,,,,,,,,,,,,,,,,,,,,,,,,,542208
718769,2023-03-30,4,Top,20,3,4,0,0,133,108,545361,666205,walk,Walk,Mike Trout walks.,T,,,,,,,,,,545361,,1B,,,Walk,walk,,,,,542208
718769,2023-03-30,4,Top,21,0,1,0,0,133,108,660271,666205,,,,,,,,,,,,,,,,,,,,,,,,,542208
718769,2023-03-30,4,Top,21,1,1,0,0,133,108,660271,666205,single,Single,Shohei Ohtani singles on a ground ball to right fielder Ramon Laureano. Mike Trout to 2nd.,T,,,,,,,,,,660271,,1B,,,Single,single,,,,,542208
718769,2023-03-30,4,Top,22,0,1,0,0,133,108,543685,666205,,,,,,,,,,,,,,,,,,,,,,,,,542208
718769,2023-03-30,4,Top,22,1,1,1,0,133,108,543685,666205,,,,,,,,,,,,,,,,,,,,,,,,,542208
718769,2023-03-30,4,Top,22,2,2,1,0,133,108,543685,666205,,,,,,,,,,,,,,,,,,,,,,,,,542208
718769,2023-03-30,4,Top,22,3,2,2,0,133,108,543685,666205,,,,,,,,,,,,,,,,,,,,,,,,,542208
718769,2023-03-30,4,Top,22,4,2,2,0,133,108,543685,666205,,,,,,,,,,,,,,,,,,,,,,,,,542208
718769,2023-03-30,4,Top,22,5,3,2,0,133,108,543685,666205,,,,,,,,,,,,,,,,,,,,,,,,,542208
718769,2023-03-30,4,Top,22,6,3,2,0,133,108,543685,666205,field_out,Flyout,Anthony Rendon flies out to left fielder Seth Brown.,T,,,,,,,,,,543685,,,T,1,Flyout,field_out,,,,,542208
718769,2023-03-30,4,Top,23,0,1,0,1,133,108,592669,666205,,,,,,,,,,,,,,,,,,,,,,,,,542208
718769,2023-03-30,4,Top,23,1,1,1,1,133,108,592669,666205,,,,,,,,,,,,,,,,,,,,,,,,,542208
718769,2023-03-30,4,Top,23,2,1,1,1,133,108,592669,666205,field_out,Lineout,Hunter Renfroe lines out sharply to left fielder Seth Brown.,T,,,,,,,,,,592669,,,T,2,Lineout,field_out,,,,,542208
718769,2023-03-30,4,Top,24,0,0,1,2,133,108,650859,666205,,,,,,,,,,,,,,,,,,,,,,,,,542208
718769,2023-03-30,4,Top,24,1,0,1,2,133,108,650859,666205,force_out,Forceout,"Luis Rengifo grounds into a force out, shortstop Aledmys Diaz to second baseman Tony Kemp. Shohei Ohtani out at 2nd.",T,,,,,,,,,,660271,1B,,T,3,Forceout,force_out,r_force_out,,,,542208
718769,2023-03-30,4,Bot,25,0,0,1,0,133,108,668843,660271,,,,,,,,,,,,,,,,,,,,,,,,,642136
718769,2023-03-30,4,Bot,25,1,0,2,0,133,108,668843,660271,,,,,,,,,,,,,,,,,,,,,,,,,642136
718769,2023-03-30,4,Bot,25,2,0,2,0,133,108,668843,660271,,,,,,,,,,,,,,,,,,,,,,,,,642136
718769,2023-03-30,4,Bot,25,3,1,2,0,133,108,668843,660271,,,,,,,,,,,,,,,,,,,,,,,,,642136
718769,2023-03-30,4,Bot,25,4,2,2,0,133,108,668843,660271,,,,,,,,,,,,,,,,,,,,,,,,,642136
718769,2023-03-30,4,Bot,25,5,2,2,0,133,108,668843,660271,,,,,,,,,,,,,,,,,,,,,,,,,642136
718769,2023-03-30,4,Bot,25,6,2,3,0,133,108,668843,660271,strikeout,Strikeout,Conner Capel called out on strikes.,T,,,,,,,,,,668843,,,T,1,Strikeout,strikeout,,,,,642136
718769,2023-03-30,4,Bot,26,0,1,0,1,133,108,649557,660271,,,,,,,,,,,,,,,,,,,,,,,,,642136
718769,2023-03-30,4,Bot,26,1,1,0,1,133,108,649557,660271,single,Single,Aledmys Diaz singles on a line drive to center fielder Mike Trout.,T,,,,,,,,,,649557,,1B,,,Single,single,,,,,642136
718769,2023-03-30,4,Bot,27,0,0,1,1,133,108,664913,660271,,,,,,,,,,,,,,,,,,,,,,,,,642136
718769,2023-03-30,4,Bot,27,1,0,2,1,133,108,664913,660271,,,,,,,,,,,,,,,,,,,,,,,,,642136
718769,2023-03-30,4,Bot,27,2,1,2,1,133,108,664913,660271,,,,,,,,,,,,,,,,,,,,,,,,,642136
718769,2023-03-30,4,Bot,27,3,1,2,1,133,108,664913,660271,double,Double,Seth Brown doubles (1) on a line drive to left fielder Taylor Ward. Aledmys Diaz to 3rd.,T,,,,,,,,,,664913,,2B,,,Double,double,,,,,642136
718769,2023-03-30,4,Bot,28,0,1,0,1,133,108,542583,660271,,,,,,,,,,,,,,,,,,,,,,,,,642136
718769,2023-03-30,4,Bot,28,1,1,1,1,133,108,542583,660271,,,,,,,,,,,,,,,,,,,,,,,,,642136
718769,2023-03-30,4,Bot,28,2,1,2,1,133,108,542583,660271,,,,,,,,,,,,,,,,,,,,,,,,,642136
718769,2023-03-30,4,Bot,28,3,1,3,1,133,108,542583,660271,strikeout,Strikeout,Jesus Aguilar strikes out swinging.,T,,,,,,,,,,542583,,,T,2,Strikeout,strikeout,,,,,642136
718769,2023-03-30,4,Bot,29,0,1,0,2,133,108,657656,660271,,,,,,,,,,,,,,,,,,,,,,,,,642136
718769,2023-03-30,4,Bot,29,1,2,0,2,133,108,657656,660271,,,,,,,,,,,,,,,,,,,,,,,,,642136
718769,2023-03-30,4,Bot,29,2,2,1,2,133,108,657656,660271,,,,,,,,,,,,,,,,,,,,,,,,,642136
718769,2023-03-30,4,Bot,29,3,2,2,2,133,108,657656,660271,,,,,,,,,,,,,,,,,,,,,,,,,642136
718769,2023-03-30,4,Bot,29,4,2,2,2,133,108,657656,660271,,,,,,,,,,,,,,,,,,,,,,,,,642136
718769,2023-03-30,4,Bot,29,5,2,3,2,133,108,657656,660271,strikeout,Strikeout,Ramon Laureano strikes out swinging.,T,,,,,,,,,,657656,,,T,3,Strikeout,strikeout,,,,,642136
718769,2023-03-30,5,Top,30,0,0,1,0,133,108,592273,666205,,,,,,,,,,,,,,,,,,,,,,,,,542208
718769,2023-03-30,5,Top,30,1,0,2,0,133,108,592273,666205,,,,,,,,,,,,,,,,,,,,,,,,,542208
718769,2023-03-30,5,Top,30,2,0,2,0,133,108,592273,666205,,,,,,,,,,,,,,,,,,,,,,,,,542208
718769,2023-03-30,5,Top,30,3,0,2,0,133,108,592273,666205,field_out,Groundout,"Brandon Drury grounds out, shortstop Aledmys Diaz to first baseman Jesus Aguilar.",T,,,,,,,,,,592273,,,T,1,Groundout,field_out,,,,,542208
718769,2023-03-30,5,Top,31,0,0,1,1,133,108,570482,666205,,,,,,,,,,,,,,,,,,,,,,,,,542208
718769,2023-03-30,5,Top,31,1,0,2,1,133,108,570482,666205,,,,,,,,,,,,,,,,,,,,,,,,,542208
718769,2023-03-30,5,Top,31,2,0,2,1,133,108,570482,666205,,,,,,,,,,,,,,,,,,,,,,,,,542208
718769,2023-03-30,5,Top,31,3,1,2,1,133,108,570482,666205,,,,,,,,,,,,,,,,,,,,,,,,,542208
718769,2023-03-30,5,Top,31,4,1,2,1,133,108,570482,666205,,,,,,,,,,,,,,,,,,,,,,,,,542208
718769,2023-03-30,5,Top,31,5,2,2,1,133,108,570482,666205,,,,,,,,,,,,,,,,,,,,,,,,,542208
718769,2023-03-30,5,Top,31,6,2,2,1,133,108,570482,666205,single,Single,"Gio Urshela singles on a ground ball to second baseman Tony Kemp. Gio Urshela to 2nd. Gio Urshela advances to 2nd, on a throwing error by second baseman Tony Kemp.",T,,,,,,,,,,570482,,1B,,,Single,single,,,,,542208
718769,2023-03-30,5,Top,32,0,1,0,1,133,108,681351,666205,,,,,,,,,,,,,,,,,,,,,,,,,542208
718769,2023-03-30,5,Top,32,1,1,1,1,133,108,681351,666205,,,,,,,,,,,,,,,,,,,,,,,,,542208
718769,2023-03-30,5,Top,32,2,2,1,1,133,108,681351,666205,,,,,,,,,,,,,,,,,,,,,,,,,542208
718769,2023-03-30,5,Top,32,3,2,1,1,133,108,681351,666205,,,,,,,,,,,,,,,,,,,,,,,,,542208
718769,2023-03-30,5,Top,32,4,3,1,1,133,108,681351,666205,,,,,,,,,,,,,,,,,,,,,,,,,542208
718769,2023-03-30,5,Top,32,5,3,2,1,133,108,681351,666205,,,,,,,,,,,,,,,,,,,,,,,,,542208
718769,2023-03-30,5,Top,32,6,3,2,1,133,108,681351,666205,single,Single,Logan O'Hoppe singles on a sharp line drive to left fielder Seth Brown. Gio Urshela scores.,T,,,,,,,,,,570482,2B,3B,,,Wild Pitch,wild_pitch,r_adv_play,,,,542208
718769,2023-03-30,5,Top,33,0,0,0,1,133,108,621493,666205,,,,,,,,,,,,,,,,,,,,,,,,,542208
718769,2023-03-30,5,Top,33,1,1,0,1,133,108,621493,666205,,,,,,,,,,,,,,,,,,,,,,,,,542208
718769,2023-03-30,5,Top,33,2,1,0,1,133,108,621493,666205,grounded_into_double_play,Grounded Into DP,"Taylor Ward grounds into a double play, second baseman Tony Kemp to first baseman Jesus Aguilar. Logan O'Hoppe out at 2nd. Taylor Ward out at 1st.",T,,,,,,,,,,681351,1B,,T,2,Grounded Into DP,grounded_into_double_play,r_force_out,,,,542208
718769,2023-03-30,5,Bot,34,0,1,0,0,133,108,607054,660271,,,,,,,,,,,,,,,,,,,,,,,,,642136
718769,2023-03-30,5,Bot,34,1,2,0,0,133,108,607054,660271,,,,,,,,,,,,,,,,,,,,,,,,,642136
718769,2023-03-30,5,Bot,34,2,2,0,0,133,108,607054,660271,field_out,Lineout,Jace Peterson lines out sharply to right fielder Hunter Renfroe.,T,,,,,,,,,,607054,,,T,1,Lineout,field_out,,,,,642136
718769,2023-03-30,5,Bot,35,0,0,1,1,133,108,669127,660271,,,,,,,,,,,,,,,,,,,,,,,,,642136
718769,2023-03-30,5,Bot,35,1,1,1,1,133,108,669127,660271,,,,,,,,,,,,,,,,,,,,,,,,,642136
718769,2023-03-30,5,Bot,35,2,1,2,1,133,108,669127,660271,,,,,,,,,,,,,,,,,,,,,,,,,642136
718769,2023-03-30,5,Bot,35,3,2,2,1,133,108,669127,660271,,,,,,,,,,,,,,,,,,,,,,,,,642136
718769,2023-03-30,5,Bot,35,4,3,2,1,133,108,669127,660271,,,,,,,,,,,,,,,,,,,,,,,,,642136
718769,2023-03-30,5,Bot,35,5,3,2,1,133,108,669127,660271,,,,,,,,,,,,,,,,,,,,,,,,,642136
718769,2023-03-30,5,Bot,35,6,3,2,1,133,108,669127,660271,,,,,,,,,,,,,,,,,,,,,,,,,642136
718769,2023-03-30,5,Bot,35,7,3,2,1,133,108,669127,660271,,,,,,,,,,,,,,,,,,,,,,,,,642136
718769,2023-03-30,5,Bot,35,8,4,2,1,133,108,669127,660271,walk,Walk,Shea Langeliers walks.,T,,,,,,,,,,669127,,1B,,,Walk,walk,,,,,642136
718769,2023-03-30,5,Bot,36,0,1,0,1,133,108,665923,660271,,,,,,,,,,,,,,,,,,,,,,,,,642136
718769,2023-03-30,5,Bot,36,1,1,1,1,133,108,665923,660271,,,,,,,,,,,,,,,,,,,,,,,,,642136
718769,2023-03-30,5,Bot,36,2,1,2,1,133,108,665923,660271,,,,,,,,,,,,,,,,,,,,,,,,,642136
718769,2023-03-30,5,Bot,36,3,2,2,1,133,108,665923,660271,,,,,,,,,,,,,,,,,,,,,,,,,642136
718769,2023-03-30,5,Bot,36,4,2,2,1,133,108,665923,660271,field_out,Flyout,Esteury Ruiz flies out to center fielder Mike Trout.,T,,,,,,,,,,665923,,,T,2,Flyout,field_out,,,,,642136
718769,2023-03-30,5,Bot,37,0,0,1,2,133,108,643393,660271,,,,,,,,,,,,,,,,,,,,,,,,,642136
718769,2023-03-30,5,Bot,37,1,0,2,2,133,108,643393,660271,,,,,,,,,,,,,,,,,,,,,,,,,642136
718769,2023-03-30,5,Bot,37,2,0,2,2,133,108,643393,660271,,,,,,,,,,,,,,,,,,,,,,,,,642136
718769,2023-03-30,5,Bot,37,3,0,3,2,133,108,643393,660271,strikeout,Strikeout,Tony Kemp strikes out swinging.,T,,,,,,,,,,643393,,,T,3,Strikeout,strikeout,,,,,642136
718769,2023-03-30,6,Top,38,0,0,0,0,133,108,545361,667427,,,,,,,,,,,,,,,,,,,,,,,,,542208
718769,2023-03-30,6,Top,38,1,1,0,0,133,108,545361,667427,,,,,,,,,,,,,,,,,,,,,,,,,542208
718769,2023-03-30,6,Top,38,2,1,1,0,133,108,545361,667427,,,,,,,,,,,,,,,,,,,,,,,,,542208
718769,2023-03-30,6,Top,38,3,1,2,0,133,108,545361,667427,,,,,,,,,,,,,,,,,,,,,,,,,542208
718769,2023-03-30,6,Top,38,4,2,2,0,133,108,545361,667427,,,,,,,,,,,,,,,,,,,,,,,,,542208
718769,2023-03-30,6,Top,38,5,3,2,0,133,108,545361,667427,,,,,,,,,,,,,,,,,,,,,,,,,542208
718769,2023-03-30,6,Top,38,6,3,2,0,133,108,545361,667427,field_out,Flyout,Mike Trout flies out sharply to left fielder Seth Brown.,T,,,,,,,,,,545361,,,T,1,Flyout,field_out,,,,,542208
718769,2023-03-30,6,Top,39,0,1,0,1,133,108,660271,667427,,,,,,,,,,,,,,,,,,,,,,,,,542208
718769,2023-03-30,6,Top,39,1,1,1,1,133,108,660271,667427,,,,,,,,,,,,,,,,,,,,,,,,,542208
718769,2023-03-30,6,Top,39,2,2,1,1,133,108,660271,667427,,,,,,,,,,,,,,,,,,,,,,,,,542208
718769,2023-03-30,6,Top,39,3,2,2,1,133,108,660271,667427,,,,,,,,,,,,,,,,,,,,,,,,,542208
718769,2023-03-30,6,Top,39,4,3,2,1,133,108,660271,667427,,,,,,,,,,,,,,,,,,,,,,,,,542208
718769,2023-03-30,6,Top,39,5,3,3,1,133,108,660271,667427,strikeout,Strikeout,Shohei Ohtani strikes out swinging.,T,,,,,,,,,,660271,,,T,2,Strikeout,strikeout,,,,,542208
718769,2023-03-30,6,Top,40,0,1,0,2,133,108,543685,667427,,,,,,,,,,,,,,,,,,,,,,,,,542208
718769,2023-03-30,6,Top,40,1,2,0,2,133,108,543685,667427,,,,,,,,,,,,,,,,,,,,,,,,,542208
718769,2023-03-30,6,Top,40,2,3,0,2,133,108,543685,667427,,,,,,,,,,,,,,,,,,,,,,,,,542208
718769,2023-03-30,6,Top,40,3,4,0,2,133,108,543685,667427,walk,Walk,Anthony Rendon walks.,T,,,,,,,,,,543685,,1B,,,Walk,walk,,,,,542208
718769,2023-03-30,6,Top,41,0,0,0,2,133,108,592669,667427,,,,,,,,,,,,,,,,,,,,,,,,,542208
718769,2023-03-30,6,Top,41,1,1,0,2,133,108,592669,667427,,,,,,,,,,,,,,,,,,,,,,,,,542208
718769,2023-03-30,6,Top,41,2,2,0,2,133,108,592669,667427,,,,,,,,,,,,,,,,,,,,,,,,,542208
718769,2023-03-30,6,Top,41,3,2,0,2,133,108,592669,667427,field_out,Flyout,Hunter Renfroe flies out to left fielder Seth Brown in foul territory.,T,,,,,,,,,,592669,,,T,3,Flyout,field_out,,,,,542208
718769,2023-03-30,6,Bot,42,0,0,1,0,133,108,668843,660271,,,,,,,,,,,,,,,,,,,,,,,,,642136
718769,2023-03-30,6,Bot,42,1,1,1,0,133,108,668843,660271,,,,,,,,,,,,,,,,,,,,,,,,,642136
718769,2023-03-30,6,Bot,42,2,1,2,0,133,108,668843,660271,,,,,,,,,,,,,,,,,,,,,,,,,642136
718769,2023-03-30,6,Bot,42,3,1,3,0,133,108,668843,660271,strikeout,Strikeout,Conner Capel strikes out swinging.,T,,,,,,,,,,668843,,,T,1,Strikeout,strikeout,,,,,642136
718769,2023-03-30,6,Bot,43,0,1,0,1,133,108,649557,660271,,,,,,,,,,,,,,,,,,,,,,,,,642136
718769,2023-03-30,6,Bot,43,1,2,0,1,133,108,649557,660271,,,,,,,,,,,,,,,,,,,,,,,,,642136
718769,2023-03-30,6,Bot,43,2,3,0,1,133,108,649557,660271,,,,,,,,,,,,,,,,,,,,,,,,,642136
718769,2023-03-30,6,Bot,43,3,3,1,1,133,108,649557,660271,,,,,,,,,,,,,,,,,,,,,,,,,642136
718769,2023-03-30,6,Bot,43,4,4,1,1,133,108,649557,660271,walk,Walk,Aledmys Diaz walks.,T,,,,,,,,,,649557,,1B,,,Walk,walk,,,,,642136
718769,2023-03-30,6,Bot,44,0,1,0,1,133,108,664913,660271,,,,,,,,,,,,,,,,,,,,,,,,,642136
718769,2023-03-30,6,Bot,44,1,1,0,1,133,108,664913,660271,field_out,Pop Out,Seth Brown pops out to third baseman Anthony Rendon.,T,,,,,,,,,,664913,,,T,2,Pop Out,field_out,,,,,642136
718769,2023-03-30,6,Bot,45,0,0,1,2,133,108,542583,660271,,,,,,,,,,,,,,,,,,,,,,,,,642136
718769,2023-03-30,6,Bot,45,1,0,2,2,133,108,542583,660271,,,,,,,,,,,,,,,,,,,,,,,,,642136
718769,2023-03-30,6,Bot,45,2,0,2,2,133,108,542583,660271,,,,,,,,,,,,,,,,,,,,,,,,,642136
718769,2023-03-30,6,Bot,45,3,1,2,2,133,108,542583,660271,,,,,,,,,,,,,,,,,,,,,,,,,642136
718769,2023-03-30,6,Bot,45,4,1,2,2,133,108,542583,660271,,,,,,,,,,,,,,,,,,,,,,,,,642136
718769,2023-03-30,6,Bot,45,5,1,2,2,133,108,542583,660271,,,,,,,,,,,,,,,,,,,,,,,,,642136
718769,2023-03-30,6,Bot,45,6,1,3,2,133,108,542583,660271,strikeout,Strikeout,Jesus Aguilar strikes out swinging.,T,,,,,,,,,,542583,,,T,3,Strikeout,strikeout,,,,,642136
718769,2023-03-30,7,Top,46,0,0,0,0,133,108,650859,642758,,,,,,,,,,,,,,,,,,,,,,,,,542208
718769,2023-03-30,7,Top,46,1,0,1,0,133,108,650859,642758,,,,,,,,,,,,,,,,,,,,,,,,,542208
718769,2023-03-30,7,Top,46,2,0,2,0,133,108,650859,642758,,,,,,,,,,,,,,,,,,,,,,,,,542208
718769,2023-03-30,7,Top,46,3,1,2,0,133,108,650859,642758,,,,,,,,,,,,,,,,,,,,,,,,,542208
718769,2023-03-30,7,Top,46,4,2,2,0,133,108,650859,642758,,,,,,,,,,,,,,,,,,,,,,,,,542208
718769,2023-03-30,7,Top,46,5,2,2,0,133,108,650859,642758,,,,,,,,,,,,,,,,,,,,,,,,,542208
718769,2023-03-30,7,Top,46,6,2,2,0,133,108,650859,642758,,,,,,,,,,,,,,,,,,,,,,,,,542208
718769,2023-03-30,7,Top,46,7,2,2,0,133,108,650859,642758,,,,,,,,,,,,,,,,,,,,,,,,,542208
718769,2023-03-30,7,Top,46,8,2,2,0,133,108,650859,642758,field_out,Groundout,"Luis Rengifo grounds out, second baseman Tony Kemp to first baseman Jesus Aguilar.",T,,,,,,,,,,650859,,,T,1,Groundout,field_out,,,,,542208
718769,2023-03-30,7,Top,47,0,0,1,1,133,108,592273,642758,,,,,,,,,,,,,,,,,,,,,,,,,542208
718769,2023-03-30,7,Top,47,1,0,2,1,133,108,592273,642758,,,,,,,,,,,,,,,,,,,,,,,,,542208
718769,2023-03-30,7,Top,47,2,0,2,1,133,108,592273,642758,,,,,,,,,,,,,,,,,,,,,,,,,542208
718769,2023-03-30,7,Top,47,3,0,3,1,133,108,592273,642758,strikeout,Strikeout,Brandon Drury strikes out swinging. Brandon Drury out on batter interference.,T,,,,,,,,,,592273,,,T,2,Strikeout,strikeout,,,,,542208
718769,2023-03-30,7,Top,48,0,0,1,2,133,108,570482,642758,,,,,,,,,,,,,,,,,,,,,,,,,542208
718769,2023-03-30,7,Top,48,1,0,2,2,133,108,570482,642758,,,,,,,,,,,,,,,,,,,,,,,,,542208
718769,2023-03-30,7,Top,48,2,0,2,2,133,108,570482,642758,,,,,,,,,,,,,,,,,,,,,,,,,542208
718769,2023-03-30,7,Top,48,3,1,2,2,133,108,570482,642758,,,,,,,,,,,,,,,,,,,,,,,,,542208
718769,2023-03-30,7,Top,48,4,1,2,2,133,108,570482,642758,,,,,,,,,,,,,,,,,,,,,,,,,542208
718769,2023-03-30,7,Top,48,5,2,2,2,133,108,570482,642758,,,,,,,,,,,,,,,,,,,,,,,,,542208
718769,2023-03-30,7,Top,48,6,2,2,2,133,108,570482,642758,,,,,,,,,,,,,,,,,,,,,,,,,542208
718769,2023-03-30,7,Top,48,7,2,2,2,133,108,570482,642758,,,,,,,,,,,,,,,,,,,,,,,,,542208
718769,2023-03-30,7,Top,48,8,2,2,2,133,108,570482,642758,,,,,,,,,,,,,,,,,,,,,,,,,542208
718769,2023-03-30,7,Top,48,9,2,2,2,133,108,570482,642758,,,,,,,,,,,,,,,,,,,,,,,,,542208
718769,2023-03-30,7,Top,48,10,2,3,2,133,108,570482,642758,strikeout,Strikeout,Gio Urshela strikes out swinging.,T,,,,,,,,,,570482,,,T,3,Strikeout,strikeout,,,,,542208
718769,2023-03-30,7,Bot,49,0,0,0,0,133,108,657656,623474,,,,,,,,,,,,,,,,,,,,,,,,,642136
718769,2023-03-30,7,Bot,49,1,0,0,0,133,108,657656,623474,,,,,,,,,,,,,,,,,,,,,,,,,642136
718769,2023-03-30,7,Bot,49,2,0,1,0,133,108,657656,623474,,,,,,,,,,,,,,,,,,,,,,,,,642136
718769,2023-03-30,7,Bot,49,3,0,2,0,133,108,657656,623474,,,,,,,,,,,,,,,,,,,,,,,,,642136
718769,2023-03-30,7,Bot,49,4,1,2,0,133,108,657656,623474,,,,,,,,,,,,,,,,,,,,,,,,,642136
718769,2023-03-30,7,Bot,49,5,1,3,0,133,108,657656,623474,strikeout,Strikeout,Ramon Laureano strikes out swinging.,T,,,,,,,,,,657656,,,T,1,Strikeout,strikeout,,,,,642136
718769,2023-03-30,7,Bot,50,0,0,1,1,133,108,607054,623474,,,,,,,,,,,,,,,,,,,,,,,,,642136
718769,2023-03-30,7,Bot,50,1,0,2,1,133,108,607054,623474,,,,,,,,,,,,,,,,,,,,,,,,,642136
718769,2023-03-30,7,Bot,50,2,1,2,1,133,108,607054,623474,,,,,,,,,,,,,,,,,,,,,,,,,642136
718769,2023-03-30,7,Bot,50,3,1,2,1,133,108,607054,623474,,,,,,,,,,,,,,,,,,,,,,,,,642136
718769,2023-03-30,7,Bot,50,4,1,2,1,133,108,607054,623474,,,,,,,,,,,,,,,,,,,,,,,,,642136
718769,2023-03-30,7,Bot,50,5,2,2,1,133,108,607054,623474,,,,,,,,,,,,,,,,,,,,,,,,,642136
718769,2023-03-30,7,Bot,50,6,2,2,1,133,108,607054,623474,,,,,,,,,,,,,,,,,,,,,,,,,642136
718769,2023-03-30,7,Bot,50,7,3,2,1,133,108,607054,623474,,,,,,,,,,,,,,,,,,,,,,,,,642136
718769,2023-03-30,7,Bot,50,8,3,2,1,133,108,607054,623474,,,,,,,,,,,,,,,,,,,,,,,,,642136
718769,2023-03-30,7,Bot,50,9,3,2,1,133,108,607054,623474,field_out,Groundout,"Jace Peterson grounds out, pitcher Jimmy Herget to first baseman Brandon Drury.",T,,,,,,,,,,607054,,,T,2,Groundout,field_out,,,,,642136
718769,2023-03-30,7,Bot,51,0,0,1,2,133,108,669127,623474,,,,,,,,,,,,,,,,,,,,,,,,,642136
718769,2023-03-30,7,Bot,51,1,1,1,2,133,108,669127,623474,,,,,,,,,,,,,,,,,,,,,,,,,642136
718769,2023-03-30,7,Bot,51,2,1,1,2,133,108,669127,623474,field_out,Pop Out,Shea Langeliers pops out to first baseman Brandon Drury.,T,,,,,,,,,,669127,,,T,3,Pop Out,field_out,,,,,642136
718769,2023-03-30,8,Top,52,0,0,0,0,133,108,681351,543507,,,,,,,,,,,,,,,,,,,,,,,,,542208
718769,2023-03-30,8,Top,52,1,1,0,0,133,108,681351,543507,,,,,,,,,,,,,,,,,,,,,,,,,542208
718769,2023-03-30,8,Top,52,2,1,1,0,133,108,681351,543507,,,,,,,,,,,,,,,,,,,,,,,,,542208
718769,2023-03-30,8,Top,52,3,1,2,0,133,108,681351,543507,,,,,,,,,,,,,,,,,,,,,,,,,542208
718769,2023-03-30,8,Top,52,4,1,2,0,133,108,681351,543507,,,,,,,,,,,,,,,,,,,,,,,,,542208
718769,2023-03-30,8,Top,52,5,2,2,0,133,108,681351,543507,,,,,,,,,,,,,,,,,,,,,,,,,542208
718769,2023-03-30,8,Top,52,6,2,2,0,133,108,681351,543507,field_out,Flyout,Logan O'Hoppe flies out to left fielder Seth Brown.,T,,,,,,,,,,681351,,,T,1,Flyout,field_out,,,,,542208
718769,2023-03-30,8,Top,53,0,0,0,1,133,108,621493,543507,single,Single,Taylor Ward singles on a ground ball to shortstop Aledmys Diaz.,T,,,,,,,,,,621493,,1B,,,Single,single,,,,,542208
718769,2023-03-30,8,Top,54,0,1,0,1,133,108,545361,543507,,,,,,,,,,,,,,,,,,,,,,,,,542208
718769,2023-03-30,8,Top,54,1,1,1,1,133,108,545361,543507,,,,,,,,,,,,,,,,,,,,,,,,,542208
718769,2023-03-30,8,Top,54,2,2,1,1,133,108,545361,543507,,,,,,,,,,,,,,,,,,,,,,,,,542208
718769,2023-03-30,8,Top,54,3,2,2,1,133,108,545361,543507,,,,,,,,,,,,,,,,,,,,,,,,,542208
718769,2023-03-30,8,Top,54,4,2,2,1,133,108,545361,543507,,,,,,,,,,,,,,,,,,,,,,,,,542208
718769,2023-03-30,8,Top,54,5,3,2,1,133,108,545361,543507,,,,,,,,,,,,,,,,,,,,,,,,,542208
718769,2023-03-30,8,Top,54,6,3,2,1,133,108,545361,543507,field_out,Lineout,Mike Trout lines out sharply to left fielder Seth Brown.,T,T,,,,,,,,,621493,1B,2B,,,Stolen Base 2B,stolen_base_2b,r_stolen_base_2b,,,,542208
718769,2023-03-30,8,Top,55,0,1,0,2,133,108,660271,543507,,,,,,,,,,,,,,,,,,,,,,,,,542208
718769,2023-03-30,8,Top,55,1,2,0,2,133,108,660271,543507,,,,,,,,,,,,,,,,,,,,,,,,,542208
718769,2023-03-30,8,Top,55,2,3,0,2,133,108,660271,543507,,,,,,,,,,,,,,,,,,,,,,,,,542208
718769,2023-03-30,8,Top,55,3,4,0,2,133,108,660271,543507,intent_walk,Intent Walk,Trevor May intentionally walks Shohei Ohtani.,T,,,,,,,,,,660271,,1B,,,Intent Walk,intent_walk,,,,,542208
718769,2023-03-30,8,Top,56,0,0,1,2,133,108,543685,543507,,,,,,,,,,,,,,,,,,,,,,,,,542208
718769,2023-03-30,8,Top,56,1,1,1,2,133,108,543685,543507,,,,,,,,,,,,,,,,,,,,,,,,,542208
718769,2023-03-30,8,Top,56,2,1,2,2,133,108,543685,543507,,,,,,,,,,,,,,,,,,,,,,,,,542208
718769,2023-03-30,8,Top,56,3,1,3,2,133,108,543685,543507,strikeout,Strikeout,Anthony Rendon strikes out swinging.,T,,,,,,,,,,543685,,,T,3,Strikeout,strikeout,,,,,542208
718769,2023-03-30,8,Bot,57,0,0,0,0,133,108,665923,571901,,,,,,,,,,,,,,,,,,,,,,,,,642136
718769,2023-03-30,8,Bot,57,1,0,1,0,133,108,665923,571901,,,,,,,,,,,,,,,,,,,,,,,,,642136
718769,2023-03-30,8,Bot,57,2,0,2,0,133,108,665923,571901,,,,,,,,,,,,,,,,,,,,,,,,,642136
718769,2023-03-30,8,Bot,57,3,0,2,0,133,108,665923,571901,,,,,,,,,,,,,,,,,,,,,,,,,642136
718769,2023-03-30,8,Bot,57,4,0,2,0,133,108,665923,571901,,,,,,,,,,,,,,,,,,,,,,,,,642136
718769,2023-03-30,8,Bot,57,5,1,2,0,133,108,665923,571901,,,,,,,,,,,,,,,,,,,,,,,,,642136
718769,2023-03-30,8,Bot,57,6,2,2,0,133,108,665923,571901,,,,,,,,,,,,,,,,,,,,,,,,,642136
718769,2023-03-30,8,Bot,57,7,2,2,0,133,108,665923,571901,,,,,,,,,,,,,,,,,,,,,,,,,642136
718769,2023-03-30,8,Bot,57,8,2,2,0,133,108,665923,571901,single,Single,Esteury Ruiz singles on a ground ball to right fielder Hunter Renfroe.,T,,,,,,,,,,665923,,1B,,,Single,single,,,,,642136
718769,2023-03-30,8,Bot,58,0,1,0,0,133,108,643393,571901,,,,,,,,,,,,,,,,,,,,,,,,,642136
718769,2023-03-30,8,Bot,58,1,1,1,0,133,108,643393,571901,,,,,,,,,,,,,,,,,,,,,,,,,642136
718769,2023-03-30,8,Bot,58,2,1,2,0,133,108,643393,571901,,,,,,,,,,,,,,,,,,,,,,,,,642136
718769,2023-03-30,8,Bot,58,3,2,2,0,133,108,643393,571901,,,,,,,,,,,,,,,,,,,,,,,,,642136
718769,2023-03-30,8,Bot,58,4,2,2,0,133,108,643393,571901,double,Double,Tony Kemp doubles (1) on a fly ball to center fielder Mike Trout. Esteury Ruiz scores.,T,,,,,,,,,,643393,,2B,,,Double,double,,,,,642136
718769,2023-03-30,8,Bot,59,0,0,0,0,133,108,667670,571901,,,,,,,,,,,,,,,,,,,,,,,,,642136
718769,2023-03-30,8,Bot,59,1,0,0,0,133,108,667670,571901,,,,,,,,,,,,,,,,,,,,,,,,,642136
718769,2023-03-30,8,Bot,59,2,0,1,0,133,108,667670,571901,,,,,,,,,,,,,,,,,,,,,,,,,642136
718769,2023-03-30,8,Bot,59,3,0,2,0,133,108,667670,571901,,,,,,,,,,,,,,,,,,,,,,,,,642136
718769,2023-03-30,8,Bot,59,4,0,3,0,133,108,667670,571901,strikeout,Strikeout,Brent Rooker strikes out swinging.,T,,,,,,,,,,667670,,,T,1,Strikeout,strikeout,,,,,642136
718769,2023-03-30,8,Bot,60,0,0,0,1,133,108,649557,572193,,,,,,,,,,,,,,,,,,,,,,,,,642136
718769,2023-03-30,8,Bot,60,1,0,0,1,133,108,649557,572193,,,,,,,,,,,,,,,,,,,,,,,,,642136
718769,2023-03-30,8,Bot,60,2,1,0,1,133,108,649557,572193,,,,,,,,,,,,,,,,,,,,,,,,,642136
718769,2023-03-30,8,Bot,60,3,1,0,1,133,108,649557,572193,single,Single,Aledmys Diaz singles on a line drive to left fielder Taylor Ward. Tony Kemp scores.,T,,,,,,,,,,649557,,1B,,,Single,single,,,,,642136
718769,2023-03-30,8,Bot,61,0,0,0,1,133,108,664913,572193,,,,,,,,,,,,,,,,,,,,,,,,,642136
718769,2023-03-30,8,Bot,61,1,0,1,1,133,108,664913,572193,,,,,,,,,,,,,,,,,,,,,,,,,642136
718769,2023-03-30,8,Bot,61,2,1,1,1,133,108,664913,572193,,,,,,,,,,,,,,,,,,,,,,,,,642136
718769,2023-03-30,8,Bot,61,3,1,1,1,133,108,664913,572193,,,,,,,,,,,,,,,,,,,,,,,,,642136
718769,2023-03-30,8,Bot,61,4,1,2,1,133,108,664913,572193,,,,,,,,,,,,,,,,,,,,,,,,,642136
718769,2023-03-30,8,Bot,61,5,1,2,1,133,108,664913,572193,single,Single,Seth Brown singles on a ground ball to right fielder Hunter Renfroe. Nick Allen to 3rd.,T,,,,,,,,,,664913,,1B,,,Single,single,,,,,642136
718769,2023-03-30,8,Bot,62,0,0,0,1,133,108,542583,572193,,,,,,,,,,,,,,,,,,,,,,,,,642136
718769,2023-03-30,8,Bot,62,1,1,0,1,133,108,542583,572193,,,,,,,,,,,,,,,,,,,,,,,,,642136
718769,2023-03-30,8,Bot,62,2,2,0,1,133,108,542583,572193,,,,,,,,,,,,,,,,,,,,,,,,,642136
718769,2023-03-30,8,Bot,62,3,3,0,1,133,108,542583,572193,,,,,,,,,,,,,,,,,,,,,,,,,642136
718769,2023-03-30,8,Bot,62,4,3,0,1,133,108,542583,572193,,,,,,,,,,,,,,,,,,,,,,,,,642136
718769,2023-03-30,8,Bot,62,5,4,0,1,133,108,542583,572193,intent_walk,Intent Walk,Ryan Tepera intentionally walks Jesus Aguilar.,T,T,,,,,,,,,664913,1B,2B,,,Stolen Base 2B,stolen_base_2b,r_stolen_base_2b,,,,642136
718769,2023-03-30,8,Bot,63,0,0,0,1,133,108,657656,572193,,,,,,,,,,,,,,,,,,,,,,,,,642136
718769,2023-03-30,8,Bot,63,1,1,0,1,133,108,657656,572193,,,,,,,,,,,,,,,,,,,,,,,,,642136
718769,2023-03-30,8,Bot,63,2,1,0,1,133,108,657656,572193,grounded_into_double_play,Grounded Into DP,"Ramon Laureano grounds into a double play, second baseman Luis Rengifo to first baseman Brandon Drury. Ryan Noda out at 2nd. Ramon Laureano out at 1st.",T,,,,,,,,,,676116,1B,,T,2,Grounded Into DP,grounded_into_double_play,r_force_out,,,,642136
718769,2023-03-30,9,Top,64,0,0,0,0,133,108,592669,666204,,,,,,,,,,,,,,,,,,,,,,,,,542208
718769,2023-03-30,9,Top,64,1,0,0,0,133,108,592669,666204,,,,,,,,,,,,,,,,,,,,,,,,,542208
718769,2023-03-30,9,Top,64,2,0,0,0,133,108,592669,666204,,,,,,,,,,,,,,,,,,,,,,,,,542208
718769,2023-03-30,9,Top,64,3,0,0,0,133,108,592669,666204,,,,,,,,,,,,,,,,,,,,,,,,,542208
718769,2023-03-30,9,Top,64,4,1,0,0,133,108,592669,666204,,,,,,,,,,,,,,,,,,,,,,,,,542208
718769,2023-03-30,9,Top,64,5,1,1,0,133,108,592669,666204,,,,,,,,,,,,,,,,,,,,,,,,,542208
718769,2023-03-30,9,Top,64,6,1,2,0,133,108,592669,666204,,,,,,,,,,,,,,,,,,,,,,,,,542208
718769,2023-03-30,9,Top,64,7,1,3,0,133,108,592669,666204,strikeout,Strikeout,Hunter Renfroe strikes out swinging.,T,,,,,,,,,,592669,,,T,1,Strikeout,strikeout,,,,,542208
718769,2023-03-30,9,Top,65,0,0,1,1,133,108,650859,666204,,,,,,,,,,,,,,,,,,,,,,,,,542208
718769,2023-03-30,9,Top,65,1,1,1,1,133,108,650859,666204,,,,,,,,,,,,,,,,,,,,,,,,,542208
718769,2023-03-30,9,Top,65,2,1,2,1,133,108,650859,666204,,,,,,,,,,,,,,,,,,,,,,,,,542208
718769,2023-03-30,9,Top,65,3,1,2,1,133,108,650859,666204,,,,,,,,,,,,,,,,,,,,,,,,,542208
718769,2023-03-30,9,Top,65,4,1,2,1,133,108,650859,666204,,,,,,,,,,,,,,,,,,,,,,,,,542208
718769,2023-03-30,9,Top,65,5,1,2,1,133,108,650859,666204,,,,,,,,,,,,,,,,,,,,,,,,,542208
718769,2023-03-30,9,Top,65,6,1,2,1,133,108,650859,666204,,,,,,,,,,,,,,,,,,,,,,,,,542208
718769,2023-03-30,9,Top,65,7,2,2,1,133,108,650859,666204,,,,,,,,,,,,,,,,,,,,,,,,,542208
718769,2023-03-30,9,Top,65,8,3,2,1,133,108,650859,666204,,,,,,,,,,,,,,,,,,,,,,,,,542208
718769,2023-03-30,9,Top,65,9,4,2,1,133,108,650859,666204,walk,Walk,Luis Rengifo walks.,T,,,,,,,,,,650859,,1B,,,Walk,walk,,,,,542208
718769,2023-03-30,9,Top,66,0,0,0,1,133,108,592273,666204,,,,,,,,,,,,,,,,,,,,,,,,,542208
718769,2023-03-30,9,Top,66,1,1,0,1,133,108,592273,666204,,,,,,,,,,,,,,,,,,,,,,,,,542208
718769,2023-03-30,9,Top,66,2,2,0,1,133,108,592273,666204,,,,,,,,,,,,,,,,,,,,,,,,,542208
718769,2023-03-30,9,Top,66,3,2,0,1,133,108,592273,666204,,,,,,,,,,,,,,,,,,,,,,,,,542208
718769,2023-03-30,9,Top,66,4,2,1,1,133,108,592273,666204,,,,,,,,,,,,,,,,,,,,,,,,,542208
718769,2023-03-30,9,Top,66,5,2,1,1,133,108,592273,666204,,,,,,,,,,,,,,,,,,,,,,,,,542208
718769,2023-03-30,9,Top,66,6,3,1,1,133,108,592273,666204,,,,,,,,,,,,,,,,,,,,,,,,,542208
718769,2023-03-30,9,Top,66,7,3,2,1,133,108,592273,666204,,,,,,,,,,,,,,,,,,,,,,,,,542208
718769,2023-03-30,9,Top,66,8,3,2,1,133,108,592273,666204,,,,,,,,,,,,,,,,,,,,,,,,,542208
718769,2023-03-30,9,Top,66,9,3,2,1,133,108,592273,666204,field_out,Pop Out,Brandon Drury pops out to first baseman Ryan Noda.,T,,,,,,,,,,592273,,,T,2,Pop Out,field_out,,,,,542208
718769,2023-03-30,9,Top,67,0,1,0,2,133,108,570482,666204,,,,,,,,,,,,,,,,,,,,,,,,,542208
718769,2023-03-30,9,Top,67,1,1,0,2,133,108,570482,666204,,,,,,,,,,,,,,,,,,,,,,,,,542208
718769,2023-03-30,9,Top,67,2,1,1,2,133,108,570482,666204,,,,,,,,,,,,,,,,,,,,,,,,,542208
718769,2023-03-30,9,Top,67,3,2,1,2,133,108,570482,666204,,,,,,,,,,,,,,,,,,,,,,,,,542208
718769,2023-03-30,9,Top,67,4,2,2,2,133,108,570482,666204,,,,,,,,,,,,,,,,,,,,,,,,,542208
718769,2023-03-30,9,Top,67,5,2,2,2,133,108,570482,666204,,,,,,,,,,,,,,,,,,,,,,,,,542208
718769,2023-03-30,9,Top,67,6,3,2,2,133,108,570482,666204,,,,,,,,,,,,,,,,,,,,,,,,,542208
718769,2023-03-30,9,Top,67,7,3,2,2,133,108,570482,666204,,,,,,,,,,,,,,,,,,,,,,,,,542208
718769,2023-03-30,9,Top,67,8,3,2,2,133,108,570482,666204,field_out,Flyout,Gio Urshela flies out to right fielder Ramon Laureano.,T,,,,,,,,,,570482,,,T,3,Flyout,field_out,,,,,542208
718770,2023-03-30,1,Top,0,0,0,0,0,119,109,641786,628711,,,,,,,,,,,,,,,,,,,,,,,,,669257
718770,2023-03-30,1,Top,0,1,0,0,0,119,109,641786,628711,,,,,,,,,,,,,,,,,,,,,,,,,669257
718770,2023-03-30,1,Top,0,2,0,0,0,119,109,641786,628711,,,,,,,,,,,,,,,,,,,,,,,,,669257
718770,2023-03-30,1,Top,0,3,0,1,0,119,109,641786,628711,,,,,,,,,,,,,,,,,,,,,,,,,669257
718770,2023-03-30,1,Top,0,4,0,2,0,119,109,641786,628711,,,,,,,,,,,,,,,,,,,,,,,,,669257
718770,2023-03-30,1,Top,0,5,0,2,0,119,109,641786,628711,,,,,,,,,,,,,,,,,,,,,,,,,669257
718770,2023-03-30,1,Top,0,6,0,2,0,119,109,641786,628711,,,,,,,,,,,,,,,,,,,,,,,,,669257
718770,2023-03-30,1,Top,0,7,1,2,0,119,109,641786,628711,,,,,,,,,,,,,,,,,,,,,,,,,669257
718770,2023-03-30,1,Top,0,8,1,2,0,119,109,641786,628711,,,,,,,,,,,,,,,,,,,,,,,,,669257
718770,2023-03-30,1,Top,0,9,1,3,0,119,109,641786,628711,strikeout,Strikeout,Kyle Lewis strikes out swinging.,T,,,,,,,,,,641786,,,T,1,Strikeout,strikeout,,,,,669257
718770,2023-03-30,1,Top,1,0,1,0,1,119,109,606466,628711,,,,,,,,,,,,,,,,,,,,,,,,,669257
718770,2023-03-30,1,Top,1,1,2,0,1,119,109,606466,628711,hit_by_pitch,Hit By Pitch,Ketel Marte hit by pitch.,T,,,,,,,,,,606466,,1B,,,Hit By Pitch,hit_by_pitch,,,,,669257
718770,2023-03-30,1,Top,2,0,0,0,1,119,109,666971,628711,,,,,,,,,,,,,,,,,,,,,,,,,669257
718770,2023-03-30,1,Top,2,1,0,1,1,119,109,666971,628711,,,,,,,,,,,,,,,,,,,,,,,,,669257
718770,2023-03-30,1,Top,2,2,0,1,1,119,109,666971,628711,single,Single,Lourdes Gurriel Jr. singles on a sharp line drive to left fielder David Peralta. Ketel Marte to 2nd.,T,,,,,,,,,,666971,,1B,,,Single,single,,,,,669257
718770,2023-03-30,1,Top,3,0,0,1,1,119,109,572233,628711,,,,,,,,,,,,,,,,,,,,,,,,,669257
718770,2023-03-30,1,Top,3,1,0,2,1,119,109,572233,628711,,,,,,,,,,,,,,,,,,,,,,,,,669257
718770,2023-03-30,1,Top,3,2,0,2,1,119,109,572233,628711,single,Single,Christian Walker singles on a line drive to left fielder David Peralta. Ketel Marte scores. Lourdes Gurriel Jr. to 2nd.,T,,,,,,,,,,572233,,1B,,,Single,single,,,,,669257
718770,2023-03-30,1,Top,4,0,0,0,1,119,109,446334,628711,grounded_into_double_play,Grounded Into DP,"Evan Longoria grounds into a double play, third baseman Max Muncy to second baseman Miguel Vargas to first baseman Freddie Freeman. Christian Walker out at 2nd. Evan Longoria out at 1st.",T,,,,,,,,,,572233,1B,,T,2,Grounded Into DP,grounded_into_double_play,r_force_out,,,,669257
718770,2023-03-30,1,Bot,5,0,0,1,0,119,109,605141,668678,,,,,,,,,,,,,,,,,,,,,,,,,645444
718770,2023-03-30,1,Bot,5,1,1,1,0,119,109,605141,668678,,,,,,,,,,,,,,,,,,,,,,,,,645444
718770,2023-03-30,1,Bot,5,2,1,2,0,119,109,605141,668678,,,,,,,,,,,,,,,,,,,,,,,,,645444
718770,2023-03-30,1,Bot,5,3,1,3,0,119,109,605141,668678,strikeout,Strikeout,Mookie Betts strikes out swinging.,T,,,,,,,,,,605141,,,T,1,Strikeout,strikeout,,,,,645444
718770,2023-03-30,1,Bot,6,0,0,1,1,119,109,518692,668678,,,,,,,,,,,,,,,,,,,,,,,,,645444
718770,2023-03-30,1,Bot,6,1,0,2,1,119,109,518692,668678,,,,,,,,,,,,,,,,,,,,,,,,,645444
718770,2023-03-30,1,Bot,6,2,0,3,1,119,109,518692,668678,strikeout,Strikeout,Freddie Freeman strikes out swinging.,T,,,,,,,,,,518692,,,T,2,Strikeout,strikeout,,,,,645444
718770,2023-03-30,1,Bot,7,0,0,0,2,119,109,669257,668678,double,Double,Will Smith doubles (1) on a sharp line drive to right fielder Jake McCarthy.,T,,,,,,,,,,669257,,2B,,,Double,double,,,,,645444
718770,2023-03-30,1,Bot,8,0,1,0,2,119,109,571970,668678,,,,,,,,,,,,,,,,,,,,,,,,,645444
718770,2023-03-30,1,Bot,8,1,1,1,2,119,109,571970,668678,,,,,,,,,,,,,,,,,,,,,,,,,645444
718770,2023-03-30,1,Bot,8,2,2,1,2,119,109,571970,668678,,,,,,,,,,,,,,,,,,,,,,,,,645444
718770,2023-03-30,1,Bot,8,3,2,2,2,119,109,571970,668678,,,,,,,,,,,,,,,,,,,,,,,,,645444
718770,2023-03-30,1,Bot,8,4,2,3,2,119,109,571970,668678,strikeout,Strikeout,Max Muncy called out on strikes.,T,,,,,,,,,,571970,,,T,3,Strikeout,strikeout,,,,,645444
718770,2023-03-30,2,Top,9,0,0,0,0,119,109,605113,628711,double,Double,Nick Ahmed doubles (1) on a sharp line drive to left fielder David Peralta.,T,,,,,,,,,,605113,,2B,,,Double,double,,,,,669257
718770,2023-03-30,2,Top,10,0,1,0,0,119,109,682998,628711,,,,,,,,,,,,,,,,,,,,,,,,,669257
718770,2023-03-30,2,Top,10,1,2,0,0,119,109,682998,628711,,,,,,,,,,,,,,,,,,,,,,,,,669257
718770,2023-03-30,2,Top,10,2,2,1,0,119,109,682998,628711,,,,,,,,,,,,,,,,,,,,,,,,,669257
718770,2023-03-30,2,Top,10,3,2,1,0,119,109,682998,628711,field_out,Flyout,Corbin Carroll flies out to center fielder James Outman. Nick Ahmed to 3rd.,T,,,,,,,,,,682998,,,T,1,Flyout,field_out,,,,,669257
718770,2023-03-30,2,Top,11,0,1,0,1,119,109,672515,628711,,,,,,,,,,,,,,,,,,,,,,,,,669257
718770,2023-03-30,2,Top,11,1,1,1,1,119,109,672515,628711,,,,,,,,,,,,,,,,,,,,,,,,,669257
718770,2023-03-30,2,Top,11,2,2,1,1,119,109,672515,628711,,,,,,,,,,,,,,,,,,,,,,,,,669257
718770,2023-03-30,2,Top,11,3,2,1,1,119,109,672515,628711,sac_fly,Sac Fly,Gabriel Moreno out on a sacrifice fly to center fielder James Outman. Nick Ahmed scores.,T,,,,,,,,,,672515,,,T,2,Sac Fly,sac_fly,,,,,669257
718770,2023-03-30,2,Top,12,0,0,1,2,119,109,664983,628711,,,,,,,,,,,,,,,,,,,,,,,,,669257
718770,2023-03-30,2,Top,12,1,0,1,2,119,109,664983,628711,field_out,Groundout,Jake McCarthy grounds out to first baseman Freddie Freeman.,T,,,,,,,,,,664983,,,T,3,Groundout,field_out,,,,,669257
718770,2023-03-30,2,Bot,13,0,1,0,0,119,109,502110,668678,,,,,,,,,,,,,,,,,,,,,,,,,645444
718770,2023-03-30,2,Bot,13,1,1,1,0,119,109,502110,668678,,,,,,,,,,,,,,,,,,,,,,,,,645444
718770,2023-03-30,2,Bot,13,2,2,1,0,119,109,502110,668678,,,,,,,,,,,,,,,,,,,,,,,,,645444
718770,2023-03-30,2,Bot,13,3,2,2,0,119,109,502110,668678,,,,,,,,,,,,,,,,,,,,,,,,,645444
718770,2023-03-30,2,Bot,13,4,3,2,0,119,109,502110,668678,,,,,,,,,,,,,,,,,,,,,,,,,645444
718770,2023-03-30,2,Bot,13,5,3,2,0,119,109,502110,668678,field_out,Groundout,"J.D. Martinez grounds out, third baseman Evan Longoria to first baseman Christian Walker.",T,,,,,,,,,,502110,,,T,1,Groundout,field_out,,,,,645444
718770,2023-03-30,2,Bot,14,0,1,0,1,119,109,444482,668678,,,,,,,,,,,,,,,,,,,,,,,,,645444
718770,2023-03-30,2,Bot,14,1,1,0,1,119,109,444482,668678,field_out,Groundout,"David Peralta grounds out, second baseman Ketel Marte to first baseman Christian Walker.",T,,,,,,,,,,444482,,,T,2,Groundout,field_out,,,,,645444
718770,2023-03-30,2,Bot,15,0,0,1,2,119,109,678246,668678,,,,,,,,,,,,,,,,,,,,,,,,,645444
718770,2023-03-30,2,Bot,15,1,0,2,2,119,109,678246,668678,,,,,,,,,,,,,,,,,,,,,,,,,645444
718770,2023-03-30,2,Bot,15,2,0,2,2,119,109,678246,668678,field_out,Flyout,Miguel Vargas flies out to center fielder Corbin Carroll.,T,,,,,,,,,,678246,,,T,3,Flyout,field_out,,,,,645444
718770,2023-03-30,3,Top,16,0,1,0,0,119,109,641786,628711,,,,,,,,,,,,,,,,,,,,,,,,,669257
718770,2023-03-30,3,Top,16,1,1,1,0,119,109,641786,628711,,,,,,,,,,,,,,,,,,,,,,,,,669257
718770,2023-03-30,3,Top,16,2,2,1,0,119,109,641786,628711,,,,,,,,,,,,,,,,,,,,,,,,,669257
718770,2023-03-30,3,Top,16,3,2,2,0,119,109,641786,628711,,,,,,,,,,,,,,,,,,,,,,,,,669257
718770,2023-03-30,3,Top,16,4,2,3,0,119,109,641786,628711,strikeout,Strikeout,Kyle Lewis strikes out swinging.,T,,,,,,,,,,641786,,,T,1,Strikeout,strikeout,,,,,669257
718770,2023-03-30,3,Top,17,0,0,0,1,119,109,606466,628711,field_error,Field Error,Ketel Marte reaches on a fielding error by shortstop Miguel Rojas.,T,,,,,,,,,,606466,,1B,,,Field Error,field_error,,,,,669257
718770,2023-03-30,3,Top,18,0,1,0,1,119,109,666971,628711,,,,,,,,,,,,,,,,,,,,,,,,,669257
718770,2023-03-30,3,Top,18,1,1,0,1,119,109,666971,628711,grounded_into_double_play,Grounded Into DP,"Lourdes Gurriel Jr. grounds into a double play, third baseman Max Muncy to second baseman Miguel Vargas to first baseman Freddie Freeman. Ketel Marte out at 2nd. Lourdes Gurriel Jr. out at 1st.",T,,,,,,,,,,606466,1B,,T,2,Grounded Into DP,grounded_into_double_play,r_force_out,,,,669257
718770,2023-03-30,3,Bot,19,0,0,1,0,119,109,681546,668678,,,,,,,,,,,,,,,,,,,,,,,,,645444
718770,2023-03-30,3,Bot,19,1,0,2,0,119,109,681546,668678,,,,,,,,,,,,,,,,,,,,,,,,,645444
718770,2023-03-30,3,Bot,19,2,1,2,0,119,109,681546,668678,,,,,,,,,,,,,,,,,,,,,,,,,645444
718770,2023-03-30,3,Bot,19,3,2,2,0,119,109,681546,668678,,,,,,,,,,,,,,,,,,,,,,,,,645444
718770,2023-03-30,3,Bot,19,4,3,2,0,119,109,681546,668678,,,,,,,,,,,,,,,,,,,,,,,,,645444
718770,2023-03-30,3,Bot,19,5,4,2,0,119,109,681546,668678,walk,Walk,James Outman walks.,T,,,,,,,,,,681546,,1B,,,Walk,walk,,,,,645444
718770,2023-03-30,3,Bot,20,0,0,1,0,119,109,500743,668678,,,,,,,,,,,,,,,,,,,,,,,,,645444
718770,2023-03-30,3,Bot,20,1,0,1,0,119,109,500743,668678,,,,,,,,,,,,,,,,,,,,,,,,,645444
718770,2023-03-30,3,Bot,20,2,0,1,0,119,109,500743,668678,,,,,,,,,,,,,,,,,,,,,,,,,645444
718770,2023-03-30,3,Bot,20,3,0,2,0,119,109,500743,668678,,,,,,,,,,,,,,,,,,,,,,,,,645444
718770,2023-03-30,3,Bot,20,4,0,2,0,119,109,500743,668678,double,Double,Miguel Rojas hits a ground-rule double (1) on a line drive down the right-field line. James Outman to 3rd.,T,,,,,,,,,,500743,,2B,,,Double,double,,,,,645444
718770,2023-03-30,3,Bot,21,0,1,0,0,119,109,605141,668678,,,,,,,,,,,,,,,,,,,,,,,,,645444
718770,2023-03-30,3,Bot,21,1,1,1,0,119,109,605141,668678,,,,,,,,,,,,,,,,,,,,,,,,,645444
718770,2023-03-30,3,Bot,21,2,1,2,0,119,109,605141,668678,,,,,,,,,,,,,,,,,,,,,,,,,645444
718770,2023-03-30,3,Bot,21,3,2,2,0,119,109,605141,668678,,,,,,,,,,,,,,,,,,,,,,,,,645444
718770,2023-03-30,3,Bot,21,4,2,3,0,119,109,605141,668678,strikeout,Strikeout,Mookie Betts strikes out swinging.,T,,,,,,,,,,605141,,,T,1,Strikeout,strikeout,,,,,645444
718770,2023-03-30,3,Bot,22,0,1,0,1,119,109,518692,668678,,,,,,,,,,,,,,,,,,,,,,,,,645444
718770,2023-03-30,3,Bot,22,1,1,1,1,119,109,518692,668678,,,,,,,,,,,,,,,,,,,,,,,,,645444
718770,2023-03-30,3,Bot,22,2,2,1,1,119,109,518692,668678,,,,,,,,,,,,,,,,,,,,,,,,,645444
718770,2023-03-30,3,Bot,22,3,2,1,1,119,109,518692,668678,field_out,Lineout,Freddie Freeman lines out to shortstop Nick Ahmed.,T,,,,,,,,,,518692,,,T,2,Lineout,field_out,,,,,645444
718770,2023-03-30,3,Bot,23,0,0,1,2,119,109,669257,668678,,,,,,,,,,,,,,,,,,,,,,,,,645444
718770,2023-03-30,3,Bot,23,1,1,1,2,119,109,669257,668678,,,,,,,,,,,,,,,,,,,,,,,,,645444
718770,2023-03-30,3,Bot,23,2,2,1,2,119,109,669257,668678,,,,,,,,,,,,,,,,,,,,,,,,,645444
718770,2023-03-30,3,Bot,23,3,2,2,2,119,109,669257,668678,,,,,,,,,,,,,,,,,,,,,,,,,645444
718770,2023-03-30,3,Bot,23,4,2,2,2,119,109,669257,668678,single,Single,Will Smith singles on a line drive to right fielder Jake McCarthy. James Outman scores. Miguel Rojas scores.,T,,,,,,,,,,669257,,1B,,,Single,single,,,,,645444
718770,2023-03-30,3,Bot,24,0,0,0,2,119,109,571970,668678,,,,,,,,,,,,,,,,,,,,,,,,,645444
718770,2023-03-30,3,Bot,24,1,0,1,2,119,109,571970,668678,,,,,,,,,,,,,,,,,,,,,,,,,645444
718770,2023-03-30,3,Bot,24,2,1,1,2,119,109,571970,668678,,,,,,,,,,,,,,,,,,,,,,,,,645444
718770,2023-03-30,3,Bot,24,3,1,2,2,119,109,571970,668678,,,,,,,,,,,,,,,,,,,,,,,,,645444
718770,2023-03-30,3,Bot,24,4,1,3,2,119,109,571970,668678,strikeout,Strikeout,Max Muncy strikes out on a foul tip.,T,,,,,,,,,,571970,,,T,3,Strikeout,strikeout,,,,,645444
718770,2023-03-30,4,Top,25,0,0,1,0,119,109,572233,628711,,,,,,,,,,,,,,,,,,,,,,,,,669257
718770,2023-03-30,4,Top,25,1,0,2,0,119,109,572233,628711,,,,,,,,,,,,,,,,,,,,,,,,,669257
718770,2023-03-30,4,Top,25,2,0,2,0,119,109,572233,628711,,,,,,,,,,,,,,,,,,,,,,,,,669257
718770,2023-03-30,4,Top,25,3,0,2,0,119,109,572233,628711,,,,,,,,,,,,,,,,,,,,,,,,,669257
718770,2023-03-30,4,Top,25,4,1,2,0,119,109,572233,628711,,,,,,,,,,,,,,,,,,,,,,,,,669257
718770,2023-03-30,4,Top,25,5,1,2,0,119,109,572233,628711,field_out,Groundout,"Christian Walker grounds out, third baseman Max Muncy to first baseman Freddie Freeman.",T,,,,,,,,,,572233,,,T,1,Groundout,field_out,,,,,669257
718770,2023-03-30,4,Top,26,0,0,1,1,119,109,446334,628711,,,,,,,,,,,,,,,,,,,,,,,,,669257
718770,2023-03-30,4,Top,26,1,0,2,1,119,109,446334,628711,,,,,,,,,,,,,,,,,,,,,,,,,669257
718770,2023-03-30,4,Top,26,2,0,2,1,119,109,446334,628711,field_out,Pop Out,Evan Longoria pops out to first baseman Freddie Freeman in foul territory.,T,,,,,,,,,,446334,,,T,2,Pop Out,field_out,,,,,669257
718770,2023-03-30,4,Top,27,0,0,1,2,119,109,605113,628711,,,,,,,,,,,,,,,,,,,,,,,,,669257
718770,2023-03-30,4,Top,27,1,0,2,2,119,109,605113,628711,,,,,,,,,,,,,,,,,,,,,,,,,669257
718770,2023-03-30,4,Top,27,2,0,2,2,119,109,605113,628711,,,,,,,,,,,,,,,,,,,,,,,,,669257
718770,2023-03-30,4,Top,27,3,0,2,2,119,109,605113,628711,,,,,,,,,,,,,,,,,,,,,,,,,669257
718770,2023-03-30,4,Top,27,4,1,2,2,119,109,605113,628711,,,,,,,,,,,,,,,,,,,,,,,,,669257
718770,2023-03-30,4,Top,27,5,1,3,2,119,109,605113,628711,strikeout,Strikeout,Nick Ahmed strikes out swinging.,T,,,,,,,,,,605113,,,T,3,Strikeout,strikeout,,,,,669257
718770,2023-03-30,4,Bot,28,0,0,0,0,119,109,502110,668678,field_out,Flyout,J.D. Martinez flies out to right fielder Jake McCarthy.,T,,,,,,,,,,502110,,,T,1,Flyout,field_out,,,,,645444
718770,2023-03-30,4,Bot,29,0,0,1,1,119,109,444482,668678,,,,,,,,,,,,,,,,,,,,,,,,,645444
718770,2023-03-30,4,Bot,29,1,1,1,1,119,109,444482,668678,,,,,,,,,,,,,,,,,,,,,,,,,645444
718770,2023-03-30,4,Bot,29,2,2,1,1,119,109,444482,668678,,,,,,,,,,,,,,,,,,,,,,,,,645444
718770,2023-03-30,4,Bot,29,3,2,1,1,119,109,444482,668678,field_out,Groundout,"David Peralta grounds out sharply, pitcher Zac Gallen to second baseman Ketel Marte to first baseman Christian Walker.",T,,,,,,,,,,444482,,,T,2,Groundout,field_out,,,,,645444
718770,2023-03-30,4,Bot,30,0,1,0,2,119,109,678246,668678,,,,,,,,,,,,,,,,,,,,,,,,,645444
718770,2023-03-30,4,Bot,30,1,2,0,2,119,109,678246,668678,,,,,,,,,,,,,,,,,,,,,,,,,645444
718770,2023-03-30,4,Bot,30,2,3,0,2,119,109,678246,668678,,,,,,,,,,,,,,,,,,,,,,,,,645444
718770,2023-03-30,4,Bot,30,3,4,0,2,119,109,678246,668678,walk,Walk,Miguel Vargas walks.,T,,,,,,,,,,678246,,1B,,,Walk,walk,,,,,645444
718770,2023-03-30,4,Bot,31,0,1,0,2,119,109,681546,668678,,,,,,,,,,,,,,,,,,,,,,,,,645444
718770,2023-03-30,4,Bot,31,1,1,0,2,119,109,681546,668678,,,,,,,,,,,,,,,,,,,,,,,,,645444
718770,2023-03-30,4,Bot,31,2,1,1,2,119,109,681546,668678,,,,,,,,,,,,,,,,,,,,,,,,,645444
718770,2023-03-30,4,Bot,31,3,1,2,2,119,109,681546,668678,,,,,,,,,,,,,,,,,,,,,,,,,645444
718770,2023-03-30,4,Bot,31,4,1,3,2,119,109,681546,668678,strikeout,Strikeout,James Outman strikes out swinging.,T,,,,,,,,,,681546,,,T,3,Strikeout,strikeout,,,,,645444
718770,2023-03-30,5,Top,32,0,1,0,0,119,109,682998,628711,,,,,,,,,,,,,,,,,,,,,,,,,669257
718770,2023-03-30,5,Top,32,1,1,1,0,119,109,682998,628711,,,,,,,,,,,,,,,,,,,,,,,,,669257
718770,2023-03-30,5,Top,32,2,1,1,0,119,109,682998,628711,field_out,Lineout,Corbin Carroll lines out to left fielder David Peralta.,T,,,,,,,,,,682998,,,T,1,Lineout,field_out,,,,,669257
718770,2023-03-30,5,Top,33,0,0,1,1,119,109,672515,628711,,,,,,,,,,,,,,,,,,,,,,,,,669257
718770,2023-03-30,5,Top,33,1,1,1,1,119,109,672515,628711,,,,,,,,,,,,,,,,,,,,,,,,,669257
718770,2023-03-30,5,Top,33,2,2,1,1,119,109,672515,628711,,,,,,,,,,,,,,,,,,,,,,,,,669257
718770,2023-03-30,5,Top,33,3,2,2,1,119,109,672515,628711,,,,,,,,,,,,,,,,,,,,,,,,,669257
718770,2023-03-30,5,Top,33,4,2,3,1,119,109,672515,628711,strikeout,Strikeout,"Gabriel Moreno strikes out swinging, catcher Will Smith to first baseman Freddie Freeman.",T,,,,,,,,,,672515,,,T,2,Strikeout,strikeout,,,,,669257
718770,2023-03-30,5,Top,34,0,1,0,2,119,109,664983,628711,,,,,,,,,,,,,,,,,,,,,,,,,669257
718770,2023-03-30,5,Top,34,1,1,1,2,119,109,664983,628711,,,,,,,,,,,,,,,,,,,,,,,,,669257
718770,2023-03-30,5,Top,34,2,1,1,2,119,109,664983,628711,field_out,Flyout,Jake McCarthy flies out to center fielder James Outman.,T,,,,,,,,,,664983,,,T,3,Flyout,field_out,,,,,669257
718770,2023-03-30,5,Bot,35,0,0,0,0,119,109,500743,668678,field_out,Pop Out,Miguel Rojas pops out to first baseman Christian Walker in foul territory.,T,,,,,,,,,,500743,,,T,1,Pop Out,field_out,,,,,645444
718770,2023-03-30,5,Bot,36,0,1,0,1,119,109,605141,668678,,,,,,,,,,,,,,,,,,,,,,,,,645444
718770,2023-03-30,5,Bot,36,1,2,0,1,119,109,605141,668678,,,,,,,,,,,,,,,,,,,,,,,,,645444
718770,2023-03-30,5,Bot,36,2,2,1,1,119,109,605141,668678,,,,,,,,,,,,,,,,,,,,,,,,,645444
718770,2023-03-30,5,Bot,36,3,2,2,1,119,109,605141,668678,,,,,,,,,,,,,,,,,,,,,,,,,645444
718770,2023-03-30,5,Bot,36,4,3,2,1,119,109,605141,668678,,,,,,,,,,,,,,,,,,,,,,,,,645444
718770,2023-03-30,5,Bot,36,5,3,2,1,119,109,605141,668678,,,,,,,,,,,,,,,,,,,,,,,,,645444
718770,2023-03-30,5,Bot,36,6,4,2,1,119,109,605141,668678,walk,Walk,Mookie Betts walks.,T,,,,,,,,,,605141,,1B,,,Walk,walk,,,,,645444
718770,2023-03-30,5,Bot,37,0,1,0,1,119,109,518692,668678,,,,,,,,,,,,,,,,,,,,,,,,,645444
718770,2023-03-30,5,Bot,37,1,1,0,1,119,109,518692,668678,,,,,,,,,,,,,,,,,,,,,,,,,645444
718770,2023-03-30,5,Bot,37,2,2,0,1,119,109,518692,668678,,,,,,,,,,,,,,,,,,,,,,,,,645444
718770,2023-03-30,5,Bot,37,3,3,0,1,119,109,518692,668678,,,,,,,,,,,,,,,,,,,,,,,,,645444
718770,2023-03-30,5,Bot,37,4,3,1,1,119,109,518692,668678,,,,,,,,,,,,,,,,,,,,,,,,,645444
718770,2023-03-30,5,Bot,37,5,3,1,1,119,109,518692,668678,single,Single,Freddie Freeman singles on a line drive to right fielder Jake McCarthy. Mookie Betts to 3rd.,T,,,,,,,,,,518692,,1B,,,Single,single,,,,,645444
718770,2023-03-30,5,Bot,38,0,0,0,1,119,109,669257,668678,,,,,,,,,,,,,,,,,,,,,,,,,645444
718770,2023-03-30,5,Bot,38,1,0,1,1,119,109,669257,668678,,,,,,,,,,,,,,,,,,,,,,,,,645444
718770,2023-03-30,5,Bot,38,2,0,2,1,119,109,669257,668678,,,,,,,,,,,,,,,,,,,,,,,,,645444
718770,2023-03-30,5,Bot,38,3,0,2,1,119,109,669257,668678,single,Single,Will Smith singles on a pop up to right fielder Jake McCarthy. Mookie Betts scores. Freddie Freeman to 3rd.,T,,,,,,,,,,669257,,1B,,,Single,single,,,,,645444
718770,2023-03-30,5,Bot,39,0,0,1,1,119,109,571970,668678,,,,,,,,,,,,,,,,,,,,,,,,,645444
718770,2023-03-30,5,Bot,39,1,1,1,1,119,109,571970,668678,,,,,,,,,,,,,,,,,,,,,,,,,645444
718770,2023-03-30,5,Bot,39,2,1,2,1,119,109,571970,668678,,,,,,,,,,,,,,,,,,,,,,,,,645444
718770,2023-03-30,5,Bot,39,3,1,3,1,119,109,571970,668678,strikeout,Strikeout,Max Muncy strikes out swinging.,T,,,,,,,,,,571970,,,T,2,Strikeout,strikeout,,,,,645444
718770,2023-03-30,5,Bot,40,0,0,1,2,119,109,502110,668678,,,,,,,,,,,,,,,,,,,,,,,,,645444
718770,2023-03-30,5,Bot,40,1,0,2,2,119,109,502110,668678,,,,,,,,,,,,,,,,,,,,,,,,,645444
718770,2023-03-30,5,Bot,40,2,0,2,2,119,109,502110,668678,,,,,,,,,,,,,,,,,,,,,,,,,645444
718770,2023-03-30,5,Bot,40,3,1,2,2,119,109,502110,668678,,,,,,,,,,,,,,,,,,,,,,,,,645444
718770,2023-03-30,5,Bot,40,4,1,2,2,119,109,502110,668678,single,Single,J.D. Martinez singles on a sharp line drive to right fielder Jake McCarthy. Freddie Freeman scores. Will Smith to 2nd.,T,,,,,,,,,,502110,,1B,,,Single,single,,,,,645444
718770,2023-03-30,5,Bot,41,0,0,0,2,119,109,444482,642121,,,,,,,,,,,,,,,,,,,,,,,,,645444
718770,2023-03-30,5,Bot,41,1,0,0,2,119,109,444482,642121,,,,,,,,,,,,,,,,,,,,,,,,,645444
718770,2023-03-30,5,Bot,41,2,0,0,2,119,109,444482,642121,single,Single,"David Peralta singles on a line drive to left fielder Lourdes Gurriel Jr. Will Smith scores. J.D. Martinez out at 3rd on the throw, left fielder Lourdes Gurriel Jr. to third baseman Evan Longoria.",T,,,,,,,,,,444482,,1B,,,Single,single,,,,,645444
718770,2023-03-30,6,Top,42,0,0,1,0,119,109,641786,628711,,,,,,,,,,,,,,,,,,,,,,,,,669257
718770,2023-03-30,6,Top,42,1,1,1,0,119,109,641786,628711,,,,,,,,,,,,,,,,,,,,,,,,,669257
718770,2023-03-30,6,Top,42,2,1,2,0,119,109,641786,628711,,,,,,,,,,,,,,,,,,,,,,,,,669257
718770,2023-03-30,6,Top,42,3,1,3,0,119,109,641786,628711,strikeout,Strikeout,Kyle Lewis strikes out swinging.,T,,,,,,,,,,641786,,,T,1,Strikeout,strikeout,,,,,669257
718770,2023-03-30,6,Top,43,0,0,1,1,119,109,606466,628711,,,,,,,,,,,,,,,,,,,,,,,,,669257
718770,2023-03-30,6,Top,43,1,0,2,1,119,109,606466,628711,,,,,,,,,,,,,,,,,,,,,,,,,669257
718770,2023-03-30,6,Top,43,2,1,2,1,119,109,606466,628711,,,,,,,,,,,,,,,,,,,,,,,,,669257
718770,2023-03-30,6,Top,43,3,2,2,1,119,109,606466,628711,,,,,,,,,,,,,,,,,,,,,,,,,669257
718770,2023-03-30,6,Top,43,4,2,2,1,119,109,606466,628711,,,,,,,,,,,,,,,,,,,,,,,,,669257
718770,2023-03-30,6,Top,43,5,3,2,1,119,109,606466,628711,,,,,,,,,,,,,,,,,,,,,,,,,669257
718770,2023-03-30,6,Top,43,6,3,2,1,119,109,606466,628711,,,,,,,,,,,,,,,,,,,,,,,,,669257
718770,2023-03-30,6,Top,43,7,3,2,1,119,109,606466,628711,,,,,,,,,,,,,,,,,,,,,,,,,669257
718770,2023-03-30,6,Top,43,8,3,2,1,119,109,606466,628711,,,,,,,,,,,,,,,,,,,,,,,,,669257
718770,2023-03-30,6,Top,43,9,3,2,1,119,109,606466,628711,single,Single,"Ketel Marte singles on a line drive to right fielder Mookie Betts. Ketel Marte out at 2nd on the throw, right fielder Mookie Betts to shortstop Miguel Rojas.",T,,,,,,,,,,606466,,1B,,,Single,single,,,,,669257
718770,2023-03-30,6,Top,44,0,0,1,2,119,109,666971,628711,,,,,,,,,,,,,,,,,,,,,,,,,669257
718770,2023-03-30,6,Top,44,1,1,1,2,119,109,666971,628711,,,,,,,,,,,,,,,,,,,,,,,,,669257
718770,2023-03-30,6,Top,44,2,1,2,2,119,109,666971,628711,,,,,,,,,,,,,,,,,,,,,,,,,669257
718770,2023-03-30,6,Top,44,3,2,2,2,119,109,666971,628711,,,,,,,,,,,,,,,,,,,,,,,,,669257
718770,2023-03-30,6,Top,44,4,2,3,2,119,109,666971,628711,strikeout,Strikeout,Lourdes Gurriel Jr. called out on strikes.,T,,,,,,,,,,666971,,,T,3,Strikeout,strikeout,,,,,669257
718770,2023-03-30,6,Bot,45,0,1,0,0,119,109,678246,642121,,,,,,,,,,,,,,,,,,,,,,,,,645444
718770,2023-03-30,6,Bot,45,1,2,0,0,119,109,678246,642121,,,,,,,,,,,,,,,,,,,,,,,,,645444
718770,2023-03-30,6,Bot,45,2,3,0,0,119,109,678246,642121,,,,,,,,,,,,,,,,,,,,,,,,,645444
718770,2023-03-30,6,Bot,45,3,4,0,0,119,109,678246,642121,walk,Walk,Miguel Vargas walks.,T,,,,,,,,,,678246,,1B,,,Walk,walk,,,,,645444
718770,2023-03-30,6,Bot,46,0,1,0,0,119,109,681546,642121,,,,,,,,,,,,,,,,,,,,,,,,,645444
718770,2023-03-30,6,Bot,46,1,2,0,0,119,109,681546,642121,,,,,,,,,,,,,,,,,,,,,,,,,645444
718770,2023-03-30,6,Bot,46,2,2,1,0,119,109,681546,642121,,,,,,,,,,,,,,,,,,,,,,,,,645444
718770,2023-03-30,6,Bot,46,3,3,1,0,119,109,681546,642121,,,,,,,,,,,,,,,,,,,,,,,,,645444
718770,2023-03-30,6,Bot,46,4,3,2,0,119,109,681546,642121,,,,,,,,,,,,,,,,,,,,,,,,,645444
718770,2023-03-30,6,Bot,46,5,3,2,0,119,109,681546,642121,home_run,Home Run,James Outman homers (1) on a fly ball to left center field. Miguel Vargas scores.,T,,,,,,,,,,681546,,score,,,Home Run,home_run,,T,T,T,645444
718770,2023-03-30,6,Bot,47,0,1,0,0,119,109,500743,642121,,,,,,,,,,,,,,,,,,,,,,,,,645444
718770,2023-03-30,6,Bot,47,1,1,0,0,119,109,500743,642121,field_out,Groundout,"Miguel Rojas grounds out, second baseman Ketel Marte to first baseman Christian Walker.",T,,,,,,,,,,500743,,,T,1,Groundout,field_out,,,,,645444
718770,2023-03-30,6,Bot,48,0,0,1,1,119,109,605141,642121,,,,,,,,,,,,,,,,,,,,,,,,,645444
718770,2023-03-30,6,Bot,48,1,0,2,1,119,109,605141,642121,,,,,,,,,,,,,,,,,,,,,,,,,645444
718770,2023-03-30,6,Bot,48,2,1,2,1,119,109,605141,642121,,,,,,,,,,,,,,,,,,,,,,,,,645444
718770,2023-03-30,6,Bot,48,3,2,2,1,119,109,605141,642121,,,,,,,,,,,,,,,,,,,,,,,,,645444
718770,2023-03-30,6,Bot,48,4,2,2,1,119,109,605141,642121,,,,,,,,,,,,,,,,,,,,,,,,,645444
718770,2023-03-30,6,Bot,48,5,3,2,1,119,109,605141,642121,,,,,,,,,,,,,,,,,,,,,,,,,645444
718770,2023-03-30,6,Bot,48,6,3,2,1,119,109,605141,642121,field_out,Pop Out,Mookie Betts pops out to catcher Gabriel Moreno in foul territory.,T,,,,,,,,,,605141,,,T,2,Pop Out,field_out,,,,,645444
718770,2023-03-30,6,Bot,49,0,0,0,2,119,109,518692,669459,,,,,,,,,,,,,,,,,,,,,,,,,645444
718770,2023-03-30,6,Bot,49,1,0,0,2,119,109,518692,669459,,,,,,,,,,,,,,,,,,,,,,,,,645444
718770,2023-03-30,6,Bot,49,2,1,0,2,119,109,518692,669459,,,,,,,,,,,,,,,,,,,,,,,,,645444
718770,2023-03-30,6,Bot,49,3,1,1,2,119,109,518692,669459,,,,,,,,,,,,,,,,,,,,,,,,,645444
718770,2023-03-30,6,Bot,49,4,2,1,2,119,109,518692,669459,,,,,,,,,,,,,,,,,,,,,,,,,645444
718770,2023-03-30,6,Bot,49,5,2,2,2,119,109,518692,669459,,,,,,,,,,,,,,,,,,,,,,,,,645444
718770,2023-03-30,6,Bot,49,6,2,2,2,119,109,518692,669459,single,Single,Freddie Freeman singles on a line drive to right fielder Jake McCarthy.,T,,,,,,,,,,518692,,1B,,,Single,single,,,,,645444
718770,2023-03-30,6,Bot,50,0,1,0,2,119,109,669257,669459,,,,,,,,,,,,,,,,,,,,,,,,,645444
718770,2023-03-30,6,Bot,50,1,2,0,2,119,109,669257,669459,,,,,,,,,,,,,,,,,,,,,,,,,645444
718770,2023-03-30,6,Bot,50,2,2,1,2,119,109,669257,669459,,,,,,,,,,,,,,,,,,,,,,,,,645444
718770,2023-03-30,6,Bot,50,3,2,2,2,119,109,669257,669459,,,,,,,,,,,,,,,,,,,,,,,,,645444
718770,2023-03-30,6,Bot,50,4,2,2,2,119,109,669257,669459,,,,,,,,,,,,,,,,,,,,,,,,,645444
718770,2023-03-30,6,Bot,50,5,2,2,2,119,109,669257,669459,field_out,Groundout,"Will Smith grounds out, shortstop Nick Ahmed to first baseman Christian Walker.",T,,,,,,,,,,669257,,,T,3,Groundout,field_out,,,,,645444
718770,2023-03-30,7,Top,51,0,0,0,0,119,109,572233,641360,,,,,,,,,,,,,,,,,,,,,,,,,669257
718770,2023-03-30,7,Top,51,1,1,0,0,119,109,572233,641360,,,,,,,,,,,,,,,,,,,,,,,,,669257
718770,2023-03-30,7,Top,51,2,1,1,0,119,109,572233,641360,,,,,,,,,,,,,,,,,,,,,,,,,669257
718770,2023-03-30,7,Top,51,3,1,2,0,119,109,572233,641360,,,,,,,,,,,,,,,,,,,,,,,,,669257
718770,2023-03-30,7,Top,51,4,1,2,0,119,109,572233,641360,,,,,,,,,,,,,,,,,,,,,,,,,669257
718770,2023-03-30,7,Top,51,5,2,2,0,119,109,572233,641360,,,,,,,,,,,,,,,,,,,,,,,,,669257
718770,2023-03-30,7,Top,51,6,2,2,0,119,109,572233,641360,field_out,Pop Out,Christian Walker pops out to shortstop Miguel Rojas.,T,,,,,,,,,,572233,,,T,1,Pop Out,field_out,,,,,669257
718770,2023-03-30,7,Top,52,0,1,0,1,119,109,446334,641360,,,,,,,,,,,,,,,,,,,,,,,,,669257
718770,2023-03-30,7,Top,52,1,2,0,1,119,109,446334,641360,,,,,,,,,,,,,,,,,,,,,,,,,669257
718770,2023-03-30,7,Top,52,2,2,0,1,119,109,446334,641360,field_out,Flyout,Evan Longoria flies out to left fielder David Peralta.,T,,,,,,,,,,446334,,,T,2,Flyout,field_out,,,,,669257
718770,2023-03-30,7,Top,53,0,0,1,2,119,109,605113,641360,,,,,,,,,,,,,,,,,,,,,,,,,669257
718770,2023-03-30,7,Top,53,1,1,1,2,119,109,605113,641360,,,,,,,,,,,,,,,,,,,,,,,,,669257
718770,2023-03-30,7,Top,53,2,1,2,2,119,109,605113,641360,,,,,,,,,,,,,,,,,,,,,,,,,669257
718770,2023-03-30,7,Top,53,3,1,3,2,119,109,605113,641360,strikeout,Strikeout,Nick Ahmed strikes out swinging.,T,,,,,,,,,,605113,,,T,3,Strikeout,strikeout,,,,,669257
718770,2023-03-30,7,Bot,54,0,0,0,0,119,109,571970,669459,,,,,,,,,,,,,,,,,,,,,,,,,645444
718770,2023-03-30,7,Bot,54,1,0,1,0,119,109,571970,669459,,,,,,,,,,,,,,,,,,,,,,,,,645444
718770,2023-03-30,7,Bot,54,2,1,1,0,119,109,571970,669459,,,,,,,,,,,,,,,,,,,,,,,,,645444
718770,2023-03-30,7,Bot,54,3,1,2,0,119,109,571970,669459,,,,,,,,,,,,,,,,,,,,,,,,,645444
718770,2023-03-30,7,Bot,54,4,1,3,0,119,109,571970,669459,strikeout,Strikeout,Max Muncy strikes out swinging.,T,,,,,,,,,,571970,,,T,1,Strikeout,strikeout,,,,,645444
718770,2023-03-30,7,Bot,55,0,0,1,1,119,109,502110,669459,,,,,,,,,,,,,,,,,,,,,,,,,645444
718770,2023-03-30,7,Bot,55,1,0,2,1,119,109,502110,669459,,,,,,,,,,,,,,,,,,,,,,,,,645444
718770,2023-03-30,7,Bot,55,2,1,2,1,119,109,502110,669459,,,,,,,,,,,,,,,,,,,,,,,,,645444
718770,2023-03-30,7,Bot,55,3,1,3,1,119,109,502110,669459,strikeout,Strikeout,J.D. Martinez strikes out swinging.,T,,,,,,,,,,502110,,,T,2,Strikeout,strikeout,,,,,645444
718770,2023-03-30,7,Bot,56,0,0,1,2,119,109,444482,669459,,,,,,,,,,,,,,,,,,,,,,,,,645444
718770,2023-03-30,7,Bot,56,1,0,1,2,119,109,444482,669459,single,Single,David Peralta singles on a line drive to left fielder Lourdes Gurriel Jr.,T,,,,,,,,,,444482,,1B,,,Single,single,,,,,645444
718770,2023-03-30,7,Bot,57,0,0,0,2,119,109,678246,672841,,,,,,,,,,,,,,,,,,,,,,,,,645444
718770,2023-03-30,7,Bot,57,1,0,0,2,119,109,678246,672841,,,,,,,,,,,,,,,,,,,,,,,,,645444
718770,2023-03-30,7,Bot,57,2,0,1,2,119,109,678246,672841,,,,,,,,,,,,,,,,,,,,,,,,,645444
718770,2023-03-30,7,Bot,57,3,0,2,2,119,109,678246,672841,,,,,,,,,,,,,,,,,,,,,,,,,645444
718770,2023-03-30,7,Bot,57,4,0,3,2,119,109,678246,672841,strikeout,Strikeout,Miguel Vargas strikes out swinging.,T,,,,,,,,,,678246,,,T,3,Strikeout,strikeout,,,,,645444
718770,2023-03-30,8,Top,58,0,0,0,0,119,109,682998,571946,,,,,,,,,,,,,,,,,,,,,,,,,669257
718770,2023-03-30,8,Top,58,1,0,1,0,119,109,682998,571946,,,,,,,,,,,,,,,,,,,,,,,,,669257
718770,2023-03-30,8,Top,58,2,1,1,0,119,109,682998,571946,,,,,,,,,,,,,,,,,,,,,,,,,669257
718770,2023-03-30,8,Top,58,3,1,2,0,119,109,682998,571946,,,,,,,,,,,,,,,,,,,,,,,,,669257
718770,2023-03-30,8,Top,58,4,1,2,0,119,109,682998,571946,field_out,Flyout,Corbin Carroll flies out to center fielder James Outman.,T,,,,,,,,,,682998,,,T,1,Flyout,field_out,,,,,669257
718770,2023-03-30,8,Top,59,0,0,1,1,119,109,672515,571946,,,,,,,,,,,,,,,,,,,,,,,,,669257
718770,2023-03-30,8,Top,59,1,0,2,1,119,109,672515,571946,,,,,,,,,,,,,,,,,,,,,,,,,669257
718770,2023-03-30,8,Top,59,2,1,2,1,119,109,672515,571946,,,,,,,,,,,,,,,,,,,,,,,,,669257
718770,2023-03-30,8,Top,59,3,1,2,1,119,109,672515,571946,,,,,,,,,,,,,,,,,,,,,,,,,669257
718770,2023-03-30,8,Top,59,4,1,2,1,119,109,672515,571946,field_out,Flyout,Gabriel Moreno flies out to center fielder James Outman.,T,,,,,,,,,,672515,,,T,2,Flyout,field_out,,,,,669257
718770,2023-03-30,8,Top,60,0,1,0,2,119,109,664983,571946,,,,,,,,,,,,,,,,,,,,,,,,,669257
718770,2023-03-30,8,Top,60,1,1,1,2,119,109,664983,571946,,,,,,,,,,,,,,,,,,,,,,,,,669257
718770,2023-03-30,8,Top,60,2,1,2,2,119,109,664983,571946,,,,,,,,,,,,,,,,,,,,,,,,,669257
718770,2023-03-30,8,Top,60,3,1,3,2,119,109,664983,571946,strikeout,Strikeout,Jake McCarthy strikes out swinging.,T,,,,,,,,,,664983,,,T,3,Strikeout,strikeout,,,,,669257
718770,2023-03-30,8,Bot,61,0,0,1,0,119,109,681546,672841,,,,,,,,,,,,,,,,,,,,,,,,,645444
718770,2023-03-30,8,Bot,61,1,1,1,0,119,109,681546,672841,,,,,,,,,,,,,,,,,,,,,,,,,645444
718770,2023-03-30,8,Bot,61,2,1,1,0,119,109,681546,672841,single,Single,"James Outman singles on a line drive to right fielder Jake McCarthy. James Outman to 2nd. James Outman advances to 2nd, on a fielding error by right fielder Jake McCarthy.",T,,,,,,,,,,681546,,1B,,,Single,single,,,,,645444
718770,2023-03-30,8,Bot,62,0,1,0,0,119,109,500743,672841,,,,,,,,,,,,,,,,,,,,,,,,,645444
718770,2023-03-30,8,Bot,62,1,1,0,0,119,109,500743,672841,single,Single,Miguel Rojas singles on a ground ball to third baseman Evan Longoria. James Outman to 3rd.,T,,,,,,,,,,500743,,1B,,,Single,single,,,,,645444
718770,2023-03-30,8,Bot,63,0,0,1,0,119,109,605141,672841,,,,,,,,,,,,,,,,,,,,,,,,,645444
718770,2023-03-30,8,Bot,63,1,0,2,0,119,109,605141,672841,,,,,,,,,,,,,,,,,,,,,,,,,645444
718770,2023-03-30,8,Bot,63,2,1,2,0,119,109,605141,672841,,,,,,,,,,,,,,,,,,,,,,,,,645444
718770,2023-03-30,8,Bot,63,3,1,3,0,119,109,605141,672841,strikeout,Strikeout,Mookie Betts called out on strikes.,T,,,,,,,,,,605141,,,T,1,Strikeout,strikeout,,,,,645444
718770,2023-03-30,8,Bot,64,0,1,0,1,119,109,518692,672841,,,,,,,,,,,,,,,,,,,,,,,,,645444
718770,2023-03-30,8,Bot,64,1,2,0,1,119,109,518692,672841,,,,,,,,,,,,,,,,,,,,,,,,,645444
718770,2023-03-30,8,Bot,64,2,2,1,1,119,109,518692,672841,,,,,,,,,,,,,,,,,,,,,,,,,645444
718770,2023-03-30,8,Bot,64,3,3,1,1,119,109,518692,672841,,,,,,,,,,,,,,,,,,,,,,,,,645444
718770,2023-03-30,8,Bot,64,4,3,2,1,119,109,518692,672841,,,,,,,,,,,,,,,,,,,,,,,,,645444
718770,2023-03-30,8,Bot,64,5,4,2,1,119,109,518692,672841,walk,Walk,Freddie Freeman walks. Miguel Rojas to 2nd.,T,,,,,,,,,,500743,1B,2B,,,Walk,walk,r_adv_force,,,,645444
718770,2023-03-30,8,Bot,65,0,0,0,1,119,109,669257,656464,,,,,,,,,,,,,,,,,,,,,,,,,645444
718770,2023-03-30,8,Bot,65,1,0,0,1,119,109,669257,656464,,,,,,,,,,,,,,,,,,,,,,,,,645444
718770,2023-03-30,8,Bot,65,2,0,1,1,119,109,669257,656464,,,,,,,,,,,,,,,,,,,,,,,,,645444
718770,2023-03-30,8,Bot,65,3,0,1,1,119,109,669257,656464,,,,,,,,,,,,,,,,,,,,,,,,,645444
718770,2023-03-30,8,Bot,65,4,1,1,1,119,109,669257,656464,,,,,,,,,,,,,,,,,,,,,,,,,645444
718770,2023-03-30,8,Bot,65,5,2,1,1,119,109,669257,656464,,,,,,,,,,,,,,,,,,,,,,,,,645444
718770,2023-03-30,8,Bot,65,6,2,2,1,119,109,669257,656464,,,,,,,,,,,,,,,,,,,,,,,,,645444
718770,2023-03-30,8,Bot,65,7,3,2,1,119,109,669257,656464,,,,,,,,,,,,,,,,,,,,,,,,,645444
718770,2023-03-30,8,Bot,65,8,3,2,1,119,109,669257,656464,,,,,,,,,,,,,,,,,,,,,,,,,645444
718770,2023-03-30,8,Bot,65,9,3,2,1,119,109,669257,656464,sac_fly,Sac Fly,Will Smith out on a sacrifice fly to center fielder Corbin Carroll. James Outman scores.,T,,,,,,,,,,669257,,,T,2,Sac Fly,sac_fly,,,,,645444
718770,2023-03-30,8,Bot,66,0,1,0,2,119,109,571970,656464,,,,,,,,,,,,,,,,,,,,,,,,,645444
718770,2023-03-30,8,Bot,66,1,1,1,2,119,109,571970,656464,,,,,,,,,,,,,,,,,,,,,,,,,645444
718770,2023-03-30,8,Bot,66,2,1,2,2,119,109,571970,656464,,,,,,,,,,,,,,,,,,,,,,,,,645444
718770,2023-03-30,8,Bot,66,3,2,2,2,119,109,571970,656464,,,,,,,,,,,,,,,,,,,,,,,,,645444
718770,2023-03-30,8,Bot,66,4,2,3,2,119,109,571970,656464,strikeout,Strikeout,Max Muncy strikes out swinging.,T,,,,,,,,,,571970,,,T,3,Strikeout,strikeout,,,,,645444
718770,2023-03-30,9,Top,67,0,0,0,0,119,109,641786,622075,,,,,,,,,,,,,,,,,,,,,,,,,669257
718770,2023-03-30,9,Top,67,1,0,1,0,119,109,641786,622075,,,,,,,,,,,,,,,,,,,,,,,,,669257
718770,2023-03-30,9,Top,67,2,0,2,0,119,109,641786,622075,,,,,,,,,,,,,,,,,,,,,,,,,669257
718770,2023-03-30,9,Top,67,3,0,2,0,119,109,641786,622075,field_out,Pop Out,Kyle Lewis pops out to catcher Will Smith in foul territory.,T,,,,,,,,,,641786,,,T,1,Pop Out,field_out,,,,,669257
718770,2023-03-30,9,Top,68,0,1,0,1,119,109,606466,622075,,,,,,,,,,,,,,,,,,,,,,,,,669257
718770,2023-03-30,9,Top,68,1,1,1,1,119,109,606466,622075,,,,,,,,,,,,,,,,,,,,,,,,,669257
718770,2023-03-30,9,Top,68,2,2,1,1,119,109,606466,622075,,,,,,,,,,,,,,,,,,,,,,,,,669257
718770,2023-03-30,9,Top,68,3,2,2,1,119,109,606466,622075,,,,,,,,,,,,,,,,,,,,,,,,,669257
718770,2023-03-30,9,Top,68,4,3,2,1,119,109,606466,622075,,,,,,,,,,,,,,,,,,,,,,,,,669257
718770,2023-03-30,9,Top,68,5,3,2,1,119,109,606466,622075,field_out,Flyout,Ketel Marte flies out to left fielder David Peralta.,T,,,,,,,,,,606466,,,T,2,Flyout,field_out,,,,,669257
718770,2023-03-30,9,Top,69,0,0,0,2,119,109,666971,622075,field_out,Groundout,"Lourdes Gurriel Jr. grounds out, shortstop Miguel Rojas to first baseman Freddie Freeman.",T,,,,,,,,,,666971,,,T,3,Groundout,field_out,,,,,669257
718767,2023-03-30,1,Top,0,0,0,0,0,136,114,680757,622491,,,,,,,,,,,,,,,,,,,,,,,,,663728
718767,2023-03-30,1,Top,0,1,0,0,0,136,114,680757,622491,,,,,,,,,,,,,,,,,,,,,,,,,663728
718767,2023-03-30,1,Top,0,2,0,0,0,136,114,680757,622491,,,,,,,,,,,,,,,,,,,,,,,,,663728
718767,2023-03-30,1,Top,0,3,1,0,0,136,114,680757,622491,,,,,,,,,,,,,,,,,,,,,,,,,663728
718767,2023-03-30,1,Top,0,4,2,0,0,136,114,680757,622491,,,,,,,,,,,,,,,,,,,,,,,,,663728
718767,2023-03-30,1,Top,0,5,3,0,0,136,114,680757,622491,,,,,,,,,,,,,,,,,,,,,,,,,663728
718767,2023-03-30,1,Top,0,6,3,1,0,136,114,680757,622491,,,,,,,,,,,,,,,,,,,,,,,,,663728
718767,2023-03-30,1,Top,0,7,3,2,0,136,114,680757,622491,,,,,,,,,,,,,,,,,,,,,,,,,663728
718767,2023-03-30,1,Top,0,8,3,2,0,136,114,680757,622491,field_out,Pop Out,Steven Kwan pops out to third baseman Eugenio Suarez in foul territory.,T,,,,,,,,,,680757,,,T,1,Pop Out,field_out,,,,,663728
718767,2023-03-30,1,Top,1,0,0,1,1,136,114,642708,622491,,,,,,,,,,,,,,,,,,,,,,,,,663728
718767,2023-03-30,1,Top,1,1,0,2,1,136,114,642708,622491,,,,,,,,,,,,,,,,,,,,,,,,,663728
718767,2023-03-30,1,Top,1,2,0,3,1,136,114,642708,622491,strikeout,Strikeout,Amed Rosario strikes out swinging.,T,,,,,,,,,,642708,,,T,2,Strikeout,strikeout,,,,,663728
718767,2023-03-30,1,Top,2,0,0,1,2,136,114,608070,622491,,,,,,,,,,,,,,,,,,,,,,,,,663728
718767,2023-03-30,1,Top,2,1,0,2,2,136,114,608070,622491,,,,,,,,,,,,,,,,,,,,,,,,,663728
718767,2023-03-30,1,Top,2,2,0,2,2,136,114,608070,622491,field_out,Groundout,Jose Ramirez grounds out softly to first baseman Ty France.,T,,,,,,,,,,608070,,,T,3,Groundout,field_out,,,,,663728
718767,2023-03-30,1,Bot,3,0,1,0,0,136,114,677594,669456,,,,,,,,,,,,,,,,,,,,,,,,,650619
718767,2023-03-30,1,Bot,3,1,1,1,0,136,114,677594,669456,,,,,,,,,,,,,,,,,,,,,,,,,650619
718767,2023-03-30,1,Bot,3,2,1,2,0,136,114,677594,669456,,,,,,,,,,,,,,,,,,,,,,,,,650619
718767,2023-03-30,1,Bot,3,3,2,2,0,136,114,677594,669456,,,,,,,,,,,,,,,,,,,,,,,,,650619
718767,2023-03-30,1,Bot,3,4,3,2,0,136,114,677594,669456,,,,,,,,,,,,,,,,,,,,,,,,,650619
718767,2023-03-30,1,Bot,3,5,3,3,0,136,114,677594,669456,strikeout,Strikeout,Julio Rodriguez strikes out swinging.,T,,,,,,,,,,677594,,,T,1,Strikeout,strikeout,,,,,650619
718767,2023-03-30,1,Bot,4,0,1,0,1,136,114,543939,669456,,,,,,,,,,,,,,,,,,,,,,,,,650619
718767,2023-03-30,1,Bot,4,1,2,0,1,136,114,543939,669456,,,,,,,,,,,,,,,,,,,,,,,,,650619
718767,2023-03-30,1,Bot,4,2,2,1,1,136,114,543939,669456,,,,,,,,,,,,,,,,,,,,,,,,,650619
718767,2023-03-30,1,Bot,4,3,2,2,1,136,114,543939,669456,,,,,,,,,,,,,,,,,,,,,,,,,650619
718767,2023-03-30,1,Bot,4,4,2,2,1,136,114,543939,669456,field_out,Flyout,Kolten Wong flies out to center fielder Myles Straw.,T,,,,,,,,,,543939,,,T,2,Flyout,field_out,,,,,650619
718767,2023-03-30,1,Bot,5,0,0,1,2,136,114,664034,669456,,,,,,,,,,,,,,,,,,,,,,,,,650619
718767,2023-03-30,1,Bot,5,1,0,1,2,136,114,664034,669456,single,Single,Ty France singles on a line drive to left fielder Steven Kwan.,T,,,,,,,,,,664034,,1B,,,Single,single,,,,,650619
718767,2023-03-30,1,Bot,6,0,0,1,2,136,114,606192,669456,,,,,,,,,,,,,,,,,,,,,,,,,650619
718767,2023-03-30,1,Bot,6,1,1,1,2,136,114,606192,669456,,,,,,,,,,,,,,,,,,,,,,,,,650619
718767,2023-03-30,1,Bot,6,2,2,1,2,136,114,606192,669456,,,,,,,,,,,,,,,,,,,,,,,,,650619
718767,2023-03-30,1,Bot,6,3,2,2,2,136,114,606192,669456,,,,,,,,,,,,,,,,,,,,,,,,,650619
718767,2023-03-30,1,Bot,6,4,2,2,2,136,114,606192,669456,,,,,,,,,,,,,,,,,,,,,,,,,650619
718767,2023-03-30,1,Bot,6,5,3,2,2,136,114,606192,669456,,,,,,,,,,,,,,,,,,,,,,,,,650619
718767,2023-03-30,1,Bot,6,6,3,3,2,136,114,606192,669456,strikeout,Strikeout,Teoscar Hernandez strikes out swinging.,T,,,,,,,,,,606192,,,T,3,Strikeout,strikeout,,,,,650619
718767,2023-03-30,2,Top,7,0,0,1,0,136,114,605137,622491,,,,,,,,,,,,,,,,,,,,,,,,,663728
718767,2023-03-30,2,Top,7,1,1,1,0,136,114,605137,622491,,,,,,,,,,,,,,,,,,,,,,,,,663728
718767,2023-03-30,2,Top,7,2,1,2,0,136,114,605137,622491,,,,,,,,,,,,,,,,,,,,,,,,,663728
718767,2023-03-30,2,Top,7,3,2,2,0,136,114,605137,622491,,,,,,,,,,,,,,,,,,,,,,,,,663728
718767,2023-03-30,2,Top,7,4,2,2,0,136,114,605137,622491,,,,,,,,,,,,,,,,,,,,,,,,,663728
718767,2023-03-30,2,Top,7,5,3,2,0,136,114,605137,622491,,,,,,,,,,,,,,,,,,,,,,,,,663728
718767,2023-03-30,2,Top,7,6,3,2,0,136,114,605137,622491,field_out,Groundout,"Josh Bell grounds out, shortstop J. P. Crawford to first baseman Ty France.",T,,,,,,,,,,605137,,,T,1,Groundout,field_out,,,,,663728
718767,2023-03-30,2,Top,8,0,0,1,1,136,114,647304,622491,,,,,,,,,,,,,,,,,,,,,,,,,663728
718767,2023-03-30,2,Top,8,1,0,2,1,136,114,647304,622491,,,,,,,,,,,,,,,,,,,,,,,,,663728
718767,2023-03-30,2,Top,8,2,0,2,1,136,114,647304,622491,,,,,,,,,,,,,,,,,,,,,,,,,663728
718767,2023-03-30,2,Top,8,3,0,2,1,136,114,647304,622491,field_out,Flyout,Josh Naylor flies out to center fielder Julio Rodriguez.,T,,,,,,,,,,647304,,,T,2,Flyout,field_out,,,,,663728
718767,2023-03-30,2,Top,9,0,0,1,2,136,114,665926,622491,,,,,,,,,,,,,,,,,,,,,,,,,663728
718767,2023-03-30,2,Top,9,1,1,1,2,136,114,665926,622491,,,,,,,,,,,,,,,,,,,,,,,,,663728
718767,2023-03-30,2,Top,9,2,1,2,2,136,114,665926,622491,,,,,,,,,,,,,,,,,,,,,,,,,663728
718767,2023-03-30,2,Top,9,3,1,2,2,136,114,665926,622491,field_out,Pop Out,Andres Gimenez pops out to third baseman Eugenio Suarez in foul territory.,T,,,,,,,,,,665926,,,T,3,Pop Out,field_out,,,,,663728
718767,2023-03-30,2,Bot,10,0,0,1,0,136,114,663728,669456,,,,,,,,,,,,,,,,,,,,,,,,,650619
718767,2023-03-30,2,Bot,10,1,0,1,0,136,114,663728,669456,field_out,Flyout,Cal Raleigh flies out to left fielder Steven Kwan.,T,,,,,,,,,,663728,,,T,1,Flyout,field_out,,,,,650619
718767,2023-03-30,2,Bot,11,0,0,1,1,136,114,553993,669456,,,,,,,,,,,,,,,,,,,,,,,,,650619
718767,2023-03-30,2,Bot,11,1,0,1,1,136,114,553993,669456,double,Double,Eugenio Suarez doubles (1) on a fly ball to left fielder Steven Kwan.,T,,,,,,,,,,553993,,2B,,,Double,double,,,,,650619
718767,2023-03-30,2,Bot,12,0,0,1,1,136,114,672284,669456,,,,,,,,,,,,,,,,,,,,,,,,,650619
718767,2023-03-30,2,Bot,12,1,1,1,1,136,114,672284,669456,,,,,,,,,,,,,,,,,,,,,,,,,650619
718767,2023-03-30,2,Bot,12,2,2,1,1,136,114,672284,669456,,,,,,,,,,,,,,,,,,,,,,,,,650619
718767,2023-03-30,2,Bot,12,3,2,2,1,136,114,672284,669456,,,,,,,,,,,,,,,,,,,,,,,,,650619
718767,2023-03-30,2,Bot,12,4,3,2,1,136,114,672284,669456,,,,,,,,,,,,,,,,,,,,,,,,,650619
718767,2023-03-30,2,Bot,12,5,3,2,1,136,114,672284,669456,,,,,,,,,,,,,,,,,,,,,,,,,650619
718767,2023-03-30,2,Bot,12,6,3,2,1,136,114,672284,669456,,,,,,,,,,,,,,,,,,,,,,,,,650619
718767,2023-03-30,2,Bot,12,7,3,3,1,136,114,672284,669456,strikeout,Strikeout,Jarred Kelenic called out on strikes.,T,,,,,,,,,,553993,2B,3B,,,Wild Pitch,wild_pitch,r_adv_play,,,,650619
718767,2023-03-30,2,Bot,13,0,0,1,2,136,114,600303,669456,,,,,,,,,,,,,,,,,,,,,,,,,650619
718767,2023-03-30,2,Bot,13,1,0,1,2,136,114,600303,669456,field_out,Lineout,Tommy La Stella lines out to left fielder Steven Kwan.,T,,,,,,,,,,600303,,,T,3,Lineout,field_out,,,,,650619
718767,2023-03-30,3,Top,14,0,0,1,0,136,114,686823,622491,,,,,,,,,,,,,,,,,,,,,,,,,663728
718767,2023-03-30,3,Top,14,1,0,1,0,136,114,686823,622491,single,Single,"Will Brennan singles on a line drive to shortstop J. P. Crawford, deflected by pitcher Luis Castillo.",T,,,,,,,,,,686823,,1B,,,Single,single,,,,,663728
718767,2023-03-30,3,Top,15,0,0,0,0,136,114,572287,622491,,,,,,,,,,,,,,,,,,,,,,,,,663728
718767,2023-03-30,3,Top,15,1,1,0,0,136,114,572287,622491,,,,,,,,,,,,,,,,,,,,,,,,,663728
718767,2023-03-30,3,Top,15,2,2,0,0,136,114,572287,622491,,,,,,,,,,,,,,,,,,,,,,,,,663728
718767,2023-03-30,3,Top,15,3,2,1,0,136,114,572287,622491,,,,,,,,,,,,,,,,,,,,,,,,,663728
718767,2023-03-30,3,Top,15,4,2,2,0,136,114,572287,622491,,,,,,,,,,,,,,,,,,,,,,,,,663728
718767,2023-03-30,3,Top,15,5,2,3,0,136,114,572287,622491,strikeout,Strikeout,Mike Zunino strikes out swinging.,T,,,,,,,,,,572287,,,T,1,Strikeout,strikeout,,,,,663728
718767,2023-03-30,3,Top,16,0,0,1,1,136,114,664702,622491,,,,,,,,,,,,,,,,,,,,,,,,,663728
718767,2023-03-30,3,Top,16,1,0,2,1,136,114,664702,622491,,,,,,,,,,,,,,,,,,,,,,,,,663728
718767,2023-03-30,3,Top,16,2,0,3,1,136,114,664702,622491,strikeout,Strikeout,Myles Straw strikes out swinging.,T,,,,,,,,,,664702,,,T,2,Strikeout,strikeout,,,,,663728
718767,2023-03-30,3,Top,17,0,0,1,2,136,114,680757,622491,,,,,,,,,,,,,,,,,,,,,,,,,663728
718767,2023-03-30,3,Top,17,1,0,2,2,136,114,680757,622491,,,,,,,,,,,,,,,,,,,,,,,,,663728
718767,2023-03-30,3,Top,17,2,0,2,2,136,114,680757,622491,,,,,,,,,,,,,,,,,,,,,,,,,663728
718767,2023-03-30,3,Top,17,3,0,2,2,136,114,680757,622491,,,,,,,,,,,,,,,,,,,,,,,,,663728
718767,2023-03-30,3,Top,17,4,1,2,2,136,114,680757,622491,,,,,,,,,,,,,,,,,,,,,,,,,663728
718767,2023-03-30,3,Top,17,5,1,2,2,136,114,680757,622491,,,,,,,,,,,,,,,,,,,,,,,,,663728
718767,2023-03-30,3,Top,17,6,1,3,2,136,114,680757,622491,strikeout,Strikeout,Steven Kwan strikes out swinging.,T,,,,,,,,,,680757,,,T,3,Strikeout,strikeout,,,,,663728
718767,2023-03-30,3,Bot,18,0,0,0,0,136,114,641487,669456,single,Single,J.P. Crawford singles on a line drive to center fielder Myles Straw.,T,,,,,,,,,,641487,,1B,,,Single,single,,,,,650619
718767,2023-03-30,3,Bot,19,0,1,0,0,136,114,677594,669456,,,,,,,,,,,,,,,,,,,,,,,,,650619
718767,2023-03-30,3,Bot,19,1,1,1,0,136,114,677594,669456,,,,,,,,,,,,,,,,,,,,,,,,,650619
718767,2023-03-30,3,Bot,19,2,1,1,0,136,114,677594,669456,field_out,Flyout,Julio Rodriguez flies out to center fielder Myles Straw.,T,,,,,,,,,,677594,,,T,1,Flyout,field_out,,,,,650619
718767,2023-03-30,3,Bot,20,0,0,0,1,136,114,543939,669456,,,,,,,,,,,,,,,,,,,,,,,,,650619
718767,2023-03-30,3,Bot,20,1,0,1,1,136,114,543939,669456,,,,,,,,,,,,,,,,,,,,,,,,,650619
718767,2023-03-30,3,Bot,20,2,1,1,1,136,114,543939,669456,,,,,,,,,,,,,,,,,,,,,,,,,650619
718767,2023-03-30,3,Bot,20,3,1,1,1,136,114,543939,669456,field_out,Groundout,"Kolten Wong grounds out, second baseman Andres Gimenez to first baseman Josh Naylor. J.P. Crawford to 2nd.",T,,,,,,,,,,543939,,,T,2,Groundout,field_out,,,,,650619
718767,2023-03-30,3,Bot,21,0,0,1,2,136,114,664034,669456,,,,,,,,,,,,,,,,,,,,,,,,,650619
718767,2023-03-30,3,Bot,21,1,1,1,2,136,114,664034,669456,,,,,,,,,,,,,,,,,,,,,,,,,650619
718767,2023-03-30,3,Bot,21,2,2,1,2,136,114,664034,669456,,,,,,,,,,,,,,,,,,,,,,,,,650619
718767,2023-03-30,3,Bot,21,3,2,2,2,136,114,664034,669456,,,,,,,,,,,,,,,,,,,,,,,,,650619
718767,2023-03-30,3,Bot,21,4,3,2,2,136,114,664034,669456,,,,,,,,,,,,,,,,,,,,,,,,,650619
718767,2023-03-30,3,Bot,21,5,3,2,2,136,114,664034,669456,,,,,,,,,,,,,,,,,,,,,,,,,650619
718767,2023-03-30,3,Bot,21,6,3,2,2,136,114,664034,669456,field_out,Groundout,"Ty France grounds out, pitcher Shane Bieber to first baseman Josh Naylor.",T,,,,,,,,,,641487,2B,3B,,,Wild Pitch,wild_pitch,r_adv_play,,,,650619
718767,2023-03-30,4,Top,22,0,0,1,0,136,114,642708,622491,,,,,,,,,,,,,,,,,,,,,,,,,663728
718767,2023-03-30,4,Top,22,1,0,1,0,136,114,642708,622491,field_out,Groundout,"Amed Rosario grounds out softly, shortstop J. P. Crawford to first baseman Ty France.",T,,,,,,,,,,642708,,,T,1,Groundout,field_out,,,,,663728
718767,2023-03-30,4,Top,23,0,0,1,1,136,114,608070,622491,,,,,,,,,,,,,,,,,,,,,,,,,663728
718767,2023-03-30,4,Top,23,1,0,2,1,136,114,608070,622491,,,,,,,,,,,,,,,,,,,,,,,,,663728
718767,2023-03-30,4,Top,23,2,0,2,1,136,114,608070,622491,,,,,,,,,,,,,,,,,,,,,,,,,663728
718767,2023-03-30,4,Top,23,3,1,2,1,136,114,608070,622491,,,,,,,,,,,,,,,,,,,,,,,,,663728
718767,2023-03-30,4,Top,23,4,1,2,1,136,114,608070,622491,,,,,,,,,,,,,,,,,,,,,,,,,663728
718767,2023-03-30,4,Top,23,5,2,2,1,136,114,608070,622491,,,,,,,,,,,,,,,,,,,,,,,,,663728
718767,2023-03-30,4,Top,23,6,2,2,1,136,114,608070,622491,,,,,,,,,,,,,,,,,,,,,,,,,663728
718767,2023-03-30,4,Top,23,7,2,2,1,136,114,608070,622491,,,,,,,,,,,,,,,,,,,,,,,,,663728
718767,2023-03-30,4,Top,23,8,2,2,1,136,114,608070,622491,,,,,,,,,,,,,,,,,,,,,,,,,663728
718767,2023-03-30,4,Top,23,9,3,2,1,136,114,608070,622491,,,,,,,,,,,,,,,,,,,,,,,,,663728
718767,2023-03-30,4,Top,23,10,3,2,1,136,114,608070,622491,field_out,Lineout,Jose Ramirez lines out sharply to right fielder Teoscar Hernandez.,T,,,,,,,,,,608070,,,T,2,Lineout,field_out,,,,,663728
718767,2023-03-30,4,Top,24,0,0,0,2,136,114,605137,622491,field_out,Groundout,"Josh Bell grounds out, second baseman Kolten Wong to first baseman Ty France.",T,,,,,,,,,,605137,,,T,3,Groundout,field_out,,,,,663728
718767,2023-03-30,4,Bot,25,0,1,0,0,136,114,606192,669456,,,,,,,,,,,,,,,,,,,,,,,,,650619
718767,2023-03-30,4,Bot,25,1,1,1,0,136,114,606192,669456,,,,,,,,,,,,,,,,,,,,,,,,,650619
718767,2023-03-30,4,Bot,25,2,1,1,0,136,114,606192,669456,field_out,Groundout,"Teoscar Hernandez grounds out, third baseman Jose Ramirez to first baseman Josh Naylor.",T,,,,,,,,,,606192,,,T,1,Groundout,field_out,,,,,650619
718767,2023-03-30,4,Bot,26,0,0,1,1,136,114,663728,669456,,,,,,,,,,,,,,,,,,,,,,,,,650619
718767,2023-03-30,4,Bot,26,1,1,1,1,136,114,663728,669456,,,,,,,,,,,,,,,,,,,,,,,,,650619
718767,2023-03-30,4,Bot,26,2,1,1,1,136,114,663728,669456,single,Single,"Cal Raleigh singles on a ground ball to third baseman Jose Ramirez, deflected by pitcher Shane Bieber.",T,,,,,,,,,,663728,,1B,,,Single,single,,,,,650619
718767,2023-03-30,4,Bot,27,0,0,0,1,136,114,553993,669456,,,,,,,,,,,,,,,,,,,,,,,,,650619
718767,2023-03-30,4,Bot,27,1,0,1,1,136,114,553993,669456,,,,,,,,,,,,,,,,,,,,,,,,,650619
718767,2023-03-30,4,Bot,27,2,0,1,1,136,114,553993,669456,grounded_into_double_play,Grounded Into DP,"Eugenio Suarez grounds into a double play, third baseman Jose Ramirez to second baseman Andres Gimenez to first baseman Josh Naylor. Cal Raleigh out at 2nd. Eugenio Suarez out at 1st.",T,,,,,,,,,,663728,1B,,T,2,Grounded Into DP,grounded_into_double_play,r_force_out,,,,650619
718767,2023-03-30,5,Top,28,0,0,1,0,136,114,647304,622491,,,,,,,,,,,,,,,,,,,,,,,,,663728
718767,2023-03-30,5,Top,28,1,0,2,0,136,114,647304,622491,,,,,,,,,,,,,,,,,,,,,,,,,663728
718767,2023-03-30,5,Top,28,2,0,2,0,136,114,647304,622491,field_out,Lineout,Josh Naylor lines out to right fielder Teoscar Hernandez.,T,,,,,,,,,,647304,,,T,1,Lineout,field_out,,,,,663728
718767,2023-03-30,5,Top,29,0,0,1,1,136,114,665926,622491,,,,,,,,,,,,,,,,,,,,,,,,,663728
718767,2023-03-30,5,Top,29,1,0,2,1,136,114,665926,622491,,,,,,,,,,,,,,,,,,,,,,,,,663728
718767,2023-03-30,5,Top,29,2,1,2,1,136,114,665926,622491,,,,,,,,,,,,,,,,,,,,,,,,,663728
718767,2023-03-30,5,Top,29,3,1,3,1,136,114,665926,622491,strikeout,Strikeout,Andres Gimenez strikes out swinging.,T,,,,,,,,,,665926,,,T,2,Strikeout,strikeout,,,,,663728
718767,2023-03-30,5,Top,30,0,0,0,2,136,114,686823,622491,field_out,Groundout,"Will Brennan grounds out, shortstop J. P. Crawford to first baseman Ty France.",T,,,,,,,,,,686823,,,T,3,Groundout,field_out,,,,,663728
718767,2023-03-30,5,Bot,31,0,0,1,0,136,114,672284,669456,,,,,,,,,,,,,,,,,,,,,,,,,650619
718767,2023-03-30,5,Bot,31,1,1,1,0,136,114,672284,669456,,,,,,,,,,,,,,,,,,,,,,,,,650619
718767,2023-03-30,5,Bot,31,2,1,2,0,136,114,672284,669456,,,,,,,,,,,,,,,,,,,,,,,,,650619
718767,2023-03-30,5,Bot,31,3,1,2,0,136,114,672284,669456,single,Single,"Jarred Kelenic singles on a ground ball to right fielder Will Brennan, deflected by second baseman Andres Gimenez.",T,,,,,,,,,,672284,,1B,,,Single,single,,,,,650619
718767,2023-03-30,5,Bot,32,0,0,1,0,136,114,600303,669456,,,,,,,,,,,,,,,,,,,,,,,,,650619
718767,2023-03-30,5,Bot,32,1,1,1,0,136,114,600303,669456,,,,,,,,,,,,,,,,,,,,,,,,,650619
718767,2023-03-30,5,Bot,32,2,1,1,0,136,114,600303,669456,,,,,,,,,,,,,,,,,,,,,,,,,650619
718767,2023-03-30,5,Bot,32,3,1,2,0,136,114,600303,669456,,,,,,,,,,,,,,,,,,,,,,,,,650619
718767,2023-03-30,5,Bot,32,4,1,2,0,136,114,600303,669456,field_out,Groundout,"Tommy La Stella grounds out, first baseman Josh Naylor to pitcher Shane Bieber. Jarred Kelenic to 3rd.",T,T,,,,,,,,,672284,1B,2B,,,Stolen Base 2B,stolen_base_2b,r_stolen_base_2b,,,,650619
718767,2023-03-30,5,Bot,33,0,0,1,1,136,114,641487,669456,,,,,,,,,,,,,,,,,,,,,,,,,650619
718767,2023-03-30,5,Bot,33,1,1,1,1,136,114,641487,669456,,,,,,,,,,,,,,,,,,,,,,,,,650619
718767,2023-03-30,5,Bot,33,2,2,1,1,136,114,641487,669456,,,,,,,,,,,,,,,,,,,,,,,,,650619
718767,2023-03-30,5,Bot,33,3,3,1,1,136,114,641487,669456,,,,,,,,,,,,,,,,,,,,,,,,,650619
718767,2023-03-30,5,Bot,33,4,3,2,1,136,114,641487,669456,,,,,,,,,,,,,,,,,,,,,,,,,650619
718767,2023-03-30,5,Bot,33,5,3,2,1,136,114,641487,669456,,,,,,,,,,,,,,,,,,,,,,,,,650619
718767,2023-03-30,5,Bot,33,6,3,2,1,136,114,641487,669456,field_out,Groundout,J.P. Crawford grounds out to first baseman Josh Naylor.,T,,,,,,,,,,641487,,,T,2,Groundout,field_out,,,,,650619
718767,2023-03-30,5,Bot,34,0,1,0,2,136,114,677594,669456,,,,,,,,,,,,,,,,,,,,,,,,,650619
718767,2023-03-30,5,Bot,34,1,1,0,2,136,114,677594,669456,field_out,Lineout,Julio Rodriguez lines out to right fielder Will Brennan.,T,,,,,,,,,,677594,,,T,3,Lineout,field_out,,,,,650619
718767,2023-03-30,6,Top,35,0,1,0,0,136,114,572287,622491,,,,,,,,,,,,,,,,,,,,,,,,,663728
718767,2023-03-30,6,Top,35,1,1,1,0,136,114,572287,622491,,,,,,,,,,,,,,,,,,,,,,,,,663728
718767,2023-03-30,6,Top,35,2,1,2,0,136,114,572287,622491,,,,,,,,,,,,,,,,,,,,,,,,,663728
718767,2023-03-30,6,Top,35,3,2,2,0,136,114,572287,622491,,,,,,,,,,,,,,,,,,,,,,,,,663728
718767,2023-03-30,6,Top,35,4,2,3,0,136,114,572287,622491,strikeout,Strikeout,Mike Zunino strikes out swinging.,T,,,,,,,,,,572287,,,T,1,Strikeout,strikeout,,,,,663728
718767,2023-03-30,6,Top,36,0,0,1,1,136,114,664702,622491,,,,,,,,,,,,,,,,,,,,,,,,,663728
718767,2023-03-30,6,Top,36,1,0,2,1,136,114,664702,622491,,,,,,,,,,,,,,,,,,,,,,,,,663728
718767,2023-03-30,6,Top,36,2,0,2,1,136,114,664702,622491,field_out,Pop Out,Myles Straw pops out to catcher Cal Raleigh in foul territory.,T,,,,,,,,,,664702,,,T,2,Pop Out,field_out,,,,,663728
718767,2023-03-30,6,Top,37,0,1,0,2,136,114,680757,622491,,,,,,,,,,,,,,,,,,,,,,,,,663728
718767,2023-03-30,6,Top,37,1,1,1,2,136,114,680757,622491,,,,,,,,,,,,,,,,,,,,,,,,,663728
718767,2023-03-30,6,Top,37,2,1,2,2,136,114,680757,622491,,,,,,,,,,,,,,,,,,,,,,,,,663728
718767,2023-03-30,6,Top,37,3,1,2,2,136,114,680757,622491,,,,,,,,,,,,,,,,,,,,,,,,,663728
718767,2023-03-30,6,Top,37,4,1,2,2,136,114,680757,622491,field_out,Flyout,Steven Kwan flies out to center fielder Julio Rodriguez.,T,,,,,,,,,,680757,,,T,3,Flyout,field_out,,,,,663728
718767,2023-03-30,6,Bot,38,0,0,1,0,136,114,543939,669456,,,,,,,,,,,,,,,,,,,,,,,,,650619
718767,2023-03-30,6,Bot,38,1,1,1,0,136,114,543939,669456,,,,,,,,,,,,,,,,,,,,,,,,,650619
718767,2023-03-30,6,Bot,38,2,1,2,0,136,114,543939,669456,,,,,,,,,,,,,,,,,,,,,,,,,650619
718767,2023-03-30,6,Bot,38,3,1,2,0,136,114,543939,669456,,,,,,,,,,,,,,,,,,,,,,,,,650619
718767,2023-03-30,6,Bot,38,4,2,2,0,136,114,543939,669456,,,,,,,,,,,,,,,,,,,,,,,,,650619
718767,2023-03-30,6,Bot,38,5,3,2,0,136,114,543939,669456,,,,,,,,,,,,,,,,,,,,,,,,,650619
718767,2023-03-30,6,Bot,38,6,3,2,0,136,114,543939,669456,,,,,,,,,,,,,,,,,,,,,,,,,650619
718767,2023-03-30,6,Bot,38,7,3,2,0,136,114,543939,669456,field_out,Lineout,Kolten Wong lines out sharply to first baseman Josh Naylor.,T,,,,,,,,,,543939,,,T,1,Lineout,field_out,,,,,650619
718767,2023-03-30,6,Bot,39,0,0,1,1,136,114,664034,669456,,,,,,,,,,,,,,,,,,,,,,,,,650619
718767,2023-03-30,6,Bot,39,1,1,1,1,136,114,664034,669456,,,,,,,,,,,,,,,,,,,,,,,,,650619
718767,2023-03-30,6,Bot,39,2,1,1,1,136,114,664034,669456,double,Double,Ty France doubles (1) on a sharp line drive to center fielder Myles Straw.,T,,,,,,,,,,664034,,2B,,,Double,double,,,,,650619
718767,2023-03-30,6,Bot,40,0,0,1,1,136,114,606192,669456,,,,,,,,,,,,,,,,,,,,,,,,,650619
718767,2023-03-30,6,Bot,40,1,0,2,1,136,114,606192,669456,,,,,,,,,,,,,,,,,,,,,,,,,650619
718767,2023-03-30,6,Bot,40,2,1,2,1,136,114,606192,669456,,,,,,,,,,,,,,,,,,,,,,,,,650619
718767,2023-03-30,6,Bot,40,3,1,2,1,136,114,606192,669456,field_out,Groundout,"Teoscar Hernandez grounds out, second baseman Andres Gimenez to first baseman Josh Naylor. Ty France to 3rd.",T,,,,,,,,,,606192,,,T,2,Groundout,field_out,,,,,650619
718767,2023-03-30,6,Bot,41,0,1,0,2,136,114,663728,669456,,,,,,,,,,,,,,,,,,,,,,,,,650619
718767,2023-03-30,6,Bot,41,1,1,1,2,136,114,663728,669456,,,,,,,,,,,,,,,,,,,,,,,,,650619
718767,2023-03-30,6,Bot,41,2,1,1,2,136,114,663728,669456,field_out,Flyout,Cal Raleigh flies out to left fielder Steven Kwan.,T,,,,,,,,,,663728,,,T,3,Flyout,field_out,,,,,650619
718767,2023-03-30,7,Top,42,0,0,0,0,136,114,642708,666374,,,,,,,,,,,,,,,,,,,,,,,,,663728
718767,2023-03-30,7,Top,42,1,0,1,0,136,114,642708,666374,,,,,,,,,,,,,,,,,,,,,,,,,663728
718767,2023-03-30,7,Top,42,2,0,2,0,136,114,642708,666374,,,,,,,,,,,,,,,,,,,,,,,,,663728
718767,2023-03-30,7,Top,42,3,1,2,0,136,114,642708,666374,,,,,,,,,,,,,,,,,,,,,,,,,663728
718767,2023-03-30,7,Top,42,4,1,3,0,136,114,642708,666374,strikeout,Strikeout,Amed Rosario strikes out swinging.,T,,,,,,,,,,642708,,,T,1,Strikeout,strikeout,,,,,663728
718767,2023-03-30,7,Top,43,0,1,0,1,136,114,608070,666374,,,,,,,,,,,,,,,,,,,,,,,,,663728
718767,2023-03-30,7,Top,43,1,1,1,1,136,114,608070,666374,,,,,,,,,,,,,,,,,,,,,,,,,663728
718767,2023-03-30,7,Top,43,2,2,1,1,136,114,608070,666374,,,,,,,,,,,,,,,,,,,,,,,,,663728
718767,2023-03-30,7,Top,43,3,2,2,1,136,114,608070,666374,,,,,,,,,,,,,,,,,,,,,,,,,663728
718767,2023-03-30,7,Top,43,4,3,2,1,136,114,608070,666374,,,,,,,,,,,,,,,,,,,,,,,,,663728
718767,2023-03-30,7,Top,43,5,3,3,1,136,114,608070,666374,strikeout,Strikeout,Jose Ramirez strikes out swinging.,T,,,,,,,,,,608070,,,T,2,Strikeout,strikeout,,,,,663728
718767,2023-03-30,7,Top,44,0,1,0,2,136,114,605137,666374,,,,,,,,,,,,,,,,,,,,,,,,,663728
718767,2023-03-30,7,Top,44,1,2,0,2,136,114,605137,666374,,,,,,,,,,,,,,,,,,,,,,,,,663728
718767,2023-03-30,7,Top,44,2,2,1,2,136,114,605137,666374,,,,,,,,,,,,,,,,,,,,,,,,,663728
718767,2023-03-30,7,Top,44,3,2,1,2,136,114,605137,666374,single,Single,Josh Bell singles on a ground ball to right fielder Teoscar Hernandez.,T,,,,,,,,,,605137,,1B,,,Single,single,,,,,663728
718767,2023-03-30,7,Top,45,0,1,0,2,136,114,647304,666374,,,,,,,,,,,,,,,,,,,,,,,,,663728
718767,2023-03-30,7,Top,45,1,1,1,2,136,114,647304,666374,,,,,,,,,,,,,,,,,,,,,,,,,663728
718767,2023-03-30,7,Top,45,2,2,1,2,136,114,647304,666374,,,,,,,,,,,,,,,,,,,,,,,,,663728
718767,2023-03-30,7,Top,45,3,2,1,2,136,114,647304,666374,field_out,Flyout,Josh Naylor flies out to left fielder Jarred Kelenic.,T,,,,,,,,,,647304,,,T,3,Flyout,field_out,,,,,663728
718767,2023-03-30,7,Bot,46,0,0,0,0,136,114,553993,663986,,,,,,,,,,,,,,,,,,,,,,,,,650619
718767,2023-03-30,7,Bot,46,1,1,0,0,136,114,553993,663986,,,,,,,,,,,,,,,,,,,,,,,,,650619
718767,2023-03-30,7,Bot,46,2,1,1,0,136,114,553993,663986,,,,,,,,,,,,,,,,,,,,,,,,,650619
718767,2023-03-30,7,Bot,46,3,1,2,0,136,114,553993,663986,,,,,,,,,,,,,,,,,,,,,,,,,650619
718767,2023-03-30,7,Bot,46,4,2,2,0,136,114,553993,663986,,,,,,,,,,,,,,,,,,,,,,,,,650619
718767,2023-03-30,7,Bot,46,5,2,3,0,136,114,553993,663986,strikeout,Strikeout,Eugenio Suarez strikes out swinging.,T,,,,,,,,,,553993,,,T,1,Strikeout,strikeout,,,,,650619
718767,2023-03-30,7,Bot,47,0,0,1,1,136,114,672284,663986,,,,,,,,,,,,,,,,,,,,,,,,,650619
718767,2023-03-30,7,Bot,47,1,1,1,1,136,114,672284,663986,,,,,,,,,,,,,,,,,,,,,,,,,650619
718767,2023-03-30,7,Bot,47,2,1,2,1,136,114,672284,663986,,,,,,,,,,,,,,,,,,,,,,,,,650619
718767,2023-03-30,7,Bot,47,3,2,2,1,136,114,672284,663986,,,,,,,,,,,,,,,,,,,,,,,,,650619
718767,2023-03-30,7,Bot,47,4,2,2,1,136,114,672284,663986,,,,,,,,,,,,,,,,,,,,,,,,,650619
718767,2023-03-30,7,Bot,47,5,3,2,1,136,114,672284,663986,,,,,,,,,,,,,,,,,,,,,,,,,650619
718767,2023-03-30,7,Bot,47,6,3,2,1,136,114,672284,663986,field_out,Flyout,Jarred Kelenic flies out sharply to center fielder Myles Straw.,T,,,,,,,,,,672284,,,T,2,Flyout,field_out,,,,,650619
718767,2023-03-30,7,Bot,48,0,0,0,2,136,114,600303,663986,field_out,Groundout,"Tommy La Stella grounds out, third baseman Jose Ramirez to first baseman Josh Naylor.",T,,,,,,,,,,600303,,,T,3,Groundout,field_out,,,,,650619
718767,2023-03-30,8,Top,49,0,0,0,0,136,114,665926,623149,,,,,,,,,,,,,,,,,,,,,,,,,663728
718767,2023-03-30,8,Top,49,1,0,1,0,136,114,665926,623149,,,,,,,,,,,,,,,,,,,,,,,,,663728
718767,2023-03-30,8,Top,49,2,1,1,0,136,114,665926,623149,,,,,,,,,,,,,,,,,,,,,,,,,663728
718767,2023-03-30,8,Top,49,3,1,1,0,136,114,665926,623149,field_out,Pop Out,Andres Gimenez pops out to third baseman Eugenio Suarez in foul territory.,T,,,,,,,,,,665926,,,T,1,Pop Out,field_out,,,,,663728
718767,2023-03-30,8,Top,50,0,0,1,1,136,114,686823,623149,,,,,,,,,,,,,,,,,,,,,,,,,663728
718767,2023-03-30,8,Top,50,1,0,2,1,136,114,686823,623149,,,,,,,,,,,,,,,,,,,,,,,,,663728
718767,2023-03-30,8,Top,50,2,0,2,1,136,114,686823,623149,,,,,,,,,,,,,,,,,,,,,,,,,663728
718767,2023-03-30,8,Top,50,3,0,2,1,136,114,686823,623149,,,,,,,,,,,,,,,,,,,,,,,,,663728
718767,2023-03-30,8,Top,50,4,0,3,1,136,114,686823,623149,strikeout,Strikeout,Will Brennan strikes out swinging.,T,,,,,,,,,,686823,,,T,2,Strikeout,strikeout,,,,,663728
718767,2023-03-30,8,Top,51,0,1,0,2,136,114,572287,623149,,,,,,,,,,,,,,,,,,,,,,,,,663728
718767,2023-03-30,8,Top,51,1,1,1,2,136,114,572287,623149,,,,,,,,,,,,,,,,,,,,,,,,,663728
718767,2023-03-30,8,Top,51,2,1,2,2,136,114,572287,623149,,,,,,,,,,,,,,,,,,,,,,,,,663728
718767,2023-03-30,8,Top,51,3,1,2,2,136,114,572287,623149,,,,,,,,,,,,,,,,,,,,,,,,,663728
718767,2023-03-30,8,Top,51,4,1,2,2,136,114,572287,623149,field_out,Flyout,Mike Zunino flies out to center fielder Julio Rodriguez.,T,,,,,,,,,,572287,,,T,3,Flyout,field_out,,,,,663728
718767,2023-03-30,8,Bot,52,0,0,0,0,136,114,641487,675916,,,,,,,,,,,,,,,,,,,,,,,,,650619
718767,2023-03-30,8,Bot,52,1,0,1,0,136,114,641487,675916,,,,,,,,,,,,,,,,,,,,,,,,,650619
718767,2023-03-30,8,Bot,52,2,0,2,0,136,114,641487,675916,,,,,,,,,,,,,,,,,,,,,,,,,650619
718767,2023-03-30,8,Bot,52,3,1,2,0,136,114,641487,675916,,,,,,,,,,,,,,,,,,,,,,,,,650619
718767,2023-03-30,8,Bot,52,4,2,2,0,136,114,641487,675916,,,,,,,,,,,,,,,,,,,,,,,,,650619
718767,2023-03-30,8,Bot,52,5,2,2,0,136,114,641487,675916,,,,,,,,,,,,,,,,,,,,,,,,,650619
718767,2023-03-30,8,Bot,52,6,2,2,0,136,114,641487,675916,,,,,,,,,,,,,,,,,,,,,,,,,650619
718767,2023-03-30,8,Bot,52,7,3,2,0,136,114,641487,675916,,,,,,,,,,,,,,,,,,,,,,,,,650619
718767,2023-03-30,8,Bot,52,8,3,2,0,136,114,641487,675916,,,,,,,,,,,,,,,,,,,,,,,,,650619
718767,2023-03-30,8,Bot,52,9,4,2,0,136,114,641487,675916,walk,Walk,J.P. Crawford walks.,T,,,,,,,,,,641487,,1B,,,Walk,walk,,,,,650619
718767,2023-03-30,8,Bot,53,0,0,0,0,136,114,677594,675916,,,,,,,,,,,,,,,,,,,,,,,,,650619
718767,2023-03-30,8,Bot,53,1,0,1,0,136,114,677594,675916,,,,,,,,,,,,,,,,,,,,,,,,,650619
718767,2023-03-30,8,Bot,53,2,1,1,0,136,114,677594,675916,,,,,,,,,,,,,,,,,,,,,,,,,650619
718767,2023-03-30,8,Bot,53,3,2,1,0,136,114,677594,675916,,,,,,,,,,,,,,,,,,,,,,,,,650619
718767,2023-03-30,8,Bot,53,4,3,1,0,136,114,677594,675916,,,,,,,,,,,,,,,,,,,,,,,,,650619
718767,2023-03-30,8,Bot,53,5,3,1,0,136,114,677594,675916,,,,,,,,,,,,,,,,,,,,,,,,,650619
718767,2023-03-30,8,Bot,53,6,3,2,0,136,114,677594,675916,,,,,,,,,,,,,,,,,,,,,,,,,650619
718767,2023-03-30,8,Bot,53,7,3,2,0,136,114,677594,675916,field_out,Flyout,Julio Rodriguez flies out to center fielder Myles Straw.,T,,,,,,,,,,677594,,,T,1,Flyout,field_out,,,,,650619
718767,2023-03-30,8,Bot,54,0,1,0,1,136,114,543939,675916,,,,,,,,,,,,,,,,,,,,,,,,,650619
718767,2023-03-30,8,Bot,54,1,1,1,1,136,114,543939,675916,,,,,,,,,,,,,,,,,,,,,,,,,650619
718767,2023-03-30,8,Bot,54,2,2,1,1,136,114,543939,675916,,,,,,,,,,,,,,,,,,,,,,,,,650619
718767,2023-03-30,8,Bot,54,3,2,2,1,136,114,543939,675916,,,,,,,,,,,,,,,,,,,,,,,,,650619
718767,2023-03-30,8,Bot,54,4,2,2,1,136,114,543939,675916,,,,,,,,,,,,,,,,,,,,,,,,,650619
718767,2023-03-30,8,Bot,54,5,2,2,1,136,114,543939,675916,,,,,,,,,,,,,,,,,,,,,,,,,650619
718767,2023-03-30,8,Bot,54,6,2,2,1,136,114,543939,675916,,,,,,,,,,,,,,,,,,,,,,,,,650619
718767,2023-03-30,8,Bot,54,7,3,2,1,136,114,543939,675916,,,,,,,,,,,,,,,,,,,,,,,,,650619
718767,2023-03-30,8,Bot,54,8,3,2,1,136,114,543939,675916,,,,,,,,,,,,,,,,,,,,,,,,,650619
718767,2023-03-30,8,Bot,54,9,4,2,1,136,114,543939,675916,hit_by_pitch,Hit By Pitch,Kolten Wong hit by pitch. J.P. Crawford to 2nd.,T,,,,,,,,,,641487,1B,2B,,,Hit By Pitch,hit_by_pitch,r_adv_force,,,,650619
718767,2023-03-30,8,Bot,55,0,0,0,1,136,114,664034,675916,,,,,,,,,,,,,,,,,,,,,,,,,650619
718767,2023-03-30,8,Bot,55,1,1,0,1,136,114,664034,675916,,,,,,,,,,,,,,,,,,,,,,,,,650619
718767,2023-03-30,8,Bot,55,2,1,1,1,136,114,664034,675916,,,,,,,,,,,,,,,,,,,,,,,,,650619
718767,2023-03-30,8,Bot,55,3,1,1,1,136,114,664034,675916,home_run,Home Run,Ty France homers (1) on a fly ball to right field. J.P. Crawford scores. Kolten Wong scores.,T,,,,,,,,,,664034,,score,,,Home Run,home_run,,T,T,T,650619
718767,2023-03-30,8,Bot,56,0,0,0,1,136,114,606192,660853,,,,,,,,,,,,,,,,,,,,,,,,,650619
718767,2023-03-30,8,Bot,56,1,0,0,1,136,114,606192,660853,,,,,,,,,,,,,,,,,,,,,,,,,650619
718767,2023-03-30,8,Bot,56,2,0,1,1,136,114,606192,660853,,,,,,,,,,,,,,,,,,,,,,,,,650619
718767,2023-03-30,8,Bot,56,3,1,1,1,136,114,606192,660853,,,,,,,,,,,,,,,,,,,,,,,,,650619
718767,2023-03-30,8,Bot,56,4,1,2,1,136,114,606192,660853,,,,,,,,,,,,,,,,,,,,,,,,,650619
718767,2023-03-30,8,Bot,56,5,1,3,1,136,114,606192,660853,strikeout,Strikeout,Teoscar Hernandez strikes out swinging.,T,,,,,,,,,,606192,,,T,2,Strikeout,strikeout,,,,,650619
718767,2023-03-30,8,Bot,57,0,0,1,2,136,114,663728,660853,,,,,,,,,,,,,,,,,,,,,,,,,650619
718767,2023-03-30,8,Bot,57,1,0,1,2,136,114,663728,660853,field_out,Flyout,Cal Raleigh flies out to left fielder Steven Kwan.,T,,,,,,,,,,663728,,,T,3,Flyout,field_out,,,,,650619
718767,2023-03-30,9,Top,58,0,0,0,0,136,114,664702,662253,,,,,,,,,,,,,,,,,,,,,,,,,663728
718767,2023-03-30,9,Top,58,1,1,0,0,136,114,664702,662253,,,,,,,,,,,,,,,,,,,,,,,,,663728
718767,2023-03-30,9,Top,58,2,1,0,0,136,114,664702,662253,field_out,Groundout,"Myles Straw grounds out, shortstop J. P. Crawford to first baseman Ty France.",T,,,,,,,,,,664702,,,T,1,Groundout,field_out,,,,,663728
718767,2023-03-30,9,Top,59,0,1,0,1,136,114,680757,662253,,,,,,,,,,,,,,,,,,,,,,,,,663728
718767,2023-03-30,9,Top,59,1,1,1,1,136,114,680757,662253,,,,,,,,,,,,,,,,,,,,,,,,,663728
718767,2023-03-30,9,Top,59,2,1,2,1,136,114,680757,662253,,,,,,,,,,,,,,,,,,,,,,,,,663728
718767,2023-03-30,9,Top,59,3,1,2,1,136,114,680757,662253,field_out,Groundout,"Steven Kwan grounds out, third baseman Eugenio Suarez to first baseman Ty France.",T,,,,,,,,,,680757,,,T,2,Groundout,field_out,,,,,663728
718767,2023-03-30,9,Top,60,0,1,0,2,136,114,642708,662253,,,,,,,,,,,,,,,,,,,,,,,,,663728
718767,2023-03-30,9,Top,60,1,1,1,2,136,114,642708,662253,,,,,,,,,,,,,,,,,,,,,,,,,663728
718767,2023-03-30,9,Top,60,2,1,1,2,136,114,642708,662253,single,Single,Amed Rosario singles on a ground ball to left fielder Jarred Kelenic.,T,,,,,,,,,,642708,,1B,,,Single,single,,,,,663728
718767,2023-03-30,9,Top,61,0,0,0,2,136,114,608070,662253,double,Double,Jose Ramirez doubles (1) on a line drive to right fielder Teoscar Hernandez. Amed Rosario to 3rd.,T,,,,,,,,,,608070,,2B,,,Double,double,,,,,663728
718767,2023-03-30,9,Top,62,0,0,0,2,136,114,605137,662253,,,,,,,,,,,,,,,,,,,,,,,,,663728
718767,2023-03-30,9,Top,62,1,1,0,2,136,114,605137,662253,,,,,,,,,,,,,,,,,,,,,,,,,663728
718767,2023-03-30,9,Top,62,2,1,1,2,136,114,605137,662253,,,,,,,,,,,,,,,,,,,,,,,,,663728
718767,2023-03-30,9,Top,62,3,2,1,2,136,114,605137,662253,,,,,,,,,,,,,,,,,,,,,,,,,663728
718767,2023-03-30,9,Top,62,4,2,2,2,136,114,605137,662253,,,,,,,,,,,,,,,,,,,,,,,,,663728
718767,2023-03-30,9,Top,62,5,2,2,2,136,114,605137,662253,field_out,Groundout,"Josh Bell grounds out, first baseman Ty France to pitcher Andres Munoz.",T,,,,,,,,,,605137,,,T,3,Groundout,field_out,,,,,663728
718771,2023-03-31,1,Top,0,0,0,0,0,146,121,607043,666200,,,,,,,,,,,,,,,,,,,,,,,,,607732
718771,2023-03-31,1,Top,0,1,0,0,0,146,121,607043,666200,,,,,,,,,,,,,,,,,,,,,,,,,607732
718771,2023-03-31,1,Top,0,2,0,0,0,146,121,607043,666200,,,,,,,,,,,,,,,,,,,,,,,,,607732
718771,2023-03-31,1,Top,0,3,1,0,0,146,121,607043,666200,,,,,,,,,,,,,,,,,,,,,,,,,607732
718771,2023-03-31,1,Top,0,4,1,1,0,146,121,607043,666200,,,,,,,,,,,,,,,,,,,,,,,,,607732
718771,2023-03-31,1,Top,0,5,1,2,0,146,121,607043,666200,,,,,,,,,,,,,,,,,,,,,,,,,607732
718771,2023-03-31,1,Top,0,6,2,2,0,146,121,607043,666200,,,,,,,,,,,,,,,,,,,,,,,,,607732
718771,2023-03-31,1,Top,0,7,3,2,0,146,121,607043,666200,,,,,,,,,,,,,,,,,,,,,,,,,607732
718771,2023-03-31,1,Top,0,8,3,2,0,146,121,607043,666200,field_out,Groundout,"Mets challenged (play at 1st), call on the field was upheld: Brandon Nimmo grounds out, shortstop Jon Berti to first baseman Yuli Gurriel.",T,,,,,,,,,,607043,,,T,1,Groundout,field_out,,,,,607732
718771,2023-03-31,1,Top,1,0,0,1,1,146,121,516782,666200,,,,,,,,,,,,,,,,,,,,,,,,,607732
718771,2023-03-31,1,Top,1,1,0,2,1,146,121,516782,666200,,,,,,,,,,,,,,,,,,,,,,,,,607732
718771,2023-03-31,1,Top,1,2,1,2,1,146,121,516782,666200,,,,,,,,,,,,,,,,,,,,,,,,,607732
718771,2023-03-31,1,Top,1,3,2,2,1,146,121,516782,666200,,,,,,,,,,,,,,,,,,,,,,,,,607732
718771,2023-03-31,1,Top,1,4,3,2,1,146,121,516782,666200,,,,,,,,,,,,,,,,,,,,,,,,,607732
718771,2023-03-31,1,Top,1,5,3,2,1,146,121,516782,666200,field_out,Pop Out,Starling Marte pops out to second baseman Luis Arraez.,T,,,,,,,,,,516782,,,T,2,Pop Out,field_out,,,,,607732
718771,2023-03-31,1,Top,2,0,0,1,2,146,121,596019,666200,,,,,,,,,,,,,,,,,,,,,,,,,607732
718771,2023-03-31,1,Top,2,1,1,1,2,146,121,596019,666200,,,,,,,,,,,,,,,,,,,,,,,,,607732
718771,2023-03-31,1,Top,2,2,1,2,2,146,121,596019,666200,,,,,,,,,,,,,,,,,,,,,,,,,607732
718771,2023-03-31,1,Top,2,3,2,2,2,146,121,596019,666200,,,,,,,,,,,,,,,,,,,,,,,,,607732
718771,2023-03-31,1,Top,2,4,3,2,2,146,121,596019,666200,,,,,,,,,,,,,,,,,,,,,,,,,607732
718771,2023-03-31,1,Top,2,5,3,3,2,146,121,596019,666200,strikeout,Strikeout,Francisco Lindor strikes out swinging.,T,,,,,,,,,,596019,,,T,3,Strikeout,strikeout,,,,,607732
718771,2023-03-31,1,Bot,3,0,0,1,0,146,121,650333,656849,,,,,,,,,,,,,,,,,,,,,,,,,621512
718771,2023-03-31,1,Bot,3,1,0,2,0,146,121,650333,656849,,,,,,,,,,,,,,,,,,,,,,,,,621512
718771,2023-03-31,1,Bot,3,2,1,2,0,146,121,650333,656849,,,,,,,,,,,,,,,,,,,,,,,,,621512
718771,2023-03-31,1,Bot,3,3,1,2,0,146,121,650333,656849,,,,,,,,,,,,,,,,,,,,,,,,,621512
718771,2023-03-31,1,Bot,3,4,1,2,0,146,121,650333,656849,,,,,,,,,,,,,,,,,,,,,,,,,621512
718771,2023-03-31,1,Bot,3,5,2,2,0,146,121,650333,656849,,,,,,,,,,,,,,,,,,,,,,,,,621512
718771,2023-03-31,1,Bot,3,6,3,2,0,146,121,650333,656849,,,,,,,,,,,,,,,,,,,,,,,,,621512
718771,2023-03-31,1,Bot,3,7,3,2,0,146,121,650333,656849,,,,,,,,,,,,,,,,,,,,,,,,,621512
718771,2023-03-31,1,Bot,3,8,4,2,0,146,121,650333,656849,walk,Walk,Luis Arraez walks.,T,,,,,,,,,,650333,,1B,,,Walk,walk,,,,,621512
718771,2023-03-31,1,Bot,4,0,0,0,0,146,121,516416,656849,,,,,,,,,,,,,,,,,,,,,,,,,621512
718771,2023-03-31,1,Bot,4,1,1,0,0,146,121,516416,656849,,,,,,,,,,,,,,,,,,,,,,,,,621512
718771,2023-03-31,1,Bot,4,2,2,0,0,146,121,516416,656849,,,,,,,,,,,,,,,,,,,,,,,,,621512
718771,2023-03-31,1,Bot,4,3,2,1,0,146,121,516416,656849,,,,,,,,,,,,,,,,,,,,,,,,,621512
718771,2023-03-31,1,Bot,4,4,3,1,0,146,121,516416,656849,,,,,,,,,,,,,,,,,,,,,,,,,621512
718771,2023-03-31,1,Bot,4,5,3,1,0,146,121,516416,656849,grounded_into_double_play,Grounded Into DP,"Jean Segura grounds into a double play, first baseman Pete Alonso to shortstop Francisco Lindor. Luis Arraez out at 2nd. Jean Segura out at 1st.",T,,,,,,,,,,516416,,,T,1,Grounded Into DP,grounded_into_double_play,,,,,621512
718771,2023-03-31,1,Bot,5,0,1,0,2,146,121,643265,656849,,,,,,,,,,,,,,,,,,,,,,,,,621512
718771,2023-03-31,1,Bot,5,1,1,0,2,146,121,643265,656849,triple,Triple,Garrett Cooper triples (1) on a fly ball to right fielder Starling Marte.,T,,,,,,,,,,643265,,3B,,,Triple,triple,,,,,621512
718771,2023-03-31,1,Bot,6,0,0,1,2,146,121,665862,656849,,,,,,,,,,,,,,,,,,,,,,,,,621512
718771,2023-03-31,1,Bot,6,1,1,1,2,146,121,665862,656849,,,,,,,,,,,,,,,,,,,,,,,,,621512
718771,2023-03-31,1,Bot,6,2,2,1,2,146,121,665862,656849,,,,,,,,,,,,,,,,,,,,,,,,,621512
718771,2023-03-31,1,Bot,6,3,2,1,2,146,121,665862,656849,field_out,Groundout,"Jazz Chisholm Jr. grounds out, pitcher David Peterson to first baseman Pete Alonso.",T,,,,,,,,,,665862,,,T,3,Groundout,field_out,,,,,621512
718771,2023-03-31,2,Top,7,0,0,1,0,146,121,624413,666200,,,,,,,,,,,,,,,,,,,,,,,,,607732
718771,2023-03-31,2,Top,7,1,0,1,0,146,121,624413,666200,field_out,Flyout,Pete Alonso flies out to right fielder Jorge Soler.,T,,,,,,,,,,624413,,,T,1,Flyout,field_out,,,,,607732
718771,2023-03-31,2,Top,8,0,1,0,1,146,121,592192,666200,,,,,,,,,,,,,,,,,,,,,,,,,607732
718771,2023-03-31,2,Top,8,1,1,0,1,146,121,592192,666200,field_out,Pop Out,Mark Canha pops out to first baseman Yuli Gurriel in foul territory.,T,,,,,,,,,,592192,,,T,2,Pop Out,field_out,,,,,607732
718771,2023-03-31,2,Top,9,0,0,1,2,146,121,643446,666200,,,,,,,,,,,,,,,,,,,,,,,,,607732
718771,2023-03-31,2,Top,9,1,0,2,2,146,121,643446,666200,,,,,,,,,,,,,,,,,,,,,,,,,607732
718771,2023-03-31,2,Top,9,2,0,3,2,146,121,643446,666200,strikeout,Strikeout,Jeff McNeil strikes out swinging.,T,,,,,,,,,,643446,,,T,3,Strikeout,strikeout,,,,,607732
718771,2023-03-31,2,Bot,10,0,0,0,0,146,121,624585,656849,home_run,Home Run,Jorge Soler homers (1) on a fly ball to center field.,T,,,,,,,,,,624585,,score,,,Home Run,home_run,,T,T,T,621512
718771,2023-03-31,2,Bot,11,0,1,0,0,146,121,541645,656849,,,,,,,,,,,,,,,,,,,,,,,,,621512
718771,2023-03-31,2,Bot,11,1,2,0,0,146,121,541645,656849,,,,,,,,,,,,,,,,,,,,,,,,,621512
718771,2023-03-31,2,Bot,11,2,2,0,0,146,121,541645,656849,field_out,Groundout,"Avisail Garcia grounds out, first baseman Pete Alonso to pitcher David Peterson.",T,,,,,,,,,,541645,,,T,1,Groundout,field_out,,,,,621512
718771,2023-03-31,2,Bot,12,0,1,0,1,146,121,493329,656849,,,,,,,,,,,,,,,,,,,,,,,,,621512
718771,2023-03-31,2,Bot,12,1,1,1,1,146,121,493329,656849,,,,,,,,,,,,,,,,,,,,,,,,,621512
718771,2023-03-31,2,Bot,12,2,1,2,1,146,121,493329,656849,,,,,,,,,,,,,,,,,,,,,,,,,621512
718771,2023-03-31,2,Bot,12,3,1,2,1,146,121,493329,656849,single,Single,Yuli Gurriel singles on a ground ball to left fielder Tommy Pham.,T,,,,,,,,,,493329,,1B,,,Single,single,,,,,621512
718771,2023-03-31,2,Bot,13,0,0,0,1,146,121,663743,656849,single,Single,Nick Fortes singles on a ground ball to right fielder Starling Marte. Yuli Gurriel to 3rd.,T,,,,,,,,,,663743,,1B,,,Single,single,,,,,621512
718771,2023-03-31,2,Bot,14,0,0,1,1,146,121,542932,656849,,,,,,,,,,,,,,,,,,,,,,,,,621512
718771,2023-03-31,2,Bot,14,1,1,1,1,146,121,542932,656849,,,,,,,,,,,,,,,,,,,,,,,,,621512
718771,2023-03-31,2,Bot,14,2,1,2,1,146,121,542932,656849,,,,,,,,,,,,,,,,,,,,,,,,,621512
718771,2023-03-31,2,Bot,14,3,1,3,1,146,121,542932,656849,strikeout,Strikeout,Jon Berti strikes out swinging.,T,,,,,,,,,,542932,,,T,2,Strikeout,strikeout,,,,,621512
718771,2023-03-31,2,Bot,15,0,1,0,2,146,121,650333,656849,,,,,,,,,,,,,,,,,,,,,,,,,621512
718771,2023-03-31,2,Bot,15,1,2,0,2,146,121,650333,656849,,,,,,,,,,,,,,,,,,,,,,,,,621512
718771,2023-03-31,2,Bot,15,2,2,1,2,146,121,650333,656849,,,,,,,,,,,,,,,,,,,,,,,,,621512
718771,2023-03-31,2,Bot,15,3,3,1,2,146,121,650333,656849,,,,,,,,,,,,,,,,,,,,,,,,,621512
718771,2023-03-31,2,Bot,15,4,3,1,2,146,121,650333,656849,field_out,Groundout,Luis Arraez grounds out to first baseman Pete Alonso.,T,,,,,,,,,,650333,,,T,3,Groundout,field_out,,,,,621512
718771,2023-03-31,3,Top,16,0,1,0,0,146,121,500871,666200,,,,,,,,,,,,,,,,,,,,,,,,,607732
718771,2023-03-31,3,Top,16,1,1,0,0,146,121,500871,666200,field_out,Pop Out,Eduardo Escobar pops out to first baseman Yuli Gurriel.,T,,,,,,,,,,500871,,,T,1,Pop Out,field_out,,,,,607732
718771,2023-03-31,3,Top,17,0,0,1,1,146,121,502054,666200,,,,,,,,,,,,,,,,,,,,,,,,,607732
718771,2023-03-31,3,Top,17,1,1,1,1,146,121,502054,666200,,,,,,,,,,,,,,,,,,,,,,,,,607732
718771,2023-03-31,3,Top,17,2,1,1,1,146,121,502054,666200,field_out,Groundout,Tommy Pham grounds out softly to pitcher Jesus Luzardo.,T,,,,,,,,,,502054,,,T,2,Groundout,field_out,,,,,607732
718771,2023-03-31,3,Top,18,0,1,0,2,146,121,621512,666200,,,,,,,,,,,,,,,,,,,,,,,,,607732
718771,2023-03-31,3,Top,18,1,1,1,2,146,121,621512,666200,,,,,,,,,,,,,,,,,,,,,,,,,607732
718771,2023-03-31,3,Top,18,2,1,2,2,146,121,621512,666200,,,,,,,,,,,,,,,,,,,,,,,,,607732
718771,2023-03-31,3,Top,18,3,1,3,2,146,121,621512,666200,strikeout,Strikeout,Tomas Nido strikes out swinging.,T,,,,,,,,,,621512,,,T,3,Strikeout,strikeout,,,,,607732
718771,2023-03-31,3,Bot,19,0,0,1,0,146,121,516416,656849,,,,,,,,,,,,,,,,,,,,,,,,,621512
718771,2023-03-31,3,Bot,19,1,0,2,0,146,121,516416,656849,,,,,,,,,,,,,,,,,,,,,,,,,621512
718771,2023-03-31,3,Bot,19,2,0,2,0,146,121,516416,656849,,,,,,,,,,,,,,,,,,,,,,,,,621512
718771,2023-03-31,3,Bot,19,3,0,2,0,146,121,516416,656849,,,,,,,,,,,,,,,,,,,,,,,,,621512
718771,2023-03-31,3,Bot,19,4,0,3,0,146,121,516416,656849,strikeout,Strikeout,Jean Segura strikes out swinging.,T,,,,,,,,,,516416,,,T,1,Strikeout,strikeout,,,,,621512
718771,2023-03-31,3,Bot,20,0,1,0,1,146,121,643265,656849,,,,,,,,,,,,,,,,,,,,,,,,,621512
718771,2023-03-31,3,Bot,20,1,2,0,1,146,121,643265,656849,,,,,,,,,,,,,,,,,,,,,,,,,621512
718771,2023-03-31,3,Bot,20,2,2,1,1,146,121,643265,656849,,,,,,,,,,,,,,,,,,,,,,,,,621512
718771,2023-03-31,3,Bot,20,3,2,2,1,146,121,643265,656849,,,,,,,,,,,,,,,,,,,,,,,,,621512
718771,2023-03-31,3,Bot,20,4,3,2,1,146,121,643265,656849,,,,,,,,,,,,,,,,,,,,,,,,,621512
718771,2023-03-31,3,Bot,20,5,3,2,1,146,121,643265,656849,single,Single,Garrett Cooper singles on a ground ball to right fielder Starling Marte.,T,,,,,,,,,,643265,,1B,,,Single,single,,,,,621512
718771,2023-03-31,3,Bot,21,0,0,1,1,146,121,665862,656849,,,,,,,,,,,,,,,,,,,,,,,,,621512
718771,2023-03-31,3,Bot,21,1,1,1,1,146,121,665862,656849,,,,,,,,,,,,,,,,,,,,,,,,,621512
718771,2023-03-31,3,Bot,21,2,1,1,1,146,121,665862,656849,,,,,,,,,,,,,,,,,,,,,,,,,621512
718771,2023-03-31,3,Bot,21,3,2,1,1,146,121,665862,656849,,,,,,,,,,,,,,,,,,,,,,,,,621512
718771,2023-03-31,3,Bot,21,4,2,2,1,146,121,665862,656849,,,,,,,,,,,,,,,,,,,,,,,,,621512
718771,2023-03-31,3,Bot,21,5,2,3,1,146,121,665862,656849,strikeout,Strikeout,Jazz Chisholm Jr. strikes out swinging.,T,,,,,,,,,,665862,,,T,2,Strikeout,strikeout,,,,,621512
718771,2023-03-31,3,Bot,22,0,0,1,2,146,121,624585,656849,,,,,,,,,,,,,,,,,,,,,,,,,621512
718771,2023-03-31,3,Bot,22,1,0,1,2,146,121,624585,656849,field_out,Lineout,Jorge Soler lines out sharply to shortstop Francisco Lindor.,T,,,,,,,,,,624585,,,T,3,Lineout,field_out,,,,,621512
718771,2023-03-31,4,Top,23,0,0,1,0,146,121,607043,666200,,,,,,,,,,,,,,,,,,,,,,,,,607732
718771,2023-03-31,4,Top,23,1,0,2,0,146,121,607043,666200,,,,,,,,,,,,,,,,,,,,,,,,,607732
718771,2023-03-31,4,Top,23,2,1,2,0,146,121,607043,666200,,,,,,,,,,,,,,,,,,,,,,,,,607732
718771,2023-03-31,4,Top,23,3,2,2,0,146,121,607043,666200,,,,,,,,,,,,,,,,,,,,,,,,,607732
718771,2023-03-31,4,Top,23,4,2,2,0,146,121,607043,666200,,,,,,,,,,,,,,,,,,,,,,,,,607732
718771,2023-03-31,4,Top,23,5,2,2,0,146,121,607043,666200,field_out,Groundout,"Brandon Nimmo grounds out, second baseman Luis Arraez to first baseman Yuli Gurriel.",T,,,,,,,,,,607043,,,T,1,Groundout,field_out,,,,,607732
718771,2023-03-31,4,Top,24,0,1,0,1,146,121,516782,666200,,,,,,,,,,,,,,,,,,,,,,,,,607732
718771,2023-03-31,4,Top,24,1,1,0,1,146,121,516782,666200,single,Single,Starling Marte singles on a line drive to right fielder Jorge Soler.,T,,,,,,,,,,516782,,1B,,,Single,single,,,,,607732
718771,2023-03-31,4,Top,25,0,1,0,1,146,121,596019,666200,,,,,,,,,,,,,,,,,,,,,,,,,607732
718771,2023-03-31,4,Top,25,1,1,1,1,146,121,596019,666200,,,,,,,,,,,,,,,,,,,,,,,,,607732
718771,2023-03-31,4,Top,25,2,2,1,1,146,121,596019,666200,,,,,,,,,,,,,,,,,,,,,,,,,607732
718771,2023-03-31,4,Top,25,3,2,1,2,146,121,596019,666200,,,,,,,,,,,,,,,,,,,,,,,,,607732
718771,2023-03-31,4,Top,25,4,2,2,2,146,121,596019,666200,,,,,,,,,,,,,,,,,,,,,,,,,607732
718771,2023-03-31,4,Top,25,5,3,2,2,146,121,596019,666200,,,,,,,,,,,,,,,,,,,,,,,,,607732
718771,2023-03-31,4,Top,25,6,3,2,2,146,121,596019,666200,,,,,,,,,,,,,,,,,,,,,,,,,607732
718771,2023-03-31,4,Top,25,7,4,2,2,146,121,596019,666200,walk,Walk,Francisco Lindor walks.,T,,,,T,,,,,,516782,1B,,T,2,Caught Stealing 2B,caught_stealing_2b,r_caught_stealing_2b,,,,607732
718771,2023-03-31,4,Top,26,0,1,0,2,146,121,624413,666200,,,,,,,,,,,,,,,,,,,,,,,,,607732
718771,2023-03-31,4,Top,26,1,1,0,2,146,121,624413,666200,field_out,Groundout,"Pete Alonso grounds out, pitcher Jesus Luzardo to first baseman Yuli Gurriel.",T,,,,,,,,,,624413,,,T,3,Groundout,field_out,,,,,607732
718771,2023-03-31,4,Bot,27,0,0,1,0,146,121,541645,656849,,,,,,,,,,,,,,,,,,,,,,,,,621512
718771,2023-03-31,4,Bot,27,1,1,1,0,146,121,541645,656849,,,,,,,,,,,,,,,,,,,,,,,,,621512
718771,2023-03-31,4,Bot,27,2,2,1,0,146,121,541645,656849,,,,,,,,,,,,,,,,,,,,,,,,,621512
718771,2023-03-31,4,Bot,27,3,2,2,0,146,121,541645,656849,,,,,,,,,,,,,,,,,,,,,,,,,621512
718771,2023-03-31,4,Bot,27,4,2,3,0,146,121,541645,656849,strikeout,Strikeout,Avisail Garcia strikes out swinging.,T,,,,,,,,,,541645,,,T,1,Strikeout,strikeout,,,,,621512
718771,2023-03-31,4,Bot,28,0,0,1,1,146,121,493329,656849,,,,,,,,,,,,,,,,,,,,,,,,,621512
718771,2023-03-31,4,Bot,28,1,0,2,1,146,121,493329,656849,,,,,,,,,,,,,,,,,,,,,,,,,621512
718771,2023-03-31,4,Bot,28,2,0,2,1,146,121,493329,656849,field_out,Flyout,Yuli Gurriel flies out to center fielder Brandon Nimmo.,T,,,,,,,,,,493329,,,T,2,Flyout,field_out,,,,,621512
718771,2023-03-31,4,Bot,29,0,1,0,2,146,121,663743,656849,,,,,,,,,,,,,,,,,,,,,,,,,621512
718771,2023-03-31,4,Bot,29,1,2,0,2,146,121,663743,656849,,,,,,,,,,,,,,,,,,,,,,,,,621512
718771,2023-03-31,4,Bot,29,2,3,0,2,146,121,663743,656849,,,,,,,,,,,,,,,,,,,,,,,,,621512
718771,2023-03-31,4,Bot,29,3,3,0,2,146,121,663743,656849,field_out,Groundout,"Nick Fortes grounds out, third baseman Eduardo Escobar to first baseman Pete Alonso.",T,,,,,,,,,,663743,,,T,3,Groundout,field_out,,,,,621512
718771,2023-03-31,5,Top,30,0,1,0,0,146,121,592192,666200,,,,,,,,,,,,,,,,,,,,,,,,,607732
718771,2023-03-31,5,Top,30,1,1,1,0,146,121,592192,666200,,,,,,,,,,,,,,,,,,,,,,,,,607732
718771,2023-03-31,5,Top,30,2,1,2,0,146,121,592192,666200,,,,,,,,,,,,,,,,,,,,,,,,,607732
718771,2023-03-31,5,Top,30,3,2,2,0,146,121,592192,666200,,,,,,,,,,,,,,,,,,,,,,,,,607732
718771,2023-03-31,5,Top,30,4,3,2,0,146,121,592192,666200,,,,,,,,,,,,,,,,,,,,,,,,,607732
718771,2023-03-31,5,Top,30,5,3,2,0,146,121,592192,666200,,,,,,,,,,,,,,,,,,,,,,,,,607732
718771,2023-03-31,5,Top,30,6,4,2,0,146,121,592192,666200,walk,Walk,Mark Canha walks.,T,,,,,,,,,,592192,,1B,,,Walk,walk,,,,,607732
718771,2023-03-31,5,Top,31,0,1,0,0,146,121,643446,666200,,,,,,,,,,,,,,,,,,,,,,,,,607732
718771,2023-03-31,5,Top,31,1,1,1,0,146,121,643446,666200,,,,,,,,,,,,,,,,,,,,,,,,,607732
718771,2023-03-31,5,Top,31,2,1,2,0,146,121,643446,666200,,,,,,,,,,,,,,,,,,,,,,,,,607732
718771,2023-03-31,5,Top,31,3,1,2,0,146,121,643446,666200,grounded_into_double_play,Grounded Into DP,"Jeff McNeil grounds into a double play, pitcher Jesus Luzardo to shortstop Jon Berti to first baseman Yuli Gurriel. Mark Canha out at 2nd. Jeff McNeil out at 1st.",T,,,,,,,,,,592192,1B,,T,1,Grounded Into DP,grounded_into_double_play,r_force_out,,,,607732
718771,2023-03-31,5,Top,32,0,0,1,2,146,121,500871,666200,,,,,,,,,,,,,,,,,,,,,,,,,607732
718771,2023-03-31,5,Top,32,1,0,2,2,146,121,500871,666200,,,,,,,,,,,,,,,,,,,,,,,,,607732
718771,2023-03-31,5,Top,32,2,1,2,2,146,121,500871,666200,,,,,,,,,,,,,,,,,,,,,,,,,607732
718771,2023-03-31,5,Top,32,3,2,2,2,146,121,500871,666200,,,,,,,,,,,,,,,,,,,,,,,,,607732
718771,2023-03-31,5,Top,32,4,2,3,2,146,121,500871,666200,strikeout,Strikeout,Eduardo Escobar strikes out swinging.,T,,,,,,,,,,500871,,,T,3,Strikeout,strikeout,,,,,607732
718771,2023-03-31,5,Bot,33,0,1,0,0,146,121,542932,656849,,,,,,,,,,,,,,,,,,,,,,,,,621512
718771,2023-03-31,5,Bot,33,1,1,0,0,146,121,542932,656849,single,Single,Jon Berti singles on a line drive to center fielder Brandon Nimmo.,T,,,,,,,,,,542932,,1B,,,Single,single,,,,,621512
718771,2023-03-31,5,Bot,34,0,0,0,0,146,121,650333,656849,,,,,,,,,,,,,,,,,,,,,,,,,621512
718771,2023-03-31,5,Bot,34,1,0,0,0,146,121,650333,656849,single,Single,Luis Arraez singles on a bunt ground ball to first baseman Pete Alonso. Jon Berti to 2nd.,T,,,,,,,,,,650333,,1B,,,Single,single,,,,,621512
718771,2023-03-31,5,Bot,35,0,1,0,0,146,121,516416,656849,,,,,,,,,,,,,,,,,,,,,,,,,621512
718771,2023-03-31,5,Bot,35,1,2,0,0,146,121,516416,656849,,,,,,,,,,,,,,,,,,,,,,,,,621512
718771,2023-03-31,5,Bot,35,2,2,0,0,146,121,516416,656849,,,,,,,,,,,,,,,,,,,,,,,,,621512
718771,2023-03-31,5,Bot,35,3,2,1,0,146,121,516416,656849,,,,,,,,,,,,,,,,,,,,,,,,,621512
718771,2023-03-31,5,Bot,35,4,2,2,0,146,121,516416,656849,,,,,,,,,,,,,,,,,,,,,,,,,621512
718771,2023-03-31,5,Bot,35,5,2,2,0,146,121,516416,656849,,,,,,,,,,,,,,,,,,,,,,,,,621512
718771,2023-03-31,5,Bot,35,6,3,2,0,146,121,516416,656849,,,,,,,,,,,,,,,,,,,,,,,,,621512
718771,2023-03-31,5,Bot,35,7,3,2,0,146,121,516416,656849,,,,,,,,,,,,,,,,,,,,,,,,,621512
718771,2023-03-31,5,Bot,35,8,3,2,0,146,121,516416,656849,,,,,,,,,,,,,,,,,,,,,,,,,621512
718771,2023-03-31,5,Bot,35,9,3,2,0,146,121,516416,656849,,,,,,,,,,,,,,,,,,,,,,,,,621512
718771,2023-03-31,5,Bot,35,10,3,3,0,146,121,516416,656849,strikeout,Strikeout,Jean Segura strikes out swinging.,T,,,,,,,,,,516416,,,T,1,Strikeout,strikeout,,,,,621512
718771,2023-03-31,5,Bot,36,0,0,1,1,146,121,643265,656849,,,,,,,,,,,,,,,,,,,,,,,,,621512
718771,2023-03-31,5,Bot,36,1,1,1,1,146,121,643265,656849,,,,,,,,,,,,,,,,,,,,,,,,,621512
718771,2023-03-31,5,Bot,36,2,1,1,1,146,121,643265,656849,single,Single,"Garrett Cooper singles on a ground ball to second baseman Jeff McNeil, deflected by first baseman Pete Alonso. Jon Berti out at home, second baseman Jeff McNeil to catcher Tomas Nido. Luis Arraez to 2nd.",T,,,,,,,,,,643265,,1B,,,Single,single,,,,,621512
718771,2023-03-31,5,Bot,37,0,1,0,2,146,121,665862,656849,,,,,,,,,,,,,,,,,,,,,,,,,621512
718771,2023-03-31,5,Bot,37,1,1,0,2,146,121,665862,656849,field_out,Groundout,Jazz Chisholm Jr. grounds out to first baseman Pete Alonso.,T,,,,,,,,,,665862,,,T,3,Groundout,field_out,,,,,621512
718771,2023-03-31,6,Top,38,0,0,0,0,146,121,502054,666200,field_out,Flyout,Tommy Pham flies out sharply to center fielder Jazz Chisholm Jr.,T,,,,,,,,,,502054,,,T,1,Flyout,field_out,,,,,607732
718771,2023-03-31,6,Top,39,0,0,1,1,146,121,621512,666200,,,,,,,,,,,,,,,,,,,,,,,,,607732
718771,2023-03-31,6,Top,39,1,1,1,1,146,121,621512,666200,,,,,,,,,,,,,,,,,,,,,,,,,607732
718771,2023-03-31,6,Top,39,2,1,2,1,146,121,621512,666200,,,,,,,,,,,,,,,,,,,,,,,,,607732
718771,2023-03-31,6,Top,39,3,1,2,1,146,121,621512,666200,,,,,,,,,,,,,,,,,,,,,,,,,607732
718771,2023-03-31,6,Top,39,4,1,2,1,146,121,621512,666200,,,,,,,,,,,,,,,,,,,,,,,,,607732
718771,2023-03-31,6,Top,39,5,2,2,1,146,121,621512,666200,,,,,,,,,,,,,,,,,,,,,,,,,607732
718771,2023-03-31,6,Top,39,6,2,2,1,146,121,621512,666200,,,,,,,,,,,,,,,,,,,,,,,,,607732
718771,2023-03-31,6,Top,39,7,3,2,1,146,121,621512,666200,,,,,,,,,,,,,,,,,,,,,,,,,607732
718771,2023-03-31,6,Top,39,8,3,3,1,146,121,621512,666200,strikeout,Strikeout,Tomas Nido called out on strikes.,T,,,,,,,,,,621512,,,T,2,Strikeout,strikeout,,,,,607732
718771,2023-03-31,6,Top,40,0,0,1,2,146,121,607043,666200,,,,,,,,,,,,,,,,,,,,,,,,,607732
718771,2023-03-31,6,Top,40,1,1,1,2,146,121,607043,666200,,,,,,,,,,,,,,,,,,,,,,,,,607732
718771,2023-03-31,6,Top,40,2,1,2,2,146,121,607043,666200,,,,,,,,,,,,,,,,,,,,,,,,,607732
718771,2023-03-31,6,Top,40,3,2,2,2,146,121,607043,666200,,,,,,,,,,,,,,,,,,,,,,,,,607732
718771,2023-03-31,6,Top,40,4,3,2,2,146,121,607043,666200,,,,,,,,,,,,,,,,,,,,,,,,,607732
718771,2023-03-31,6,Top,40,5,3,2,2,146,121,607043,666200,,,,,,,,,,,,,,,,,,,,,,,,,607732
718771,2023-03-31,6,Top,40,6,4,2,2,146,121,607043,666200,walk,Walk,Brandon Nimmo walks.,T,,,,,,,,,,607043,,1B,,,Walk,walk,,,,,607732
718771,2023-03-31,6,Top,41,0,1,0,2,146,121,516782,666200,,,,,,,,,,,,,,,,,,,,,,,,,607732
718771,2023-03-31,6,Top,41,1,1,0,2,146,121,516782,666200,single,Single,Starling Marte singles on a fly ball to right fielder Jorge Soler. Brandon Nimmo to 3rd.,T,,,,,,,,,,516782,,1B,,,Single,single,,,,,607732
718771,2023-03-31,6,Top,42,0,0,0,2,146,121,596019,666200,,,,,,,,,,,,,,,,,,,,,,,,,607732
718771,2023-03-31,6,Top,42,1,0,1,2,146,121,596019,666200,,,,,,,,,,,,,,,,,,,,,,,,,607732
718771,2023-03-31,6,Top,42,2,1,1,2,146,121,596019,666200,,,,,,,,,,,,,,,,,,,,,,,,,607732
718771,2023-03-31,6,Top,42,3,2,1,2,146,121,596019,666200,,,,,,,,,,,,,,,,,,,,,,,,,607732
718771,2023-03-31,6,Top,42,4,2,1,2,146,121,596019,666200,,,,,,,,,,,,,,,,,,,,,,,,,607732
718771,2023-03-31,6,Top,42,5,3,1,2,146,121,596019,666200,,,,,,,,,,,,,,,,,,,,,,,,,607732
718771,2023-03-31,6,Top,42,6,4,1,2,146,121,596019,666200,walk,Walk,Francisco Lindor walks.,T,T,,,,,,,,,516782,1B,2B,,,Stolen Base 2B,stolen_base_2b,r_stolen_base_2b,,,,607732
718771,2023-03-31,6,Top,43,0,0,0,2,146,121,624413,608638,,,,,,,,,,,,,,,,,,,,,,,,,607732
718771,2023-03-31,6,Top,43,1,0,0,2,146,121,624413,608638,,,,,,,,,,,,,,,,,,,,,,,,,607732
718771,2023-03-31,6,Top,43,2,0,1,2,146,121,624413,608638,,,,,,,,,,,,,,,,,,,,,,,,,607732
718771,2023-03-31,6,Top,43,3,0,2,2,146,121,624413,608638,,,,,,,,,,,,,,,,,,,,,,,,,607732
718771,2023-03-31,6,Top,43,4,0,2,2,146,121,624413,608638,field_out,Lineout,Pete Alonso lines out sharply to center fielder Jazz Chisholm Jr.,T,,,,,,,,,,624413,,,T,3,Lineout,field_out,,,,,607732
718771,2023-03-31,6,Bot,44,0,0,0,0,146,121,624585,488984,,,,,,,,,,,,,,,,,,,,,,,,,621512
718771,2023-03-31,6,Bot,44,1,1,0,0,146,121,624585,488984,,,,,,,,,,,,,,,,,,,,,,,,,621512
718771,2023-03-31,6,Bot,44,2,1,0,0,146,121,624585,488984,single,Single,Jorge Soler singles on a ground ball to left fielder Tommy Pham.,T,,,,,,,,,,624585,,1B,,,Single,single,,,,,621512
718771,2023-03-31,6,Bot,45,0,0,1,0,146,121,541645,488984,,,,,,,,,,,,,,,,,,,,,,,,,621512
718771,2023-03-31,6,Bot,45,1,0,1,0,146,121,541645,488984,field_out,Flyout,Avisail Garcia flies out sharply to center fielder Brandon Nimmo. Jorge Soler to 2nd.,T,,,,,,,,,,541645,,,T,1,Flyout,field_out,,,,,621512
718771,2023-03-31,6,Bot,46,0,0,0,1,146,121,493329,488984,field_out,Groundout,"Yuli Gurriel grounds out, shortstop Francisco Lindor to first baseman Pete Alonso. Jorge Soler to 3rd.",T,,,,,,,,,,493329,,,T,2,Groundout,field_out,,,,,621512
718771,2023-03-31,6,Bot,47,0,0,1,2,146,121,663743,488984,,,,,,,,,,,,,,,,,,,,,,,,,621512
718771,2023-03-31,6,Bot,47,1,0,2,2,146,121,663743,488984,,,,,,,,,,,,,,,,,,,,,,,,,621512
718771,2023-03-31,6,Bot,47,2,0,2,2,146,121,663743,488984,field_out,Groundout,"Nick Fortes grounds out, shortstop Francisco Lindor to first baseman Pete Alonso.",T,,,,,,,,,,663743,,,T,3,Groundout,field_out,,,,,621512
718771,2023-03-31,7,Top,48,0,0,1,0,146,121,592192,608638,,,,,,,,,,,,,,,,,,,,,,,,,607732
718771,2023-03-31,7,Top,48,1,0,2,0,146,121,592192,608638,,,,,,,,,,,,,,,,,,,,,,,,,607732
718771,2023-03-31,7,Top,48,2,1,2,0,146,121,592192,608638,,,,,,,,,,,,,,,,,,,,,,,,,607732
718771,2023-03-31,7,Top,48,3,1,3,0,146,121,592192,608638,strikeout,Strikeout,Mark Canha called out on strikes.,T,,,,,,,,,,592192,,,T,1,Strikeout,strikeout,,,,,607732
718771,2023-03-31,7,Top,49,0,1,0,1,146,121,643446,608638,,,,,,,,,,,,,,,,,,,,,,,,,607732
718771,2023-03-31,7,Top,49,1,1,1,1,146,121,643446,608638,,,,,,,,,,,,,,,,,,,,,,,,,607732
718771,2023-03-31,7,Top,49,2,2,1,1,146,121,643446,608638,,,,,,,,,,,,,,,,,,,,,,,,,607732
718771,2023-03-31,7,Top,49,3,2,1,1,146,121,643446,608638,field_out,Groundout,"Jeff McNeil grounds out, second baseman Luis Arraez to first baseman Yuli Gurriel.",T,,,,,,,,,,643446,,,T,2,Groundout,field_out,,,,,607732
718771,2023-03-31,7,Top,50,0,0,1,2,146,121,500871,608638,,,,,,,,,,,,,,,,,,,,,,,,,607732
718771,2023-03-31,7,Top,50,1,0,1,2,146,121,500871,608638,,,,,,,,,,,,,,,,,,,,,,,,,607732
718771,2023-03-31,7,Top,50,2,0,2,2,146,121,500871,608638,,,,,,,,,,,,,,,,,,,,,,,,,607732
718771,2023-03-31,7,Top,50,3,0,2,2,146,121,500871,608638,field_out,Groundout,"Eduardo Escobar grounds out, first baseman Yuli Gurriel to pitcher JT Chargois.",T,,,,,,,,,,500871,,,T,3,Groundout,field_out,,,,,607732
718771,2023-03-31,7,Bot,51,0,1,0,0,146,121,542932,488984,,,,,,,,,,,,,,,,,,,,,,,,,621512
718771,2023-03-31,7,Bot,51,1,1,1,0,146,121,542932,488984,,,,,,,,,,,,,,,,,,,,,,,,,621512
718771,2023-03-31,7,Bot,51,2,2,1,0,146,121,542932,488984,,,,,,,,,,,,,,,,,,,,,,,,,621512
718771,2023-03-31,7,Bot,51,3,2,1,0,146,121,542932,488984,field_out,Flyout,Jon Berti flies out to right fielder Starling Marte.,T,,,,,,,,,,542932,,,T,1,Flyout,field_out,,,,,621512
718771,2023-03-31,7,Bot,52,0,0,1,1,146,121,650333,488984,,,,,,,,,,,,,,,,,,,,,,,,,621512
718771,2023-03-31,7,Bot,52,1,0,2,1,146,121,650333,488984,,,,,,,,,,,,,,,,,,,,,,,,,621512
718771,2023-03-31,7,Bot,52,2,1,2,1,146,121,650333,488984,,,,,,,,,,,,,,,,,,,,,,,,,621512
718771,2023-03-31,7,Bot,52,3,1,2,1,146,121,650333,488984,,,,,,,,,,,,,,,,,,,,,,,,,621512
718771,2023-03-31,7,Bot,52,4,1,2,1,146,121,650333,488984,field_out,Groundout,Luis Arraez grounds out softly to pitcher Tommy Hunter.,T,,,,,,,,,,650333,,,T,2,Groundout,field_out,,,,,621512
718771,2023-03-31,7,Bot,53,0,1,0,2,146,121,516416,488984,,,,,,,,,,,,,,,,,,,,,,,,,621512
718771,2023-03-31,7,Bot,53,1,2,0,2,146,121,516416,488984,,,,,,,,,,,,,,,,,,,,,,,,,621512
718771,2023-03-31,7,Bot,53,2,2,0,2,146,121,516416,488984,field_out,Groundout,"Jean Segura grounds out, shortstop Francisco Lindor to first baseman Pete Alonso.",T,,,,,,,,,,516416,,,T,3,Groundout,field_out,,,,,621512
718771,2023-03-31,8,Top,54,0,0,0,0,146,121,641645,571670,,,,,,,,,,,,,,,,,,,,,,,,,607732
718771,2023-03-31,8,Top,54,1,0,0,0,146,121,641645,571670,,,,,,,,,,,,,,,,,,,,,,,,,607732
718771,2023-03-31,8,Top,54,2,0,0,0,146,121,641645,571670,,,,,,,,,,,,,,,,,,,,,,,,,607732
718771,2023-03-31,8,Top,54,3,0,1,0,146,121,641645,571670,,,,,,,,,,,,,,,,,,,,,,,,,607732
718771,2023-03-31,8,Top,54,4,1,1,0,146,121,641645,571670,,,,,,,,,,,,,,,,,,,,,,,,,607732
718771,2023-03-31,8,Top,54,5,1,1,0,146,121,641645,571670,field_out,Groundout,"Luis Guillorme grounds out, second baseman Luis Arraez to first baseman Yuli Gurriel.",T,,,,,,,,,,641645,,,T,1,Groundout,field_out,,,,,607732
718771,2023-03-31,8,Top,55,0,0,0,1,146,121,596129,571670,,,,,,,,,,,,,,,,,,,,,,,,,607732
718771,2023-03-31,8,Top,55,1,0,1,1,146,121,596129,571670,,,,,,,,,,,,,,,,,,,,,,,,,607732
718771,2023-03-31,8,Top,55,2,1,1,1,146,121,596129,571670,,,,,,,,,,,,,,,,,,,,,,,,,607732
718771,2023-03-31,8,Top,55,3,1,2,1,146,121,596129,571670,,,,,,,,,,,,,,,,,,,,,,,,,607732
718771,2023-03-31,8,Top,55,4,2,2,1,146,121,596129,571670,,,,,,,,,,,,,,,,,,,,,,,,,607732
718771,2023-03-31,8,Top,55,5,2,2,1,146,121,596129,571670,double,Double,"Daniel Vogelbach doubles (1) on a fly ball to right fielder Jorge Soler, deflected by center fielder Jazz Chisholm Jr.",T,,,,,,,,,,596129,,2B,,,Double,double,,,,,607732
718771,2023-03-31,8,Top,56,0,0,0,1,146,121,607043,571670,,,,,,,,,,,,,,,,,,,,,,,,,607732
718771,2023-03-31,8,Top,56,1,0,0,1,146,121,607043,571670,field_out,Flyout,Brandon Nimmo flies out to center fielder Jazz Chisholm Jr.,T,,,,,,,,,,607043,,,T,2,Flyout,field_out,,,,,607732
718771,2023-03-31,8,Top,57,0,1,0,2,146,121,516782,571670,,,,,,,,,,,,,,,,,,,,,,,,,607732
718771,2023-03-31,8,Top,57,1,1,0,2,146,121,516782,571670,field_out,Lineout,Starling Marte lines out to right fielder Jorge Soler.,T,,,,,,,,,,516782,,,T,3,Lineout,field_out,,,,,607732
718771,2023-03-31,8,Bot,58,0,0,0,0,146,121,643265,595928,,,,,,,,,,,,,,,,,,,,,,,,,621512
718771,2023-03-31,8,Bot,58,1,0,0,0,146,121,643265,595928,,,,,,,,,,,,,,,,,,,,,,,,,621512
718771,2023-03-31,8,Bot,58,2,0,0,0,146,121,643265,595928,,,,,,,,,,,,,,,,,,,,,,,,,621512
718771,2023-03-31,8,Bot,58,3,0,0,0,146,121,643265,595928,,,,,,,,,,,,,,,,,,,,,,,,,621512
718771,2023-03-31,8,Bot,58,4,1,0,0,146,121,643265,595928,,,,,,,,,,,,,,,,,,,,,,,,,621512
718771,2023-03-31,8,Bot,58,5,1,1,0,146,121,643265,595928,,,,,,,,,,,,,,,,,,,,,,,,,621512
718771,2023-03-31,8,Bot,58,6,2,1,0,146,121,643265,595928,,,,,,,,,,,,,,,,,,,,,,,,,621512
718771,2023-03-31,8,Bot,58,7,3,1,0,146,121,643265,595928,,,,,,,,,,,,,,,,,,,,,,,,,621512
718771,2023-03-31,8,Bot,58,8,3,1,0,146,121,643265,595928,field_out,Flyout,Garrett Cooper flies out to right fielder Starling Marte.,T,,,,,,,,,,643265,,,T,1,Flyout,field_out,,,,,621512
718771,2023-03-31,8,Bot,59,0,0,1,1,146,121,665862,595928,,,,,,,,,,,,,,,,,,,,,,,,,621512
718771,2023-03-31,8,Bot,59,1,1,1,1,146,121,665862,595928,,,,,,,,,,,,,,,,,,,,,,,,,621512
718771,2023-03-31,8,Bot,59,2,2,1,1,146,121,665862,595928,,,,,,,,,,,,,,,,,,,,,,,,,621512
718771,2023-03-31,8,Bot,59,3,2,1,1,146,121,665862,595928,home_run,Home Run,Jazz Chisholm Jr. homers (1) on a line drive to right field.,T,,,,,,,,,,665862,,score,,,Home Run,home_run,,T,T,T,621512
718771,2023-03-31,8,Bot,60,0,1,0,1,146,121,624585,595928,,,,,,,,,,,,,,,,,,,,,,,,,621512
718771,2023-03-31,8,Bot,60,1,1,0,1,146,121,624585,595928,field_out,Flyout,Jorge Soler flies out to left fielder Jeff McNeil.,T,,,,,,,,,,624585,,,T,2,Flyout,field_out,,,,,621512
718771,2023-03-31,8,Bot,61,0,0,0,2,146,121,541645,595928,field_out,Flyout,Avisail Garcia flies out to right fielder Starling Marte.,T,,,,,,,,,,541645,,,T,3,Flyout,field_out,,,,,621512
718771,2023-03-31,9,Top,62,0,0,0,0,146,121,596019,640462,,,,,,,,,,,,,,,,,,,,,,,,,607732
718771,2023-03-31,9,Top,62,1,0,0,0,146,121,596019,640462,,,,,,,,,,,,,,,,,,,,,,,,,607732
718771,2023-03-31,9,Top,62,2,0,0,0,146,121,596019,640462,,,,,,,,,,,,,,,,,,,,,,,,,607732
718771,2023-03-31,9,Top,62,3,0,1,0,146,121,596019,640462,,,,,,,,,,,,,,,,,,,,,,,,,607732
718771,2023-03-31,9,Top,62,4,0,2,0,146,121,596019,640462,,,,,,,,,,,,,,,,,,,,,,,,,607732
718771,2023-03-31,9,Top,62,5,0,3,0,146,121,596019,640462,strikeout,Strikeout,Francisco Lindor strikes out swinging.,T,,,,,,,,,,596019,,,T,1,Strikeout,strikeout,,,,,607732
718771,2023-03-31,9,Top,63,0,0,0,1,146,121,624413,640462,home_run,Home Run,Pete Alonso homers (1) on a fly ball to right center field.,T,,,,,,,,,,624413,,score,,,Home Run,home_run,,T,T,T,607732
718771,2023-03-31,9,Top,64,0,0,1,1,146,121,592192,640462,,,,,,,,,,,,,,,,,,,,,,,,,607732
718771,2023-03-31,9,Top,64,1,0,2,1,146,121,592192,640462,,,,,,,,,,,,,,,,,,,,,,,,,607732
718771,2023-03-31,9,Top,64,2,0,3,1,146,121,592192,640462,strikeout,Strikeout,Mark Canha strikes out swinging.,T,,,,,,,,,,592192,,,T,2,Strikeout,strikeout,,,,,607732
718771,2023-03-31,9,Top,65,0,0,1,2,146,121,643446,640462,,,,,,,,,,,,,,,,,,,,,,,,,607732
718771,2023-03-31,9,Top,65,1,0,2,2,146,121,643446,640462,,,,,,,,,,,,,,,,,,,,,,,,,607732
718771,2023-03-31,9,Top,65,2,0,2,2,146,121,643446,640462,field_out,Groundout,"Jeff McNeil grounds out, second baseman Luis Arraez to first baseman Yuli Gurriel.",T,,,,,,,,,,643446,,,T,3,Groundout,field_out,,,,,607732
718764,2023-03-31,1,Top,0,0,0,0,0,117,145,641313,664299,,,,,,,,,,,,,,,,,,,,,,,,,455117
718764,2023-03-31,1,Top,0,1,0,0,0,117,145,641313,664299,,,,,,,,,,,,,,,,,,,,,,,,,455117
718764,2023-03-31,1,Top,0,2,0,0,0,117,145,641313,664299,,,,,,,,,,,,,,,,,,,,,,,,,455117
718764,2023-03-31,1,Top,0,3,0,0,0,117,145,641313,664299,,,,,,,,,,,,,,,,,,,,,,,,,455117
718764,2023-03-31,1,Top,0,4,1,0,0,117,145,641313,664299,,,,,,,,,,,,,,,,,,,,,,,,,455117
718764,2023-03-31,1,Top,0,5,1,1,0,117,145,641313,664299,,,,,,,,,,,,,,,,,,,,,,,,,455117
718764,2023-03-31,1,Top,0,6,2,1,0,117,145,641313,664299,,,,,,,,,,,,,,,,,,,,,,,,,455117
718764,2023-03-31,1,Top,0,7,2,2,0,117,145,641313,664299,,,,,,,,,,,,,,,,,,,,,,,,,455117
718764,2023-03-31,1,Top,0,8,3,2,0,117,145,641313,664299,,,,,,,,,,,,,,,,,,,,,,,,,455117
718764,2023-03-31,1,Top,0,9,4,2,0,117,145,641313,664299,walk,Walk,Tim Anderson walks.,T,,,,,,,,,,641313,,1B,,,Walk,walk,,,,,455117
718764,2023-03-31,1,Top,1,0,0,1,0,117,145,673357,664299,,,,,,,,,,,,,,,,,,,,,,,,,455117
718764,2023-03-31,1,Top,1,1,0,2,0,117,145,673357,664299,,,,,,,,,,,,,,,,,,,,,,,,,455117
718764,2023-03-31,1,Top,1,2,0,3,0,117,145,673357,664299,strikeout,Strikeout,Luis Robert Jr. strikes out swinging.,T,,,,,,,,,,673357,,,T,1,Strikeout,strikeout,,,,,455117
718764,2023-03-31,1,Top,2,0,0,1,1,117,145,643217,664299,,,,,,,,,,,,,,,,,,,,,,,,,455117
718764,2023-03-31,1,Top,2,1,0,1,1,117,145,643217,664299,,,,,,,,,,,,,,,,,,,,,,,,,455117
718764,2023-03-31,1,Top,2,2,1,1,1,117,145,643217,664299,,,,,,,,,,,,,,,,,,,,,,,,,455117
718764,2023-03-31,1,Top,2,3,1,2,1,117,145,643217,664299,,,,,,,,,,,,,,,,,,,,,,,,,455117
718764,2023-03-31,1,Top,2,4,1,2,1,117,145,643217,664299,,,,,,,,,,,,,,,,,,,,,,,,,455117
718764,2023-03-31,1,Top,2,5,1,2,1,117,145,643217,664299,,,,,,,,,,,,,,,,,,,,,,,,,455117
718764,2023-03-31,1,Top,2,6,1,2,1,117,145,643217,664299,,,,,,,,,,,,,,,,,,,,,,,,,455117
718764,2023-03-31,1,Top,2,7,1,2,1,117,145,643217,664299,field_out,Groundout,"Andrew Benintendi grounds out, second baseman David Hensley to first baseman Jose Abreu. Tim Anderson to 3rd.",T,T,,,,,,,,,641313,1B,2B,,,Stolen Base 2B,stolen_base_2b,r_stolen_base_2b,,,,455117
718764,2023-03-31,1,Top,3,0,0,1,2,117,145,650391,664299,,,,,,,,,,,,,,,,,,,,,,,,,455117
718764,2023-03-31,1,Top,3,1,1,1,2,117,145,650391,664299,,,,,,,,,,,,,,,,,,,,,,,,,455117
718764,2023-03-31,1,Top,3,2,1,2,2,117,145,650391,664299,,,,,,,,,,,,,,,,,,,,,,,,,455117
718764,2023-03-31,1,Top,3,3,1,2,2,117,145,650391,664299,,,,,,,,,,,,,,,,,,,,,,,,,455117
718764,2023-03-31,1,Top,3,4,1,2,2,117,145,650391,664299,,,,,,,,,,,,,,,,,,,,,,,,,455117
718764,2023-03-31,1,Top,3,5,1,2,2,117,145,650391,664299,double,Double,Eloy Jimenez doubles (1) on a line drive to center fielder Jake Meyers. Tim Anderson scores.,T,,,,,,,,,,650391,,2B,,,Double,double,,,,,455117
718764,2023-03-31,1,Top,4,0,0,1,2,117,145,660162,664299,,,,,,,,,,,,,,,,,,,,,,,,,455117
718764,2023-03-31,1,Top,4,1,0,1,2,117,145,660162,664299,field_out,Groundout,"Yoan Moncada grounds out, pitcher Cristian Javier to first baseman Jose Abreu.",T,,,,,,,,,,660162,,,T,3,Groundout,field_out,,,,,455117
718764,2023-03-31,1,Bot,5,0,1,0,0,117,145,665161,458681,,,,,,,,,,,,,,,,,,,,,,,,,518735
718764,2023-03-31,1,Bot,5,1,1,0,0,117,145,665161,458681,field_out,Groundout,"Jeremy Pena grounds out, third baseman Yoan Moncada to first baseman Gavin Sheets.",T,,,,,,,,,,665161,,,T,1,Groundout,field_out,,,,,518735
718764,2023-03-31,1,Bot,6,0,1,0,1,117,145,608324,458681,,,,,,,,,,,,,,,,,,,,,,,,,518735
718764,2023-03-31,1,Bot,6,1,2,0,1,117,145,608324,458681,,,,,,,,,,,,,,,,,,,,,,,,,518735
718764,2023-03-31,1,Bot,6,2,2,0,1,117,145,608324,458681,field_out,Flyout,Alex Bregman flies out to center fielder Luis Robert Jr.,T,,,,,,,,,,608324,,,T,2,Flyout,field_out,,,,,518735
718764,2023-03-31,1,Bot,7,0,1,0,2,117,145,670541,458681,,,,,,,,,,,,,,,,,,,,,,,,,518735
718764,2023-03-31,1,Bot,7,1,2,0,2,117,145,670541,458681,,,,,,,,,,,,,,,,,,,,,,,,,518735
718764,2023-03-31,1,Bot,7,2,2,1,2,117,145,670541,458681,,,,,,,,,,,,,,,,,,,,,,,,,518735
718764,2023-03-31,1,Bot,7,3,2,1,2,117,145,670541,458681,field_out,Flyout,Yordan Alvarez flies out to left fielder Andrew Benintendi.,T,,,,,,,,,,670541,,,T,3,Flyout,field_out,,,,,518735
718764,2023-03-31,2,Top,8,0,1,0,0,117,145,657757,664299,,,,,,,,,,,,,,,,,,,,,,,,,455117
718764,2023-03-31,2,Top,8,1,1,1,0,117,145,657757,664299,,,,,,,,,,,,,,,,,,,,,,,,,455117
718764,2023-03-31,2,Top,8,2,1,1,0,117,145,657757,664299,field_out,Groundout,"Gavin Sheets grounds out, second baseman David Hensley to first baseman Jose Abreu.",T,,,,,,,,,,657757,,,T,1,Groundout,field_out,,,,,455117
718764,2023-03-31,2,Top,9,0,0,1,1,117,145,518735,664299,,,,,,,,,,,,,,,,,,,,,,,,,455117
718764,2023-03-31,2,Top,9,1,0,1,1,117,145,518735,664299,single,Single,Yasmani Grandal singles on a line drive to center fielder Jake Meyers.,T,,,,,,,,,,518735,,1B,,,Single,single,,,,,455117
718764,2023-03-31,2,Top,10,0,0,1,1,117,145,693049,664299,,,,,,,,,,,,,,,,,,,,,,,,,455117
718764,2023-03-31,2,Top,10,1,0,2,1,117,145,693049,664299,,,,,,,,,,,,,,,,,,,,,,,,,455117
718764,2023-03-31,2,Top,10,2,0,2,1,117,145,693049,664299,grounded_into_double_play,Grounded Into DP,"Oscar Colas grounds into a double play, second baseman David Hensley to shortstop Jeremy Pena to first baseman Jose Abreu. Yasmani Grandal out at 2nd. Oscar Colas out at 1st.",T,,,,,,,,,,518735,1B,,T,2,Grounded Into DP,grounded_into_double_play,r_force_out,,,,455117
718764,2023-03-31,2,Bot,11,0,1,0,0,117,145,547989,458681,,,,,,,,,,,,,,,,,,,,,,,,,518735
718764,2023-03-31,2,Bot,11,1,2,0,0,117,145,547989,458681,,,,,,,,,,,,,,,,,,,,,,,,,518735
718764,2023-03-31,2,Bot,11,2,3,0,0,117,145,547989,458681,,,,,,,,,,,,,,,,,,,,,,,,,518735
718764,2023-03-31,2,Bot,11,3,4,0,0,117,145,547989,458681,walk,Walk,Jose Abreu walks.,T,,,,,,,,,,547989,,1B,,,Walk,walk,,,,,518735
718764,2023-03-31,2,Bot,12,0,0,1,0,117,145,663656,458681,,,,,,,,,,,,,,,,,,,,,,,,,518735
718764,2023-03-31,2,Bot,12,1,0,2,0,117,145,663656,458681,,,,,,,,,,,,,,,,,,,,,,,,,518735
718764,2023-03-31,2,Bot,12,2,1,2,0,117,145,663656,458681,,,,,,,,,,,,,,,,,,,,,,,,,518735
718764,2023-03-31,2,Bot,12,3,2,2,0,117,145,663656,458681,,,,,,,,,,,,,,,,,,,,,,,,,518735
718764,2023-03-31,2,Bot,12,4,2,3,0,117,145,663656,458681,strikeout,Strikeout,Kyle Tucker strikes out swinging.,T,,,,,,,,,,663656,,,T,1,Strikeout,strikeout,,,,,518735
718764,2023-03-31,2,Bot,13,0,0,1,1,117,145,667452,458681,,,,,,,,,,,,,,,,,,,,,,,,,518735
718764,2023-03-31,2,Bot,13,1,0,2,1,117,145,667452,458681,,,,,,,,,,,,,,,,,,,,,,,,,518735
718764,2023-03-31,2,Bot,13,2,0,2,1,117,145,667452,458681,single,Single,Corey Julks singles on a sharp line drive to left fielder Andrew Benintendi. Jose Abreu to 2nd.,T,,,,,,,,,,667452,,1B,,,Single,single,,,,,518735
718764,2023-03-31,2,Bot,14,0,1,0,1,117,145,682073,458681,,,,,,,,,,,,,,,,,,,,,,,,,518735
718764,2023-03-31,2,Bot,14,1,1,1,1,117,145,682073,458681,,,,,,,,,,,,,,,,,,,,,,,,,518735
718764,2023-03-31,2,Bot,14,2,2,1,1,117,145,682073,458681,,,,,,,,,,,,,,,,,,,,,,,,,518735
718764,2023-03-31,2,Bot,14,3,3,1,1,117,145,682073,458681,,,,,,,,,,,,,,,,,,,,,,,,,518735
718764,2023-03-31,2,Bot,14,4,4,1,1,117,145,682073,458681,walk,Walk,David Hensley walks. Jose Abreu to 3rd. Corey Julks to 2nd.,T,,,,,,,,,,547989,2B,3B,,,Walk,walk,r_adv_force,,,,518735
718764,2023-03-31,2,Bot,15,0,0,0,1,117,145,676694,458681,,,,,,,,,,,,,,,,,,,,,,,,,518735
718764,2023-03-31,2,Bot,15,1,1,0,1,117,145,676694,458681,,,,,,,,,,,,,,,,,,,,,,,,,518735
718764,2023-03-31,2,Bot,15,2,1,1,1,117,145,676694,458681,,,,,,,,,,,,,,,,,,,,,,,,,518735
718764,2023-03-31,2,Bot,15,3,1,2,1,117,145,676694,458681,,,,,,,,,,,,,,,,,,,,,,,,,518735
718764,2023-03-31,2,Bot,15,4,2,2,1,117,145,676694,458681,,,,,,,,,,,,,,,,,,,,,,,,,518735
718764,2023-03-31,2,Bot,15,5,2,3,1,117,145,676694,458681,strikeout,Strikeout,Jake Meyers strikes out swinging.,T,,,,,,,,,,676694,,,T,2,Strikeout,strikeout,,,,,518735
718764,2023-03-31,2,Bot,16,0,0,1,2,117,145,455117,458681,,,,,,,,,,,,,,,,,,,,,,,,,518735
718764,2023-03-31,2,Bot,16,1,0,1,2,117,145,455117,458681,field_out,Pop Out,Martin Maldonado pops out to first baseman Gavin Sheets in foul territory.,T,,,,,,,,,,455117,,,T,3,Pop Out,field_out,,,,,518735
718764,2023-03-31,3,Top,17,0,1,0,0,117,145,462101,664299,,,,,,,,,,,,,,,,,,,,,,,,,455117
718764,2023-03-31,3,Top,17,1,1,1,0,117,145,462101,664299,,,,,,,,,,,,,,,,,,,,,,,,,455117
718764,2023-03-31,3,Top,17,2,2,1,0,117,145,462101,664299,,,,,,,,,,,,,,,,,,,,,,,,,455117
718764,2023-03-31,3,Top,17,3,2,2,0,117,145,462101,664299,,,,,,,,,,,,,,,,,,,,,,,,,455117
718764,2023-03-31,3,Top,17,4,3,2,0,117,145,462101,664299,,,,,,,,,,,,,,,,,,,,,,,,,455117
718764,2023-03-31,3,Top,17,5,3,2,0,117,145,462101,664299,field_out,Flyout,Elvis Andrus flies out to right fielder Kyle Tucker.,T,,,,,,,,,,462101,,,T,1,Flyout,field_out,,,,,455117
718764,2023-03-31,3,Top,18,0,1,0,1,117,145,641313,664299,,,,,,,,,,,,,,,,,,,,,,,,,455117
718764,2023-03-31,3,Top,18,1,1,0,1,117,145,641313,664299,single,Single,Tim Anderson singles on a line drive to right fielder Kyle Tucker.,T,,,,,,,,,,641313,,1B,,,Single,single,,,,,455117
718764,2023-03-31,3,Top,19,0,0,1,1,117,145,673357,664299,,,,,,,,,,,,,,,,,,,,,,,,,455117
718764,2023-03-31,3,Top,19,1,0,2,1,117,145,673357,664299,,,,,,,,,,,,,,,,,,,,,,,,,455117
718764,2023-03-31,3,Top,19,2,0,2,1,117,145,673357,664299,,,,,,,,,,,,,,,,,,,,,,,,,455117
718764,2023-03-31,3,Top,19,3,0,2,1,117,145,673357,664299,,,,,,,,,,,,,,,,,,,,,,,,,455117
718764,2023-03-31,3,Top,19,4,0,3,1,117,145,673357,664299,strikeout,Strikeout,Luis Robert Jr. called out on strikes.,T,,,,,,,,,,673357,,,T,2,Strikeout,strikeout,,,,,455117
718764,2023-03-31,3,Top,20,0,0,0,2,117,145,643217,664299,,,,,,,,,,,,,,,,,,,,,,,,,455117
718764,2023-03-31,3,Top,20,1,0,1,2,117,145,643217,664299,,,,,,,,,,,,,,,,,,,,,,,,,455117
718764,2023-03-31,3,Top,20,2,0,1,2,117,145,643217,664299,field_out,Groundout,"Andrew Benintendi grounds out, third baseman Alex Bregman to first baseman Jose Abreu.",T,,,,,,,,,,643217,,,T,3,Groundout,field_out,,,,,455117
718764,2023-03-31,3,Bot,21,0,0,1,0,117,145,665161,458681,,,,,,,,,,,,,,,,,,,,,,,,,518735
718764,2023-03-31,3,Bot,21,1,1,1,0,117,145,665161,458681,,,,,,,,,,,,,,,,,,,,,,,,,518735
718764,2023-03-31,3,Bot,21,2,2,1,0,117,145,665161,458681,,,,,,,,,,,,,,,,,,,,,,,,,518735
718764,2023-03-31,3,Bot,21,3,2,2,0,117,145,665161,458681,,,,,,,,,,,,,,,,,,,,,,,,,518735
718764,2023-03-31,3,Bot,21,4,2,2,0,117,145,665161,458681,,,,,,,,,,,,,,,,,,,,,,,,,518735
718764,2023-03-31,3,Bot,21,5,2,2,0,117,145,665161,458681,,,,,,,,,,,,,,,,,,,,,,,,,518735
718764,2023-03-31,3,Bot,21,6,3,2,0,117,145,665161,458681,hit_by_pitch,Hit By Pitch,Jeremy Pena hit by pitch.,T,,,,,,,,,,665161,,1B,,,Hit By Pitch,hit_by_pitch,,,,,518735
718764,2023-03-31,3,Bot,22,0,0,0,0,117,145,608324,458681,,,,,,,,,,,,,,,,,,,,,,,,,518735
718764,2023-03-31,3,Bot,22,1,1,0,0,117,145,608324,458681,,,,,,,,,,,,,,,,,,,,,,,,,518735
718764,2023-03-31,3,Bot,22,2,1,0,0,117,145,608324,458681,field_out,Pop Out,Alex Bregman pops out to third baseman Yoan Moncada in foul territory.,T,,,,,,,,,,608324,,,T,1,Pop Out,field_out,,,,,518735
718764,2023-03-31,3,Bot,23,0,1,0,1,117,145,670541,458681,,,,,,,,,,,,,,,,,,,,,,,,,518735
718764,2023-03-31,3,Bot,23,1,1,1,1,117,145,670541,458681,,,,,,,,,,,,,,,,,,,,,,,,,518735
718764,2023-03-31,3,Bot,23,2,1,1,2,117,145,670541,458681,,,,,,,,,,,,,,,,,,,,,,,,,518735
718764,2023-03-31,3,Bot,23,3,2,1,2,117,145,670541,458681,,,,,,,,,,,,,,,,,,,,,,,,,518735
718764,2023-03-31,3,Bot,23,4,2,2,2,117,145,670541,458681,,,,,,,,,,,,,,,,,,,,,,,,,518735
718764,2023-03-31,3,Bot,23,5,2,2,2,117,145,670541,458681,,,,,,,,,,,,,,,,,,,,,,,,,518735
718764,2023-03-31,3,Bot,23,6,2,2,2,117,145,670541,458681,,,,,,,,,,,,,,,,,,,,,,,,,518735
718764,2023-03-31,3,Bot,23,7,3,2,2,117,145,670541,458681,,,,,,,,,,,,,,,,,,,,,,,,,518735
718764,2023-03-31,3,Bot,23,8,4,2,2,117,145,670541,458681,walk,Walk,Yordan Alvarez walks.,T,,,,T,,,,,,665161,1B,,T,2,Caught Stealing 2B,caught_stealing_2b,r_caught_stealing_2b,,,,518735
718764,2023-03-31,3,Bot,24,0,0,0,2,117,145,547989,458681,field_out,Flyout,Jose Abreu flies out to right fielder Oscar Colas.,T,,,,,,,,,,547989,,,T,3,Flyout,field_out,,,,,518735
718764,2023-03-31,4,Top,25,0,0,1,0,117,145,650391,664299,,,,,,,,,,,,,,,,,,,,,,,,,455117
718764,2023-03-31,4,Top,25,1,0,2,0,117,145,650391,664299,,,,,,,,,,,,,,,,,,,,,,,,,455117
718764,2023-03-31,4,Top,25,2,0,3,0,117,145,650391,664299,strikeout,Strikeout,Eloy Jimenez strikes out swinging.,T,,,,,,,,,,650391,,,T,1,Strikeout,strikeout,,,,,455117
718764,2023-03-31,4,Top,26,0,0,0,1,117,145,660162,664299,single,Single,Yoan Moncada singles on a ground ball to right fielder Kyle Tucker.,T,,,,,,,,,,660162,,1B,,,Single,single,,,,,455117
718764,2023-03-31,4,Top,27,0,0,1,1,117,145,657757,664299,,,,,,,,,,,,,,,,,,,,,,,,,455117
718764,2023-03-31,4,Top,27,1,0,1,1,117,145,657757,664299,,,,,,,,,,,,,,,,,,,,,,,,,455117
718764,2023-03-31,4,Top,27,2,1,1,1,117,145,657757,664299,,,,,,,,,,,,,,,,,,,,,,,,,455117
718764,2023-03-31,4,Top,27,3,1,2,1,117,145,657757,664299,,,,,,,,,,,,,,,,,,,,,,,,,455117
718764,2023-03-31,4,Top,27,4,1,2,1,117,145,657757,664299,,,,,,,,,,,,,,,,,,,,,,,,,455117
718764,2023-03-31,4,Top,27,5,1,2,1,117,145,657757,664299,field_out,Flyout,Gavin Sheets flies out to left fielder Yordan Alvarez.,T,,,,,,,,,,657757,,,T,2,Flyout,field_out,,,,,455117
718764,2023-03-31,4,Top,28,0,0,1,2,117,145,518735,664299,,,,,,,,,,,,,,,,,,,,,,,,,455117
718764,2023-03-31,4,Top,28,1,0,2,2,117,145,518735,664299,,,,,,,,,,,,,,,,,,,,,,,,,455117
718764,2023-03-31,4,Top,28,2,0,2,2,117,145,518735,664299,,,,,,,,,,,,,,,,,,,,,,,,,455117
718764,2023-03-31,4,Top,28,3,0,3,2,117,145,518735,664299,strikeout,Strikeout,Yasmani Grandal called out on strikes.,T,,,,,,,,,,518735,,,T,3,Strikeout,strikeout,,,,,455117
718764,2023-03-31,4,Bot,29,0,1,0,0,117,145,663656,458681,,,,,,,,,,,,,,,,,,,,,,,,,518735
718764,2023-03-31,4,Bot,29,1,1,1,0,117,145,663656,458681,,,,,,,,,,,,,,,,,,,,,,,,,518735
718764,2023-03-31,4,Bot,29,2,2,1,0,117,145,663656,458681,,,,,,,,,,,,,,,,,,,,,,,,,518735
718764,2023-03-31,4,Bot,29,3,2,2,0,117,145,663656,458681,,,,,,,,,,,,,,,,,,,,,,,,,518735
718764,2023-03-31,4,Bot,29,4,2,2,0,117,145,663656,458681,,,,,,,,,,,,,,,,,,,,,,,,,518735
718764,2023-03-31,4,Bot,29,5,2,2,0,117,145,663656,458681,,,,,,,,,,,,,,,,,,,,,,,,,518735
718764,2023-03-31,4,Bot,29,6,2,2,0,117,145,663656,458681,field_out,Lineout,Kyle Tucker lines out to right fielder Oscar Colas.,T,,,,,,,,,,663656,,,T,1,Lineout,field_out,,,,,518735
718764,2023-03-31,4,Bot,30,0,0,1,1,117,145,667452,458681,,,,,,,,,,,,,,,,,,,,,,,,,518735
718764,2023-03-31,4,Bot,30,1,1,1,1,117,145,667452,458681,,,,,,,,,,,,,,,,,,,,,,,,,518735
718764,2023-03-31,4,Bot,30,2,2,1,1,117,145,667452,458681,,,,,,,,,,,,,,,,,,,,,,,,,518735
718764,2023-03-31,4,Bot,30,3,2,2,1,117,145,667452,458681,,,,,,,,,,,,,,,,,,,,,,,,,518735
718764,2023-03-31,4,Bot,30,4,2,3,1,117,145,667452,458681,strikeout,Strikeout,Corey Julks strikes out swinging.,T,,,,,,,,,,667452,,,T,2,Strikeout,strikeout,,,,,518735
718764,2023-03-31,4,Bot,31,0,0,1,2,117,145,682073,458681,,,,,,,,,,,,,,,,,,,,,,,,,518735
718764,2023-03-31,4,Bot,31,1,1,1,2,117,145,682073,458681,,,,,,,,,,,,,,,,,,,,,,,,,518735
718764,2023-03-31,4,Bot,31,2,2,1,2,117,145,682073,458681,,,,,,,,,,,,,,,,,,,,,,,,,518735
718764,2023-03-31,4,Bot,31,3,2,2,2,117,145,682073,458681,,,,,,,,,,,,,,,,,,,,,,,,,518735
718764,2023-03-31,4,Bot,31,4,3,2,2,117,145,682073,458681,,,,,,,,,,,,,,,,,,,,,,,,,518735
718764,2023-03-31,4,Bot,31,5,3,2,2,117,145,682073,458681,,,,,,,,,,,,,,,,,,,,,,,,,518735
718764,2023-03-31,4,Bot,31,6,3,3,2,117,145,682073,458681,strikeout,Strikeout,David Hensley strikes out swinging.,T,,,,,,,,,,682073,,,T,3,Strikeout,strikeout,,,,,518735
718764,2023-03-31,5,Top,32,0,1,0,0,117,145,693049,664299,,,,,,,,,,,,,,,,,,,,,,,,,455117
718764,2023-03-31,5,Top,32,1,1,1,0,117,145,693049,664299,,,,,,,,,,,,,,,,,,,,,,,,,455117
718764,2023-03-31,5,Top,32,2,1,2,0,117,145,693049,664299,,,,,,,,,,,,,,,,,,,,,,,,,455117
718764,2023-03-31,5,Top,32,3,1,2,0,117,145,693049,664299,,,,,,,,,,,,,,,,,,,,,,,,,455117
718764,2023-03-31,5,Top,32,4,1,2,0,117,145,693049,664299,field_out,Pop Out,Oscar Colas pops out to third baseman Alex Bregman in foul territory.,T,,,,,,,,,,693049,,,T,1,Pop Out,field_out,,,,,455117
718764,2023-03-31,5,Top,33,0,0,1,1,117,145,462101,664299,,,,,,,,,,,,,,,,,,,,,,,,,455117
718764,2023-03-31,5,Top,33,1,1,1,1,117,145,462101,664299,,,,,,,,,,,,,,,,,,,,,,,,,455117
718764,2023-03-31,5,Top,33,2,1,2,1,117,145,462101,664299,,,,,,,,,,,,,,,,,,,,,,,,,455117
718764,2023-03-31,5,Top,33,3,1,2,1,117,145,462101,664299,single,Single,Elvis Andrus singles on a soft ground ball to shortstop Jeremy Pena.,T,,,,,,,,,,462101,,1B,,,Single,single,,,,,455117
718764,2023-03-31,5,Top,34,0,1,0,1,117,145,641313,664299,,,,,,,,,,,,,,,,,,,,,,,,,455117
718764,2023-03-31,5,Top,34,1,2,0,1,117,145,641313,664299,,,,,,,,,,,,,,,,,,,,,,,,,455117
718764,2023-03-31,5,Top,34,2,2,1,1,117,145,641313,664299,,,,,,,,,,,,,,,,,,,,,,,,,455117
718764,2023-03-31,5,Top,34,3,2,1,1,117,145,641313,664299,,,,,,,,,,,,,,,,,,,,,,,,,455117
718764,2023-03-31,5,Top,34,4,2,2,1,117,145,641313,664299,,,,,,,,,,,,,,,,,,,,,,,,,455117
718764,2023-03-31,5,Top,34,5,3,2,1,117,145,641313,664299,,,,,,,,,,,,,,,,,,,,,,,,,455117
718764,2023-03-31,5,Top,34,6,3,3,1,117,145,641313,664299,strikeout,Strikeout,Tim Anderson strikes out swinging. Elvis Andrus steals (1) 2nd base.,T,T,,,,,,,,,641313,,,T,2,Strikeout,strikeout,,,,,455117
718764,2023-03-31,5,Top,35,0,0,1,2,117,145,673357,664299,,,,,,,,,,,,,,,,,,,,,,,,,455117
718764,2023-03-31,5,Top,35,1,0,2,2,117,145,673357,664299,,,,,,,,,,,,,,,,,,,,,,,,,455117
718764,2023-03-31,5,Top,35,2,0,2,2,117,145,673357,664299,,,,,,,,,,,,,,,,,,,,,,,,,455117
718764,2023-03-31,5,Top,35,3,0,3,2,117,145,673357,664299,strikeout,Strikeout,Luis Robert Jr. strikes out swinging.,T,,,,,,,,,,673357,,,T,3,Strikeout,strikeout,,,,,455117
718764,2023-03-31,5,Bot,36,0,0,1,0,117,145,676694,458681,,,,,,,,,,,,,,,,,,,,,,,,,518735
718764,2023-03-31,5,Bot,36,1,1,1,0,117,145,676694,458681,,,,,,,,,,,,,,,,,,,,,,,,,518735
718764,2023-03-31,5,Bot,36,2,2,1,0,117,145,676694,458681,,,,,,,,,,,,,,,,,,,,,,,,,518735
718764,2023-03-31,5,Bot,36,3,2,2,0,117,145,676694,458681,,,,,,,,,,,,,,,,,,,,,,,,,518735
718764,2023-03-31,5,Bot,36,4,2,2,0,117,145,676694,458681,,,,,,,,,,,,,,,,,,,,,,,,,518735
718764,2023-03-31,5,Bot,36,5,2,2,0,117,145,676694,458681,,,,,,,,,,,,,,,,,,,,,,,,,518735
718764,2023-03-31,5,Bot,36,6,3,2,0,117,145,676694,458681,,,,,,,,,,,,,,,,,,,,,,,,,518735
718764,2023-03-31,5,Bot,36,7,4,2,0,117,145,676694,458681,walk,Walk,Jake Meyers walks.,T,,,,,,,,,,676694,,1B,,,Walk,walk,,,,,518735
718764,2023-03-31,5,Bot,37,0,0,0,0,117,145,455117,458681,,,,,,,,,,,,,,,,,,,,,,,,,518735
718764,2023-03-31,5,Bot,37,1,1,0,0,117,145,455117,458681,,,,,,,,,,,,,,,,,,,,,,,,,518735
718764,2023-03-31,5,Bot,37,2,1,0,0,117,145,455117,458681,grounded_into_double_play,Grounded Into DP,"Martin Maldonado grounds into a double play, third baseman Yoan Moncada to second baseman Elvis Andrus to first baseman Gavin Sheets. Jake Meyers out at 2nd. Martin Maldonado out at 1st.",T,,,,,,,,,,676694,1B,,T,1,Grounded Into DP,grounded_into_double_play,r_force_out,,,,518735
718764,2023-03-31,5,Bot,38,0,0,1,2,117,145,665161,458681,,,,,,,,,,,,,,,,,,,,,,,,,518735
718764,2023-03-31,5,Bot,38,1,0,2,2,117,145,665161,458681,,,,,,,,,,,,,,,,,,,,,,,,,518735
718764,2023-03-31,5,Bot,38,2,0,3,2,117,145,665161,458681,strikeout,Strikeout,Jeremy Pena strikes out swinging.,T,,,,,,,,,,665161,,,T,3,Strikeout,strikeout,,,,,518735
718764,2023-03-31,6,Top,39,0,0,1,0,117,145,643217,664299,,,,,,,,,,,,,,,,,,,,,,,,,455117
718764,2023-03-31,6,Top,39,1,1,1,0,117,145,643217,664299,,,,,,,,,,,,,,,,,,,,,,,,,455117
718764,2023-03-31,6,Top,39,2,1,2,0,117,145,643217,664299,,,,,,,,,,,,,,,,,,,,,,,,,455117
718764,2023-03-31,6,Top,39,3,1,2,0,117,145,643217,664299,double,Double,Andrew Benintendi doubles (1) on a fly ball to left fielder Yordan Alvarez.,T,,,,,,,,,,643217,,2B,,,Double,double,,,,,455117
718764,2023-03-31,6,Top,40,0,0,0,0,117,145,650391,664299,double,Double,Eloy Jimenez doubles (2) on a sharp line drive to right fielder Kyle Tucker. Andrew Benintendi scores.,T,,,,,,,,,,650391,,2B,,,Double,double,,,,,455117
718764,2023-03-31,6,Top,41,0,0,0,0,117,145,660162,664299,,,,,,,,,,,,,,,,,,,,,,,,,455117
718764,2023-03-31,6,Top,41,1,0,0,0,117,145,660162,664299,double,Double,Yoan Moncada hits a ground-rule double (1) on a fly ball to right-center field. Eloy Jimenez scores.,T,,,,,,,,,,660162,,2B,,,Double,double,,,,,455117
718764,2023-03-31,6,Top,42,0,0,0,0,117,145,657757,664208,,,,,,,,,,,,,,,,,,,,,,,,,455117
718764,2023-03-31,6,Top,42,1,0,0,0,117,145,657757,664208,,,,,,,,,,,,,,,,,,,,,,,,,455117
718764,2023-03-31,6,Top,42,2,1,0,0,117,145,657757,664208,,,,,,,,,,,,,,,,,,,,,,,,,455117
718764,2023-03-31,6,Top,42,3,2,0,0,117,145,657757,664208,,,,,,,,,,,,,,,,,,,,,,,,,455117
718764,2023-03-31,6,Top,42,4,2,1,0,117,145,657757,664208,,,,,,,,,,,,,,,,,,,,,,,,,455117
718764,2023-03-31,6,Top,42,5,2,2,0,117,145,657757,664208,,,,,,,,,,,,,,,,,,,,,,,,,455117
718764,2023-03-31,6,Top,42,6,2,2,0,117,145,657757,664208,,,,,,,,,,,,,,,,,,,,,,,,,455117
718764,2023-03-31,6,Top,42,7,3,2,0,117,145,657757,664208,,,,,,,,,,,,,,,,,,,,,,,,,455117
718764,2023-03-31,6,Top,42,8,3,3,0,117,145,657757,664208,strikeout,Strikeout,Gavin Sheets strikes out swinging.,T,,,,,,,,,,657757,,,T,1,Strikeout,strikeout,,,,,455117
718764,2023-03-31,6,Top,43,0,0,1,1,117,145,518735,664208,,,,,,,,,,,,,,,,,,,,,,,,,455117
718764,2023-03-31,6,Top,43,1,0,1,1,117,145,518735,664208,field_out,Groundout,"Yasmani Grandal grounds out, shortstop Jeremy Pena to first baseman Jose Abreu. Yoan Moncada to 3rd.",T,,,,,,,,,,518735,,,T,2,Groundout,field_out,,,,,455117
718764,2023-03-31,6,Top,44,0,0,1,2,117,145,693049,664208,,,,,,,,,,,,,,,,,,,,,,,,,455117
718764,2023-03-31,6,Top,44,1,1,1,2,117,145,693049,664208,hit_by_pitch,Hit By Pitch,Oscar Colas hit by pitch.,T,,,,,,,,,,693049,,1B,,,Hit By Pitch,hit_by_pitch,,,,,455117
718764,2023-03-31,6,Top,45,0,0,0,2,117,145,462101,664208,,,,,,,,,,,,,,,,,,,,,,,,,455117
718764,2023-03-31,6,Top,45,1,0,1,2,117,145,462101,664208,,,,,,,,,,,,,,,,,,,,,,,,,455117
718764,2023-03-31,6,Top,45,2,0,1,2,117,145,462101,664208,,,,,,,,,,,,,,,,,,,,,,,,,455117
718764,2023-03-31,6,Top,45,3,0,1,2,117,145,462101,664208,field_out,Flyout,Elvis Andrus flies out to right fielder Kyle Tucker.,T,,,,,,,,,,462101,,,T,3,Flyout,field_out,,,,,455117
718764,2023-03-31,6,Bot,46,0,0,1,0,117,145,608324,458681,,,,,,,,,,,,,,,,,,,,,,,,,518735
718764,2023-03-31,6,Bot,46,1,0,1,0,117,145,608324,458681,field_out,Flyout,Alex Bregman flies out to left fielder Andrew Benintendi.,T,,,,,,,,,,608324,,,T,1,Flyout,field_out,,,,,518735
718764,2023-03-31,6,Bot,47,0,0,1,1,117,145,670541,458681,,,,,,,,,,,,,,,,,,,,,,,,,518735
718764,2023-03-31,6,Bot,47,1,0,2,1,117,145,670541,458681,,,,,,,,,,,,,,,,,,,,,,,,,518735
718764,2023-03-31,6,Bot,47,2,1,2,1,117,145,670541,458681,,,,,,,,,,,,,,,,,,,,,,,,,518735
718764,2023-03-31,6,Bot,47,3,1,3,1,117,145,670541,458681,strikeout,Strikeout,Yordan Alvarez strikes out swinging.,T,,,,,,,,,,670541,,,T,2,Strikeout,strikeout,,,,,518735
718764,2023-03-31,6,Bot,48,0,0,1,2,117,145,547989,458681,,,,,,,,,,,,,,,,,,,,,,,,,518735
718764,2023-03-31,6,Bot,48,1,1,1,2,117,145,547989,458681,,,,,,,,,,,,,,,,,,,,,,,,,518735
718764,2023-03-31,6,Bot,48,2,1,2,2,117,145,547989,458681,,,,,,,,,,,,,,,,,,,,,,,,,518735
718764,2023-03-31,6,Bot,48,3,2,2,2,117,145,547989,458681,,,,,,,,,,,,,,,,,,,,,,,,,518735
718764,2023-03-31,6,Bot,48,4,2,2,2,117,145,547989,458681,single,Single,Jose Abreu singles on a sharp line drive to center fielder Luis Robert Jr.,T,,,,,,,,,,547989,,1B,,,Single,single,,,,,518735
718764,2023-03-31,6,Bot,49,0,1,0,2,117,145,663656,458681,,,,,,,,,,,,,,,,,,,,,,,,,518735
718764,2023-03-31,6,Bot,49,1,1,1,2,117,145,663656,458681,,,,,,,,,,,,,,,,,,,,,,,,,518735
718764,2023-03-31,6,Bot,49,2,1,2,2,117,145,663656,458681,,,,,,,,,,,,,,,,,,,,,,,,,518735
718764,2023-03-31,6,Bot,49,3,1,2,2,117,145,663656,458681,home_run,Home Run,Kyle Tucker homers (1) on a fly ball to center field. Jose Abreu scores.,T,,,,,,,,,,663656,,score,,,Home Run,home_run,,T,T,T,518735
718764,2023-03-31,6,Bot,50,0,0,0,2,117,145,667452,669424,,,,,,,,,,,,,,,,,,,,,,,,,518735
718764,2023-03-31,6,Bot,50,1,0,0,2,117,145,667452,669424,,,,,,,,,,,,,,,,,,,,,,,,,518735
718764,2023-03-31,6,Bot,50,2,0,1,2,117,145,667452,669424,,,,,,,,,,,,,,,,,,,,,,,,,518735
718764,2023-03-31,6,Bot,50,3,1,1,2,117,145,667452,669424,,,,,,,,,,,,,,,,,,,,,,,,,518735
718764,2023-03-31,6,Bot,50,4,1,2,2,117,145,667452,669424,,,,,,,,,,,,,,,,,,,,,,,,,518735
718764,2023-03-31,6,Bot,50,5,1,2,2,117,145,667452,669424,field_out,Pop Out,Corey Julks pops out to first baseman Gavin Sheets in foul territory.,T,,,,,,,,,,667452,,,T,3,Pop Out,field_out,,,,,518735
718764,2023-03-31,7,Top,51,0,0,0,0,117,145,641313,661527,,,,,,,,,,,,,,,,,,,,,,,,,455117
718764,2023-03-31,7,Top,51,1,0,1,0,117,145,641313,661527,,,,,,,,,,,,,,,,,,,,,,,,,455117
718764,2023-03-31,7,Top,51,2,1,1,0,117,145,641313,661527,,,,,,,,,,,,,,,,,,,,,,,,,455117
718764,2023-03-31,7,Top,51,3,2,1,0,117,145,641313,661527,,,,,,,,,,,,,,,,,,,,,,,,,455117
718764,2023-03-31,7,Top,51,4,2,2,0,117,145,641313,661527,,,,,,,,,,,,,,,,,,,,,,,,,455117
718764,2023-03-31,7,Top,51,5,2,2,0,117,145,641313,661527,field_out,Groundout,"Tim Anderson grounds out, third baseman Alex Bregman to first baseman Jose Abreu.",T,,,,,,,,,,641313,,,T,1,Groundout,field_out,,,,,455117
718764,2023-03-31,7,Top,52,0,1,0,1,117,145,673357,661527,,,,,,,,,,,,,,,,,,,,,,,,,455117
718764,2023-03-31,7,Top,52,1,1,1,1,117,145,673357,661527,,,,,,,,,,,,,,,,,,,,,,,,,455117
718764,2023-03-31,7,Top,52,2,1,1,1,117,145,673357,661527,single,Single,Luis Robert Jr. singles on a line drive to right fielder Kyle Tucker.,T,,,,,,,,,,673357,,1B,,,Single,single,,,,,455117
718764,2023-03-31,7,Top,53,0,0,1,1,117,145,643217,661527,,,,,,,,,,,,,,,,,,,,,,,,,455117
718764,2023-03-31,7,Top,53,1,1,1,1,117,145,643217,661527,,,,,,,,,,,,,,,,,,,,,,,,,455117
718764,2023-03-31,7,Top,53,2,1,2,1,117,145,643217,661527,,,,,,,,,,,,,,,,,,,,,,,,,455117
718764,2023-03-31,7,Top,53,3,1,2,1,117,145,643217,661527,,,,,,,,,,,,,,,,,,,,,,,,,455117
718764,2023-03-31,7,Top,53,4,1,2,1,117,145,643217,661527,field_out,Flyout,Andrew Benintendi flies out to right fielder Kyle Tucker.,T,,,,,,,,,,643217,,,T,2,Flyout,field_out,,,,,455117
718764,2023-03-31,7,Top,54,0,0,0,2,117,145,650391,661527,field_out,Groundout,"Eloy Jimenez grounds out softly, catcher Martin Maldonado to first baseman Jose Abreu.",T,,,,,,,,,,650391,,,T,3,Groundout,field_out,,,,,455117
718764,2023-03-31,7,Bot,55,0,0,0,0,117,145,682073,608665,,,,,,,,,,,,,,,,,,,,,,,,,518735
718764,2023-03-31,7,Bot,55,1,0,0,0,117,145,682073,608665,single,Single,David Hensley singles on a line drive to right fielder Oscar Colas.,T,,,,,,,,,,682073,,1B,,,Single,single,,,,,518735
718764,2023-03-31,7,Bot,56,0,0,0,0,117,145,676694,608665,,,,,,,,,,,,,,,,,,,,,,,,,518735
718764,2023-03-31,7,Bot,56,1,0,0,0,117,145,676694,608665,grounded_into_double_play,Grounded Into DP,"Jake Meyers grounds into a double play, shortstop Tim Anderson to second baseman Elvis Andrus to first baseman Gavin Sheets. David Hensley out at 2nd. Jake Meyers out at 1st.",T,,,,,,,,,,682073,1B,,T,1,Grounded Into DP,grounded_into_double_play,r_force_out,,,,518735
718764,2023-03-31,7,Bot,57,0,1,0,2,117,145,455117,608665,,,,,,,,,,,,,,,,,,,,,,,,,518735
718764,2023-03-31,7,Bot,57,1,2,0,2,117,145,455117,608665,,,,,,,,,,,,,,,,,,,,,,,,,518735
718764,2023-03-31,7,Bot,57,2,3,0,2,117,145,455117,608665,,,,,,,,,,,,,,,,,,,,,,,,,518735
718764,2023-03-31,7,Bot,57,3,3,1,2,117,145,455117,608665,,,,,,,,,,,,,,,,,,,,,,,,,518735
718764,2023-03-31,7,Bot,57,4,3,2,2,117,145,455117,608665,,,,,,,,,,,,,,,,,,,,,,,,,518735
718764,2023-03-31,7,Bot,57,5,3,2,2,117,145,455117,608665,,,,,,,,,,,,,,,,,,,,,,,,,518735
718764,2023-03-31,7,Bot,57,6,4,2,2,117,145,455117,608665,walk,Walk,Martin Maldonado walks.,T,,,,,,,,,,455117,,1B,,,Walk,walk,,,,,518735
718764,2023-03-31,7,Bot,58,0,0,1,2,117,145,665161,608665,,,,,,,,,,,,,,,,,,,,,,,,,518735
718764,2023-03-31,7,Bot,58,1,0,1,2,117,145,665161,608665,single,Single,Jeremy Pena singles on a fly ball to left fielder Andrew Benintendi. Martin Maldonado to 2nd.,T,,,,,,,,,,665161,,1B,,,Single,single,,,,,518735
718764,2023-03-31,7,Bot,59,0,0,0,2,117,145,608324,608665,,,,,,,,,,,,,,,,,,,,,,,,,518735
718764,2023-03-31,7,Bot,59,1,1,0,2,117,145,608324,608665,,,,,,,,,,,,,,,,,,,,,,,,,518735
718764,2023-03-31,7,Bot,59,2,1,1,2,117,145,608324,608665,,,,,,,,,,,,,,,,,,,,,,,,,518735
718764,2023-03-31,7,Bot,59,3,2,1,2,117,145,608324,608665,,,,,,,,,,,,,,,,,,,,,,,,,518735
718764,2023-03-31,7,Bot,59,4,3,1,2,117,145,608324,608665,,,,,,,,,,,,,,,,,,,,,,,,,518735
718764,2023-03-31,7,Bot,59,5,4,1,2,117,145,608324,608665,walk,Walk,Alex Bregman walks. Martin Maldonado to 3rd. Jeremy Pena to 2nd.,T,,,,,,,,,,455117,2B,3B,,,Walk,walk,r_adv_force,,,,518735
718764,2023-03-31,7,Bot,60,0,0,0,2,117,145,670541,518617,,,,,,,,,,,,,,,,,,,,,,,,,518735
718764,2023-03-31,7,Bot,60,1,0,0,2,117,145,670541,518617,,,,,,,,,,,,,,,,,,,,,,,,,518735
718764,2023-03-31,7,Bot,60,2,0,0,2,117,145,670541,518617,,,,,,,,,,,,,,,,,,,,,,,,,518735
718764,2023-03-31,7,Bot,60,3,1,0,2,117,145,670541,518617,,,,,,,,,,,,,,,,,,,,,,,,,518735
718764,2023-03-31,7,Bot,60,4,1,0,2,117,145,670541,518617,double,Double,Yordan Alvarez doubles (1) on a fly ball to center fielder Luis Robert Jr. Martin Maldonado scores. Jeremy Pena scores. Alex Bregman scores.,T,,,,,,,,,,670541,,2B,,,Double,double,,,,,518735
718764,2023-03-31,7,Bot,61,0,0,1,2,117,145,547989,518617,,,,,,,,,,,,,,,,,,,,,,,,,518735
718764,2023-03-31,7,Bot,61,1,0,2,2,117,145,547989,518617,,,,,,,,,,,,,,,,,,,,,,,,,518735
718764,2023-03-31,7,Bot,61,2,0,2,2,117,145,547989,518617,,,,,,,,,,,,,,,,,,,,,,,,,518735
718764,2023-03-31,7,Bot,61,3,0,2,2,117,145,547989,518617,field_out,Lineout,Jose Abreu lines out to third baseman Yoan Moncada.,T,,,,,,,,,,547989,,,T,3,Lineout,field_out,,,,,518735
718764,2023-03-31,8,Top,62,0,0,0,0,117,145,660162,650556,,,,,,,,,,,,,,,,,,,,,,,,,455117
718764,2023-03-31,8,Top,62,1,1,0,0,117,145,660162,650556,,,,,,,,,,,,,,,,,,,,,,,,,455117
718764,2023-03-31,8,Top,62,2,1,1,0,117,145,660162,650556,,,,,,,,,,,,,,,,,,,,,,,,,455117
718764,2023-03-31,8,Top,62,3,1,1,0,117,145,660162,650556,single,Single,Yoan Moncada singles on a ground ball to right fielder Kyle Tucker.,T,,,,,,,,,,660162,,1B,,,Single,single,,,,,455117
718764,2023-03-31,8,Top,63,0,0,1,0,117,145,657757,650556,,,,,,,,,,,,,,,,,,,,,,,,,455117
718764,2023-03-31,8,Top,63,1,0,2,0,117,145,657757,650556,,,,,,,,,,,,,,,,,,,,,,,,,455117
718764,2023-03-31,8,Top,63,2,0,3,0,117,145,657757,650556,strikeout,Strikeout,Gavin Sheets strikes out swinging.,T,,,,,,,,,,657757,,,T,1,Strikeout,strikeout,,,,,455117
718764,2023-03-31,8,Top,64,0,0,1,1,117,145,518735,650556,,,,,,,,,,,,,,,,,,,,,,,,,455117
718764,2023-03-31,8,Top,64,1,0,2,1,117,145,518735,650556,,,,,,,,,,,,,,,,,,,,,,,,,455117
718764,2023-03-31,8,Top,64,2,0,3,1,117,145,518735,650556,strikeout,Strikeout,Yasmani Grandal called out on strikes.,T,,,,,,,,,,518735,,,T,2,Strikeout,strikeout,,,,,455117
718764,2023-03-31,8,Top,65,0,0,1,2,117,145,693049,650556,,,,,,,,,,,,,,,,,,,,,,,,,455117
718764,2023-03-31,8,Top,65,1,0,2,2,117,145,693049,650556,,,,,,,,,,,,,,,,,,,,,,,,,455117
718764,2023-03-31,8,Top,65,2,0,3,2,117,145,693049,650556,strikeout,Strikeout,Oscar Colas called out on strikes.,T,,,,,,,,,,693049,,,T,3,Strikeout,strikeout,,,,,455117
718764,2023-03-31,8,Bot,66,0,0,1,0,117,145,663656,518617,,,,,,,,,,,,,,,,,,,,,,,,,518735
718764,2023-03-31,8,Bot,66,1,1,1,0,117,145,663656,518617,,,,,,,,,,,,,,,,,,,,,,,,,518735
718764,2023-03-31,8,Bot,66,2,2,1,0,117,145,663656,518617,,,,,,,,,,,,,,,,,,,,,,,,,518735
718764,2023-03-31,8,Bot,66,3,2,2,0,117,145,663656,518617,,,,,,,,,,,,,,,,,,,,,,,,,518735
718764,2023-03-31,8,Bot,66,4,3,2,0,117,145,663656,518617,,,,,,,,,,,,,,,,,,,,,,,,,518735
718764,2023-03-31,8,Bot,66,5,3,2,0,117,145,663656,518617,,,,,,,,,,,,,,,,,,,,,,,,,518735
718764,2023-03-31,8,Bot,66,6,4,2,0,117,145,663656,518617,walk,Walk,Kyle Tucker walks.,T,,,,,,,,,,663656,,1B,,,Walk,walk,,,,,518735
718764,2023-03-31,8,Bot,67,0,0,0,0,117,145,667452,614179,,,,,,,,,,,,,,,,,,,,,,,,,518735
718764,2023-03-31,8,Bot,67,1,0,0,0,117,145,667452,614179,,,,,,,,,,,,,,,,,,,,,,,,,518735
718764,2023-03-31,8,Bot,67,2,0,0,0,117,145,667452,614179,,,,,,,,,,,,,,,,,,,,,,,,,518735
718764,2023-03-31,8,Bot,67,3,1,0,0,117,145,667452,614179,,,,,,,,,,,,,,,,,,,,,,,,,518735
718764,2023-03-31,8,Bot,67,4,2,0,0,117,145,667452,614179,,,,,,,,,,,,,,,,,,,,,,,,,518735
718764,2023-03-31,8,Bot,67,5,2,1,0,117,145,667452,614179,,,,,,,,,,,,,,,,,,,,,,,,,518735
718764,2023-03-31,8,Bot,67,6,2,2,0,117,145,667452,614179,,,,,,,,,,,,,,,,,,,,,,,,,518735
718764,2023-03-31,8,Bot,67,7,2,2,0,117,145,667452,614179,,,,,,,,,,,,,,,,,,,,,,,,,518735
718764,2023-03-31,8,Bot,67,8,2,3,0,117,145,667452,614179,strikeout,Strikeout,Corey Julks strikes out swinging. Kyle Tucker steals (1) 2nd base.,T,T,,,,,,,,,667452,,,T,1,Strikeout,strikeout,,,,,518735
718764,2023-03-31,8,Bot,68,0,0,1,1,117,145,682073,614179,,,,,,,,,,,,,,,,,,,,,,,,,518735
718764,2023-03-31,8,Bot,68,1,1,1,1,117,145,682073,614179,,,,,,,,,,,,,,,,,,,,,,,,,518735
718764,2023-03-31,8,Bot,68,2,2,1,1,117,145,682073,614179,,,,,,,,,,,,,,,,,,,,,,,,,518735
718764,2023-03-31,8,Bot,68,3,3,1,1,117,145,682073,614179,,,,,,,,,,,,,,,,,,,,,,,,,518735
718764,2023-03-31,8,Bot,68,4,3,2,1,117,145,682073,614179,,,,,,,,,,,,,,,,,,,,,,,,,518735
718764,2023-03-31,8,Bot,68,5,3,2,1,117,145,682073,614179,single,Single,David Hensley singles on a ground ball to right fielder Oscar Colas. Kyle Tucker scores.,T,,,,,,,,,,682073,,1B,,,Single,single,,,,,518735
718764,2023-03-31,8,Bot,69,0,0,0,1,117,145,676694,614179,,,,,,,,,,,,,,,,,,,,,,,,,518735
718764,2023-03-31,8,Bot,69,1,0,0,1,117,145,676694,614179,,,,,,,,,,,,,,,,,,,,,,,,,518735
718764,2023-03-31,8,Bot,69,2,0,1,1,117,145,676694,614179,,,,,,,,,,,,,,,,,,,,,,,,,518735
718764,2023-03-31,8,Bot,69,3,0,2,1,117,145,676694,614179,,,,,,,,,,,,,,,,,,,,,,,,,518735
718764,2023-03-31,8,Bot,69,4,0,2,1,117,145,676694,614179,,,,,,,,,,,,,,,,,,,,,,,,,518735
718764,2023-03-31,8,Bot,69,5,1,2,1,117,145,676694,614179,,,,,,,,,,,,,,,,,,,,,,,,,518735
718764,2023-03-31,8,Bot,69,6,1,2,1,117,145,676694,614179,,,,,,,,,,,,,,,,,,,,,,,,,518735
718764,2023-03-31,8,Bot,69,7,2,2,1,117,145,676694,614179,,,,,,,,,,,,,,,,,,,,,,,,,518735
718764,2023-03-31,8,Bot,69,8,2,3,1,117,145,676694,614179,strikeout,Strikeout,Jake Meyers strikes out swinging.,T,,T,,,,,,,,682073,1B,2B,,,Balk,balk,r_adv_play,,,,518735
718764,2023-03-31,8,Bot,70,0,0,0,2,117,145,455117,614179,field_out,Flyout,Martin Maldonado flies out to left fielder Andrew Benintendi.,T,,,,,,,,,,455117,,,T,3,Flyout,field_out,,,,,518735
718764,2023-03-31,9,Top,71,0,0,0,0,117,145,462101,606160,,,,,,,,,,,,,,,,,,,,,,,,,455117
718764,2023-03-31,9,Top,71,1,1,0,0,117,145,462101,606160,,,,,,,,,,,,,,,,,,,,,,,,,455117
718764,2023-03-31,9,Top,71,2,1,1,0,117,145,462101,606160,,,,,,,,,,,,,,,,,,,,,,,,,455117
718764,2023-03-31,9,Top,71,3,1,2,0,117,145,462101,606160,,,,,,,,,,,,,,,,,,,,,,,,,455117
718764,2023-03-31,9,Top,71,4,1,2,0,117,145,462101,606160,,,,,,,,,,,,,,,,,,,,,,,,,455117
718764,2023-03-31,9,Top,71,5,1,2,0,117,145,462101,606160,,,,,,,,,,,,,,,,,,,,,,,,,455117
718764,2023-03-31,9,Top,71,6,1,2,0,117,145,462101,606160,,,,,,,,,,,,,,,,,,,,,,,,,455117
718764,2023-03-31,9,Top,71,7,1,2,0,117,145,462101,606160,field_out,Groundout,"Elvis Andrus grounds out, third baseman Alex Bregman to first baseman Jose Abreu.",T,,,,,,,,,,462101,,,T,1,Groundout,field_out,,,,,455117
718764,2023-03-31,9,Top,72,0,0,1,1,117,145,641313,606160,,,,,,,,,,,,,,,,,,,,,,,,,455117
718764,2023-03-31,9,Top,72,1,0,1,1,117,145,641313,606160,single,Single,Tim Anderson singles on a sharp line drive to center fielder Jake Meyers.,T,,,,,,,,,,641313,,1B,,,Single,single,,,,,455117
718764,2023-03-31,9,Top,73,0,1,0,1,117,145,673357,606160,,,,,,,,,,,,,,,,,,,,,,,,,455117
718764,2023-03-31,9,Top,73,1,1,1,1,117,145,673357,606160,,,,,,,,,,,,,,,,,,,,,,,,,455117
718764,2023-03-31,9,Top,73,2,1,2,1,117,145,673357,606160,,,,,,,,,,,,,,,,,,,,,,,,,455117
718764,2023-03-31,9,Top,73,3,2,2,1,117,145,673357,606160,,,,,,,,,,,,,,,,,,,,,,,,,455117
718764,2023-03-31,9,Top,73,4,3,2,1,117,145,673357,606160,,,,,,,,,,,,,,,,,,,,,,,,,455117
718764,2023-03-31,9,Top,73,5,3,3,1,117,145,673357,606160,strikeout,Strikeout,Luis Robert Jr. strikes out swinging.,T,,,,,,,,,,673357,,,T,2,Strikeout,strikeout,,,,,455117
718764,2023-03-31,9,Top,74,0,1,0,2,117,145,643217,606160,,,,,,,,,,,,,,,,,,,,,,,,,455117
718764,2023-03-31,9,Top,74,1,1,1,2,117,145,643217,606160,,,,,,,,,,,,,,,,,,,,,,,,,455117
718764,2023-03-31,9,Top,74,2,2,1,2,117,145,643217,606160,,,,,,,,,,,,,,,,,,,,,,,,,455117
718764,2023-03-31,9,Top,74,3,3,1,2,117,145,643217,606160,,,,,,,,,,,,,,,,,,,,,,,,,455117
718764,2023-03-31,9,Top,74,4,3,1,2,117,145,643217,606160,field_out,Flyout,Andrew Benintendi flies out to right fielder Kyle Tucker.,T,,,,,,,,,,643217,,,T,3,Flyout,field_out,,,,,455117
718766,2023-03-31,1,Top,0,0,0,0,0,135,115,602074,607259,,,,,,,,,,,,,,,,,,,,,,,,,669134
718766,2023-03-31,1,Top,0,1,0,0,0,135,115,602074,607259,,,,,,,,,,,,,,,,,,,,,,,,,669134
718766,2023-03-31,1,Top,0,2,0,0,0,135,115,602074,607259,,,,,,,,,,,,,,,,,,,,,,,,,669134
718766,2023-03-31,1,Top,0,3,0,1,0,135,115,602074,607259,,,,,,,,,,,,,,,,,,,,,,,,,669134
718766,2023-03-31,1,Top,0,4,0,1,0,135,115,602074,607259,field_out,Groundout,"Yonathan Daza grounds out, shortstop Xander Bogaerts to first baseman Jake Cronenworth.",T,,,,,,,,,,602074,,,T,1,Groundout,field_out,,,,,669134
718766,2023-03-31,1,Top,1,0,1,0,1,135,115,592178,607259,,,,,,,,,,,,,,,,,,,,,,,,,669134
718766,2023-03-31,1,Top,1,1,1,1,1,135,115,592178,607259,,,,,,,,,,,,,,,,,,,,,,,,,669134
718766,2023-03-31,1,Top,1,2,1,1,1,135,115,592178,607259,single,Single,Kris Bryant singles on a line drive to left fielder Juan Soto.,T,,,,,,,,,,592178,,1B,,,Single,single,,,,,669134
718766,2023-03-31,1,Top,2,0,0,1,1,135,115,453568,607259,,,,,,,,,,,,,,,,,,,,,,,,,669134
718766,2023-03-31,1,Top,2,1,0,1,1,135,115,453568,607259,single,Single,Charlie Blackmon singles on a fly ball to third baseman Manny Machado. Kris Bryant to 2nd.,T,,,,,,,,,,453568,,1B,,,Single,single,,,,,669134
718766,2023-03-31,1,Top,3,0,1,0,1,135,115,543068,607259,,,,,,,,,,,,,,,,,,,,,,,,,669134
718766,2023-03-31,1,Top,3,1,2,0,1,135,115,543068,607259,,,,,,,,,,,,,,,,,,,,,,,,,669134
718766,2023-03-31,1,Top,3,2,2,1,1,135,115,543068,607259,,,,,,,,,,,,,,,,,,,,,,,,,669134
718766,2023-03-31,1,Top,3,3,3,1,1,135,115,543068,607259,,,,,,,,,,,,,,,,,,,,,,,,,669134
718766,2023-03-31,1,Top,3,4,3,2,1,135,115,543068,607259,,,,,,,,,,,,,,,,,,,,,,,,,669134
718766,2023-03-31,1,Top,3,5,4,2,1,135,115,543068,607259,walk,Walk,C.J. Cron walks. Kris Bryant to 3rd. Charlie Blackmon to 2nd.,T,,,,,,,,,,592178,2B,3B,,,Walk,walk,r_adv_force,,,,669134
718766,2023-03-31,1,Top,4,0,0,1,1,135,115,641857,607259,,,,,,,,,,,,,,,,,,,,,,,,,669134
718766,2023-03-31,1,Top,4,1,1,1,1,135,115,641857,607259,,,,,,,,,,,,,,,,,,,,,,,,,669134
718766,2023-03-31,1,Top,4,2,1,1,1,135,115,641857,607259,force_out,Forceout,"Ryan McMahon grounds into a force out, third baseman Manny Machado to shortstop Xander Bogaerts. Kris Bryant scores. Charlie Blackmon to 3rd. C.J. Cron out at 2nd. Ryan McMahon to 1st.",T,,,,,,,,,,543068,1B,,T,2,Forceout,force_out,r_force_out,,,,669134
718766,2023-03-31,1,Top,5,0,0,1,2,135,115,660707,607259,,,,,,,,,,,,,,,,,,,,,,,,,669134
718766,2023-03-31,1,Top,5,1,1,1,2,135,115,660707,607259,,,,,,,,,,,,,,,,,,,,,,,,,669134
718766,2023-03-31,1,Top,5,2,1,1,2,135,115,660707,607259,single,Single,Elehuris Montero singles on a ground ball to center fielder Trent Grisham. Charlie Blackmon scores. Ryan McMahon to 2nd.,T,,,,,,,,,,660707,,1B,,,Single,single,,,,,669134
718766,2023-03-31,1,Top,6,0,0,1,2,135,115,553869,607259,,,,,,,,,,,,,,,,,,,,,,,,,669134
718766,2023-03-31,1,Top,6,1,0,2,2,135,115,553869,607259,,,,,,,,,,,,,,,,,,,,,,,,,669134
718766,2023-03-31,1,Top,6,2,0,2,2,135,115,553869,607259,,,,,,,,,,,,,,,,,,,,,,,,,669134
718766,2023-03-31,1,Top,6,3,1,2,2,135,115,553869,607259,,,,,,,,,,,,,,,,,,,,,,,,,669134
718766,2023-03-31,1,Top,6,4,1,3,2,135,115,553869,607259,strikeout,Strikeout,Elias Diaz strikes out swinging.,T,,,,,,,,,,553869,,,T,3,Strikeout,strikeout,,,,,669134
718766,2023-03-31,1,Bot,7,0,1,0,0,135,115,593428,607536,,,,,,,,,,,,,,,,,,,,,,,,,661531
718766,2023-03-31,1,Bot,7,1,1,0,0,135,115,593428,607536,field_out,Flyout,Xander Bogaerts flies out to center fielder Yonathan Daza.,T,,,,,,,,,,593428,,,T,1,Flyout,field_out,,,,,661531
718766,2023-03-31,1,Bot,8,0,0,1,1,135,115,665742,607536,,,,,,,,,,,,,,,,,,,,,,,,,661531
718766,2023-03-31,1,Bot,8,1,0,2,1,135,115,665742,607536,,,,,,,,,,,,,,,,,,,,,,,,,661531
718766,2023-03-31,1,Bot,8,2,1,2,1,135,115,665742,607536,,,,,,,,,,,,,,,,,,,,,,,,,661531
718766,2023-03-31,1,Bot,8,3,2,2,1,135,115,665742,607536,,,,,,,,,,,,,,,,,,,,,,,,,661531
718766,2023-03-31,1,Bot,8,4,3,2,1,135,115,665742,607536,,,,,,,,,,,,,,,,,,,,,,,,,661531
718766,2023-03-31,1,Bot,8,5,4,2,1,135,115,665742,607536,walk,Walk,Juan Soto walks.,T,,,,,,,,,,665742,,1B,,,Walk,walk,,,,,661531
718766,2023-03-31,1,Bot,9,0,1,0,1,135,115,592518,607536,,,,,,,,,,,,,,,,,,,,,,,,,661531
718766,2023-03-31,1,Bot,9,1,1,1,1,135,115,592518,607536,,,,,,,,,,,,,,,,,,,,,,,,,661531
718766,2023-03-31,1,Bot,9,2,2,1,1,135,115,592518,607536,,,,,,,,,,,,,,,,,,,,,,,,,661531
718766,2023-03-31,1,Bot,9,3,2,2,1,135,115,592518,607536,,,,,,,,,,,,,,,,,,,,,,,,,661531
718766,2023-03-31,1,Bot,9,4,3,2,1,135,115,592518,607536,,,,,,,,,,,,,,,,,,,,,,,,,661531
718766,2023-03-31,1,Bot,9,5,3,2,1,135,115,592518,607536,,,,,,,,,,,,,,,,,,,,,,,,,661531
718766,2023-03-31,1,Bot,9,6,3,2,1,135,115,592518,607536,,,,,,,,,,,,,,,,,,,,,,,,,661531
718766,2023-03-31,1,Bot,9,7,3,2,1,135,115,592518,607536,field_out,Pop Out,Manny Machado pops out to shortstop Ezequiel Tovar.,T,,,,,,,,,,592518,,,T,2,Pop Out,field_out,,,,,661531
718766,2023-03-31,1,Bot,10,0,0,1,2,135,115,443558,607536,,,,,,,,,,,,,,,,,,,,,,,,,661531
718766,2023-03-31,1,Bot,10,1,0,1,2,135,115,443558,607536,field_out,Lineout,Nelson Cruz lines out to right fielder Kris Bryant.,T,,,,,,,,,,443558,,,T,3,Lineout,field_out,,,,,661531
718766,2023-03-31,2,Top,11,0,0,1,0,135,115,605612,607259,,,,,,,,,,,,,,,,,,,,,,,,,669134
718766,2023-03-31,2,Top,11,1,0,1,0,135,115,605612,607259,field_out,Groundout,"Harold Castro grounds out, second baseman Ha-Seong Kim to first baseman Jake Cronenworth.",T,,,,,,,,,,605612,,,T,1,Groundout,field_out,,,,,669134
718766,2023-03-31,2,Top,12,0,0,1,1,135,115,678662,607259,,,,,,,,,,,,,,,,,,,,,,,,,669134
718766,2023-03-31,2,Top,12,1,1,1,1,135,115,678662,607259,,,,,,,,,,,,,,,,,,,,,,,,,669134
718766,2023-03-31,2,Top,12,2,1,2,1,135,115,678662,607259,,,,,,,,,,,,,,,,,,,,,,,,,669134
718766,2023-03-31,2,Top,12,3,2,2,1,135,115,678662,607259,,,,,,,,,,,,,,,,,,,,,,,,,669134
718766,2023-03-31,2,Top,12,4,2,2,1,135,115,678662,607259,,,,,,,,,,,,,,,,,,,,,,,,,669134
718766,2023-03-31,2,Top,12,5,2,2,1,135,115,678662,607259,field_out,Flyout,Ezequiel Tovar flies out to right fielder Jose Azocar.,T,,,,,,,,,,678662,,,T,2,Flyout,field_out,,,,,669134
718766,2023-03-31,2,Top,13,0,1,0,2,135,115,602074,607259,,,,,,,,,,,,,,,,,,,,,,,,,669134
718766,2023-03-31,2,Top,13,1,2,0,2,135,115,602074,607259,,,,,,,,,,,,,,,,,,,,,,,,,669134
718766,2023-03-31,2,Top,13,2,2,1,2,135,115,602074,607259,,,,,,,,,,,,,,,,,,,,,,,,,669134
718766,2023-03-31,2,Top,13,3,2,2,2,135,115,602074,607259,,,,,,,,,,,,,,,,,,,,,,,,,669134
718766,2023-03-31,2,Top,13,4,2,2,2,135,115,602074,607259,,,,,,,,,,,,,,,,,,,,,,,,,669134
718766,2023-03-31,2,Top,13,5,2,2,2,135,115,602074,607259,field_out,Flyout,Yonathan Daza flies out to left fielder Juan Soto.,T,,,,,,,,,,602074,,,T,3,Flyout,field_out,,,,,669134
718766,2023-03-31,2,Bot,14,0,1,0,0,135,115,630105,607536,,,,,,,,,,,,,,,,,,,,,,,,,661531
718766,2023-03-31,2,Bot,14,1,2,0,0,135,115,630105,607536,,,,,,,,,,,,,,,,,,,,,,,,,661531
718766,2023-03-31,2,Bot,14,2,3,0,0,135,115,630105,607536,,,,,,,,,,,,,,,,,,,,,,,,,661531
718766,2023-03-31,2,Bot,14,3,3,1,0,135,115,630105,607536,,,,,,,,,,,,,,,,,,,,,,,,,661531
718766,2023-03-31,2,Bot,14,4,3,1,0,135,115,630105,607536,field_out,Groundout,"Jake Cronenworth grounds out, second baseman Ryan McMahon to first baseman C. J. Cron.",T,,,,,,,,,,630105,,,T,1,Groundout,field_out,,,,,661531
718766,2023-03-31,2,Bot,15,0,0,1,1,135,115,543592,607536,,,,,,,,,,,,,,,,,,,,,,,,,661531
718766,2023-03-31,2,Bot,15,1,0,2,1,135,115,543592,607536,,,,,,,,,,,,,,,,,,,,,,,,,661531
718766,2023-03-31,2,Bot,15,2,0,2,1,135,115,543592,607536,,,,,,,,,,,,,,,,,,,,,,,,,661531
718766,2023-03-31,2,Bot,15,3,1,2,1,135,115,543592,607536,,,,,,,,,,,,,,,,,,,,,,,,,661531
718766,2023-03-31,2,Bot,15,4,1,2,1,135,115,543592,607536,,,,,,,,,,,,,,,,,,,,,,,,,661531
718766,2023-03-31,2,Bot,15,5,2,2,1,135,115,543592,607536,,,,,,,,,,,,,,,,,,,,,,,,,661531
718766,2023-03-31,2,Bot,15,6,2,2,1,135,115,543592,607536,field_out,Pop Out,Austin Nola pops out to first baseman C. J. Cron in foul territory.,T,,,,,,,,,,543592,,,T,2,Pop Out,field_out,,,,,661531
718766,2023-03-31,2,Bot,16,0,1,0,2,135,115,673490,607536,,,,,,,,,,,,,,,,,,,,,,,,,661531
718766,2023-03-31,2,Bot,16,1,1,0,2,135,115,673490,607536,double,Double,Ha-Seong Kim doubles (1) on a fly ball to center fielder Yonathan Daza.,T,,,,,,,,,,673490,,2B,,,Double,double,,,,,661531
718766,2023-03-31,2,Bot,17,0,0,1,2,135,115,663757,607536,,,,,,,,,,,,,,,,,,,,,,,,,661531
718766,2023-03-31,2,Bot,17,1,0,1,2,135,115,663757,607536,,,,,,,,,,,,,,,,,,,,,,,,,661531
718766,2023-03-31,2,Bot,17,2,0,1,2,135,115,663757,607536,field_out,Flyout,Trent Grisham flies out to left fielder Harold Castro.,T,,,,,,,,,,663757,,,T,3,Flyout,field_out,,,,,661531
718766,2023-03-31,3,Top,18,0,1,0,0,135,115,592178,607259,,,,,,,,,,,,,,,,,,,,,,,,,669134
718766,2023-03-31,3,Top,18,1,1,0,0,135,115,592178,607259,field_out,Groundout,"Kris Bryant grounds out, third baseman Manny Machado to first baseman Jake Cronenworth.",T,,,,,,,,,,592178,,,T,1,Groundout,field_out,,,,,669134
718766,2023-03-31,3,Top,19,0,0,1,1,135,115,453568,607259,,,,,,,,,,,,,,,,,,,,,,,,,669134
718766,2023-03-31,3,Top,19,1,1,1,1,135,115,453568,607259,,,,,,,,,,,,,,,,,,,,,,,,,669134
718766,2023-03-31,3,Top,19,2,1,2,1,135,115,453568,607259,,,,,,,,,,,,,,,,,,,,,,,,,669134
718766,2023-03-31,3,Top,19,3,1,2,1,135,115,453568,607259,field_out,Flyout,Charlie Blackmon flies out to right fielder Jose Azocar.,T,,,,,,,,,,453568,,,T,2,Flyout,field_out,,,,,669134
718766,2023-03-31,3,Top,20,0,1,0,2,135,115,543068,607259,,,,,,,,,,,,,,,,,,,,,,,,,669134
718766,2023-03-31,3,Top,20,1,2,0,2,135,115,543068,607259,,,,,,,,,,,,,,,,,,,,,,,,,669134
718766,2023-03-31,3,Top,20,2,2,1,2,135,115,543068,607259,,,,,,,,,,,,,,,,,,,,,,,,,669134
718766,2023-03-31,3,Top,20,3,3,1,2,135,115,543068,607259,,,,,,,,,,,,,,,,,,,,,,,,,669134
718766,2023-03-31,3,Top,20,4,3,2,2,135,115,543068,607259,,,,,,,,,,,,,,,,,,,,,,,,,669134
718766,2023-03-31,3,Top,20,5,4,2,2,135,115,543068,607259,walk,Walk,C.J. Cron walks.,T,,,,,,,,,,543068,,1B,,,Walk,walk,,,,,669134
718766,2023-03-31,3,Top,21,0,1,0,2,135,115,641857,607259,,,,,,,,,,,,,,,,,,,,,,,,,669134
718766,2023-03-31,3,Top,21,1,1,0,2,135,115,641857,607259,field_out,Groundout,Ryan McMahon grounds out softly to first baseman Jake Cronenworth.,T,,,,,,,,,,641857,,,T,3,Groundout,field_out,,,,,669134
718766,2023-03-31,3,Bot,22,0,0,0,0,135,115,640492,607536,field_out,Flyout,Jose Azocar flies out sharply to right fielder Kris Bryant.,T,,,,,,,,,,640492,,,T,1,Flyout,field_out,,,,,661531
718766,2023-03-31,3,Bot,23,0,0,1,1,135,115,593428,607536,,,,,,,,,,,,,,,,,,,,,,,,,661531
718766,2023-03-31,3,Bot,23,1,1,1,1,135,115,593428,607536,,,,,,,,,,,,,,,,,,,,,,,,,661531
718766,2023-03-31,3,Bot,23,2,1,2,1,135,115,593428,607536,,,,,,,,,,,,,,,,,,,,,,,,,661531
718766,2023-03-31,3,Bot,23,3,2,2,1,135,115,593428,607536,,,,,,,,,,,,,,,,,,,,,,,,,661531
718766,2023-03-31,3,Bot,23,4,2,2,1,135,115,593428,607536,,,,,,,,,,,,,,,,,,,,,,,,,661531
718766,2023-03-31,3,Bot,23,5,2,2,1,135,115,593428,607536,,,,,,,,,,,,,,,,,,,,,,,,,661531
718766,2023-03-31,3,Bot,23,6,2,3,1,135,115,593428,607536,strikeout,Strikeout,Xander Bogaerts strikes out swinging.,T,,,,,,,,,,593428,,,T,2,Strikeout,strikeout,,,,,661531
718766,2023-03-31,3,Bot,24,0,0,0,2,135,115,665742,607536,field_out,Groundout,"Juan Soto grounds out, second baseman Ryan McMahon to first baseman C. J. Cron.",T,,,,,,,,,,665742,,,T,3,Groundout,field_out,,,,,661531
718766,2023-03-31,4,Top,25,0,1,0,0,135,115,660707,607259,,,,,,,,,,,,,,,,,,,,,,,,,669134
718766,2023-03-31,4,Top,25,1,1,1,0,135,115,660707,607259,,,,,,,,,,,,,,,,,,,,,,,,,669134
718766,2023-03-31,4,Top,25,2,1,2,0,135,115,660707,607259,,,,,,,,,,,,,,,,,,,,,,,,,669134
718766,2023-03-31,4,Top,25,3,1,2,0,135,115,660707,607259,,,,,,,,,,,,,,,,,,,,,,,,,669134
718766,2023-03-31,4,Top,25,4,2,2,0,135,115,660707,607259,,,,,,,,,,,,,,,,,,,,,,,,,669134
718766,2023-03-31,4,Top,25,5,2,3,0,135,115,660707,607259,strikeout,Strikeout,Elehuris Montero called out on strikes.,T,,,,,,,,,,660707,,,T,1,Strikeout,strikeout,,,,,669134
718766,2023-03-31,4,Top,26,0,0,0,1,135,115,553869,607259,field_out,Groundout,"Elias Diaz grounds out, shortstop Xander Bogaerts to first baseman Jake Cronenworth.",T,,,,,,,,,,553869,,,T,2,Groundout,field_out,,,,,669134
718766,2023-03-31,4,Top,27,0,0,1,2,135,115,605612,607259,,,,,,,,,,,,,,,,,,,,,,,,,669134
718766,2023-03-31,4,Top,27,1,0,1,2,135,115,605612,607259,field_out,Flyout,Harold Castro flies out to center fielder Trent Grisham.,T,,,,,,,,,,605612,,,T,3,Flyout,field_out,,,,,669134
718766,2023-03-31,4,Bot,28,0,0,1,0,135,115,592518,607536,,,,,,,,,,,,,,,,,,,,,,,,,661531
718766,2023-03-31,4,Bot,28,1,0,1,0,135,115,592518,607536,field_out,Flyout,Manny Machado flies out sharply to center fielder Yonathan Daza.,T,,,,,,,,,,592518,,,T,1,Flyout,field_out,,,,,661531
718766,2023-03-31,4,Bot,29,0,1,0,1,135,115,443558,607536,,,,,,,,,,,,,,,,,,,,,,,,,661531
718766,2023-03-31,4,Bot,29,1,1,0,1,135,115,443558,607536,field_out,Flyout,Nelson Cruz flies out to right fielder Kris Bryant.,T,,,,,,,,,,443558,,,T,2,Flyout,field_out,,,,,661531
718766,2023-03-31,4,Bot,30,0,0,1,2,135,115,630105,607536,,,,,,,,,,,,,,,,,,,,,,,,,661531
718766,2023-03-31,4,Bot,30,1,1,1,2,135,115,630105,607536,,,,,,,,,,,,,,,,,,,,,,,,,661531
718766,2023-03-31,4,Bot,30,2,1,1,2,135,115,630105,607536,field_out,Groundout,"Jake Cronenworth grounds out, second baseman Ryan McMahon to first baseman C. J. Cron.",T,,,,,,,,,,630105,,,T,3,Groundout,field_out,,,,,661531
718766,2023-03-31,5,Top,31,0,0,0,0,135,115,678662,607259,single,Single,Ezequiel Tovar singles on a line drive to center fielder Trent Grisham.,T,,,,,,,,,,678662,,1B,,,Single,single,,,,,669134
718766,2023-03-31,5,Top,32,0,1,0,0,135,115,602074,607259,,,,,,,,,,,,,,,,,,,,,,,,,669134
718766,2023-03-31,5,Top,32,1,1,0,0,135,115,602074,607259,field_out,Groundout,"Yonathan Daza grounds out, second baseman Ha-Seong Kim to first baseman Jake Cronenworth. Ezequiel Tovar to 2nd.",T,,,,,,,,,,602074,,,T,1,Groundout,field_out,,,,,669134
718766,2023-03-31,5,Top,33,0,0,1,1,135,115,592178,607259,,,,,,,,,,,,,,,,,,,,,,,,,669134
718766,2023-03-31,5,Top,33,1,0,1,1,135,115,592178,607259,field_out,Groundout,"Kris Bryant grounds out, shortstop Xander Bogaerts to first baseman Jake Cronenworth. Ezequiel Tovar to 3rd.",T,,,,,,,,,,592178,,,T,2,Groundout,field_out,,,,,669134
718766,2023-03-31,5,Top,34,0,1,0,2,135,115,453568,607259,,,,,,,,,,,,,,,,,,,,,,,,,669134
718766,2023-03-31,5,Top,34,1,2,0,2,135,115,453568,607259,,,,,,,,,,,,,,,,,,,,,,,,,669134
718766,2023-03-31,5,Top,34,2,2,1,2,135,115,453568,607259,,,,,,,,,,,,,,,,,,,,,,,,,669134
718766,2023-03-31,5,Top,34,3,2,1,2,135,115,453568,607259,home_run,Home Run,Charlie Blackmon homers (1) on a fly ball to right field. Ezequiel Tovar scores.,T,,,,,,,,,,453568,,score,,,Home Run,home_run,,T,T,T,669134
718766,2023-03-31,5,Top,35,0,0,1,2,135,115,543068,607259,,,,,,,,,,,,,,,,,,,,,,,,,669134
718766,2023-03-31,5,Top,35,1,0,2,2,135,115,543068,607259,,,,,,,,,,,,,,,,,,,,,,,,,669134
718766,2023-03-31,5,Top,35,2,0,3,2,135,115,543068,607259,strikeout,Strikeout,C.J. Cron strikes out swinging.,T,,,,,,,,,,543068,,,T,3,Strikeout,strikeout,,,,,669134
718766,2023-03-31,5,Bot,36,0,0,0,0,135,115,543592,607536,field_out,Groundout,"Austin Nola grounds out, pitcher Kyle Freeland to first baseman C. J. Cron.",T,,,,,,,,,,543592,,,T,1,Groundout,field_out,,,,,661531
718766,2023-03-31,5,Bot,37,0,0,0,1,135,115,673490,607536,,,,,,,,,,,,,,,,,,,,,,,,,661531
718766,2023-03-31,5,Bot,37,1,1,0,1,135,115,673490,607536,,,,,,,,,,,,,,,,,,,,,,,,,661531
718766,2023-03-31,5,Bot,37,2,1,1,1,135,115,673490,607536,,,,,,,,,,,,,,,,,,,,,,,,,661531
718766,2023-03-31,5,Bot,37,3,2,1,1,135,115,673490,607536,,,,,,,,,,,,,,,,,,,,,,,,,661531
718766,2023-03-31,5,Bot,37,4,2,1,1,135,115,673490,607536,double,Double,Ha-Seong Kim doubles (2) on a line drive to right fielder Kris Bryant.,T,,,,,,,,,,673490,,2B,,,Double,double,,,,,661531
718766,2023-03-31,5,Bot,38,0,0,1,1,135,115,663757,607536,,,,,,,,,,,,,,,,,,,,,,,,,661531
718766,2023-03-31,5,Bot,38,1,0,2,1,135,115,663757,607536,,,,,,,,,,,,,,,,,,,,,,,,,661531
718766,2023-03-31,5,Bot,38,2,1,2,1,135,115,663757,607536,,,,,,,,,,,,,,,,,,,,,,,,,661531
718766,2023-03-31,5,Bot,38,3,2,2,1,135,115,663757,607536,,,,,,,,,,,,,,,,,,,,,,,,,661531
718766,2023-03-31,5,Bot,38,4,2,2,1,135,115,663757,607536,,,,,,,,,,,,,,,,,,,,,,,,,661531
718766,2023-03-31,5,Bot,38,5,2,2,1,135,115,663757,607536,,,,,,,,,,,,,,,,,,,,,,,,,661531
718766,2023-03-31,5,Bot,38,6,2,2,1,135,115,663757,607536,,,,,,,,,,,,,,,,,,,,,,,,,661531
718766,2023-03-31,5,Bot,38,7,2,2,1,135,115,663757,607536,field_out,Flyout,Trent Grisham flies out to left fielder Harold Castro.,T,,,,,,,,,,663757,,,T,2,Flyout,field_out,,,,,661531
718766,2023-03-31,5,Bot,39,0,0,1,2,135,115,640492,607536,,,,,,,,,,,,,,,,,,,,,,,,,661531
718766,2023-03-31,5,Bot,39,1,0,2,2,135,115,640492,607536,,,,,,,,,,,,,,,,,,,,,,,,,661531
718766,2023-03-31,5,Bot,39,2,1,2,2,135,115,640492,607536,,,,,,,,,,,,,,,,,,,,,,,,,661531
718766,2023-03-31,5,Bot,39,3,1,2,2,135,115,640492,607536,,,,,,,,,,,,,,,,,,,,,,,,,661531
718766,2023-03-31,5,Bot,39,4,1,2,2,135,115,640492,607536,field_out,Groundout,"Jose Azocar grounds out, shortstop Ezequiel Tovar to first baseman C. J. Cron.",T,,,,,,,,,,640492,,,T,3,Groundout,field_out,,,,,661531
718766,2023-03-31,6,Top,40,0,0,1,0,135,115,641857,607259,,,,,,,,,,,,,,,,,,,,,,,,,669134
718766,2023-03-31,6,Top,40,1,1,1,0,135,115,641857,607259,,,,,,,,,,,,,,,,,,,,,,,,,669134
718766,2023-03-31,6,Top,40,2,1,2,0,135,115,641857,607259,,,,,,,,,,,,,,,,,,,,,,,,,669134
718766,2023-03-31,6,Top,40,3,1,2,0,135,115,641857,607259,,,,,,,,,,,,,,,,,,,,,,,,,669134
718766,2023-03-31,6,Top,40,4,1,2,0,135,115,641857,607259,,,,,,,,,,,,,,,,,,,,,,,,,669134
718766,2023-03-31,6,Top,40,5,1,2,0,135,115,641857,607259,,,,,,,,,,,,,,,,,,,,,,,,,669134
718766,2023-03-31,6,Top,40,6,2,2,0,135,115,641857,607259,,,,,,,,,,,,,,,,,,,,,,,,,669134
718766,2023-03-31,6,Top,40,7,2,2,0,135,115,641857,607259,,,,,,,,,,,,,,,,,,,,,,,,,669134
718766,2023-03-31,6,Top,40,8,2,2,0,135,115,641857,607259,,,,,,,,,,,,,,,,,,,,,,,,,669134
718766,2023-03-31,6,Top,40,9,2,2,0,135,115,641857,607259,field_out,Flyout,Ryan McMahon flies out sharply to center fielder Trent Grisham.,T,,,,,,,,,,641857,,,T,1,Flyout,field_out,,,,,669134
718766,2023-03-31,6,Top,41,0,0,1,1,135,115,660707,607259,,,,,,,,,,,,,,,,,,,,,,,,,669134
718766,2023-03-31,6,Top,41,1,0,2,1,135,115,660707,607259,,,,,,,,,,,,,,,,,,,,,,,,,669134
718766,2023-03-31,6,Top,41,2,0,2,1,135,115,660707,607259,,,,,,,,,,,,,,,,,,,,,,,,,669134
718766,2023-03-31,6,Top,41,3,0,3,1,135,115,660707,607259,strikeout,Strikeout,Elehuris Montero strikes out swinging.,T,,,,,,,,,,660707,,,T,2,Strikeout,strikeout,,,,,669134
718766,2023-03-31,6,Top,42,0,0,1,2,135,115,553869,607259,,,,,,,,,,,,,,,,,,,,,,,,,669134
718766,2023-03-31,6,Top,42,1,1,1,2,135,115,553869,607259,,,,,,,,,,,,,,,,,,,,,,,,,669134
718766,2023-03-31,6,Top,42,2,1,1,2,135,115,553869,607259,field_out,Groundout,"Elias Diaz grounds out, shortstop Xander Bogaerts to first baseman Jake Cronenworth.",T,,,,,,,,,,553869,,,T,3,Groundout,field_out,,,,,669134
718766,2023-03-31,6,Bot,43,0,1,0,0,135,115,593428,607536,,,,,,,,,,,,,,,,,,,,,,,,,661531
718766,2023-03-31,6,Bot,43,1,1,1,0,135,115,593428,607536,,,,,,,,,,,,,,,,,,,,,,,,,661531
718766,2023-03-31,6,Bot,43,2,1,1,0,135,115,593428,607536,single,Single,Xander Bogaerts singles on a line drive to right fielder Kris Bryant.,T,,,,,,,,,,593428,,1B,,,Single,single,,,,,661531
718766,2023-03-31,6,Bot,44,0,1,0,0,135,115,665742,607536,,,,,,,,,,,,,,,,,,,,,,,,,661531
718766,2023-03-31,6,Bot,44,1,1,0,0,135,115,665742,607536,field_out,Pop Out,Juan Soto pops out to first baseman C. J. Cron.,T,,,,,,,,,,665742,,,T,1,Pop Out,field_out,,,,,661531
718766,2023-03-31,6,Bot,45,0,0,1,1,135,115,592518,607536,,,,,,,,,,,,,,,,,,,,,,,,,661531
718766,2023-03-31,6,Bot,45,1,0,1,1,135,115,592518,607536,,,,,,,,,,,,,,,,,,,,,,,,,661531
718766,2023-03-31,6,Bot,45,2,1,1,1,135,115,592518,607536,,,,,,,,,,,,,,,,,,,,,,,,,661531
718766,2023-03-31,6,Bot,45,3,1,2,1,135,115,592518,607536,,,,,,,,,,,,,,,,,,,,,,,,,661531
718766,2023-03-31,6,Bot,45,4,1,2,1,135,115,592518,607536,grounded_into_double_play,Grounded Into DP,"Manny Machado grounds into a double play, third baseman Elehuris Montero to second baseman Ryan McMahon to first baseman C. J. Cron. Xander Bogaerts out at 2nd. Manny Machado out at 1st.",T,,,,,,,,,,593428,1B,,T,2,Grounded Into DP,grounded_into_double_play,r_force_out,,,,661531
718766,2023-03-31,7,Top,46,0,0,1,0,135,115,605612,607259,,,,,,,,,,,,,,,,,,,,,,,,,669134
718766,2023-03-31,7,Top,46,1,0,2,0,135,115,605612,607259,,,,,,,,,,,,,,,,,,,,,,,,,669134
718766,2023-03-31,7,Top,46,2,0,2,0,135,115,605612,607259,field_out,Groundout,Harold Castro grounds out to first baseman Jake Cronenworth.,T,,,,,,,,,,605612,,,T,1,Groundout,field_out,,,,,669134
718766,2023-03-31,7,Top,47,0,0,1,1,135,115,678662,607259,,,,,,,,,,,,,,,,,,,,,,,,,669134
718766,2023-03-31,7,Top,47,1,1,1,1,135,115,678662,607259,,,,,,,,,,,,,,,,,,,,,,,,,669134
718766,2023-03-31,7,Top,47,2,2,1,1,135,115,678662,607259,,,,,,,,,,,,,,,,,,,,,,,,,669134
718766,2023-03-31,7,Top,47,3,2,1,1,135,115,678662,607259,field_out,Groundout,"Ezequiel Tovar grounds out, shortstop Xander Bogaerts to first baseman Jake Cronenworth.",T,,,,,,,,,,678662,,,T,2,Groundout,field_out,,,,,669134
718766,2023-03-31,7,Top,48,0,0,1,2,135,115,602074,607259,,,,,,,,,,,,,,,,,,,,,,,,,669134
718766,2023-03-31,7,Top,48,1,0,1,2,135,115,602074,607259,single,Single,Yonathan Daza singles on a line drive to right fielder Jose Azocar.,T,,,,,,,,,,602074,,1B,,,Single,single,,,,,669134
718766,2023-03-31,7,Top,49,0,0,0,2,135,115,592178,607259,,,,,,,,,,,,,,,,,,,,,,,,,669134
718766,2023-03-31,7,Top,49,1,0,1,2,135,115,592178,607259,,,,,,,,,,,,,,,,,,,,,,,,,669134
718766,2023-03-31,7,Top,49,2,1,1,2,135,115,592178,607259,,,,,,,,,,,,,,,,,,,,,,,,,669134
718766,2023-03-31,7,Top,49,3,2,1,2,135,115,592178,607259,,,,,,,,,,,,,,,,,,,,,,,,,669134
718766,2023-03-31,7,Top,49,4,2,2,2,135,115,592178,607259,,,,,,,,,,,,,,,,,,,,,,,,,669134
718766,2023-03-31,7,Top,49,5,3,2,2,135,115,592178,607259,,,,,,,,,,,,,,,,,,,,,,,,,669134
718766,2023-03-31,7,Top,49,6,3,2,2,135,115,592178,607259,,,,,,,,,,,,,,,,,,,,,,,,,669134
718766,2023-03-31,7,Top,49,7,3,2,2,135,115,592178,607259,,,,,,,,,,,,,,,,,,,,,,,,,669134
718766,2023-03-31,7,Top,49,8,3,2,2,135,115,592178,607259,,,,,,,,,,,,,,,,,,,,,,,,,669134
718766,2023-03-31,7,Top,49,9,3,3,2,135,115,592178,607259,strikeout,Strikeout,Kris Bryant strikes out swinging.,T,T,,,,,,,,,602074,1B,2B,,,Stolen Base 2B,stolen_base_2b,r_stolen_base_2b,,,,669134
718766,2023-03-31,7,Bot,50,0,0,0,0,135,115,443558,608718,,,,,,,,,,,,,,,,,,,,,,,,,661531
718766,2023-03-31,7,Bot,50,1,0,1,0,135,115,443558,608718,,,,,,,,,,,,,,,,,,,,,,,,,661531
718766,2023-03-31,7,Bot,50,2,1,1,0,135,115,443558,608718,,,,,,,,,,,,,,,,,,,,,,,,,661531
718766,2023-03-31,7,Bot,50,3,1,2,0,135,115,443558,608718,,,,,,,,,,,,,,,,,,,,,,,,,661531
718766,2023-03-31,7,Bot,50,4,1,2,0,135,115,443558,608718,,,,,,,,,,,,,,,,,,,,,,,,,661531
718766,2023-03-31,7,Bot,50,5,1,3,0,135,115,443558,608718,strikeout,Strikeout,Nelson Cruz strikes out swinging.,T,,,,,,,,,,443558,,,T,1,Strikeout,strikeout,,,,,661531
718766,2023-03-31,7,Bot,51,0,1,0,1,135,115,630105,608718,,,,,,,,,,,,,,,,,,,,,,,,,661531
718766,2023-03-31,7,Bot,51,1,1,1,1,135,115,630105,608718,,,,,,,,,,,,,,,,,,,,,,,,,661531
718766,2023-03-31,7,Bot,51,2,2,1,1,135,115,630105,608718,,,,,,,,,,,,,,,,,,,,,,,,,661531
718766,2023-03-31,7,Bot,51,3,2,1,1,135,115,630105,608718,field_out,Pop Out,Jake Cronenworth pops out to third baseman Elehuris Montero.,T,,,,,,,,,,630105,,,T,2,Pop Out,field_out,,,,,661531
718766,2023-03-31,7,Bot,52,0,0,1,2,135,115,543592,608718,,,,,,,,,,,,,,,,,,,,,,,,,661531
718766,2023-03-31,7,Bot,52,1,1,1,2,135,115,543592,608718,,,,,,,,,,,,,,,,,,,,,,,,,661531
718766,2023-03-31,7,Bot,52,2,2,1,2,135,115,543592,608718,,,,,,,,,,,,,,,,,,,,,,,,,661531
718766,2023-03-31,7,Bot,52,3,2,1,2,135,115,543592,608718,field_out,Pop Out,Austin Nola pops out to shortstop Ezequiel Tovar in foul territory.,T,,,,,,,,,,543592,,,T,3,Pop Out,field_out,,,,,661531
718766,2023-03-31,8,Top,53,0,0,0,0,135,115,453568,657612,,,,,,,,,,,,,,,,,,,,,,,,,669134
718766,2023-03-31,8,Top,53,1,0,1,0,135,115,453568,657612,,,,,,,,,,,,,,,,,,,,,,,,,669134
718766,2023-03-31,8,Top,53,2,1,1,0,135,115,453568,657612,hit_by_pitch,Hit By Pitch,Charlie Blackmon hit by pitch.,T,,,,,,,,,,453568,,1B,,,Hit By Pitch,hit_by_pitch,,,,,669134
718766,2023-03-31,8,Top,54,0,0,1,0,135,115,543068,657612,,,,,,,,,,,,,,,,,,,,,,,,,669134
718766,2023-03-31,8,Top,54,1,1,1,0,135,115,543068,657612,,,,,,,,,,,,,,,,,,,,,,,,,669134
718766,2023-03-31,8,Top,54,2,1,1,0,135,115,543068,657612,single,Single,C.J. Cron singles on a line drive to center fielder Trent Grisham. Charlie Blackmon to 2nd.,T,,,,,,,,,,543068,,1B,,,Single,single,,,,,669134
718766,2023-03-31,8,Top,55,0,0,1,0,135,115,641857,657612,,,,,,,,,,,,,,,,,,,,,,,,,669134
718766,2023-03-31,8,Top,55,1,0,2,0,135,115,641857,657612,,,,,,,,,,,,,,,,,,,,,,,,,669134
718766,2023-03-31,8,Top,55,2,0,2,0,135,115,641857,657612,grounded_into_double_play,Grounded Into DP,"Ryan McMahon grounds into a double play, catcher Austin Nola to third baseman Manny Machado to first baseman Jake Cronenworth. Charlie Blackmon out at 3rd. C.J. Cron to 2nd. Ryan McMahon out at 1st.",T,,,,,,,,,,453568,2B,,T,1,Grounded Into DP,grounded_into_double_play,r_force_out,,,,669134
718766,2023-03-31,8,Top,56,0,0,0,2,135,115,660707,657612,single,Single,Elehuris Montero singles on a ground ball to third baseman Manny Machado. C.J. Cron to 3rd.,T,,,,,,,,,,660707,,1B,,,Single,single,,,,,669134
718766,2023-03-31,8,Top,57,0,0,0,2,135,115,553869,657612,,,,,,,,,,,,,,,,,,,,,,,,,669134
718766,2023-03-31,8,Top,57,1,0,1,2,135,115,553869,657612,,,,,,,,,,,,,,,,,,,,,,,,,669134
718766,2023-03-31,8,Top,57,2,0,2,2,135,115,553869,657612,,,,,,,,,,,,,,,,,,,,,,,,,669134
718766,2023-03-31,8,Top,57,3,0,2,2,135,115,553869,657612,,,,,,,,,,,,,,,,,,,,,,,,,669134
718766,2023-03-31,8,Top,57,4,1,2,2,135,115,553869,657612,,,,,,,,,,,,,,,,,,,,,,,,,669134
718766,2023-03-31,8,Top,57,5,2,2,2,135,115,553869,657612,,,,,,,,,,,,,,,,,,,,,,,,,669134
718766,2023-03-31,8,Top,57,6,2,2,2,135,115,553869,657612,,,,,,,,,,,,,,,,,,,,,,,,,669134
718766,2023-03-31,8,Top,57,7,2,3,2,135,115,553869,657612,strikeout,Strikeout,Elias Diaz strikes out swinging.,T,,,,,,,,,,553869,,,T,3,Strikeout,strikeout,,,,,669134
718766,2023-03-31,8,Bot,58,0,0,0,0,135,115,673490,543272,,,,,,,,,,,,,,,,,,,,,,,,,661531
718766,2023-03-31,8,Bot,58,1,0,0,0,135,115,673490,543272,,,,,,,,,,,,,,,,,,,,,,,,,661531
718766,2023-03-31,8,Bot,58,2,0,0,0,135,115,673490,543272,,,,,,,,,,,,,,,,,,,,,,,,,661531
718766,2023-03-31,8,Bot,58,3,1,0,0,135,115,673490,543272,,,,,,,,,,,,,,,,,,,,,,,,,661531
718766,2023-03-31,8,Bot,58,4,1,1,0,135,115,673490,543272,,,,,,,,,,,,,,,,,,,,,,,,,661531
718766,2023-03-31,8,Bot,58,5,1,1,0,135,115,673490,543272,single,Single,Ha-Seong Kim singles on a line drive to left fielder Harold Castro.,T,,,,,,,,,,673490,,1B,,,Single,single,,,,,661531
718766,2023-03-31,8,Bot,59,0,1,0,0,135,115,663757,543272,,,,,,,,,,,,,,,,,,,,,,,,,661531
718766,2023-03-31,8,Bot,59,1,2,0,0,135,115,663757,543272,,,,,,,,,,,,,,,,,,,,,,,,,661531
718766,2023-03-31,8,Bot,59,2,2,1,0,135,115,663757,543272,,,,,,,,,,,,,,,,,,,,,,,,,661531
718766,2023-03-31,8,Bot,59,3,2,2,0,135,115,663757,543272,,,,,,,,,,,,,,,,,,,,,,,,,661531
718766,2023-03-31,8,Bot,59,4,2,2,0,135,115,663757,543272,,,,,,,,,,,,,,,,,,,,,,,,,661531
718766,2023-03-31,8,Bot,59,5,3,2,0,135,115,663757,543272,,,,,,,,,,,,,,,,,,,,,,,,,661531
718766,2023-03-31,8,Bot,59,6,4,2,0,135,115,663757,543272,walk,Walk,Trent Grisham walks. Ha-Seong Kim to 2nd.,T,,,,,,,,,,673490,1B,2B,,,Walk,walk,r_adv_force,,,,661531
718766,2023-03-31,8,Bot,60,0,0,0,0,135,115,640492,543272,,,,,,,,,,,,,,,,,,,,,,,,,661531
718766,2023-03-31,8,Bot,60,1,0,1,0,135,115,640492,543272,,,,,,,,,,,,,,,,,,,,,,,,,661531
718766,2023-03-31,8,Bot,60,2,0,1,0,135,115,640492,543272,sac_bunt,Sac Bunt,"Jose Azocar out on a sacrifice bunt, third baseman Alan Trejo to second baseman Ryan McMahon. Ha-Seong Kim to 3rd. Trent Grisham to 2nd.",T,,,,,,,,,,640492,,,T,1,Sac Bunt,sac_bunt,,,,,661531
718766,2023-03-31,8,Bot,61,0,0,1,1,135,115,593428,543272,,,,,,,,,,,,,,,,,,,,,,,,,661531
718766,2023-03-31,8,Bot,61,1,0,2,1,135,115,593428,543272,,,,,,,,,,,,,,,,,,,,,,,,,661531
718766,2023-03-31,8,Bot,61,2,1,2,1,135,115,593428,543272,,,,,,,,,,,,,,,,,,,,,,,,,661531
718766,2023-03-31,8,Bot,61,3,1,2,1,135,115,593428,543272,sac_fly,Sac Fly,Xander Bogaerts out on a sacrifice fly to center fielder Yonathan Daza. Ha-Seong Kim scores.,T,,,,,,,,,,593428,,,T,2,Sac Fly,sac_fly,,,,,661531
718766,2023-03-31,8,Bot,62,0,0,1,2,135,115,665742,543272,,,,,,,,,,,,,,,,,,,,,,,,,661531
718766,2023-03-31,8,Bot,62,1,0,2,2,135,115,665742,543272,,,,,,,,,,,,,,,,,,,,,,,,,661531
718766,2023-03-31,8,Bot,62,2,1,2,2,135,115,665742,543272,,,,,,,,,,,,,,,,,,,,,,,,,661531
718766,2023-03-31,8,Bot,62,3,2,2,2,135,115,665742,543272,,,,,,,,,,,,,,,,,,,,,,,,,661531
718766,2023-03-31,8,Bot,62,4,2,3,2,135,115,665742,543272,strikeout,Strikeout,Juan Soto called out on strikes.,T,,,,,,,,,,665742,,,T,3,Strikeout,strikeout,,,,,661531
718766,2023-03-31,9,Top,63,0,0,0,0,135,115,605612,472610,,,,,,,,,,,,,,,,,,,,,,,,,669134
718766,2023-03-31,9,Top,63,1,0,1,0,135,115,605612,472610,,,,,,,,,,,,,,,,,,,,,,,,,669134
718766,2023-03-31,9,Top,63,2,0,2,0,135,115,605612,472610,,,,,,,,,,,,,,,,,,,,,,,,,669134
718766,2023-03-31,9,Top,63,3,1,2,0,135,115,605612,472610,,,,,,,,,,,,,,,,,,,,,,,,,669134
718766,2023-03-31,9,Top,63,4,1,2,0,135,115,605612,472610,field_out,Flyout,Harold Castro flies out to left fielder Juan Soto.,T,,,,,,,,,,605612,,,T,1,Flyout,field_out,,,,,669134
718766,2023-03-31,9,Top,64,0,1,0,1,135,115,678662,472610,,,,,,,,,,,,,,,,,,,,,,,,,669134
718766,2023-03-31,9,Top,64,1,1,1,1,135,115,678662,472610,,,,,,,,,,,,,,,,,,,,,,,,,669134
718766,2023-03-31,9,Top,64,2,1,2,1,135,115,678662,472610,,,,,,,,,,,,,,,,,,,,,,,,,669134
718766,2023-03-31,9,Top,64,3,2,2,1,135,115,678662,472610,,,,,,,,,,,,,,,,,,,,,,,,,669134
718766,2023-03-31,9,Top,64,4,2,2,1,135,115,678662,472610,,,,,,,,,,,,,,,,,,,,,,,,,669134
718766,2023-03-31,9,Top,64,5,2,3,1,135,115,678662,472610,strikeout,Strikeout,Ezequiel Tovar called out on strikes.,T,,,,,,,,,,678662,,,T,2,Strikeout,strikeout,,,,,669134
718766,2023-03-31,9,Top,65,0,1,0,2,135,115,602074,472610,,,,,,,,,,,,,,,,,,,,,,,,,669134
718766,2023-03-31,9,Top,65,1,1,1,2,135,115,602074,472610,,,,,,,,,,,,,,,,,,,,,,,,,669134
718766,2023-03-31,9,Top,65,2,1,2,2,135,115,602074,472610,,,,,,,,,,,,,,,,,,,,,,,,,669134
718766,2023-03-31,9,Top,65,3,2,2,2,135,115,602074,472610,,,,,,,,,,,,,,,,,,,,,,,,,669134
718766,2023-03-31,9,Top,65,4,2,2,2,135,115,602074,472610,,,,,,,,,,,,,,,,,,,,,,,,,669134
718766,2023-03-31,9,Top,65,5,2,2,2,135,115,602074,472610,single,Single,Yonathan Daza singles on a ground ball to left fielder Juan Soto.,T,,,,,,,,,,602074,,1B,,,Single,single,,,,,669134
718766,2023-03-31,9,Top,66,0,0,1,2,135,115,592178,472610,,,,,,,,,,,,,,,,,,,,,,,,,669134
718766,2023-03-31,9,Top,66,1,1,1,2,135,115,592178,472610,,,,,,,,,,,,,,,,,,,,,,,,,669134
718766,2023-03-31,9,Top,66,2,2,1,2,135,115,592178,472610,,,,,,,,,,,,,,,,,,,,,,,,,669134
718766,2023-03-31,9,Top,66,3,3,1,2,135,115,592178,472610,,,,,,,,,,,,,,,,,,,,,,,,,669134
718766,2023-03-31,9,Top,66,4,4,1,2,135,115,592178,472610,walk,Walk,Kris Bryant walks. Yonathan Daza to 2nd.,T,,,,,,,,,,602074,1B,2B,,,Walk,walk,r_adv_force,,,,669134
718766,2023-03-31,9,Top,67,0,0,0,2,135,115,453568,472610,,,,,,,,,,,,,,,,,,,,,,,,,669134
718766,2023-03-31,9,Top,67,1,0,1,2,135,115,453568,472610,,,,,,,,,,,,,,,,,,,,,,,,,669134
718766,2023-03-31,9,Top,67,2,1,1,2,135,115,453568,472610,,,,,,,,,,,,,,,,,,,,,,,,,669134
718766,2023-03-31,9,Top,67,3,1,2,2,135,115,453568,472610,,,,,,,,,,,,,,,,,,,,,,,,,669134
718766,2023-03-31,9,Top,67,4,2,2,2,135,115,453568,472610,,,,,,,,,,,,,,,,,,,,,,,,,669134
718766,2023-03-31,9,Top,67,5,2,3,2,135,115,453568,472610,strikeout,Strikeout,Charlie Blackmon strikes out swinging.,T,,,,,,,,,,453568,,,T,3,Strikeout,strikeout,,,,,669134
718766,2023-03-31,9,Bot,68,0,0,0,0,135,115,592518,572955,,,,,,,,,,,,,,,,,,,,,,,,,661531
718766,2023-03-31,9,Bot,68,1,1,0,0,135,115,592518,572955,,,,,,,,,,,,,,,,,,,,,,,,,661531
718766,2023-03-31,9,Bot,68,2,2,0,0,135,115,592518,572955,,,,,,,,,,,,,,,,,,,,,,,,,661531
718766,2023-03-31,9,Bot,68,3,3,0,0,135,115,592518,572955,,,,,,,,,,,,,,,,,,,,,,,,,661531
718766,2023-03-31,9,Bot,68,4,3,1,0,135,115,592518,572955,,,,,,,,,,,,,,,,,,,,,,,,,661531
718766,2023-03-31,9,Bot,68,5,3,2,0,135,115,592518,572955,,,,,,,,,,,,,,,,,,,,,,,,,661531
718766,2023-03-31,9,Bot,68,6,3,2,0,135,115,592518,572955,,,,,,,,,,,,,,,,,,,,,,,,,661531
718766,2023-03-31,9,Bot,68,7,3,2,0,135,115,592518,572955,,,,,,,,,,,,,,,,,,,,,,,,,661531
718766,2023-03-31,9,Bot,68,8,3,2,0,135,115,592518,572955,,,,,,,,,,,,,,,,,,,,,,,,,661531
718766,2023-03-31,9,Bot,68,9,3,2,0,135,115,592518,572955,single,Single,Manny Machado singles on a ground ball to third baseman Alan Trejo.,T,,,,,,,,,,592518,,1B,,,Single,single,,,,,661531
718766,2023-03-31,9,Bot,69,0,0,1,0,135,115,443558,572955,,,,,,,,,,,,,,,,,,,,,,,,,661531
718766,2023-03-31,9,Bot,69,1,0,2,0,135,115,443558,572955,,,,,,,,,,,,,,,,,,,,,,,,,661531
718766,2023-03-31,9,Bot,69,2,0,2,0,135,115,443558,572955,field_out,Pop Out,Nelson Cruz pops out to first baseman C. J. Cron in foul territory.,T,,,,,,,,,,443558,,,T,1,Pop Out,field_out,,,,,661531
718766,2023-03-31,9,Bot,70,0,0,1,1,135,115,630105,572955,,,,,,,,,,,,,,,,,,,,,,,,,661531
718766,2023-03-31,9,Bot,70,1,0,2,1,135,115,630105,572955,,,,,,,,,,,,,,,,,,,,,,,,,661531
718766,2023-03-31,9,Bot,70,2,1,2,1,135,115,630105,572955,,,,,,,,,,,,,,,,,,,,,,,,,661531
718766,2023-03-31,9,Bot,70,3,2,2,1,135,115,630105,572955,,,,,,,,,,,,,,,,,,,,,,,,,661531
718766,2023-03-31,9,Bot,70,4,2,3,1,135,115,630105,572955,strikeout,Strikeout,Jake Cronenworth strikes out swinging.,T,,,,,,,,,,630105,,,T,2,Strikeout,strikeout,,,,,661531
718766,2023-03-31,9,Bot,71,0,0,0,2,135,115,572761,572955,,,,,,,,,,,,,,,,,,,,,,,,,661531
718766,2023-03-31,9,Bot,71,1,0,1,2,135,115,572761,572955,,,,,,,,,,,,,,,,,,,,,,,,,661531
718766,2023-03-31,9,Bot,71,2,0,1,2,135,115,572761,572955,,,,,,,,,,,,,,,,,,,,,,,,,661531
718766,2023-03-31,9,Bot,71,3,0,2,2,135,115,572761,572955,,,,,,,,,,,,,,,,,,,,,,,,,661531
718766,2023-03-31,9,Bot,71,4,0,3,2,135,115,572761,572955,strikeout,Strikeout,"Matt Carpenter strikes out swinging, catcher Elias Diaz to first baseman C. J. Cron.",T,,,,,,,,,,592518,1B,2B,,,Defensive Indiff,defensive_indiff,r_defensive_indiff,,,,661531
718765,2023-03-31,1,Top,0,0,0,0,0,119,109,668942,669160,,,,,,,,,,,,,,,,,,,,,,,,,669257
718765,2023-03-31,1,Top,0,1,0,0,0,119,109,668942,669160,,,,,,,,,,,,,,,,,,,,,,,,,669257
718765,2023-03-31,1,Top,0,2,0,0,0,119,109,668942,669160,,,,,,,,,,,,,,,,,,,,,,,,,669257
718765,2023-03-31,1,Top,0,3,0,1,0,119,109,668942,669160,,,,,,,,,,,,,,,,,,,,,,,,,669257
718765,2023-03-31,1,Top,0,4,0,2,0,119,109,668942,669160,,,,,,,,,,,,,,,,,,,,,,,,,669257
718765,2023-03-31,1,Top,0,5,0,2,0,119,109,668942,669160,,,,,,,,,,,,,,,,,,,,,,,,,669257
718765,2023-03-31,1,Top,0,6,1,2,0,119,109,668942,669160,,,,,,,,,,,,,,,,,,,,,,,,,669257
718765,2023-03-31,1,Top,0,7,1,2,0,119,109,668942,669160,,,,,,,,,,,,,,,,,,,,,,,,,669257
718765,2023-03-31,1,Top,0,8,2,2,0,119,109,668942,669160,,,,,,,,,,,,,,,,,,,,,,,,,669257
718765,2023-03-31,1,Top,0,9,2,2,0,119,109,668942,669160,field_out,Groundout,"Josh Rojas grounds out, third baseman Max Muncy to first baseman Freddie Freeman.",T,,,,,,,,,,668942,,,T,1,Groundout,field_out,,,,,669257
718765,2023-03-31,1,Top,1,0,0,1,1,119,109,606466,669160,,,,,,,,,,,,,,,,,,,,,,,,,669257
718765,2023-03-31,1,Top,1,1,0,2,1,119,109,606466,669160,,,,,,,,,,,,,,,,,,,,,,,,,669257
718765,2023-03-31,1,Top,1,2,1,2,1,119,109,606466,669160,,,,,,,,,,,,,,,,,,,,,,,,,669257
718765,2023-03-31,1,Top,1,3,1,2,1,119,109,606466,669160,field_out,Flyout,Ketel Marte flies out to center fielder James Outman.,T,,,,,,,,,,606466,,,T,2,Flyout,field_out,,,,,669257
718765,2023-03-31,1,Top,2,0,1,0,2,119,109,666971,669160,,,,,,,,,,,,,,,,,,,,,,,,,669257
718765,2023-03-31,1,Top,2,1,2,0,2,119,109,666971,669160,,,,,,,,,,,,,,,,,,,,,,,,,669257
718765,2023-03-31,1,Top,2,2,2,1,2,119,109,666971,669160,,,,,,,,,,,,,,,,,,,,,,,,,669257
718765,2023-03-31,1,Top,2,3,2,2,2,119,109,666971,669160,,,,,,,,,,,,,,,,,,,,,,,,,669257
718765,2023-03-31,1,Top,2,4,2,2,2,119,109,666971,669160,,,,,,,,,,,,,,,,,,,,,,,,,669257
718765,2023-03-31,1,Top,2,5,2,2,2,119,109,666971,669160,field_out,Flyout,Lourdes Gurriel Jr. flies out to center fielder James Outman.,T,,,,,,,,,,666971,,,T,3,Flyout,field_out,,,,,669257
718765,2023-03-31,1,Bot,3,0,1,0,0,119,109,605141,518876,,,,,,,,,,,,,,,,,,,,,,,,,645444
718765,2023-03-31,1,Bot,3,1,2,0,0,119,109,605141,518876,,,,,,,,,,,,,,,,,,,,,,,,,645444
718765,2023-03-31,1,Bot,3,2,2,0,0,119,109,605141,518876,field_out,Groundout,"Mookie Betts grounds out, first baseman Christian Walker to pitcher Merrill Kelly.",T,,,,,,,,,,605141,,,T,1,Groundout,field_out,,,,,645444
718765,2023-03-31,1,Bot,4,0,1,0,1,119,109,518692,518876,,,,,,,,,,,,,,,,,,,,,,,,,645444
718765,2023-03-31,1,Bot,4,1,2,0,1,119,109,518692,518876,,,,,,,,,,,,,,,,,,,,,,,,,645444
718765,2023-03-31,1,Bot,4,2,2,1,1,119,109,518692,518876,,,,,,,,,,,,,,,,,,,,,,,,,645444
718765,2023-03-31,1,Bot,4,3,3,1,1,119,109,518692,518876,,,,,,,,,,,,,,,,,,,,,,,,,645444
718765,2023-03-31,1,Bot,4,4,3,2,1,119,109,518692,518876,,,,,,,,,,,,,,,,,,,,,,,,,645444
718765,2023-03-31,1,Bot,4,5,3,3,1,119,109,518692,518876,strikeout,Strikeout,Freddie Freeman called out on strikes.,T,,,,,,,,,,518692,,,T,2,Strikeout,strikeout,,,,,645444
718765,2023-03-31,1,Bot,5,0,1,0,2,119,109,669257,518876,,,,,,,,,,,,,,,,,,,,,,,,,645444
718765,2023-03-31,1,Bot,5,1,1,1,2,119,109,669257,518876,,,,,,,,,,,,,,,,,,,,,,,,,645444
718765,2023-03-31,1,Bot,5,2,1,2,2,119,109,669257,518876,,,,,,,,,,,,,,,,,,,,,,,,,645444
718765,2023-03-31,1,Bot,5,3,2,2,2,119,109,669257,518876,,,,,,,,,,,,,,,,,,,,,,,,,645444
718765,2023-03-31,1,Bot,5,4,2,2,2,119,109,669257,518876,,,,,,,,,,,,,,,,,,,,,,,,,645444
718765,2023-03-31,1,Bot,5,5,3,2,2,119,109,669257,518876,,,,,,,,,,,,,,,,,,,,,,,,,645444
718765,2023-03-31,1,Bot,5,6,3,2,2,119,109,669257,518876,,,,,,,,,,,,,,,,,,,,,,,,,645444
718765,2023-03-31,1,Bot,5,7,3,2,2,119,109,669257,518876,,,,,,,,,,,,,,,,,,,,,,,,,645444
718765,2023-03-31,1,Bot,5,8,3,2,2,119,109,669257,518876,,,,,,,,,,,,,,,,,,,,,,,,,645444
718765,2023-03-31,1,Bot,5,9,3,2,2,119,109,669257,518876,,,,,,,,,,,,,,,,,,,,,,,,,645444
718765,2023-03-31,1,Bot,5,10,3,2,2,119,109,669257,518876,,,,,,,,,,,,,,,,,,,,,,,,,645444
718765,2023-03-31,1,Bot,5,11,4,2,2,119,109,669257,518876,walk,Walk,Will Smith walks.,T,,,,,,,,,,669257,,1B,,,Walk,walk,,,,,645444
718765,2023-03-31,1,Bot,6,0,0,1,2,119,109,571970,518876,,,,,,,,,,,,,,,,,,,,,,,,,645444
718765,2023-03-31,1,Bot,6,1,0,2,2,119,109,571970,518876,,,,,,,,,,,,,,,,,,,,,,,,,645444
718765,2023-03-31,1,Bot,6,2,0,2,2,119,109,571970,518876,,,,,,,,,,,,,,,,,,,,,,,,,645444
718765,2023-03-31,1,Bot,6,3,0,2,2,119,109,571970,518876,single,Single,Max Muncy singles on a sharp ground ball to right fielder Jake McCarthy. Will Smith to 2nd.,T,,,,,,,,,,571970,,1B,,,Single,single,,,,,645444
718765,2023-03-31,1,Bot,7,0,0,1,2,119,109,502110,518876,,,,,,,,,,,,,,,,,,,,,,,,,645444
718765,2023-03-31,1,Bot,7,1,0,2,2,119,109,502110,518876,,,,,,,,,,,,,,,,,,,,,,,,,645444
718765,2023-03-31,1,Bot,7,2,1,2,2,119,109,502110,518876,,,,,,,,,,,,,,,,,,,,,,,,,645444
718765,2023-03-31,1,Bot,7,3,1,3,2,119,109,502110,518876,strikeout,Strikeout,J.D. Martinez strikes out swinging.,T,,,,,,,,,,502110,,,T,3,Strikeout,strikeout,,,,,645444
718765,2023-03-31,2,Top,8,0,0,1,0,119,109,572233,669160,,,,,,,,,,,,,,,,,,,,,,,,,669257
718765,2023-03-31,2,Top,8,1,1,1,0,119,109,572233,669160,,,,,,,,,,,,,,,,,,,,,,,,,669257
718765,2023-03-31,2,Top,8,2,1,2,0,119,109,572233,669160,,,,,,,,,,,,,,,,,,,,,,,,,669257
718765,2023-03-31,2,Top,8,3,1,3,0,119,109,572233,669160,strikeout,Strikeout,Christian Walker strikes out swinging.,T,,,,,,,,,,572233,,,T,1,Strikeout,strikeout,,,,,669257
718765,2023-03-31,2,Top,9,0,1,0,1,119,109,682998,669160,,,,,,,,,,,,,,,,,,,,,,,,,669257
718765,2023-03-31,2,Top,9,1,2,0,1,119,109,682998,669160,,,,,,,,,,,,,,,,,,,,,,,,,669257
718765,2023-03-31,2,Top,9,2,3,0,1,119,109,682998,669160,,,,,,,,,,,,,,,,,,,,,,,,,669257
718765,2023-03-31,2,Top,9,3,3,1,1,119,109,682998,669160,,,,,,,,,,,,,,,,,,,,,,,,,669257
718765,2023-03-31,2,Top,9,4,3,1,1,119,109,682998,669160,double,Double,Corbin Carroll doubles (1) on a ground ball to right fielder Mookie Betts.,T,,,,,,,,,,682998,,2B,,,Double,double,,,,,669257
718765,2023-03-31,2,Top,10,0,0,1,1,119,109,672515,669160,,,,,,,,,,,,,,,,,,,,,,,,,669257
718765,2023-03-31,2,Top,10,1,0,1,1,119,109,672515,669160,field_out,Groundout,"Gabriel Moreno grounds out, third baseman Max Muncy to first baseman Freddie Freeman.",T,,,,,,,,,,672515,,,T,2,Groundout,field_out,,,,,669257
718765,2023-03-31,2,Top,11,0,0,0,2,119,109,664983,669160,field_out,Flyout,Jake McCarthy flies out to left fielder David Peralta.,T,,,,,,,,,,664983,,,T,3,Flyout,field_out,,,,,669257
718765,2023-03-31,2,Bot,12,0,0,1,0,119,109,444482,518876,,,,,,,,,,,,,,,,,,,,,,,,,645444
718765,2023-03-31,2,Bot,12,1,0,1,0,119,109,444482,518876,,,,,,,,,,,,,,,,,,,,,,,,,645444
718765,2023-03-31,2,Bot,12,2,0,2,0,119,109,444482,518876,,,,,,,,,,,,,,,,,,,,,,,,,645444
718765,2023-03-31,2,Bot,12,3,0,2,0,119,109,444482,518876,single,Single,David Peralta singles on a sharp line drive to right fielder Jake McCarthy.,T,,,,,,,,,,444482,,1B,,,Single,single,,,,,645444
718765,2023-03-31,2,Bot,13,0,1,0,0,119,109,678246,518876,,,,,,,,,,,,,,,,,,,,,,,,,645444
718765,2023-03-31,2,Bot,13,1,1,1,0,119,109,678246,518876,,,,,,,,,,,,,,,,,,,,,,,,,645444
718765,2023-03-31,2,Bot,13,2,1,2,0,119,109,678246,518876,,,,,,,,,,,,,,,,,,,,,,,,,645444
718765,2023-03-31,2,Bot,13,3,2,2,0,119,109,678246,518876,,,,,,,,,,,,,,,,,,,,,,,,,645444
718765,2023-03-31,2,Bot,13,4,2,2,1,119,109,678246,518876,,,,,,,,,,,,,,,,,,,,,,,,,645444
718765,2023-03-31,2,Bot,13,5,2,2,1,119,109,678246,518876,double,Double,Miguel Vargas doubles (1) on a sharp fly ball to center fielder Alek Thomas.,T,,,,T,,,,,,444482,1B,,T,1,Caught Stealing 2B,caught_stealing_2b,r_caught_stealing_2b,,,,645444
718765,2023-03-31,2,Bot,14,0,0,1,1,119,109,681546,518876,,,,,,,,,,,,,,,,,,,,,,,,,645444
718765,2023-03-31,2,Bot,14,1,0,2,1,119,109,681546,518876,,,,,,,,,,,,,,,,,,,,,,,,,645444
718765,2023-03-31,2,Bot,14,2,1,2,1,119,109,681546,518876,,,,,,,,,,,,,,,,,,,,,,,,,645444
718765,2023-03-31,2,Bot,14,3,2,2,1,119,109,681546,518876,,,,,,,,,,,,,,,,,,,,,,,,,645444
718765,2023-03-31,2,Bot,14,4,2,3,1,119,109,681546,518876,strikeout,Strikeout,James Outman strikes out swinging.,T,,,,,,,,,,681546,,,T,2,Strikeout,strikeout,,,,,645444
718765,2023-03-31,2,Bot,15,0,0,1,2,119,109,500743,518876,,,,,,,,,,,,,,,,,,,,,,,,,645444
718765,2023-03-31,2,Bot,15,1,1,1,2,119,109,500743,518876,,,,,,,,,,,,,,,,,,,,,,,,,645444
718765,2023-03-31,2,Bot,15,2,1,2,2,119,109,500743,518876,,,,,,,,,,,,,,,,,,,,,,,,,645444
718765,2023-03-31,2,Bot,15,3,1,3,2,119,109,500743,518876,strikeout,Strikeout,Miguel Rojas strikes out swinging.,T,,,,,,,,,,500743,,,T,3,Strikeout,strikeout,,,,,645444
718765,2023-03-31,3,Top,16,0,0,1,0,119,109,677950,669160,,,,,,,,,,,,,,,,,,,,,,,,,669257
718765,2023-03-31,3,Top,16,1,1,1,0,119,109,677950,669160,,,,,,,,,,,,,,,,,,,,,,,,,669257
718765,2023-03-31,3,Top,16,2,1,2,0,119,109,677950,669160,,,,,,,,,,,,,,,,,,,,,,,,,669257
718765,2023-03-31,3,Top,16,3,1,2,0,119,109,677950,669160,field_out,Groundout,"Alek Thomas grounds out, second baseman Miguel Vargas to first baseman Freddie Freeman.",T,,,,,,,,,,677950,,,T,1,Groundout,field_out,,,,,669257
718765,2023-03-31,3,Top,17,0,1,0,1,119,109,672695,669160,,,,,,,,,,,,,,,,,,,,,,,,,669257
718765,2023-03-31,3,Top,17,1,2,0,1,119,109,672695,669160,,,,,,,,,,,,,,,,,,,,,,,,,669257
718765,2023-03-31,3,Top,17,2,3,0,1,119,109,672695,669160,,,,,,,,,,,,,,,,,,,,,,,,,669257
718765,2023-03-31,3,Top,17,3,3,1,1,119,109,672695,669160,,,,,,,,,,,,,,,,,,,,,,,,,669257
718765,2023-03-31,3,Top,17,4,4,1,1,119,109,672695,669160,walk,Walk,Geraldo Perdomo walks.,T,,,,,,,,,,672695,,1B,,,Walk,walk,,,,,669257
718765,2023-03-31,3,Top,18,0,0,0,1,119,109,668942,669160,field_out,Lineout,Josh Rojas lines out to center fielder James Outman.,T,,,,,,,,,,668942,,,T,2,Lineout,field_out,,,,,669257
718765,2023-03-31,3,Top,19,0,0,1,2,119,109,606466,669160,,,,,,,,,,,,,,,,,,,,,,,,,669257
718765,2023-03-31,3,Top,19,1,0,1,2,119,109,606466,669160,field_out,Groundout,"Ketel Marte grounds out, shortstop Miguel Rojas to first baseman Freddie Freeman.",T,,,,,,,,,,606466,,,T,3,Groundout,field_out,,,,,669257
718765,2023-03-31,3,Bot,20,0,1,0,0,119,109,605141,518876,,,,,,,,,,,,,,,,,,,,,,,,,645444
718765,2023-03-31,3,Bot,20,1,1,1,0,119,109,605141,518876,,,,,,,,,,,,,,,,,,,,,,,,,645444
718765,2023-03-31,3,Bot,20,2,1,2,0,119,109,605141,518876,,,,,,,,,,,,,,,,,,,,,,,,,645444
718765,2023-03-31,3,Bot,20,3,2,2,0,119,109,605141,518876,,,,,,,,,,,,,,,,,,,,,,,,,645444
718765,2023-03-31,3,Bot,20,4,3,2,0,119,109,605141,518876,,,,,,,,,,,,,,,,,,,,,,,,,645444
718765,2023-03-31,3,Bot,20,5,4,2,0,119,109,605141,518876,walk,Walk,Mookie Betts walks.,T,,,,,,,,,,605141,,1B,,,Walk,walk,,,,,645444
718765,2023-03-31,3,Bot,21,0,0,1,0,119,109,518692,518876,,,,,,,,,,,,,,,,,,,,,,,,,645444
718765,2023-03-31,3,Bot,21,1,0,1,0,119,109,518692,518876,,,,,,,,,,,,,,,,,,,,,,,,,645444
718765,2023-03-31,3,Bot,21,2,0,1,0,119,109,518692,518876,field_out,Flyout,Freddie Freeman flies out to right fielder Jake McCarthy.,T,,,,,,,,,,518692,,,T,1,Flyout,field_out,,,,,645444
718765,2023-03-31,3,Bot,22,0,0,0,1,119,109,669257,518876,,,,,,,,,,,,,,,,,,,,,,,,,645444
718765,2023-03-31,3,Bot,22,1,0,0,1,119,109,669257,518876,field_out,Lineout,Will Smith lines out sharply to left fielder Corbin Carroll.,T,,,,,,,,,,669257,,,T,2,Lineout,field_out,,,,,645444
718765,2023-03-31,3,Bot,23,0,1,0,2,119,109,571970,518876,,,,,,,,,,,,,,,,,,,,,,,,,645444
718765,2023-03-31,3,Bot,23,1,2,0,2,119,109,571970,518876,,,,,,,,,,,,,,,,,,,,,,,,,645444
718765,2023-03-31,3,Bot,23,2,2,1,2,119,109,571970,518876,,,,,,,,,,,,,,,,,,,,,,,,,645444
718765,2023-03-31,3,Bot,23,3,2,1,2,119,109,571970,518876,,,,,,,,,,,,,,,,,,,,,,,,,645444
718765,2023-03-31,3,Bot,23,4,2,1,2,119,109,571970,518876,field_out,Lineout,Max Muncy lines out sharply to center fielder Alek Thomas.,T,,,,,,,,,,571970,,,T,3,Lineout,field_out,,,,,645444
718765,2023-03-31,4,Top,24,0,0,1,0,119,109,666971,669160,,,,,,,,,,,,,,,,,,,,,,,,,669257
718765,2023-03-31,4,Top,24,1,0,2,0,119,109,666971,669160,,,,,,,,,,,,,,,,,,,,,,,,,669257
718765,2023-03-31,4,Top,24,2,1,2,0,119,109,666971,669160,,,,,,,,,,,,,,,,,,,,,,,,,669257
718765,2023-03-31,4,Top,24,3,1,2,0,119,109,666971,669160,,,,,,,,,,,,,,,,,,,,,,,,,669257
718765,2023-03-31,4,Top,24,4,1,2,0,119,109,666971,669160,field_out,Groundout,"Lourdes Gurriel Jr. grounds out, second baseman Miguel Vargas to first baseman Freddie Freeman.",T,,,,,,,,,,666971,,,T,1,Groundout,field_out,,,,,669257
718765,2023-03-31,4,Top,25,0,0,1,1,119,109,572233,669160,,,,,,,,,,,,,,,,,,,,,,,,,669257
718765,2023-03-31,4,Top,25,1,0,1,1,119,109,572233,669160,single,Single,Christian Walker singles on a sharp ground ball to left fielder David Peralta.,T,,,,,,,,,,572233,,1B,,,Single,single,,,,,669257
718765,2023-03-31,4,Top,26,0,0,0,1,119,109,682998,669160,field_out,Groundout,"Corbin Carroll grounds out, second baseman Miguel Vargas to first baseman Freddie Freeman. Christian Walker to 2nd.",T,,,,,,,,,,682998,,,T,2,Groundout,field_out,,,,,669257
718765,2023-03-31,4,Top,27,0,1,0,2,119,109,672515,669160,,,,,,,,,,,,,,,,,,,,,,,,,669257
718765,2023-03-31,4,Top,27,1,1,0,2,119,109,672515,669160,field_out,Lineout,Gabriel Moreno lines out to right fielder Mookie Betts.,T,,,,,,,,,,672515,,,T,3,Lineout,field_out,,,,,669257
718765,2023-03-31,4,Bot,28,0,1,0,0,119,109,502110,518876,,,,,,,,,,,,,,,,,,,,,,,,,645444
718765,2023-03-31,4,Bot,28,1,1,0,0,119,109,502110,518876,field_out,Flyout,J.D. Martinez flies out to second baseman Ketel Marte.,T,,,,,,,,,,502110,,,T,1,Flyout,field_out,,,,,645444
718765,2023-03-31,4,Bot,29,0,1,0,1,119,109,444482,518876,,,,,,,,,,,,,,,,,,,,,,,,,645444
718765,2023-03-31,4,Bot,29,1,1,1,1,119,109,444482,518876,,,,,,,,,,,,,,,,,,,,,,,,,645444
718765,2023-03-31,4,Bot,29,2,2,1,1,119,109,444482,518876,,,,,,,,,,,,,,,,,,,,,,,,,645444
718765,2023-03-31,4,Bot,29,3,3,1,1,119,109,444482,518876,,,,,,,,,,,,,,,,,,,,,,,,,645444
718765,2023-03-31,4,Bot,29,4,4,1,1,119,109,444482,518876,walk,Walk,David Peralta walks.,T,,,,,,,,,,444482,,1B,,,Walk,walk,,,,,645444
718765,2023-03-31,4,Bot,30,0,1,0,1,119,109,678246,518876,,,,,,,,,,,,,,,,,,,,,,,,,645444
718765,2023-03-31,4,Bot,30,1,2,0,1,119,109,678246,518876,,,,,,,,,,,,,,,,,,,,,,,,,645444
718765,2023-03-31,4,Bot,30,2,2,0,1,119,109,678246,518876,,,,,,,,,,,,,,,,,,,,,,,,,645444
718765,2023-03-31,4,Bot,30,3,3,0,1,119,109,678246,518876,,,,,,,,,,,,,,,,,,,,,,,,,645444
718765,2023-03-31,4,Bot,30,4,4,0,1,119,109,678246,518876,walk,Walk,Miguel Vargas walks. David Peralta to 2nd.,T,,,,,,,,,,444482,1B,2B,,,Walk,walk,r_adv_force,,,,645444
718765,2023-03-31,4,Bot,31,0,0,0,1,119,109,681546,518876,,,,,,,,,,,,,,,,,,,,,,,,,645444
718765,2023-03-31,4,Bot,31,1,1,0,1,119,109,681546,518876,,,,,,,,,,,,,,,,,,,,,,,,,645444
718765,2023-03-31,4,Bot,31,2,2,0,1,119,109,681546,518876,,,,,,,,,,,,,,,,,,,,,,,,,645444
718765,2023-03-31,4,Bot,31,3,2,1,1,119,109,681546,518876,,,,,,,,,,,,,,,,,,,,,,,,,645444
718765,2023-03-31,4,Bot,31,4,2,2,1,119,109,681546,518876,,,,,,,,,,,,,,,,,,,,,,,,,645444
718765,2023-03-31,4,Bot,31,5,2,2,1,119,109,681546,518876,force_out,Forceout,"James Outman grounds into a force out, catcher Gabriel Moreno to third baseman Josh Rojas. David Peralta out at 3rd. Miguel Vargas to 2nd. James Outman to 1st.",T,,,,,,,,,,444482,2B,,T,2,Forceout,force_out,r_force_out,,,,645444
718765,2023-03-31,4,Bot,32,0,0,0,2,119,109,500743,686753,,,,,,,,,,,,,,,,,,,,,,,,,645444
718765,2023-03-31,4,Bot,32,1,0,0,2,119,109,500743,686753,,,,,,,,,,,,,,,,,,,,,,,,,645444
718765,2023-03-31,4,Bot,32,2,1,0,2,119,109,500743,686753,,,,,,,,,,,,,,,,,,,,,,,,,645444
718765,2023-03-31,4,Bot,32,3,1,1,2,119,109,500743,686753,,,,,,,,,,,,,,,,,,,,,,,,,645444
718765,2023-03-31,4,Bot,32,4,1,2,2,119,109,500743,686753,,,,,,,,,,,,,,,,,,,,,,,,,645444
718765,2023-03-31,4,Bot,32,5,2,2,2,119,109,500743,686753,,,,,,,,,,,,,,,,,,,,,,,,,645444
718765,2023-03-31,4,Bot,32,6,2,2,2,119,109,500743,686753,field_out,Flyout,Miguel Rojas flies out to left fielder Corbin Carroll.,T,,,,,,,,,,500743,,,T,3,Flyout,field_out,,,,,645444
718765,2023-03-31,5,Top,33,0,1,0,0,119,109,664983,669160,,,,,,,,,,,,,,,,,,,,,,,,,669257
718765,2023-03-31,5,Top,33,1,1,0,0,119,109,664983,669160,field_out,Flyout,Jake McCarthy flies out to shortstop Miguel Rojas.,T,,,,,,,,,,664983,,,T,1,Flyout,field_out,,,,,669257
718765,2023-03-31,5,Top,34,0,1,0,1,119,109,677950,669160,,,,,,,,,,,,,,,,,,,,,,,,,669257
718765,2023-03-31,5,Top,34,1,2,0,1,119,109,677950,669160,,,,,,,,,,,,,,,,,,,,,,,,,669257
718765,2023-03-31,5,Top,34,2,2,1,1,119,109,677950,669160,,,,,,,,,,,,,,,,,,,,,,,,,669257
718765,2023-03-31,5,Top,34,3,2,2,1,119,109,677950,669160,,,,,,,,,,,,,,,,,,,,,,,,,669257
718765,2023-03-31,5,Top,34,4,2,2,1,119,109,677950,669160,,,,,,,,,,,,,,,,,,,,,,,,,669257
718765,2023-03-31,5,Top,34,5,2,2,1,119,109,677950,669160,field_out,Groundout,"Alek Thomas grounds out, shortstop Miguel Rojas to first baseman Freddie Freeman.",T,,,,,,,,,,677950,,,T,2,Groundout,field_out,,,,,669257
718765,2023-03-31,5,Top,35,0,0,1,2,119,109,672695,669160,,,,,,,,,,,,,,,,,,,,,,,,,669257
718765,2023-03-31,5,Top,35,1,0,2,2,119,109,672695,669160,,,,,,,,,,,,,,,,,,,,,,,,,669257
718765,2023-03-31,5,Top,35,2,0,2,2,119,109,672695,669160,,,,,,,,,,,,,,,,,,,,,,,,,669257
718765,2023-03-31,5,Top,35,3,0,3,2,119,109,672695,669160,strikeout,Strikeout,Geraldo Perdomo strikes out swinging.,T,,,,,,,,,,672695,,,T,3,Strikeout,strikeout,,,,,669257
718765,2023-03-31,5,Bot,36,0,1,0,0,119,109,605141,686753,,,,,,,,,,,,,,,,,,,,,,,,,645444
718765,2023-03-31,5,Bot,36,1,1,1,0,119,109,605141,686753,,,,,,,,,,,,,,,,,,,,,,,,,645444
718765,2023-03-31,5,Bot,36,2,1,2,0,119,109,605141,686753,,,,,,,,,,,,,,,,,,,,,,,,,645444
718765,2023-03-31,5,Bot,36,3,1,3,0,119,109,605141,686753,strikeout,Strikeout,Mookie Betts strikes out swinging.,T,,,,,,,,,,605141,,,T,1,Strikeout,strikeout,,,,,645444
718765,2023-03-31,5,Bot,37,0,1,0,1,119,109,518692,686753,,,,,,,,,,,,,,,,,,,,,,,,,645444
718765,2023-03-31,5,Bot,37,1,1,1,1,119,109,518692,686753,,,,,,,,,,,,,,,,,,,,,,,,,645444
718765,2023-03-31,5,Bot,37,2,1,1,1,119,109,518692,686753,field_out,Groundout,"Freddie Freeman grounds out, shortstop Geraldo Perdomo to first baseman Christian Walker.",T,,,,,,,,,,518692,,,T,2,Groundout,field_out,,,,,645444
718765,2023-03-31,5,Bot,38,0,1,0,2,119,109,669257,686753,,,,,,,,,,,,,,,,,,,,,,,,,645444
718765,2023-03-31,5,Bot,38,1,2,0,2,119,109,669257,686753,,,,,,,,,,,,,,,,,,,,,,,,,645444
718765,2023-03-31,5,Bot,38,2,3,0,2,119,109,669257,686753,,,,,,,,,,,,,,,,,,,,,,,,,645444
718765,2023-03-31,5,Bot,38,3,3,1,2,119,109,669257,686753,,,,,,,,,,,,,,,,,,,,,,,,,645444
718765,2023-03-31,5,Bot,38,4,3,2,2,119,109,669257,686753,,,,,,,,,,,,,,,,,,,,,,,,,645444
718765,2023-03-31,5,Bot,38,5,3,2,2,119,109,669257,686753,,,,,,,,,,,,,,,,,,,,,,,,,645444
718765,2023-03-31,5,Bot,38,6,4,2,2,119,109,669257,686753,walk,Walk,Will Smith walks.,T,,,,,,,,,,669257,,1B,,,Walk,walk,,,,,645444
718765,2023-03-31,5,Bot,39,0,0,1,2,119,109,571970,686753,,,,,,,,,,,,,,,,,,,,,,,,,645444
718765,2023-03-31,5,Bot,39,1,0,1,2,119,109,571970,686753,field_out,Flyout,Max Muncy flies out sharply to center fielder Alek Thomas.,T,,,,,,,,,,571970,,,T,3,Flyout,field_out,,,,,645444
718765,2023-03-31,6,Top,40,0,0,0,0,119,109,668942,669160,field_out,Pop Out,Josh Rojas pops out to second baseman Miguel Vargas.,T,,,,,,,,,,668942,,,T,1,Pop Out,field_out,,,,,669257
718765,2023-03-31,6,Top,41,0,1,0,1,119,109,606466,669160,,,,,,,,,,,,,,,,,,,,,,,,,669257
718765,2023-03-31,6,Top,41,1,2,0,1,119,109,606466,669160,,,,,,,,,,,,,,,,,,,,,,,,,669257
718765,2023-03-31,6,Top,41,2,2,1,1,119,109,606466,669160,,,,,,,,,,,,,,,,,,,,,,,,,669257
718765,2023-03-31,6,Top,41,3,2,2,1,119,109,606466,669160,,,,,,,,,,,,,,,,,,,,,,,,,669257
718765,2023-03-31,6,Top,41,4,3,2,1,119,109,606466,669160,,,,,,,,,,,,,,,,,,,,,,,,,669257
718765,2023-03-31,6,Top,41,5,3,2,1,119,109,606466,669160,,,,,,,,,,,,,,,,,,,,,,,,,669257
718765,2023-03-31,6,Top,41,6,3,2,1,119,109,606466,669160,field_out,Lineout,Ketel Marte lines out to center fielder James Outman.,T,,,,,,,,,,606466,,,T,2,Lineout,field_out,,,,,669257
718765,2023-03-31,6,Top,42,0,0,1,2,119,109,666971,669160,,,,,,,,,,,,,,,,,,,,,,,,,669257
718765,2023-03-31,6,Top,42,1,0,2,2,119,109,666971,669160,,,,,,,,,,,,,,,,,,,,,,,,,669257
718765,2023-03-31,6,Top,42,2,1,2,2,119,109,666971,669160,,,,,,,,,,,,,,,,,,,,,,,,,669257
718765,2023-03-31,6,Top,42,3,1,3,2,119,109,666971,669160,strikeout,Strikeout,Lourdes Gurriel Jr. strikes out swinging.,T,,,,,,,,,,666971,,,T,3,Strikeout,strikeout,,,,,669257
718765,2023-03-31,6,Bot,43,0,0,1,0,119,109,502110,686753,,,,,,,,,,,,,,,,,,,,,,,,,645444
718765,2023-03-31,6,Bot,43,1,1,1,0,119,109,502110,686753,,,,,,,,,,,,,,,,,,,,,,,,,645444
718765,2023-03-31,6,Bot,43,2,1,2,0,119,109,502110,686753,,,,,,,,,,,,,,,,,,,,,,,,,645444
718765,2023-03-31,6,Bot,43,3,1,2,0,119,109,502110,686753,,,,,,,,,,,,,,,,,,,,,,,,,645444
718765,2023-03-31,6,Bot,43,4,1,3,0,119,109,502110,686753,strikeout,Strikeout,J.D. Martinez strikes out swinging.,T,,,,,,,,,,502110,,,T,1,Strikeout,strikeout,,,,,645444
718765,2023-03-31,6,Bot,44,0,1,0,1,119,109,444482,686753,,,,,,,,,,,,,,,,,,,,,,,,,645444
718765,2023-03-31,6,Bot,44,1,1,0,1,119,109,444482,686753,field_out,Flyout,David Peralta flies out to left fielder Corbin Carroll.,T,,,,,,,,,,444482,,,T,2,Flyout,field_out,,,,,645444
718765,2023-03-31,6,Bot,45,0,0,1,2,119,109,678246,686753,,,,,,,,,,,,,,,,,,,,,,,,,645444
718765,2023-03-31,6,Bot,45,1,1,1,2,119,109,678246,686753,,,,,,,,,,,,,,,,,,,,,,,,,645444
718765,2023-03-31,6,Bot,45,2,2,1,2,119,109,678246,686753,,,,,,,,,,,,,,,,,,,,,,,,,645444
718765,2023-03-31,6,Bot,45,3,3,1,2,119,109,678246,686753,,,,,,,,,,,,,,,,,,,,,,,,,645444
718765,2023-03-31,6,Bot,45,4,4,1,2,119,109,678246,686753,walk,Walk,Miguel Vargas walks.,T,,,,,,,,,,678246,,1B,,,Walk,walk,,,,,645444
718765,2023-03-31,6,Bot,46,0,1,0,2,119,109,681546,686753,,,,,,,,,,,,,,,,,,,,,,,,,645444
718765,2023-03-31,6,Bot,46,1,1,1,2,119,109,681546,686753,,,,,,,,,,,,,,,,,,,,,,,,,645444
718765,2023-03-31,6,Bot,46,2,2,1,2,119,109,681546,686753,,,,,,,,,,,,,,,,,,,,,,,,,645444
718765,2023-03-31,6,Bot,46,3,3,1,2,119,109,681546,686753,,,,,,,,,,,,,,,,,,,,,,,,,645444
718765,2023-03-31,6,Bot,46,4,3,2,2,119,109,681546,686753,,,,,,,,,,,,,,,,,,,,,,,,,645444
718765,2023-03-31,6,Bot,46,5,3,3,2,119,109,681546,686753,strikeout,Strikeout,James Outman strikes out swinging.,T,,,,,,,,,,681546,,,T,3,Strikeout,strikeout,,,,,645444
718765,2023-03-31,7,Top,47,0,1,0,0,119,109,572233,669160,,,,,,,,,,,,,,,,,,,,,,,,,669257
718765,2023-03-31,7,Top,47,1,1,0,0,119,109,572233,669160,field_out,Groundout,"Christian Walker grounds out, shortstop Miguel Rojas to first baseman Freddie Freeman.",T,,,,,,,,,,572233,,,T,1,Groundout,field_out,,,,,669257
718765,2023-03-31,7,Top,48,0,1,0,1,119,109,682998,669160,,,,,,,,,,,,,,,,,,,,,,,,,669257
718765,2023-03-31,7,Top,48,1,2,0,1,119,109,682998,669160,,,,,,,,,,,,,,,,,,,,,,,,,669257
718765,2023-03-31,7,Top,48,2,3,0,1,119,109,682998,669160,,,,,,,,,,,,,,,,,,,,,,,,,669257
718765,2023-03-31,7,Top,48,3,3,0,1,119,109,682998,669160,field_out,Groundout,"Corbin Carroll grounds out, second baseman Miguel Vargas to first baseman Freddie Freeman.",T,,,,,,,,,,682998,,,T,2,Groundout,field_out,,,,,669257
718765,2023-03-31,7,Top,49,0,0,0,2,119,109,672515,669160,single,Single,Gabriel Moreno singles on a line drive to right fielder Mookie Betts.,T,,,,,,,,,,672515,,1B,,,Single,single,,,,,669257
718765,2023-03-31,7,Top,50,0,0,1,2,119,109,664983,669160,,,,,,,,,,,,,,,,,,,,,,,,,669257
718765,2023-03-31,7,Top,50,1,1,1,2,119,109,664983,669160,,,,,,,,,,,,,,,,,,,,,,,,,669257
718765,2023-03-31,7,Top,50,2,1,2,2,119,109,664983,669160,,,,,,,,,,,,,,,,,,,,,,,,,669257
718765,2023-03-31,7,Top,50,3,1,3,2,119,109,664983,669160,strikeout,Strikeout,Jake McCarthy strikes out swinging.,T,,,,,,,,,,664983,,,T,3,Strikeout,strikeout,,,,,669257
718765,2023-03-31,7,Bot,51,0,1,0,0,119,109,500743,686753,,,,,,,,,,,,,,,,,,,,,,,,,645444
718765,2023-03-31,7,Bot,51,1,1,1,0,119,109,500743,686753,,,,,,,,,,,,,,,,,,,,,,,,,645444
718765,2023-03-31,7,Bot,51,2,1,2,0,119,109,500743,686753,,,,,,,,,,,,,,,,,,,,,,,,,645444
718765,2023-03-31,7,Bot,51,3,2,2,0,119,109,500743,686753,,,,,,,,,,,,,,,,,,,,,,,,,645444
718765,2023-03-31,7,Bot,51,4,2,3,0,119,109,500743,686753,strikeout,Strikeout,Miguel Rojas strikes out swinging.,T,,,,,,,,,,500743,,,T,1,Strikeout,strikeout,,,,,645444
718765,2023-03-31,7,Bot,52,0,0,1,1,119,109,605141,686753,,,,,,,,,,,,,,,,,,,,,,,,,645444
718765,2023-03-31,7,Bot,52,1,0,2,1,119,109,605141,686753,,,,,,,,,,,,,,,,,,,,,,,,,645444
718765,2023-03-31,7,Bot,52,2,0,2,1,119,109,605141,686753,home_run,Home Run,Mookie Betts homers (1) on a fly ball to left center field.,T,,,,,,,,,,605141,,score,,,Home Run,home_run,,T,T,T,645444
718765,2023-03-31,7,Bot,53,0,0,1,1,119,109,518692,686753,,,,,,,,,,,,,,,,,,,,,,,,,645444
718765,2023-03-31,7,Bot,53,1,1,1,1,119,109,518692,686753,,,,,,,,,,,,,,,,,,,,,,,,,645444
718765,2023-03-31,7,Bot,53,2,1,1,1,119,109,518692,686753,field_out,Groundout,"Freddie Freeman grounds out, third baseman Josh Rojas to first baseman Christian Walker.",T,,,,,,,,,,518692,,,T,2,Groundout,field_out,,,,,645444
718765,2023-03-31,7,Bot,54,0,1,0,2,119,109,669257,686753,,,,,,,,,,,,,,,,,,,,,,,,,645444
718765,2023-03-31,7,Bot,54,1,2,0,2,119,109,669257,686753,,,,,,,,,,,,,,,,,,,,,,,,,645444
718765,2023-03-31,7,Bot,54,2,2,1,2,119,109,669257,686753,,,,,,,,,,,,,,,,,,,,,,,,,645444
718765,2023-03-31,7,Bot,54,3,2,1,2,119,109,669257,686753,single,Single,Will Smith singles on a line drive to left fielder Corbin Carroll.,T,,,,,,,,,,669257,,1B,,,Single,single,,,,,645444
718765,2023-03-31,7,Bot,55,0,0,1,2,119,109,571970,686753,,,,,,,,,,,,,,,,,,,,,,,,,645444
718765,2023-03-31,7,Bot,55,1,0,1,2,119,109,571970,686753,field_out,Flyout,Max Muncy flies out to right fielder Jake McCarthy.,T,,,,,,,,,,571970,,,T,3,Flyout,field_out,,,,,645444
718765,2023-03-31,8,Top,56,0,0,0,0,119,109,605113,681911,,,,,,,,,,,,,,,,,,,,,,,,,669257
718765,2023-03-31,8,Top,56,1,0,0,0,119,109,605113,681911,,,,,,,,,,,,,,,,,,,,,,,,,669257
718765,2023-03-31,8,Top,56,2,1,0,0,119,109,605113,681911,,,,,,,,,,,,,,,,,,,,,,,,,669257
718765,2023-03-31,8,Top,56,3,1,1,0,119,109,605113,681911,,,,,,,,,,,,,,,,,,,,,,,,,669257
718765,2023-03-31,8,Top,56,4,1,2,0,119,109,605113,681911,,,,,,,,,,,,,,,,,,,,,,,,,669257
718765,2023-03-31,8,Top,56,5,2,2,0,119,109,605113,681911,,,,,,,,,,,,,,,,,,,,,,,,,669257
718765,2023-03-31,8,Top,56,6,2,2,0,119,109,605113,681911,,,,,,,,,,,,,,,,,,,,,,,,,669257
718765,2023-03-31,8,Top,56,7,2,2,0,119,109,605113,681911,,,,,,,,,,,,,,,,,,,,,,,,,669257
718765,2023-03-31,8,Top,56,8,2,2,0,119,109,605113,681911,field_out,Groundout,"Nick Ahmed grounds out, third baseman Max Muncy to first baseman Freddie Freeman.",T,,,,,,,,,,605113,,,T,1,Groundout,field_out,,,,,669257
718765,2023-03-31,8,Top,57,0,0,0,1,119,109,446334,681911,,,,,,,,,,,,,,,,,,,,,,,,,669257
718765,2023-03-31,8,Top,57,1,1,0,1,119,109,446334,681911,,,,,,,,,,,,,,,,,,,,,,,,,669257
718765,2023-03-31,8,Top,57,2,1,1,1,119,109,446334,681911,,,,,,,,,,,,,,,,,,,,,,,,,669257
718765,2023-03-31,8,Top,57,3,1,2,1,119,109,446334,681911,,,,,,,,,,,,,,,,,,,,,,,,,669257
718765,2023-03-31,8,Top,57,4,2,2,1,119,109,446334,681911,,,,,,,,,,,,,,,,,,,,,,,,,669257
718765,2023-03-31,8,Top,57,5,3,2,1,119,109,446334,681911,,,,,,,,,,,,,,,,,,,,,,,,,669257
718765,2023-03-31,8,Top,57,6,3,2,1,119,109,446334,681911,double,Double,Evan Longoria doubles (1) on a sharp line drive to left fielder David Peralta.,T,,,,,,,,,,446334,,2B,,,Double,double,,,,,669257
718765,2023-03-31,8,Top,58,0,0,0,1,119,109,641786,681911,,,,,,,,,,,,,,,,,,,,,,,,,669257
718765,2023-03-31,8,Top,58,1,0,0,1,119,109,641786,681911,,,,,,,,,,,,,,,,,,,,,,,,,669257
718765,2023-03-31,8,Top,58,2,1,0,1,119,109,641786,681911,,,,,,,,,,,,,,,,,,,,,,,,,669257
718765,2023-03-31,8,Top,58,3,1,1,1,119,109,641786,681911,,,,,,,,,,,,,,,,,,,,,,,,,669257
718765,2023-03-31,8,Top,58,4,2,1,1,119,109,641786,681911,,,,,,,,,,,,,,,,,,,,,,,,,669257
718765,2023-03-31,8,Top,58,5,2,1,1,119,109,641786,681911,home_run,Home Run,Kyle Lewis homers (1) on a fly ball to left center field. Evan Longoria scores.,T,,,,,,,,,,641786,,score,,,Home Run,home_run,,T,T,T,669257
718765,2023-03-31,8,Top,59,0,0,0,1,119,109,606466,681911,field_out,Flyout,Ketel Marte flies out to left fielder David Peralta.,T,,,,,,,,,,606466,,,T,2,Flyout,field_out,,,,,669257
718765,2023-03-31,8,Top,60,0,0,1,2,119,109,666971,681911,,,,,,,,,,,,,,,,,,,,,,,,,669257
718765,2023-03-31,8,Top,60,1,1,1,2,119,109,666971,681911,,,,,,,,,,,,,,,,,,,,,,,,,669257
718765,2023-03-31,8,Top,60,2,1,2,2,119,109,666971,681911,,,,,,,,,,,,,,,,,,,,,,,,,669257
718765,2023-03-31,8,Top,60,3,1,2,2,119,109,666971,681911,single,Single,Lourdes Gurriel Jr. singles on a line drive to right fielder Mookie Betts.,T,,,,,,,,,,666971,,1B,,,Single,single,,,,,669257
718765,2023-03-31,8,Top,61,0,0,0,2,119,109,572233,623465,,,,,,,,,,,,,,,,,,,,,,,,,669257
718765,2023-03-31,8,Top,61,1,0,0,2,119,109,572233,623465,,,,,,,,,,,,,,,,,,,,,,,,,669257
718765,2023-03-31,8,Top,61,2,0,0,2,119,109,572233,623465,field_out,Flyout,Christian Walker flies out to center fielder James Outman.,T,,,,,,,,,,572233,,,T,3,Flyout,field_out,,,,,669257
718765,2023-03-31,8,Bot,62,0,0,0,0,119,109,502110,686753,,,,,,,,,,,,,,,,,,,,,,,,,645444
718765,2023-03-31,8,Bot,62,1,0,0,0,119,109,502110,686753,,,,,,,,,,,,,,,,,,,,,,,,,645444
718765,2023-03-31,8,Bot,62,2,0,0,0,119,109,502110,686753,,,,,,,,,,,,,,,,,,,,,,,,,645444
718765,2023-03-31,8,Bot,62,3,0,0,0,119,109,502110,686753,,,,,,,,,,,,,,,,,,,,,,,,,645444
718765,2023-03-31,8,Bot,62,4,0,0,0,119,109,502110,686753,,,,,,,,,,,,,,,,,,,,,,,,,645444
718765,2023-03-31,8,Bot,62,5,1,0,0,119,109,502110,686753,,,,,,,,,,,,,,,,,,,,,,,,,645444
718765,2023-03-31,8,Bot,62,6,2,0,0,119,109,502110,686753,,,,,,,,,,,,,,,,,,,,,,,,,645444
718765,2023-03-31,8,Bot,62,7,2,1,0,119,109,502110,686753,,,,,,,,,,,,,,,,,,,,,,,,,645444
718765,2023-03-31,8,Bot,62,8,2,2,0,119,109,502110,686753,,,,,,,,,,,,,,,,,,,,,,,,,645444
718765,2023-03-31,8,Bot,62,9,2,3,0,119,109,502110,686753,strikeout,Strikeout,J.D. Martinez strikes out swinging.,T,,,,,,,,,,502110,,,T,1,Strikeout,strikeout,,,,,645444
718765,2023-03-31,8,Bot,63,0,0,0,1,119,109,444482,686753,field_out,Groundout,"David Peralta grounds out, second baseman Ketel Marte to first baseman Christian Walker.",T,,,,,,,,,,444482,,,T,2,Groundout,field_out,,,,,645444
718765,2023-03-31,8,Bot,64,0,1,0,2,119,109,678246,686753,,,,,,,,,,,,,,,,,,,,,,,,,645444
718765,2023-03-31,8,Bot,64,1,2,0,2,119,109,678246,686753,,,,,,,,,,,,,,,,,,,,,,,,,645444
718765,2023-03-31,8,Bot,64,2,2,1,2,119,109,678246,686753,,,,,,,,,,,,,,,,,,,,,,,,,645444
718765,2023-03-31,8,Bot,64,3,2,2,2,119,109,678246,686753,,,,,,,,,,,,,,,,,,,,,,,,,645444
718765,2023-03-31,8,Bot,64,4,3,2,2,119,109,678246,686753,,,,,,,,,,,,,,,,,,,,,,,,,645444
718765,2023-03-31,8,Bot,64,5,4,2,2,119,109,678246,686753,walk,Walk,Miguel Vargas walks.,T,,,,,,,,,,678246,,1B,,,Walk,walk,,,,,645444
718765,2023-03-31,8,Bot,65,0,0,0,2,119,109,681546,543518,,,,,,,,,,,,,,,,,,,,,,,,,645444
718765,2023-03-31,8,Bot,65,1,0,0,2,119,109,681546,543518,,,,,,,,,,,,,,,,,,,,,,,,,645444
718765,2023-03-31,8,Bot,65,2,0,1,2,119,109,681546,543518,,,,,,,,,,,,,,,,,,,,,,,,,645444
718765,2023-03-31,8,Bot,65,3,1,1,2,119,109,681546,543518,,,,,,,,,,,,,,,,,,,,,,,,,645444
718765,2023-03-31,8,Bot,65,4,1,1,2,119,109,681546,543518,,,,,,,,,,,,,,,,,,,,,,,,,645444
718765,2023-03-31,8,Bot,65,5,2,1,2,119,109,681546,543518,,,,,,,,,,,,,,,,,,,,,,,,,645444
718765,2023-03-31,8,Bot,65,6,2,2,2,119,109,681546,543518,,,,,,,,,,,,,,,,,,,,,,,,,645444
718765,2023-03-31,8,Bot,65,7,3,2,2,119,109,681546,543518,,,,,,,,,,,,,,,,,,,,,,,,,645444
718765,2023-03-31,8,Bot,65,8,4,2,2,119,109,681546,543518,walk,Walk,James Outman walks.,T,,,,,,,,,,678246,1B,2B,,,Wild Pitch,wild_pitch,r_adv_play,,,,645444
718765,2023-03-31,8,Bot,66,0,1,0,2,119,109,500743,543518,,,,,,,,,,,,,,,,,,,,,,,,,645444
718765,2023-03-31,8,Bot,66,1,1,0,2,119,109,500743,543518,field_out,Lineout,Miguel Rojas lines out to shortstop Nick Ahmed.,T,,,,,,,,,,500743,,,T,3,Lineout,field_out,,,,,645444
718765,2023-03-31,9,Top,67,0,0,0,0,119,109,682998,657571,,,,,,,,,,,,,,,,,,,,,,,,,669257
718765,2023-03-31,9,Top,67,1,1,0,0,119,109,682998,657571,,,,,,,,,,,,,,,,,,,,,,,,,669257
718765,2023-03-31,9,Top,67,2,2,0,0,119,109,682998,657571,,,,,,,,,,,,,,,,,,,,,,,,,669257
718765,2023-03-31,9,Top,67,3,2,1,0,119,109,682998,657571,,,,,,,,,,,,,,,,,,,,,,,,,669257
718765,2023-03-31,9,Top,67,4,2,1,0,119,109,682998,657571,single,Single,"D-backs challenged (play at 1st), call on the field was overturned: Corbin Carroll singles on a ground ball to first baseman Freddie Freeman.",T,,,,,,,,,,682998,,1B,,,Single,single,,,,,669257
718765,2023-03-31,9,Top,68,0,0,1,0,119,109,672515,657571,,,,,,,,,,,,,,,,,,,,,,,,,669257
718765,2023-03-31,9,Top,68,1,0,2,0,119,109,672515,657571,,,,,,,,,,,,,,,,,,,,,,,,,669257
718765,2023-03-31,9,Top,68,2,0,2,0,119,109,672515,657571,,,,,,,,,,,,,,,,,,,,,,,,,669257
718765,2023-03-31,9,Top,68,3,0,2,0,119,109,672515,657571,,,,,,,,,,,,,,,,,,,,,,,,,669257
718765,2023-03-31,9,Top,68,4,0,3,0,119,109,672515,657571,strikeout,Strikeout,Gabriel Moreno strikes out swinging.,T,,,,,,,,,,672515,,,T,1,Strikeout,strikeout,,,,,669257
718765,2023-03-31,9,Top,69,0,0,1,1,119,109,664983,657571,,,,,,,,,,,,,,,,,,,,,,,,,669257
718765,2023-03-31,9,Top,69,1,0,1,1,119,109,664983,657571,force_out,Forceout,"Jake McCarthy grounds into a force out, first baseman Freddie Freeman to shortstop Miguel Rojas. Corbin Carroll out at 2nd. Jake McCarthy to 1st.",T,,,,,,,,,,682998,1B,,T,2,Forceout,force_out,r_force_out,,,,669257
718765,2023-03-31,9,Top,70,0,1,0,2,119,109,605113,657571,,,,,,,,,,,,,,,,,,,,,,,,,669257
718765,2023-03-31,9,Top,70,1,1,0,2,119,109,605113,657571,,,,,,,,,,,,,,,,,,,,,,,,,669257
718765,2023-03-31,9,Top,70,2,1,1,2,119,109,605113,657571,,,,,,,,,,,,,,,,,,,,,,,,,669257
718765,2023-03-31,9,Top,70,3,1,2,2,119,109,605113,657571,,,,,,,,,,,,,,,,,,,,,,,,,669257
718765,2023-03-31,9,Top,70,4,1,2,2,119,109,605113,657571,field_out,Groundout,"Nick Ahmed grounds out, second baseman Miguel Vargas to first baseman Freddie Freeman.",T,,,,,,,,,,605113,,,T,3,Groundout,field_out,,,,,669257
718765,2023-03-31,9,Bot,71,0,1,0,0,119,109,605141,543518,,,,,,,,,,,,,,,,,,,,,,,,,645444
718765,2023-03-31,9,Bot,71,1,1,1,0,119,109,605141,543518,,,,,,,,,,,,,,,,,,,,,,,,,645444
718765,2023-03-31,9,Bot,71,2,2,1,0,119,109,605141,543518,,,,,,,,,,,,,,,,,,,,,,,,,645444
718765,2023-03-31,9,Bot,71,3,3,1,0,119,109,605141,543518,,,,,,,,,,,,,,,,,,,,,,,,,645444
718765,2023-03-31,9,Bot,71,4,4,1,0,119,109,605141,543518,walk,Walk,Mookie Betts walks.,T,,,,,,,,,,605141,,1B,,,Walk,walk,,,,,645444
718765,2023-03-31,9,Bot,72,0,0,0,0,119,109,518692,605177,,,,,,,,,,,,,,,,,,,,,,,,,645444
718765,2023-03-31,9,Bot,72,1,0,0,0,119,109,518692,605177,,,,,,,,,,,,,,,,,,,,,,,,,645444
718765,2023-03-31,9,Bot,72,2,0,1,0,119,109,518692,605177,,,,,,,,,,,,,,,,,,,,,,,,,645444
718765,2023-03-31,9,Bot,72,3,1,1,0,119,109,518692,605177,,,,,,,,,,,,,,,,,,,,,,,,,645444
718765,2023-03-31,9,Bot,72,4,1,1,0,119,109,518692,605177,force_out,Forceout,"Freddie Freeman grounds into a force out, first baseman Christian Walker to shortstop Nick Ahmed. Mookie Betts out at 2nd. Freddie Freeman to 1st.",T,,,,,,,,,,605141,1B,,T,1,Forceout,force_out,r_force_out,,,,645444
718765,2023-03-31,9,Bot,73,0,1,0,1,119,109,669257,605177,,,,,,,,,,,,,,,,,,,,,,,,,645444
718765,2023-03-31,9,Bot,73,1,2,0,1,119,109,669257,605177,,,,,,,,,,,,,,,,,,,,,,,,,645444
718765,2023-03-31,9,Bot,73,2,2,1,1,119,109,669257,605177,,,,,,,,,,,,,,,,,,,,,,,,,645444
718765,2023-03-31,9,Bot,73,3,2,1,1,119,109,669257,605177,field_out,Groundout,"Will Smith grounds out, pitcher Andrew Chafin to first baseman Christian Walker. Freddie Freeman to 2nd.",T,,,,,,,,,,669257,,,T,2,Groundout,field_out,,,,,645444
718765,2023-03-31,9,Bot,74,0,0,1,2,119,109,571970,605177,,,,,,,,,,,,,,,,,,,,,,,,,645444
718765,2023-03-31,9,Bot,74,1,0,2,2,119,109,571970,605177,,,,,,,,,,,,,,,,,,,,,,,,,645444
718765,2023-03-31,9,Bot,74,2,0,2,2,119,109,571970,605177,field_out,Flyout,Max Muncy flies out to left fielder Lourdes Gurriel Jr.,T,,,,,,,,,,571970,,,T,3,Flyout,field_out,,,,,645444
718763,2023-03-31,1,Top,0,0,0,0,0,136,114,680757,592662,,,,,,,,,,,,,,,,,,,,,,,,,663728
718763,2023-03-31,1,Top,0,1,0,0,0,136,114,680757,592662,,,,,,,,,,,,,,,,,,,,,,,,,663728
718763,2023-03-31,1,Top,0,2,0,0,0,136,114,680757,592662,,,,,,,,,,,,,,,,,,,,,,,,,663728
718763,2023-03-31,1,Top,0,3,0,1,0,136,114,680757,592662,,,,,,,,,,,,,,,,,,,,,,,,,663728
718763,2023-03-31,1,Top,0,4,0,2,0,136,114,680757,592662,,,,,,,,,,,,,,,,,,,,,,,,,663728
718763,2023-03-31,1,Top,0,5,0,2,0,136,114,680757,592662,,,,,,,,,,,,,,,,,,,,,,,,,663728
718763,2023-03-31,1,Top,0,6,1,2,0,136,114,680757,592662,,,,,,,,,,,,,,,,,,,,,,,,,663728
718763,2023-03-31,1,Top,0,7,2,2,0,136,114,680757,592662,,,,,,,,,,,,,,,,,,,,,,,,,663728
718763,2023-03-31,1,Top,0,8,2,2,0,136,114,680757,592662,,,,,,,,,,,,,,,,,,,,,,,,,663728
718763,2023-03-31,1,Top,0,9,3,2,0,136,114,680757,592662,,,,,,,,,,,,,,,,,,,,,,,,,663728
718763,2023-03-31,1,Top,0,10,3,2,0,136,114,680757,592662,,,,,,,,,,,,,,,,,,,,,,,,,663728
718763,2023-03-31,1,Top,0,11,3,3,0,136,114,680757,592662,strikeout,Strikeout,Steven Kwan strikes out swinging.,T,,,,,,,,,,680757,,,T,1,Strikeout,strikeout,,,,,663728
718763,2023-03-31,1,Top,1,0,0,1,1,136,114,642708,592662,,,,,,,,,,,,,,,,,,,,,,,,,663728
718763,2023-03-31,1,Top,1,1,0,2,1,136,114,642708,592662,,,,,,,,,,,,,,,,,,,,,,,,,663728
718763,2023-03-31,1,Top,1,2,0,2,1,136,114,642708,592662,,,,,,,,,,,,,,,,,,,,,,,,,663728
718763,2023-03-31,1,Top,1,3,1,2,1,136,114,642708,592662,,,,,,,,,,,,,,,,,,,,,,,,,663728
718763,2023-03-31,1,Top,1,4,1,2,1,136,114,642708,592662,field_out,Flyout,Amed Rosario flies out to center fielder Julio Rodriguez.,T,,,,,,,,,,642708,,,T,2,Flyout,field_out,,,,,663728
718763,2023-03-31,1,Top,2,0,1,0,2,136,114,608070,592662,,,,,,,,,,,,,,,,,,,,,,,,,663728
718763,2023-03-31,1,Top,2,1,2,0,2,136,114,608070,592662,,,,,,,,,,,,,,,,,,,,,,,,,663728
718763,2023-03-31,1,Top,2,2,3,0,2,136,114,608070,592662,,,,,,,,,,,,,,,,,,,,,,,,,663728
718763,2023-03-31,1,Top,2,3,4,0,2,136,114,608070,592662,walk,Walk,Jose Ramirez walks.,T,,,,,,,,,,608070,,1B,,,Walk,walk,,,,,663728
718763,2023-03-31,1,Top,3,0,1,0,2,136,114,605137,592662,,,,,,,,,,,,,,,,,,,,,,,,,663728
718763,2023-03-31,1,Top,3,1,1,0,2,136,114,605137,592662,,,,,,,,,,,,,,,,,,,,,,,,,663728
718763,2023-03-31,1,Top,3,2,2,0,2,136,114,605137,592662,,,,,,,,,,,,,,,,,,,,,,,,,663728
718763,2023-03-31,1,Top,3,3,3,0,2,136,114,605137,592662,,,,,,,,,,,,,,,,,,,,,,,,,663728
718763,2023-03-31,1,Top,3,4,4,0,2,136,114,605137,592662,walk,Walk,Josh Bell walks. Jose Ramirez to 2nd.,T,,,,,,,,,,608070,1B,2B,,,Walk,walk,r_adv_force,,,,663728
718763,2023-03-31,1,Top,4,0,0,0,2,136,114,647304,592662,,,,,,,,,,,,,,,,,,,,,,,,,663728
718763,2023-03-31,1,Top,4,1,0,1,2,136,114,647304,592662,,,,,,,,,,,,,,,,,,,,,,,,,663728
718763,2023-03-31,1,Top,4,2,1,1,2,136,114,647304,592662,,,,,,,,,,,,,,,,,,,,,,,,,663728
718763,2023-03-31,1,Top,4,3,1,2,2,136,114,647304,592662,,,,,,,,,,,,,,,,,,,,,,,,,663728
718763,2023-03-31,1,Top,4,4,1,3,2,136,114,647304,592662,strikeout,Strikeout,Josh Naylor strikes out swinging.,T,,,,,,,,,,647304,,,T,3,Strikeout,strikeout,,,,,663728
718763,2023-03-31,1,Bot,5,0,0,1,0,136,114,677594,683769,,,,,,,,,,,,,,,,,,,,,,,,,650619
718763,2023-03-31,1,Bot,5,1,1,1,0,136,114,677594,683769,,,,,,,,,,,,,,,,,,,,,,,,,650619
718763,2023-03-31,1,Bot,5,2,1,2,0,136,114,677594,683769,,,,,,,,,,,,,,,,,,,,,,,,,650619
718763,2023-03-31,1,Bot,5,3,1,2,0,136,114,677594,683769,double,Double,Julio Rodriguez doubles (1) on a sharp line drive to right fielder Oscar Gonzalez.,T,,,,,,,,,,677594,,2B,,,Double,double,,,,,650619
718763,2023-03-31,1,Bot,6,0,0,1,0,136,114,543939,683769,,,,,,,,,,,,,,,,,,,,,,,,,650619
718763,2023-03-31,1,Bot,6,1,0,1,0,136,114,543939,683769,single,Single,Kolten Wong singles on a line drive to right fielder Oscar Gonzalez. Julio Rodriguez scores.,T,,,,,,,,,,543939,,1B,,,Single,single,,,,,650619
718763,2023-03-31,1,Bot,7,0,1,0,0,136,114,664034,683769,,,,,,,,,,,,,,,,,,,,,,,,,650619
718763,2023-03-31,1,Bot,7,1,1,0,0,136,114,664034,683769,field_out,Flyout,Ty France flies out to right fielder Oscar Gonzalez.,T,,,,,,,,,,664034,,,T,1,Flyout,field_out,,,,,650619
718763,2023-03-31,1,Bot,8,0,0,1,1,136,114,606192,683769,,,,,,,,,,,,,,,,,,,,,,,,,650619
718763,2023-03-31,1,Bot,8,1,0,2,1,136,114,606192,683769,,,,,,,,,,,,,,,,,,,,,,,,,650619
718763,2023-03-31,1,Bot,8,2,1,2,1,136,114,606192,683769,,,,,,,,,,,,,,,,,,,,,,,,,650619
718763,2023-03-31,1,Bot,8,3,2,2,1,136,114,606192,683769,,,,,,,,,,,,,,,,,,,,,,,,,650619
718763,2023-03-31,1,Bot,8,4,2,3,1,136,114,606192,683769,strikeout,Strikeout,Teoscar Hernandez strikes out swinging.,T,,,,,,,,,,606192,,,T,2,Strikeout,strikeout,,,,,650619
718763,2023-03-31,1,Bot,9,0,1,0,2,136,114,663728,683769,,,,,,,,,,,,,,,,,,,,,,,,,650619
718763,2023-03-31,1,Bot,9,1,2,0,2,136,114,663728,683769,,,,,,,,,,,,,,,,,,,,,,,,,650619
718763,2023-03-31,1,Bot,9,2,2,0,2,136,114,663728,683769,,,,,,,,,,,,,,,,,,,,,,,,,650619
718763,2023-03-31,1,Bot,9,3,2,1,2,136,114,663728,683769,,,,,,,,,,,,,,,,,,,,,,,,,650619
718763,2023-03-31,1,Bot,9,4,2,2,2,136,114,663728,683769,,,,,,,,,,,,,,,,,,,,,,,,,650619
718763,2023-03-31,1,Bot,9,5,2,2,2,136,114,663728,683769,field_out,Pop Out,Cal Raleigh pops out to third baseman Jose Ramirez.,T,,,,,,,,,,663728,,,T,3,Pop Out,field_out,,,,,650619
718763,2023-03-31,2,Top,10,0,0,1,0,136,114,660757,592662,,,,,,,,,,,,,,,,,,,,,,,,,663728
718763,2023-03-31,2,Top,10,1,0,2,0,136,114,660757,592662,,,,,,,,,,,,,,,,,,,,,,,,,663728
718763,2023-03-31,2,Top,10,2,0,2,0,136,114,660757,592662,,,,,,,,,,,,,,,,,,,,,,,,,663728
718763,2023-03-31,2,Top,10,3,0,2,0,136,114,660757,592662,single,Single,Oscar Gonzalez singles on a ground ball to center fielder Julio Rodriguez.,T,,,,,,,,,,660757,,1B,,,Single,single,,,,,663728
718763,2023-03-31,2,Top,11,0,0,0,0,136,114,665926,592662,single,Single,Andres Gimenez singles on a soft bunt ground ball to second baseman Kolten Wong. Oscar Gonzalez to 2nd.,T,,,,,,,,,,665926,,1B,,,Single,single,,,,,663728
718763,2023-03-31,2,Top,12,0,1,0,0,136,114,572287,592662,,,,,,,,,,,,,,,,,,,,,,,,,663728
718763,2023-03-31,2,Top,12,1,2,0,0,136,114,572287,592662,,,,,,,,,,,,,,,,,,,,,,,,,663728
718763,2023-03-31,2,Top,12,2,3,0,0,136,114,572287,592662,,,,,,,,,,,,,,,,,,,,,,,,,663728
718763,2023-03-31,2,Top,12,3,4,0,0,136,114,572287,592662,walk,Walk,Mike Zunino walks. Oscar Gonzalez to 3rd. Andres Gimenez to 2nd.,T,,,,,,,,,,660757,2B,3B,,,Walk,walk,r_adv_force,,,,663728
718763,2023-03-31,2,Top,13,0,0,0,0,136,114,664702,592662,,,,,,,,,,,,,,,,,,,,,,,,,663728
718763,2023-03-31,2,Top,13,1,0,1,0,136,114,664702,592662,,,,,,,,,,,,,,,,,,,,,,,,,663728
718763,2023-03-31,2,Top,13,2,0,1,0,136,114,664702,592662,field_out,Flyout,Myles Straw flies out to right fielder Teoscar Hernandez. Oscar Gonzalez scores. Andres Gimenez scores. Mike Zunino to 3rd. Myles Straw out at 1st. Throwing error by right fielder Teoscar Hernandez. Throwing error by pitcher Robbie Ray.,T,,,,,,,,,,664702,,,T,1,Flyout,field_out,,,,,663728
718763,2023-03-31,2,Top,14,0,0,1,1,136,114,680757,592662,,,,,,,,,,,,,,,,,,,,,,,,,663728
718763,2023-03-31,2,Top,14,1,1,1,1,136,114,680757,592662,,,,,,,,,,,,,,,,,,,,,,,,,663728
718763,2023-03-31,2,Top,14,2,2,1,1,136,114,680757,592662,,,,,,,,,,,,,,,,,,,,,,,,,663728
718763,2023-03-31,2,Top,14,3,2,1,1,136,114,680757,592662,sac_fly,Sac Fly,Steven Kwan out on a sacrifice fly to right fielder Teoscar Hernandez. Mike Zunino scores.,T,,,,,,,,,,680757,,,T,2,Sac Fly,sac_fly,,,,,663728
718763,2023-03-31,2,Top,15,0,1,0,2,136,114,642708,592662,,,,,,,,,,,,,,,,,,,,,,,,,663728
718763,2023-03-31,2,Top,15,1,1,1,2,136,114,642708,592662,,,,,,,,,,,,,,,,,,,,,,,,,663728
718763,2023-03-31,2,Top,15,2,1,2,2,136,114,642708,592662,,,,,,,,,,,,,,,,,,,,,,,,,663728
718763,2023-03-31,2,Top,15,3,2,2,2,136,114,642708,592662,,,,,,,,,,,,,,,,,,,,,,,,,663728
718763,2023-03-31,2,Top,15,4,2,2,2,136,114,642708,592662,field_out,Groundout,"Amed Rosario grounds out, third baseman Eugenio Suarez to first baseman Ty France.",T,,,,,,,,,,642708,,,T,3,Groundout,field_out,,,,,663728
718763,2023-03-31,2,Bot,16,0,0,1,0,136,114,553993,683769,,,,,,,,,,,,,,,,,,,,,,,,,650619
718763,2023-03-31,2,Bot,16,1,1,1,0,136,114,553993,683769,,,,,,,,,,,,,,,,,,,,,,,,,650619
718763,2023-03-31,2,Bot,16,2,1,1,0,136,114,553993,683769,field_out,Flyout,Eugenio Suarez flies out to left fielder Steven Kwan.,T,,,,,,,,,,553993,,,T,1,Flyout,field_out,,,,,650619
718763,2023-03-31,2,Bot,17,0,1,0,1,136,114,672284,683769,,,,,,,,,,,,,,,,,,,,,,,,,650619
718763,2023-03-31,2,Bot,17,1,1,1,1,136,114,672284,683769,,,,,,,,,,,,,,,,,,,,,,,,,650619
718763,2023-03-31,2,Bot,17,2,1,2,1,136,114,672284,683769,,,,,,,,,,,,,,,,,,,,,,,,,650619
718763,2023-03-31,2,Bot,17,3,2,2,1,136,114,672284,683769,,,,,,,,,,,,,,,,,,,,,,,,,650619
718763,2023-03-31,2,Bot,17,4,2,2,1,136,114,672284,683769,double,Double,Jarred Kelenic doubles (1) on a sharp line drive to left fielder Steven Kwan.,T,,,,,,,,,,672284,,2B,,,Double,double,,,,,650619
718763,2023-03-31,2,Bot,18,0,1,0,1,136,114,669450,683769,,,,,,,,,,,,,,,,,,,,,,,,,650619
718763,2023-03-31,2,Bot,18,1,1,1,1,136,114,669450,683769,,,,,,,,,,,,,,,,,,,,,,,,,650619
718763,2023-03-31,2,Bot,18,2,1,1,1,136,114,669450,683769,field_out,Groundout,Cooper Hummel grounds out to first baseman Josh Bell. Jarred Kelenic to 3rd.,T,,,,,,,,,,669450,,,T,2,Groundout,field_out,,,,,650619
718763,2023-03-31,2,Bot,19,0,0,1,2,136,114,641487,683769,,,,,,,,,,,,,,,,,,,,,,,,,650619
718763,2023-03-31,2,Bot,19,1,0,2,2,136,114,641487,683769,,,,,,,,,,,,,,,,,,,,,,,,,650619
718763,2023-03-31,2,Bot,19,2,0,3,2,136,114,641487,683769,strikeout,Strikeout,J.P. Crawford called out on strikes.,T,,,,,,,,,,641487,,,T,3,Strikeout,strikeout,,,,,650619
718763,2023-03-31,3,Top,20,0,0,1,0,136,114,608070,592662,,,,,,,,,,,,,,,,,,,,,,,,,663728
718763,2023-03-31,3,Top,20,1,1,1,0,136,114,608070,592662,,,,,,,,,,,,,,,,,,,,,,,,,663728
718763,2023-03-31,3,Top,20,2,1,1,0,136,114,608070,592662,field_out,Groundout,"Jose Ramirez grounds out, shortstop J. P. Crawford to first baseman Ty France.",T,,,,,,,,,,608070,,,T,1,Groundout,field_out,,,,,663728
718763,2023-03-31,3,Top,21,0,1,0,1,136,114,605137,592662,,,,,,,,,,,,,,,,,,,,,,,,,663728
718763,2023-03-31,3,Top,21,1,2,0,1,136,114,605137,592662,,,,,,,,,,,,,,,,,,,,,,,,,663728
718763,2023-03-31,3,Top,21,2,2,1,1,136,114,605137,592662,,,,,,,,,,,,,,,,,,,,,,,,,663728
718763,2023-03-31,3,Top,21,3,3,1,1,136,114,605137,592662,,,,,,,,,,,,,,,,,,,,,,,,,663728
718763,2023-03-31,3,Top,21,4,3,2,1,136,114,605137,592662,,,,,,,,,,,,,,,,,,,,,,,,,663728
718763,2023-03-31,3,Top,21,5,4,2,1,136,114,605137,592662,walk,Walk,Josh Bell walks.,T,,,,,,,,,,605137,,1B,,,Walk,walk,,,,,663728
718763,2023-03-31,3,Top,22,0,0,1,1,136,114,647304,592662,,,,,,,,,,,,,,,,,,,,,,,,,663728
718763,2023-03-31,3,Top,22,1,0,2,1,136,114,647304,592662,,,,,,,,,,,,,,,,,,,,,,,,,663728
718763,2023-03-31,3,Top,22,2,0,2,1,136,114,647304,592662,,,,,,,,,,,,,,,,,,,,,,,,,663728
718763,2023-03-31,3,Top,22,3,0,3,1,136,114,647304,592662,strikeout,Strikeout,Josh Naylor strikes out swinging.,T,,,,,,,,,,647304,,,T,2,Strikeout,strikeout,,,,,663728
718763,2023-03-31,3,Top,23,0,0,1,2,136,114,660757,592662,,,,,,,,,,,,,,,,,,,,,,,,,663728
718763,2023-03-31,3,Top,23,1,1,1,2,136,114,660757,592662,,,,,,,,,,,,,,,,,,,,,,,,,663728
718763,2023-03-31,3,Top,23,2,1,1,2,136,114,660757,592662,,,,,,,,,,,,,,,,,,,,,,,,,663728
718763,2023-03-31,3,Top,23,3,2,1,2,136,114,660757,592662,,,,,,,,,,,,,,,,,,,,,,,,,663728
718763,2023-03-31,3,Top,23,4,2,2,2,136,114,660757,592662,,,,,,,,,,,,,,,,,,,,,,,,,663728
718763,2023-03-31,3,Top,23,5,2,2,2,136,114,660757,592662,,,,,,,,,,,,,,,,,,,,,,,,,663728
718763,2023-03-31,3,Top,23,6,3,2,2,136,114,660757,592662,,,,,,,,,,,,,,,,,,,,,,,,,663728
718763,2023-03-31,3,Top,23,7,3,2,2,136,114,660757,592662,field_out,Groundout,"Oscar Gonzalez grounds out, third baseman Eugenio Suarez to first baseman Ty France.",T,,,,,,,,,,605137,1B,2B,,,Wild Pitch,wild_pitch,r_adv_play,,,,663728
718763,2023-03-31,3,Bot,24,0,0,1,0,136,114,677594,683769,,,,,,,,,,,,,,,,,,,,,,,,,650619
718763,2023-03-31,3,Bot,24,1,0,1,0,136,114,677594,683769,field_out,Groundout,"Julio Rodriguez grounds out, shortstop Amed Rosario to first baseman Josh Bell.",T,,,,,,,,,,677594,,,T,1,Groundout,field_out,,,,,650619
718763,2023-03-31,3,Bot,25,0,1,0,1,136,114,543939,683769,,,,,,,,,,,,,,,,,,,,,,,,,650619
718763,2023-03-31,3,Bot,25,1,1,1,1,136,114,543939,683769,,,,,,,,,,,,,,,,,,,,,,,,,650619
718763,2023-03-31,3,Bot,25,2,2,1,1,136,114,543939,683769,,,,,,,,,,,,,,,,,,,,,,,,,650619
718763,2023-03-31,3,Bot,25,3,3,1,1,136,114,543939,683769,,,,,,,,,,,,,,,,,,,,,,,,,650619
718763,2023-03-31,3,Bot,25,4,3,2,1,136,114,543939,683769,,,,,,,,,,,,,,,,,,,,,,,,,650619
718763,2023-03-31,3,Bot,25,5,3,2,1,136,114,543939,683769,,,,,,,,,,,,,,,,,,,,,,,,,650619
718763,2023-03-31,3,Bot,25,6,4,2,1,136,114,543939,683769,walk,Walk,Kolten Wong walks.,T,,,,,,,,,,543939,,1B,,,Walk,walk,,,,,650619
718763,2023-03-31,3,Bot,26,0,0,1,1,136,114,664034,683769,,,,,,,,,,,,,,,,,,,,,,,,,650619
718763,2023-03-31,3,Bot,26,1,1,1,1,136,114,664034,683769,,,,,,,,,,,,,,,,,,,,,,,,,650619
718763,2023-03-31,3,Bot,26,2,1,1,1,136,114,664034,683769,single,Single,Ty France singles on a ground ball to left fielder Steven Kwan. Kolten Wong to 2nd.,T,,,,,,,,,,664034,,1B,,,Single,single,,,,,650619
718763,2023-03-31,3,Bot,27,0,0,1,1,136,114,606192,683769,,,,,,,,,,,,,,,,,,,,,,,,,650619
718763,2023-03-31,3,Bot,27,1,0,2,1,136,114,606192,683769,,,,,,,,,,,,,,,,,,,,,,,,,650619
718763,2023-03-31,3,Bot,27,2,1,2,1,136,114,606192,683769,,,,,,,,,,,,,,,,,,,,,,,,,650619
718763,2023-03-31,3,Bot,27,3,1,2,1,136,114,606192,683769,,,,,,,,,,,,,,,,,,,,,,,,,650619
718763,2023-03-31,3,Bot,27,4,1,2,1,136,114,606192,683769,,,,,,,,,,,,,,,,,,,,,,,,,650619
718763,2023-03-31,3,Bot,27,5,1,2,1,136,114,606192,683769,,,,,,,,,,,,,,,,,,,,,,,,,650619
718763,2023-03-31,3,Bot,27,6,2,2,1,136,114,606192,683769,,,,,,,,,,,,,,,,,,,,,,,,,650619
718763,2023-03-31,3,Bot,27,7,2,2,1,136,114,606192,683769,,,,,,,,,,,,,,,,,,,,,,,,,650619
718763,2023-03-31,3,Bot,27,8,2,2,1,136,114,606192,683769,,,,,,,,,,,,,,,,,,,,,,,,,650619
718763,2023-03-31,3,Bot,27,9,2,2,1,136,114,606192,683769,,,,,,,,,,,,,,,,,,,,,,,,,650619
718763,2023-03-31,3,Bot,27,10,2,2,1,136,114,606192,683769,,,,,,,,,,,,,,,,,,,,,,,,,650619
718763,2023-03-31,3,Bot,27,11,2,2,1,136,114,606192,683769,,,,,,,,,,,,,,,,,,,,,,,,,650619
718763,2023-03-31,3,Bot,27,12,2,3,1,136,114,606192,683769,strikeout,Strikeout,Teoscar Hernandez strikes out swinging.,T,,,,,,,,,,543939,2B,3B,,,Wild Pitch,wild_pitch,r_adv_play,,,,650619
718763,2023-03-31,3,Bot,28,0,0,0,2,136,114,663728,683769,,,,,,,,,,,,,,,,,,,,,,,,,650619
718763,2023-03-31,3,Bot,28,1,1,0,2,136,114,663728,683769,,,,,,,,,,,,,,,,,,,,,,,,,650619
718763,2023-03-31,3,Bot,28,2,1,0,2,136,114,663728,683769,double,Double,Cal Raleigh doubles (1) on a sharp line drive to center fielder Myles Straw. Kolten Wong scores. Ty France scores.,T,,,,,,,,,,663728,,2B,,,Double,double,,,,,650619
718763,2023-03-31,3,Bot,29,0,0,0,2,136,114,553993,683769,field_out,Lineout,Eugenio Suarez lines out to right fielder Oscar Gonzalez.,T,,,,,,,,,,553993,,,T,3,Lineout,field_out,,,,,650619
718763,2023-03-31,4,Top,30,0,1,0,0,136,114,665926,592662,,,,,,,,,,,,,,,,,,,,,,,,,663728
718763,2023-03-31,4,Top,30,1,1,1,0,136,114,665926,592662,,,,,,,,,,,,,,,,,,,,,,,,,663728
718763,2023-03-31,4,Top,30,2,1,2,0,136,114,665926,592662,,,,,,,,,,,,,,,,,,,,,,,,,663728
718763,2023-03-31,4,Top,30,3,1,2,0,136,114,665926,592662,,,,,,,,,,,,,,,,,,,,,,,,,663728
718763,2023-03-31,4,Top,30,4,2,2,0,136,114,665926,592662,,,,,,,,,,,,,,,,,,,,,,,,,663728
718763,2023-03-31,4,Top,30,5,3,2,0,136,114,665926,592662,,,,,,,,,,,,,,,,,,,,,,,,,663728
718763,2023-03-31,4,Top,30,6,4,2,0,136,114,665926,592662,walk,Walk,Andres Gimenez walks.,T,,,,,,,,,,665926,,1B,,,Walk,walk,,,,,663728
718763,2023-03-31,4,Top,31,0,1,0,0,136,114,572287,592662,,,,,,,,,,,,,,,,,,,,,,,,,663728
718763,2023-03-31,4,Top,31,1,1,1,0,136,114,572287,592662,,,,,,,,,,,,,,,,,,,,,,,,,663728
718763,2023-03-31,4,Top,31,2,2,1,0,136,114,572287,592662,,,,,,,,,,,,,,,,,,,,,,,,,663728
718763,2023-03-31,4,Top,31,3,2,2,0,136,114,572287,592662,,,,,,,,,,,,,,,,,,,,,,,,,663728
718763,2023-03-31,4,Top,31,4,2,2,0,136,114,572287,592662,,,,,,,,,,,,,,,,,,,,,,,,,663728
718763,2023-03-31,4,Top,31,5,2,2,0,136,114,572287,592662,,,,,,,,,,,,,,,,,,,,,,,,,663728
718763,2023-03-31,4,Top,31,6,2,2,0,136,114,572287,592662,field_out,Pop Out,Mike Zunino pops out to first baseman Ty France in foul territory.,T,,,,,,,,,,572287,,,T,1,Pop Out,field_out,,,,,663728
718763,2023-03-31,4,Top,32,0,1,0,1,136,114,664702,592662,,,,,,,,,,,,,,,,,,,,,,,,,663728
718763,2023-03-31,4,Top,32,1,1,1,1,136,114,664702,592662,,,,,,,,,,,,,,,,,,,,,,,,,663728
718763,2023-03-31,4,Top,32,2,2,1,1,136,114,664702,592662,,,,,,,,,,,,,,,,,,,,,,,,,663728
718763,2023-03-31,4,Top,32,3,2,1,1,136,114,664702,592662,single,Single,Myles Straw singles on a ground ball to right fielder Teoscar Hernandez. Andres Gimenez to 2nd.,T,,,,,,,,,,664702,,1B,,,Single,single,,,,,663728
718763,2023-03-31,4,Top,33,0,0,1,1,136,114,680757,592662,,,,,,,,,,,,,,,,,,,,,,,,,663728
718763,2023-03-31,4,Top,33,1,1,1,1,136,114,680757,592662,,,,,,,,,,,,,,,,,,,,,,,,,663728
718763,2023-03-31,4,Top,33,2,1,1,1,136,114,680757,592662,,,,,,,,,,,,,,,,,,,,,,,,,663728
718763,2023-03-31,4,Top,33,3,2,1,1,136,114,680757,592662,,,,,,,,,,,,,,,,,,,,,,,,,663728
718763,2023-03-31,4,Top,33,4,2,2,1,136,114,680757,592662,,,,,,,,,,,,,,,,,,,,,,,,,663728
718763,2023-03-31,4,Top,33,5,2,2,1,136,114,680757,592662,,,,,,,,,,,,,,,,,,,,,,,,,663728
718763,2023-03-31,4,Top,33,6,3,2,1,136,114,680757,592662,,,,,,,,,,,,,,,,,,,,,,,,,663728
718763,2023-03-31,4,Top,33,7,3,2,1,136,114,680757,592662,,,,,,,,,,,,,,,,,,,,,,,,,663728
718763,2023-03-31,4,Top,33,8,3,2,1,136,114,680757,592662,double,Double,Steven Kwan doubles (1) on a ground ball to left fielder Jarred Kelenic. Andres Gimenez scores. Myles Straw scores.,T,T,T,,,,,,,,665926,2B,3B,,,Stolen Base 3B,stolen_base_3b,r_stolen_base_3b,,,,663728
718763,2023-03-31,4,Top,34,0,0,0,1,136,114,642708,641627,,,,,,,,,,,,,,,,,,,,,,,,,663728
718763,2023-03-31,4,Top,34,1,0,0,1,136,114,642708,641627,,,,,,,,,,,,,,,,,,,,,,,,,663728
718763,2023-03-31,4,Top,34,2,1,0,1,136,114,642708,641627,,,,,,,,,,,,,,,,,,,,,,,,,663728
718763,2023-03-31,4,Top,34,3,2,0,1,136,114,642708,641627,,,,,,,,,,,,,,,,,,,,,,,,,663728
718763,2023-03-31,4,Top,34,4,3,0,1,136,114,642708,641627,,,,,,,,,,,,,,,,,,,,,,,,,663728
718763,2023-03-31,4,Top,34,5,3,1,1,136,114,642708,641627,,,,,,,,,,,,,,,,,,,,,,,,,663728
718763,2023-03-31,4,Top,34,6,3,2,1,136,114,642708,641627,,,,,,,,,,,,,,,,,,,,,,,,,663728
718763,2023-03-31,4,Top,34,7,3,2,1,136,114,642708,641627,single,Single,Amed Rosario singles on a ground ball to catcher Cal Raleigh. Steven Kwan to 3rd.,T,,,,,,,,,,642708,,1B,,,Single,single,,,,,663728
718763,2023-03-31,4,Top,35,0,1,0,1,136,114,608070,641627,,,,,,,,,,,,,,,,,,,,,,,,,663728
718763,2023-03-31,4,Top,35,1,1,0,1,136,114,608070,641627,field_out,Pop Out,Jose Ramirez pops out to third baseman Eugenio Suarez.,T,,,,,,,,,,608070,,,T,2,Pop Out,field_out,,,,,663728
718763,2023-03-31,4,Top,36,0,0,1,2,136,114,605137,641627,,,,,,,,,,,,,,,,,,,,,,,,,663728
718763,2023-03-31,4,Top,36,1,0,2,2,136,114,605137,641627,,,,,,,,,,,,,,,,,,,,,,,,,663728
718763,2023-03-31,4,Top,36,2,0,2,2,136,114,605137,641627,,,,,,,,,,,,,,,,,,,,,,,,,663728
718763,2023-03-31,4,Top,36,3,0,2,2,136,114,605137,641627,field_out,Groundout,"Josh Bell grounds out, pitcher Trevor Gott to first baseman Ty France.",T,T,,,,,,,,,642708,1B,2B,,,Stolen Base 2B,stolen_base_2b,r_stolen_base_2b,,,,663728
718763,2023-03-31,4,Bot,37,0,0,1,0,136,114,672284,683769,,,,,,,,,,,,,,,,,,,,,,,,,650619
718763,2023-03-31,4,Bot,37,1,0,2,0,136,114,672284,683769,,,,,,,,,,,,,,,,,,,,,,,,,650619
718763,2023-03-31,4,Bot,37,2,0,2,0,136,114,672284,683769,,,,,,,,,,,,,,,,,,,,,,,,,650619
718763,2023-03-31,4,Bot,37,3,1,2,0,136,114,672284,683769,,,,,,,,,,,,,,,,,,,,,,,,,650619
718763,2023-03-31,4,Bot,37,4,1,3,0,136,114,672284,683769,strikeout,Strikeout,Jarred Kelenic strikes out swinging.,T,,,,,,,,,,672284,,,T,1,Strikeout,strikeout,,,,,650619
718763,2023-03-31,4,Bot,38,0,0,1,1,136,114,669450,683769,,,,,,,,,,,,,,,,,,,,,,,,,650619
718763,2023-03-31,4,Bot,38,1,0,2,1,136,114,669450,683769,,,,,,,,,,,,,,,,,,,,,,,,,650619
718763,2023-03-31,4,Bot,38,2,1,2,1,136,114,669450,683769,hit_by_pitch,Hit By Pitch,Cooper Hummel hit by pitch.,T,,,,,,,,,,669450,,1B,,,Hit By Pitch,hit_by_pitch,,,,,650619
718763,2023-03-31,4,Bot,39,0,0,1,1,136,114,641487,683769,,,,,,,,,,,,,,,,,,,,,,,,,650619
718763,2023-03-31,4,Bot,39,1,1,1,1,136,114,641487,683769,,,,,,,,,,,,,,,,,,,,,,,,,650619
718763,2023-03-31,4,Bot,39,2,2,1,1,136,114,641487,683769,,,,,,,,,,,,,,,,,,,,,,,,,650619
718763,2023-03-31,4,Bot,39,3,2,1,1,136,114,641487,683769,field_out,Flyout,J.P. Crawford flies out to right fielder Oscar Gonzalez.,T,,,,,,,,,,641487,,,T,2,Flyout,field_out,,,,,650619
718763,2023-03-31,4,Bot,40,0,0,0,2,136,114,677594,680704,,,,,,,,,,,,,,,,,,,,,,,,,650619
718763,2023-03-31,4,Bot,40,1,0,0,2,136,114,677594,680704,,,,,,,,,,,,,,,,,,,,,,,,,650619
718763,2023-03-31,4,Bot,40,2,1,0,2,136,114,677594,680704,,,,,,,,,,,,,,,,,,,,,,,,,650619
718763,2023-03-31,4,Bot,40,3,2,0,2,136,114,677594,680704,,,,,,,,,,,,,,,,,,,,,,,,,650619
718763,2023-03-31,4,Bot,40,4,2,0,2,136,114,677594,680704,,,,,,,,,,,,,,,,,,,,,,,,,650619
718763,2023-03-31,4,Bot,40,5,2,0,2,136,114,677594,680704,double,Double,Julio Rodriguez doubles (2) on a sharp line drive to left fielder Steven Kwan. Cooper Hummel scores.,T,T,,,,,,,,,669450,1B,2B,,,Stolen Base 2B,stolen_base_2b,r_stolen_base_2b,,,,650619
718763,2023-03-31,4,Bot,41,0,0,1,2,136,114,543939,680704,,,,,,,,,,,,,,,,,,,,,,,,,650619
718763,2023-03-31,4,Bot,41,1,0,2,2,136,114,543939,680704,,,,,,,,,,,,,,,,,,,,,,,,,650619
718763,2023-03-31,4,Bot,41,2,0,3,2,136,114,543939,680704,strikeout,Strikeout,Kolten Wong strikes out swinging.,T,,,,,,,,,,543939,,,T,3,Strikeout,strikeout,,,,,650619
718763,2023-03-31,5,Top,42,0,0,1,0,136,114,647304,641627,,,,,,,,,,,,,,,,,,,,,,,,,663728
718763,2023-03-31,5,Top,42,1,1,1,0,136,114,647304,641627,,,,,,,,,,,,,,,,,,,,,,,,,663728
718763,2023-03-31,5,Top,42,2,2,1,0,136,114,647304,641627,,,,,,,,,,,,,,,,,,,,,,,,,663728
718763,2023-03-31,5,Top,42,3,2,2,0,136,114,647304,641627,,,,,,,,,,,,,,,,,,,,,,,,,663728
718763,2023-03-31,5,Top,42,4,2,2,0,136,114,647304,641627,single,Single,Josh Naylor singles on a ground ball to left fielder Jarred Kelenic.,T,,,,,,,,,,647304,,1B,,,Single,single,,,,,663728
718763,2023-03-31,5,Top,43,0,0,1,0,136,114,660757,641627,,,,,,,,,,,,,,,,,,,,,,,,,663728
718763,2023-03-31,5,Top,43,1,0,1,0,136,114,660757,641627,field_out,Pop Out,Oscar Gonzalez pops out to shortstop J. P. Crawford.,T,,,,,,,,,,660757,,,T,1,Pop Out,field_out,,,,,663728
718763,2023-03-31,5,Top,44,0,0,1,1,136,114,665926,641627,,,,,,,,,,,,,,,,,,,,,,,,,663728
718763,2023-03-31,5,Top,44,1,0,1,1,136,114,665926,641627,fielders_choice,Fielders Choice,"Andres Gimenez reaches on a fielder's choice, fielded by shortstop J. P. Crawford. Josh Naylor to 2nd. Josh Naylor advances to 2nd, on a missed catch error by second baseman Kolten Wong, assist to shortstop J. P. Crawford.",T,,,,,,,,,,647304,1B,2B,,,Error,error,r_adv_play,,,,663728
718763,2023-03-31,5,Top,45,0,0,1,1,136,114,572287,641627,,,,,,,,,,,,,,,,,,,,,,,,,663728
718763,2023-03-31,5,Top,45,1,0,2,1,136,114,572287,641627,,,,,,,,,,,,,,,,,,,,,,,,,663728
718763,2023-03-31,5,Top,45,2,1,2,1,136,114,572287,641627,,,,,,,,,,,,,,,,,,,,,,,,,663728
718763,2023-03-31,5,Top,45,3,1,2,1,136,114,572287,641627,single,Single,Mike Zunino singles on a sharp line drive to center fielder Julio Rodriguez. Josh Naylor to 3rd. Andres Gimenez to 2nd.,T,,,,,,,,,,572287,,1B,,,Single,single,,,,,663728
718763,2023-03-31,5,Top,46,0,0,1,1,136,114,664702,641627,,,,,,,,,,,,,,,,,,,,,,,,,663728
718763,2023-03-31,5,Top,46,1,1,1,1,136,114,664702,641627,,,,,,,,,,,,,,,,,,,,,,,,,663728
718763,2023-03-31,5,Top,46,2,1,1,1,136,114,664702,641627,force_out,Forceout,"Myles Straw grounds into a force out, shortstop J. P. Crawford to catcher Cal Raleigh. Josh Naylor out at home. Andres Gimenez to 3rd. Mike Zunino to 2nd. Myles Straw to 1st.",T,,,,,,,,,,647304,3B,,T,2,Forceout,force_out,r_force_out,,,,663728
718763,2023-03-31,5,Top,47,0,0,1,2,136,114,680757,641627,,,,,,,,,,,,,,,,,,,,,,,,,663728
718763,2023-03-31,5,Top,47,1,0,2,2,136,114,680757,641627,,,,,,,,,,,,,,,,,,,,,,,,,663728
718763,2023-03-31,5,Top,47,2,1,2,2,136,114,680757,641627,,,,,,,,,,,,,,,,,,,,,,,,,663728
718763,2023-03-31,5,Top,47,3,2,2,2,136,114,680757,641627,,,,,,,,,,,,,,,,,,,,,,,,,663728
718763,2023-03-31,5,Top,47,4,2,2,2,136,114,680757,641627,,,,,,,,,,,,,,,,,,,,,,,,,663728
718763,2023-03-31,5,Top,47,5,3,2,2,136,114,680757,641627,,,,,,,,,,,,,,,,,,,,,,,,,663728
718763,2023-03-31,5,Top,47,6,3,2,2,136,114,680757,641627,,,,,,,,,,,,,,,,,,,,,,,,,663728
718763,2023-03-31,5,Top,47,7,3,2,2,136,114,680757,641627,,,,,,,,,,,,,,,,,,,,,,,,,663728
718763,2023-03-31,5,Top,47,8,3,2,2,136,114,680757,641627,single,Single,Steven Kwan singles on a line drive to left fielder Jarred Kelenic. Andres Gimenez scores. Mike Zunino scores. Myles Straw to 2nd.,T,,,,,,,,,,680757,,1B,,,Single,single,,,,,663728
718763,2023-03-31,5,Top,48,0,0,0,2,136,114,642708,682171,,,,,,,,,,,,,,,,,,,,,,,,,663728
718763,2023-03-31,5,Top,48,1,0,0,2,136,114,642708,682171,,,,,,,,,,,,,,,,,,,,,,,,,663728
718763,2023-03-31,5,Top,48,2,1,0,2,136,114,642708,682171,,,,,,,,,,,,,,,,,,,,,,,,,663728
718763,2023-03-31,5,Top,48,3,1,1,2,136,114,642708,682171,,,,,,,,,,,,,,,,,,,,,,,,,663728
718763,2023-03-31,5,Top,48,4,1,1,2,136,114,642708,682171,,,,,,,,,,,,,,,,,,,,,,,,,663728
718763,2023-03-31,5,Top,48,5,2,1,2,136,114,642708,682171,,,,,,,,,,,,,,,,,,,,,,,,,663728
718763,2023-03-31,5,Top,48,6,2,1,2,136,114,642708,682171,single,Single,Amed Rosario singles on a ground ball to left fielder Jarred Kelenic. Myles Straw scores. Steven Kwan to 3rd.,T,,,,,,,,,,642708,,1B,,,Single,single,,,,,663728
718763,2023-03-31,5,Top,49,0,0,1,2,136,114,608070,682171,,,,,,,,,,,,,,,,,,,,,,,,,663728
718763,2023-03-31,5,Top,49,1,0,1,2,136,114,608070,682171,,,,,,,,,,,,,,,,,,,,,,,,,663728
718763,2023-03-31,5,Top,49,2,0,2,2,136,114,608070,682171,,,,,,,,,,,,,,,,,,,,,,,,,663728
718763,2023-03-31,5,Top,49,3,0,2,2,136,114,608070,682171,,,,,,,,,,,,,,,,,,,,,,,,,663728
718763,2023-03-31,5,Top,49,4,0,2,2,136,114,608070,682171,field_out,Pop Out,Jose Ramirez pops out to catcher Cal Raleigh in foul territory.,T,,,,,,,,,,608070,,,T,3,Pop Out,field_out,,,,,663728
718763,2023-03-31,5,Bot,50,0,0,1,0,136,114,664034,680704,,,,,,,,,,,,,,,,,,,,,,,,,650619
718763,2023-03-31,5,Bot,50,1,0,2,0,136,114,664034,680704,,,,,,,,,,,,,,,,,,,,,,,,,650619
718763,2023-03-31,5,Bot,50,2,0,2,0,136,114,664034,680704,field_out,Groundout,"Ty France grounds out, shortstop Amed Rosario to first baseman Josh Bell.",T,,,,,,,,,,664034,,,T,1,Groundout,field_out,,,,,650619
718763,2023-03-31,5,Bot,51,0,1,0,1,136,114,606192,680704,,,,,,,,,,,,,,,,,,,,,,,,,650619
718763,2023-03-31,5,Bot,51,1,1,1,1,136,114,606192,680704,,,,,,,,,,,,,,,,,,,,,,,,,650619
718763,2023-03-31,5,Bot,51,2,1,2,1,136,114,606192,680704,,,,,,,,,,,,,,,,,,,,,,,,,650619
718763,2023-03-31,5,Bot,51,3,1,2,1,136,114,606192,680704,field_out,Groundout,"Teoscar Hernandez grounds out, pitcher Nick Sandlin to first baseman Josh Bell.",T,,,,,,,,,,606192,,,T,2,Groundout,field_out,,,,,650619
718763,2023-03-31,5,Bot,52,0,0,1,2,136,114,663728,680704,,,,,,,,,,,,,,,,,,,,,,,,,650619
718763,2023-03-31,5,Bot,52,1,1,1,2,136,114,663728,680704,,,,,,,,,,,,,,,,,,,,,,,,,650619
718763,2023-03-31,5,Bot,52,2,2,1,2,136,114,663728,680704,,,,,,,,,,,,,,,,,,,,,,,,,650619
718763,2023-03-31,5,Bot,52,3,3,1,2,136,114,663728,680704,,,,,,,,,,,,,,,,,,,,,,,,,650619
718763,2023-03-31,5,Bot,52,4,3,1,2,136,114,663728,680704,field_out,Groundout,"Cal Raleigh grounds out, pitcher Nick Sandlin to shortstop Amed Rosario to first baseman Josh Bell.",T,,,,,,,,,,663728,,,T,3,Groundout,field_out,,,,,650619
718763,2023-03-31,6,Top,53,0,0,0,0,136,114,605137,623167,,,,,,,,,,,,,,,,,,,,,,,,,663728
718763,2023-03-31,6,Top,53,1,1,0,0,136,114,605137,623167,,,,,,,,,,,,,,,,,,,,,,,,,663728
718763,2023-03-31,6,Top,53,2,1,1,0,136,114,605137,623167,,,,,,,,,,,,,,,,,,,,,,,,,663728
718763,2023-03-31,6,Top,53,3,1,2,0,136,114,605137,623167,,,,,,,,,,,,,,,,,,,,,,,,,663728
718763,2023-03-31,6,Top,53,4,1,3,0,136,114,605137,623167,strikeout,Strikeout,Josh Bell strikes out swinging.,T,,,,,,,,,,605137,,,T,1,Strikeout,strikeout,,,,,663728
718763,2023-03-31,6,Top,54,0,1,0,1,136,114,647304,623167,,,,,,,,,,,,,,,,,,,,,,,,,663728
718763,2023-03-31,6,Top,54,1,1,0,1,136,114,647304,623167,field_out,Flyout,Josh Naylor flies out to left fielder Jarred Kelenic.,T,,,,,,,,,,647304,,,T,2,Flyout,field_out,,,,,663728
718763,2023-03-31,6,Top,55,0,0,1,2,136,114,660757,623167,,,,,,,,,,,,,,,,,,,,,,,,,663728
718763,2023-03-31,6,Top,55,1,0,2,2,136,114,660757,623167,,,,,,,,,,,,,,,,,,,,,,,,,663728
718763,2023-03-31,6,Top,55,2,1,2,2,136,114,660757,623167,,,,,,,,,,,,,,,,,,,,,,,,,663728
718763,2023-03-31,6,Top,55,3,1,2,2,136,114,660757,623167,single,Single,Oscar Gonzalez singles on a sharp line drive to right fielder Teoscar Hernandez.,T,,,,,,,,,,660757,,1B,,,Single,single,,,,,663728
718763,2023-03-31,6,Top,56,0,1,0,2,136,114,665926,623167,,,,,,,,,,,,,,,,,,,,,,,,,663728
718763,2023-03-31,6,Top,56,1,1,1,2,136,114,665926,623167,,,,,,,,,,,,,,,,,,,,,,,,,663728
718763,2023-03-31,6,Top,56,2,1,1,2,136,114,665926,623167,field_out,Groundout,"Andres Gimenez grounds out, second baseman Kolten Wong to first baseman Ty France.",T,,,,,,,,,,665926,,,T,3,Groundout,field_out,,,,,663728
718763,2023-03-31,6,Bot,57,0,0,0,0,136,114,553993,669212,,,,,,,,,,,,,,,,,,,,,,,,,650619
718763,2023-03-31,6,Bot,57,1,0,1,0,136,114,553993,669212,,,,,,,,,,,,,,,,,,,,,,,,,650619
718763,2023-03-31,6,Bot,57,2,1,1,0,136,114,553993,669212,,,,,,,,,,,,,,,,,,,,,,,,,650619
718763,2023-03-31,6,Bot,57,3,1,2,0,136,114,553993,669212,,,,,,,,,,,,,,,,,,,,,,,,,650619
718763,2023-03-31,6,Bot,57,4,1,2,0,136,114,553993,669212,single,Single,Eugenio Suarez singles on a ground ball to left fielder Steven Kwan.,T,,,,,,,,,,553993,,1B,,,Single,single,,,,,650619
718763,2023-03-31,6,Bot,58,0,1,0,0,136,114,672284,669212,,,,,,,,,,,,,,,,,,,,,,,,,650619
718763,2023-03-31,6,Bot,58,1,1,1,0,136,114,672284,669212,,,,,,,,,,,,,,,,,,,,,,,,,650619
718763,2023-03-31,6,Bot,58,2,2,1,0,136,114,672284,669212,,,,,,,,,,,,,,,,,,,,,,,,,650619
718763,2023-03-31,6,Bot,58,3,2,2,0,136,114,672284,669212,,,,,,,,,,,,,,,,,,,,,,,,,650619
718763,2023-03-31,6,Bot,58,4,3,2,0,136,114,672284,669212,,,,,,,,,,,,,,,,,,,,,,,,,650619
718763,2023-03-31,6,Bot,58,5,3,3,0,136,114,672284,669212,strikeout,Strikeout,Jarred Kelenic called out on strikes.,T,,,,,,,,,,672284,,,T,1,Strikeout,strikeout,,,,,650619
718763,2023-03-31,6,Bot,59,0,0,1,1,136,114,669450,669212,,,,,,,,,,,,,,,,,,,,,,,,,650619
718763,2023-03-31,6,Bot,59,1,0,2,1,136,114,669450,669212,,,,,,,,,,,,,,,,,,,,,,,,,650619
718763,2023-03-31,6,Bot,59,2,0,3,1,136,114,669450,669212,strikeout,Strikeout,Cooper Hummel strikes out swinging.,T,,,,,,,,,,669450,,,T,2,Strikeout,strikeout,,,,,650619
718763,2023-03-31,6,Bot,60,0,0,0,2,136,114,641487,669212,,,,,,,,,,,,,,,,,,,,,,,,,650619
718763,2023-03-31,6,Bot,60,1,1,0,2,136,114,641487,669212,,,,,,,,,,,,,,,,,,,,,,,,,650619
718763,2023-03-31,6,Bot,60,2,2,0,2,136,114,641487,669212,,,,,,,,,,,,,,,,,,,,,,,,,650619
718763,2023-03-31,6,Bot,60,3,2,1,2,136,114,641487,669212,,,,,,,,,,,,,,,,,,,,,,,,,650619
718763,2023-03-31,6,Bot,60,4,3,1,2,136,114,641487,669212,,,,,,,,,,,,,,,,,,,,,,,,,650619
718763,2023-03-31,6,Bot,60,5,3,2,2,136,114,641487,669212,,,,,,,,,,,,,,,,,,,,,,,,,650619
718763,2023-03-31,6,Bot,60,6,4,2,2,136,114,641487,669212,walk,Walk,J.P. Crawford walks. Eugenio Suarez to 2nd.,T,,,,,,,,,,553993,1B,2B,,,Walk,walk,r_adv_force,,,,650619
718763,2023-03-31,6,Bot,61,0,0,1,2,136,114,677594,669212,,,,,,,,,,,,,,,,,,,,,,,,,650619
718763,2023-03-31,6,Bot,61,1,0,2,2,136,114,677594,669212,,,,,,,,,,,,,,,,,,,,,,,,,650619
718763,2023-03-31,6,Bot,61,2,0,2,2,136,114,677594,669212,,,,,,,,,,,,,,,,,,,,,,,,,650619
718763,2023-03-31,6,Bot,61,3,0,3,2,136,114,677594,669212,strikeout,Strikeout,Julio Rodriguez strikes out swinging.,T,,,,,,,,,,677594,,,T,3,Strikeout,strikeout,,,,,650619
718763,2023-03-31,7,Top,62,0,1,0,0,136,114,572287,623167,,,,,,,,,,,,,,,,,,,,,,,,,663728
718763,2023-03-31,7,Top,62,1,1,1,0,136,114,572287,623167,,,,,,,,,,,,,,,,,,,,,,,,,663728
718763,2023-03-31,7,Top,62,2,2,1,0,136,114,572287,623167,,,,,,,,,,,,,,,,,,,,,,,,,663728
718763,2023-03-31,7,Top,62,3,2,2,0,136,114,572287,623167,,,,,,,,,,,,,,,,,,,,,,,,,663728
718763,2023-03-31,7,Top,62,4,3,2,0,136,114,572287,623167,,,,,,,,,,,,,,,,,,,,,,,,,663728
718763,2023-03-31,7,Top,62,5,4,2,0,136,114,572287,623167,walk,Walk,Mike Zunino walks.,T,,,,,,,,,,572287,,1B,,,Walk,walk,,,,,663728
718763,2023-03-31,7,Top,63,0,1,0,0,136,114,664702,623167,,,,,,,,,,,,,,,,,,,,,,,,,663728
718763,2023-03-31,7,Top,63,1,2,0,0,136,114,664702,623167,,,,,,,,,,,,,,,,,,,,,,,,,663728
718763,2023-03-31,7,Top,63,2,3,0,0,136,114,664702,623167,,,,,,,,,,,,,,,,,,,,,,,,,663728
718763,2023-03-31,7,Top,63,3,4,0,0,136,114,664702,623167,walk,Walk,Myles Straw walks. Mike Zunino to 2nd.,T,,,,,,,,,,572287,1B,2B,,,Walk,walk,r_adv_force,,,,663728
718763,2023-03-31,7,Top,64,0,1,0,0,136,114,680757,623167,,,,,,,,,,,,,,,,,,,,,,,,,663728
718763,2023-03-31,7,Top,64,1,2,0,0,136,114,680757,623167,,,,,,,,,,,,,,,,,,,,,,,,,663728
718763,2023-03-31,7,Top,64,2,2,1,0,136,114,680757,623167,,,,,,,,,,,,,,,,,,,,,,,,,663728
718763,2023-03-31,7,Top,64,3,2,2,0,136,114,680757,623167,,,,,,,,,,,,,,,,,,,,,,,,,663728
718763,2023-03-31,7,Top,64,4,2,2,0,136,114,680757,623167,field_out,Groundout,"Steven Kwan grounds out, pitcher Chris Flexen to first baseman Ty France. Mike Zunino to 3rd. Myles Straw to 2nd.",T,,,,,,,,,,680757,,,T,1,Groundout,field_out,,,,,663728
718763,2023-03-31,7,Top,65,0,0,1,1,136,114,642708,623167,,,,,,,,,,,,,,,,,,,,,,,,,663728
718763,2023-03-31,7,Top,65,1,0,2,1,136,114,642708,623167,,,,,,,,,,,,,,,,,,,,,,,,,663728
718763,2023-03-31,7,Top,65,2,0,2,1,136,114,642708,623167,double_play,Double Play,"Amed Rosario flies into a double play, right fielder Teoscar Hernandez to catcher Cal Raleigh. Mike Zunino out at home.",T,,,,,,,,,,642708,,,T,2,Double Play,double_play,,,,,663728
718763,2023-03-31,7,Bot,66,0,0,0,0,136,114,543939,660853,,,,,,,,,,,,,,,,,,,,,,,,,650619
718763,2023-03-31,7,Bot,66,1,0,1,0,136,114,543939,660853,,,,,,,,,,,,,,,,,,,,,,,,,650619
718763,2023-03-31,7,Bot,66,2,0,2,0,136,114,543939,660853,,,,,,,,,,,,,,,,,,,,,,,,,650619
718763,2023-03-31,7,Bot,66,3,1,2,0,136,114,543939,660853,,,,,,,,,,,,,,,,,,,,,,,,,650619
718763,2023-03-31,7,Bot,66,4,2,2,0,136,114,543939,660853,,,,,,,,,,,,,,,,,,,,,,,,,650619
718763,2023-03-31,7,Bot,66,5,2,2,0,136,114,543939,660853,,,,,,,,,,,,,,,,,,,,,,,,,650619
718763,2023-03-31,7,Bot,66,6,2,2,0,136,114,543939,660853,,,,,,,,,,,,,,,,,,,,,,,,,650619
718763,2023-03-31,7,Bot,66,7,2,2,0,136,114,543939,660853,field_out,Pop Out,Kolten Wong pops out to first baseman Josh Bell.,T,,,,,,,,,,543939,,,T,1,Pop Out,field_out,,,,,650619
718763,2023-03-31,7,Bot,67,0,1,0,1,136,114,664034,660853,,,,,,,,,,,,,,,,,,,,,,,,,650619
718763,2023-03-31,7,Bot,67,1,1,1,1,136,114,664034,660853,,,,,,,,,,,,,,,,,,,,,,,,,650619
718763,2023-03-31,7,Bot,67,2,1,2,1,136,114,664034,660853,,,,,,,,,,,,,,,,,,,,,,,,,650619
718763,2023-03-31,7,Bot,67,3,2,2,1,136,114,664034,660853,,,,,,,,,,,,,,,,,,,,,,,,,650619
718763,2023-03-31,7,Bot,67,4,3,2,1,136,114,664034,660853,,,,,,,,,,,,,,,,,,,,,,,,,650619
718763,2023-03-31,7,Bot,67,5,4,2,1,136,114,664034,660853,walk,Walk,Ty France walks.,T,,,,,,,,,,664034,,1B,,,Walk,walk,,,,,650619
718763,2023-03-31,7,Bot,68,0,1,0,1,136,114,606192,660853,,,,,,,,,,,,,,,,,,,,,,,,,650619
718763,2023-03-31,7,Bot,68,1,1,1,1,136,114,606192,660853,,,,,,,,,,,,,,,,,,,,,,,,,650619
718763,2023-03-31,7,Bot,68,2,1,2,1,136,114,606192,660853,,,,,,,,,,,,,,,,,,,,,,,,,650619
718763,2023-03-31,7,Bot,68,3,1,3,1,136,114,606192,660853,strikeout,Strikeout,Teoscar Hernandez strikes out swinging.,T,,,,,,,,,,606192,,,T,2,Strikeout,strikeout,,,,,650619
718763,2023-03-31,7,Bot,69,0,0,1,2,136,114,663728,660853,,,,,,,,,,,,,,,,,,,,,,,,,650619
718763,2023-03-31,7,Bot,69,1,0,1,2,136,114,663728,660853,field_out,Groundout,"Cal Raleigh grounds out, pitcher Enyel De Los Santos to first baseman Josh Bell.",T,,,,,,,,,,663728,,,T,3,Groundout,field_out,,,,,650619
718763,2023-03-31,8,Top,70,0,1,0,0,136,114,608070,623167,,,,,,,,,,,,,,,,,,,,,,,,,663728
718763,2023-03-31,8,Top,70,1,1,1,0,136,114,608070,623167,,,,,,,,,,,,,,,,,,,,,,,,,663728
718763,2023-03-31,8,Top,70,2,1,1,0,136,114,608070,623167,double,Double,Jose Ramirez doubles (2) on a fly ball to right fielder Teoscar Hernandez.,T,,,,,,,,,,608070,,2B,,,Double,double,,,,,663728
718763,2023-03-31,8,Top,71,0,0,1,0,136,114,605137,623167,,,,,,,,,,,,,,,,,,,,,,,,,663728
718763,2023-03-31,8,Top,71,1,0,1,0,136,114,605137,623167,field_out,Groundout,"Josh Bell grounds out, third baseman Eugenio Suarez to first baseman Ty France. Jose Ramirez to 3rd.",T,,,,,,,,,,605137,,,T,1,Groundout,field_out,,,,,663728
718763,2023-03-31,8,Top,72,0,0,0,1,136,114,647304,623167,single,Single,Josh Naylor singles on a line drive to center fielder Julio Rodriguez. Jose Ramirez scores.,T,,,,,,,,,,647304,,1B,,,Single,single,,,,,663728
718763,2023-03-31,8,Top,73,0,0,1,1,136,114,660757,623167,,,,,,,,,,,,,,,,,,,,,,,,,663728
718763,2023-03-31,8,Top,73,1,1,1,1,136,114,660757,623167,,,,,,,,,,,,,,,,,,,,,,,,,663728
718763,2023-03-31,8,Top,73,2,1,2,1,136,114,660757,623167,,,,,,,,,,,,,,,,,,,,,,,,,663728
718763,2023-03-31,8,Top,73,3,1,2,1,136,114,660757,623167,field_out,Lineout,Oscar Gonzalez lines out to right fielder Teoscar Hernandez.,T,,,,,,,,,,660757,,,T,2,Lineout,field_out,,,,,663728
718763,2023-03-31,8,Top,74,0,0,1,2,136,114,665926,623167,,,,,,,,,,,,,,,,,,,,,,,,,663728
718763,2023-03-31,8,Top,74,1,0,1,2,136,114,665926,623167,,,,,,,,,,,,,,,,,,,,,,,,,663728
718763,2023-03-31,8,Top,74,2,1,1,2,136,114,665926,623167,,,,,,,,,,,,,,,,,,,,,,,,,663728
718763,2023-03-31,8,Top,74,3,1,2,2,136,114,665926,623167,,,,,,,,,,,,,,,,,,,,,,,,,663728
718763,2023-03-31,8,Top,74,4,1,2,2,136,114,665926,623167,single,Single,Andres Gimenez singles on a line drive to center fielder Julio Rodriguez. Josh Naylor to 2nd.,T,,,,,,,,,,665926,,1B,,,Single,single,,,,,663728
718763,2023-03-31,8,Top,75,0,0,1,2,136,114,572287,623167,,,,,,,,,,,,,,,,,,,,,,,,,663728
718763,2023-03-31,8,Top,75,1,1,1,2,136,114,572287,623167,,,,,,,,,,,,,,,,,,,,,,,,,663728
718763,2023-03-31,8,Top,75,2,1,2,2,136,114,572287,623167,,,,,,,,,,,,,,,,,,,,,,,,,663728
718763,2023-03-31,8,Top,75,3,2,2,2,136,114,572287,623167,,,,,,,,,,,,,,,,,,,,,,,,,663728
718763,2023-03-31,8,Top,75,4,3,2,2,136,114,572287,623167,,,,,,,,,,,,,,,,,,,,,,,,,663728
718763,2023-03-31,8,Top,75,5,3,2,2,136,114,572287,623167,field_out,Lineout,Mike Zunino lines out sharply to left fielder Jarred Kelenic.,T,,,,,,,,,,572287,,,T,3,Lineout,field_out,,,,,663728
718763,2023-03-31,8,Bot,76,0,0,0,0,136,114,553993,663986,,,,,,,,,,,,,,,,,,,,,,,,,650619
718763,2023-03-31,8,Bot,76,1,0,0,0,136,114,553993,663986,,,,,,,,,,,,,,,,,,,,,,,,,650619
718763,2023-03-31,8,Bot,76,2,0,1,0,136,114,553993,663986,,,,,,,,,,,,,,,,,,,,,,,,,650619
718763,2023-03-31,8,Bot,76,3,0,2,0,136,114,553993,663986,,,,,,,,,,,,,,,,,,,,,,,,,650619
718763,2023-03-31,8,Bot,76,4,0,2,0,136,114,553993,663986,field_out,Flyout,Eugenio Suarez flies out to left fielder Steven Kwan.,T,,,,,,,,,,553993,,,T,1,Flyout,field_out,,,,,650619
718763,2023-03-31,8,Bot,77,0,1,0,1,136,114,672284,663986,,,,,,,,,,,,,,,,,,,,,,,,,650619
718763,2023-03-31,8,Bot,77,1,1,1,1,136,114,672284,663986,,,,,,,,,,,,,,,,,,,,,,,,,650619
718763,2023-03-31,8,Bot,77,2,1,2,1,136,114,672284,663986,,,,,,,,,,,,,,,,,,,,,,,,,650619
718763,2023-03-31,8,Bot,77,3,2,2,1,136,114,672284,663986,,,,,,,,,,,,,,,,,,,,,,,,,650619
718763,2023-03-31,8,Bot,77,4,2,3,1,136,114,672284,663986,strikeout,Strikeout,Jarred Kelenic strikes out swinging.,T,,,,,,,,,,672284,,,T,2,Strikeout,strikeout,,,,,650619
718763,2023-03-31,8,Bot,78,0,0,1,2,136,114,669450,663986,,,,,,,,,,,,,,,,,,,,,,,,,650619
718763,2023-03-31,8,Bot,78,1,0,2,2,136,114,669450,663986,,,,,,,,,,,,,,,,,,,,,,,,,650619
718763,2023-03-31,8,Bot,78,2,0,3,2,136,114,669450,663986,strikeout,Strikeout,Cooper Hummel strikes out swinging.,T,,,,,,,,,,669450,,,T,3,Strikeout,strikeout,,,,,650619
718763,2023-03-31,9,Top,79,0,0,1,0,136,114,664702,623167,,,,,,,,,,,,,,,,,,,,,,,,,663728
718763,2023-03-31,9,Top,79,1,0,1,0,136,114,664702,623167,field_out,Lineout,Myles Straw lines out sharply to second baseman Kolten Wong.,T,,,,,,,,,,664702,,,T,1,Lineout,field_out,,,,,663728
718763,2023-03-31,9,Top,80,0,1,0,1,136,114,680757,623167,,,,,,,,,,,,,,,,,,,,,,,,,663728
718763,2023-03-31,9,Top,80,1,2,0,1,136,114,680757,623167,,,,,,,,,,,,,,,,,,,,,,,,,663728
718763,2023-03-31,9,Top,80,2,3,0,1,136,114,680757,623167,,,,,,,,,,,,,,,,,,,,,,,,,663728
718763,2023-03-31,9,Top,80,3,4,0,1,136,114,680757,623167,walk,Walk,Steven Kwan walks.,T,,,,,,,,,,680757,,1B,,,Walk,walk,,,,,663728
718763,2023-03-31,9,Top,81,0,0,1,1,136,114,642708,623167,,,,,,,,,,,,,,,,,,,,,,,,,663728
718763,2023-03-31,9,Top,81,1,1,1,1,136,114,642708,623167,,,,,,,,,,,,,,,,,,,,,,,,,663728
718763,2023-03-31,9,Top,81,2,1,2,1,136,114,642708,623167,,,,,,,,,,,,,,,,,,,,,,,,,663728
718763,2023-03-31,9,Top,81,3,1,2,1,136,114,642708,623167,,,,,,,,,,,,,,,,,,,,,,,,,663728
718763,2023-03-31,9,Top,81,4,2,2,1,136,114,642708,623167,,,,,,,,,,,,,,,,,,,,,,,,,663728
718763,2023-03-31,9,Top,81,5,2,2,1,136,114,642708,623167,,,,,,,,,,,,,,,,,,,,,,,,,663728
718763,2023-03-31,9,Top,81,6,2,2,1,136,114,642708,623167,force_out,Forceout,"Amed Rosario grounds into a force out, shortstop J. P. Crawford to second baseman Kolten Wong. Steven Kwan out at 2nd. Amed Rosario to 1st.",T,,,,,,,,,,680757,1B,,T,2,Forceout,force_out,r_force_out,,,,663728
718763,2023-03-31,9,Top,82,0,0,1,2,136,114,608070,623167,,,,,,,,,,,,,,,,,,,,,,,,,663728
718763,2023-03-31,9,Top,82,1,1,1,2,136,114,608070,623167,,,,,,,,,,,,,,,,,,,,,,,,,663728
718763,2023-03-31,9,Top,82,2,1,1,2,136,114,608070,623167,field_out,Groundout,"Jose Ramirez grounds out, pitcher Chris Flexen to first baseman Ty France.",T,,,,,,,,,,608070,,,T,3,Groundout,field_out,,,,,663728
718763,2023-03-31,9,Bot,83,0,0,0,0,136,114,641487,661403,,,,,,,,,,,,,,,,,,,,,,,,,650619
718763,2023-03-31,9,Bot,83,1,0,1,0,136,114,641487,661403,,,,,,,,,,,,,,,,,,,,,,,,,650619
718763,2023-03-31,9,Bot,83,2,0,2,0,136,114,641487,661403,,,,,,,,,,,,,,,,,,,,,,,,,650619
718763,2023-03-31,9,Bot,83,3,0,3,0,136,114,641487,661403,strikeout,Strikeout,J.P. Crawford called out on strikes.,T,,,,,,,,,,641487,,,T,1,Strikeout,strikeout,,,,,650619
718763,2023-03-31,9,Bot,84,0,1,0,1,136,114,677594,661403,,,,,,,,,,,,,,,,,,,,,,,,,650619
718763,2023-03-31,9,Bot,84,1,1,1,1,136,114,677594,661403,,,,,,,,,,,,,,,,,,,,,,,,,650619
718763,2023-03-31,9,Bot,84,2,1,2,1,136,114,677594,661403,,,,,,,,,,,,,,,,,,,,,,,,,650619
718763,2023-03-31,9,Bot,84,3,1,2,1,136,114,677594,661403,,,,,,,,,,,,,,,,,,,,,,,,,650619
718763,2023-03-31,9,Bot,84,4,1,3,1,136,114,677594,661403,strikeout,Strikeout,Julio Rodriguez strikes out swinging.,T,,,,,,,,,,677594,,,T,2,Strikeout,strikeout,,,,,650619
718763,2023-03-31,9,Bot,85,0,1,0,2,136,114,543939,661403,,,,,,,,,,,,,,,,,,,,,,,,,650619
718763,2023-03-31,9,Bot,85,1,1,1,2,136,114,543939,661403,,,,,,,,,,,,,,,,,,,,,,,,,650619
718763,2023-03-31,9,Bot,85,2,1,1,2,136,114,543939,661403,field_out,Pop Out,Kolten Wong pops out to third baseman Jose Ramirez.,T,,,,,,,,,,543939,,,T,3,Pop Out,field_out,,,,,650619
