game_pk,game_date,inning,inning_topbot,at_bat_index,pitch_in_pa,balls,strikes,outs,home_team_id,away_team_id,batter_id,pitcher_id,event_type,event,play_desc,is_pa_last,RUN1_SB_FL,RUN2_SB_FL,RUN3_SB_FL,RUN1_CS_FL,RUN2_CS_FL,RUN3_CS_FL,RUN1_PK_FL,RUN2_PK_FL,RUN3_PK_FL,runner_id,start_base,end_base,is_out,out_number,runner_event,runner_event_type,movement_reason,is_scoring_event,rbi,earned,catcher_id
716362,2023-10-01,1,Top,0,0,0,0,0,134,146,669364,656578,,,,,,,,,,,,,,,,,,,,,,,,,682848
716362,2023-10-01,1,Top,0,1,0,0,0,134,146,669364,656578,,,,,,,,,,,,,,,,,,,,,,,,,682848
716362,2023-10-01,1,Top,0,2,0,0,0,134,146,669364,656578,,,,,,,,,,,,,,,,,,,,,,,,,682848
716362,2023-10-01,1,Top,0,3,1,0,0,134,146,669364,656578,,,,,,,,,,,,,,,,,,,,,,,,,682848
716362,2023-10-01,1,Top,0,4,1,0,0,134,146,669364,656578,field_out,Flyout,Xavier Edwards flies out to left fielder Jack Suwinski.,T,,,,,,,,,,669364,,,T,1,Flyout,field_out,,,,,682848
716362,2023-10-01,1,Top,1,0,0,1,1,134,146,650559,656578,,,,,,,,,,,,,,,,,,,,,,,,,682848
716362,2023-10-01,1,Top,1,1,0,2,1,134,146,650559,656578,,,,,,,,,,,,,,,,,,,,,,,,,682848
716362,2023-10-01,1,Top,1,2,1,2,1,134,146,650559,656578,,,,,,,,,,,,,,,,,,,,,,,,,682848
716362,2023-10-01,1,Top,1,3,1,2,1,134,146,650559,656578,field_out,Flyout,Bryan De La Cruz flies out to right fielder Miguel Andujar.,T,,,,,,,,,,650559,,,T,2,Flyout,field_out,,,,,682848
716362,2023-10-01,1,Top,2,0,0,1,2,134,146,660821,656578,,,,,,,,,,,,,,,,,,,,,,,,,682848
716362,2023-10-01,1,Top,2,1,0,2,2,134,146,660821,656578,,,,,,,,,,,,,,,,,,,,,,,,,682848
716362,2023-10-01,1,Top,2,2,0,2,2,134,146,660821,656578,single,Single,Jesus Sanchez singles on a sharp line drive to right fielder Miguel Andujar.,T,,,,,,,,,,660821,,1B,,,Single,single,,,,,682848
716362,2023-10-01,1,Top,3,0,1,0,2,134,146,493329,656578,,,,,,,,,,,,,,,,,,,,,,,,,682848
716362,2023-10-01,1,Top,3,1,2,0,2,134,146,493329,656578,,,,,,,,,,,,,,,,,,,,,,,,,682848
716362,2023-10-01,1,Top,3,2,2,1,2,134,146,493329,656578,,,,,,,,,,,,,,,,,,,,,,,,,682848
716362,2023-10-01,1,Top,3,3,3,1,2,134,146,493329,656578,,,,,,,,,,,,,,,,,,,,,,,,,682848
716362,2023-10-01,1,Top,3,4,3,1,2,134,146,493329,656578,field_out,Pop Out,Yuli Gurriel pops out to second baseman Nick Gonzales.,T,,,,,,,,,,493329,,,T,3,Pop Out,field_out,,,,,682848
716362,2023-10-01,1,Bot,4,0,0,1,0,134,146,656582,677960,,,,,,,,,,,,,,,,,,,,,,,,,663743
716362,2023-10-01,1,Bot,4,1,0,1,0,134,146,656582,677960,field_out,Flyout,Connor Joe flies out to center fielder Garrett Hampson.,T,,,,,,,,,,656582,,,T,1,Flyout,field_out,,,,,663743
716362,2023-10-01,1,Bot,5,0,1,0,1,134,146,669707,677960,,,,,,,,,,,,,,,,,,,,,,,,,663743
716362,2023-10-01,1,Bot,5,1,2,0,1,134,146,669707,677960,,,,,,,,,,,,,,,,,,,,,,,,,663743
716362,2023-10-01,1,Bot,5,2,2,1,1,134,146,669707,677960,,,,,,,,,,,,,,,,,,,,,,,,,663743
716362,2023-10-01,1,Bot,5,3,2,2,1,134,146,669707,677960,,,,,,,,,,,,,,,,,,,,,,,,,663743
716362,2023-10-01,1,Bot,5,4,3,2,1,134,146,669707,677960,,,,,,,,,,,,,,,,,,,,,,,,,663743
716362,2023-10-01,1,Bot,5,5,3,3,1,134,146,669707,677960,strikeout,Strikeout,Jared Triolo strikes out swinging.,T,,,,,,,,,,669707,,,T,2,Strikeout,strikeout,,,,,663743
716362,2023-10-01,1,Bot,6,0,0,1,2,134,146,609280,677960,,,,,,,,,,,,,,,,,,,,,,,,,663743
716362,2023-10-01,1,Bot,6,1,0,2,2,134,146,609280,677960,,,,,,,,,,,,,,,,,,,,,,,,,663743
716362,2023-10-01,1,Bot,6,2,0,2,2,134,146,609280,677960,,,,,,,,,,,,,,,,,,,,,,,,,663743
716362,2023-10-01,1,Bot,6,3,1,2,2,134,146,609280,677960,,,,,,,,,,,,,,,,,,,,,,,,,663743
716362,2023-10-01,1,Bot,6,4,1,2,2,134,146,609280,677960,field_out,Flyout,Miguel Andujar flies out to right fielder Jesus Sanchez.,T,,,,,,,,,,609280,,,T,3,Flyout,field_out,,,,,663743
716362,2023-10-01,2,Top,7,0,1,0,0,134,146,641658,656578,,,,,,,,,,,,,,,,,,,,,,,,,682848
716362,2023-10-01,2,Top,7,1,2,0,0,134,146,641658,656578,,,,,,,,,,,,,,,,,,,,,,,,,682848
716362,2023-10-01,2,Top,7,2,3,0,0,134,146,641658,656578,,,,,,,,,,,,,,,,,,,,,,,,,682848
716362,2023-10-01,2,Top,7,3,3,1,0,134,146,641658,656578,,,,,,,,,,,,,,,,,,,,,,,,,682848
716362,2023-10-01,2,Top,7,4,3,2,0,134,146,641658,656578,,,,,,,,,,,,,,,,,,,,,,,,,682848
716362,2023-10-01,2,Top,7,5,3,2,0,134,146,641658,656578,,,,,,,,,,,,,,,,,,,,,,,,,682848
716362,2023-10-01,2,Top,7,6,3,3,0,134,146,641658,656578,strikeout,Strikeout,Garrett Hampson strikes out swinging.,T,,,,,,,,,,641658,,,T,1,Strikeout,strikeout,,,,,682848
716362,2023-10-01,2,Top,8,0,1,0,1,134,146,621563,656578,,,,,,,,,,,,,,,,,,,,,,,,,682848
716362,2023-10-01,2,Top,8,1,2,0,1,134,146,621563,656578,,,,,,,,,,,,,,,,,,,,,,,,,682848
716362,2023-10-01,2,Top,8,2,2,1,1,134,146,621563,656578,,,,,,,,,,,,,,,,,,,,,,,,,682848
716362,2023-10-01,2,Top,8,3,2,2,1,134,146,621563,656578,,,,,,,,,,,,,,,,,,,,,,,,,682848
716362,2023-10-01,2,Top,8,4,3,2,1,134,146,621563,656578,,,,,,,,,,,,,,,,,,,,,,,,,682848
716362,2023-10-01,2,Top,8,5,4,2,1,134,146,621563,656578,walk,Walk,Joey Wendle walks.,T,,,,,,,,,,621563,,1B,,,Walk,walk,,,,,682848
716362,2023-10-01,2,Top,9,0,1,0,1,134,146,607732,656578,,,,,,,,,,,,,,,,,,,,,,,,,682848
716362,2023-10-01,2,Top,9,1,2,0,1,134,146,607732,656578,,,,,,,,,,,,,,,,,,,,,,,,,682848
716362,2023-10-01,2,Top,9,2,3,0,1,134,146,607732,656578,,,,,,,,,,,,,,,,,,,,,,,,,682848
716362,2023-10-01,2,Top,9,3,3,1,1,134,146,607732,656578,,,,,,,,,,,,,,,,,,,,,,,,,682848
716362,2023-10-01,2,Top,9,4,3,1,1,134,146,607732,656578,field_out,Lineout,Jacob Stallings lines out to left fielder Jack Suwinski.,T,,,,,,,,,,607732,,,T,2,Lineout,field_out,,,,,682848
716362,2023-10-01,2,Top,10,0,0,1,2,134,146,663743,656578,,,,,,,,,,,,,,,,,,,,,,,,,682848
716362,2023-10-01,2,Top,10,1,0,1,2,134,146,663743,656578,,,,,,,,,,,,,,,,,,,,,,,,,682848
716362,2023-10-01,2,Top,10,2,1,1,2,134,146,663743,656578,,,,,,,,,,,,,,,,,,,,,,,,,682848
716362,2023-10-01,2,Top,10,3,1,1,2,134,146,663743,656578,pickoff_caught_stealing_2b,Pickoff Caught Stealing 2B,"With Nick Fortes batting, Joey Wendle picked off and caught stealing 2nd base, first baseman Connor Joe.",T,,,,T,,,,,,621563,1B,,T,3,Pickoff Caught Stealing 2B,pickoff_caught_stealing_2b,r_pickoff_caught_stealing_2b,,,,682848
716362,2023-10-01,2,Bot,11,0,0,1,0,134,146,669261,677960,,,,,,,,,,,,,,,,,,,,,,,,,663743
716362,2023-10-01,2,Bot,11,1,1,1,0,134,146,669261,677960,,,,,,,,,,,,,,,,,,,,,,,,,663743
716362,2023-10-01,2,Bot,11,2,1,2,0,134,146,669261,677960,,,,,,,,,,,,,,,,,,,,,,,,,663743
716362,2023-10-01,2,Bot,11,3,2,2,0,134,146,669261,677960,,,,,,,,,,,,,,,,,,,,,,,,,663743
716362,2023-10-01,2,Bot,11,4,3,2,0,134,146,669261,677960,,,,,,,,,,,,,,,,,,,,,,,,,663743
716362,2023-10-01,2,Bot,11,5,3,3,0,134,146,669261,677960,strikeout,Strikeout,Jack Suwinski called out on strikes.,T,,,,,,,,,,669261,,,T,1,Strikeout,strikeout,,,,,663743
716362,2023-10-01,2,Bot,12,0,1,0,1,134,146,680779,677960,,,,,,,,,,,,,,,,,,,,,,,,,663743
716362,2023-10-01,2,Bot,12,1,1,1,1,134,146,680779,677960,,,,,,,,,,,,,,,,,,,,,,,,,663743
716362,2023-10-01,2,Bot,12,2,2,1,1,134,146,680779,677960,,,,,,,,,,,,,,,,,,,,,,,,,663743
716362,2023-10-01,2,Bot,12,3,2,2,1,134,146,680779,677960,,,,,,,,,,,,,,,,,,,,,,,,,663743
716362,2023-10-01,2,Bot,12,4,2,2,1,134,146,680779,677960,,,,,,,,,,,,,,,,,,,,,,,,,663743
716362,2023-10-01,2,Bot,12,5,2,2,1,134,146,680779,677960,,,,,,,,,,,,,,,,,,,,,,,,,663743
716362,2023-10-01,2,Bot,12,6,3,2,1,134,146,680779,677960,,,,,,,,,,,,,,,,,,,,,,,,,663743
716362,2023-10-01,2,Bot,12,7,4,2,1,134,146,680779,677960,walk,Walk,Henry Davis walks.,T,,,,,,,,,,680779,,1B,,,Walk,walk,,,,,663743
716362,2023-10-01,2,Bot,13,0,0,1,1,134,146,678894,677960,,,,,,,,,,,,,,,,,,,,,,,,,663743
716362,2023-10-01,2,Bot,13,1,0,2,1,134,146,678894,677960,,,,,,,,,,,,,,,,,,,,,,,,,663743
716362,2023-10-01,2,Bot,13,2,0,2,1,134,146,678894,677960,,,,,,,,,,,,,,,,,,,,,,,,,663743
716362,2023-10-01,2,Bot,13,3,0,2,2,134,146,678894,677960,,,,,,,,,,,,,,,,,,,,,,,,,663743
716362,2023-10-01,2,Bot,13,4,0,2,2,134,146,678894,677960,triple,Triple,Liover Peguero triples (1) on a fly ball to right fielder Jesus Sanchez.,T,,,,T,,,,,,680779,1B,,T,2,Pickoff Caught Stealing 2B,pickoff_caught_stealing_2b,r_pickoff_caught_stealing_2b,,,,663743
716362,2023-10-01,2,Bot,14,0,1,0,2,134,146,693304,677960,,,,,,,,,,,,,,,,,,,,,,,,,663743
716362,2023-10-01,2,Bot,14,1,1,1,2,134,146,693304,677960,,,,,,,,,,,,,,,,,,,,,,,,,663743
716362,2023-10-01,2,Bot,14,2,2,1,2,134,146,693304,677960,,,,,,,,,,,,,,,,,,,,,,,,,663743
716362,2023-10-01,2,Bot,14,3,2,1,2,134,146,693304,677960,field_out,Groundout,"Nick Gonzales grounds out, third baseman Jon Berti to first baseman Yuli Gurriel.",T,,,,,,,,,,693304,,,T,3,Groundout,field_out,,,,,663743
716362,2023-10-01,3,Top,15,0,1,0,0,134,146,663743,656578,,,,,,,,,,,,,,,,,,,,,,,,,682848
716362,2023-10-01,3,Top,15,1,1,0,0,134,146,663743,656578,field_out,Pop Out,Nick Fortes pops out to catcher Jason Delay in foul territory.,T,,,,,,,,,,663743,,,T,1,Pop Out,field_out,,,,,682848
716362,2023-10-01,3,Top,16,0,1,0,1,134,146,542932,656578,,,,,,,,,,,,,,,,,,,,,,,,,682848
716362,2023-10-01,3,Top,16,1,1,0,1,134,146,542932,656578,field_out,Lineout,Jon Berti lines out to right fielder Miguel Andujar.,T,,,,,,,,,,542932,,,T,2,Lineout,field_out,,,,,682848
716362,2023-10-01,3,Top,17,0,0,1,2,134,146,669364,656578,,,,,,,,,,,,,,,,,,,,,,,,,682848
716362,2023-10-01,3,Top,17,1,0,2,2,134,146,669364,656578,,,,,,,,,,,,,,,,,,,,,,,,,682848
716362,2023-10-01,3,Top,17,2,0,3,2,134,146,669364,656578,strikeout,Strikeout,Xavier Edwards strikes out swinging.,T,,,,,,,,,,669364,,,T,3,Strikeout,strikeout,,,,,682848
716362,2023-10-01,3,Bot,18,0,1,0,0,134,146,678225,677960,,,,,,,,,,,,,,,,,,,,,,,,,663743
716362,2023-10-01,3,Bot,18,1,1,1,0,134,146,678225,677960,,,,,,,,,,,,,,,,,,,,,,,,,663743
716362,2023-10-01,3,Bot,18,2,1,2,0,134,146,678225,677960,,,,,,,,,,,,,,,,,,,,,,,,,663743
716362,2023-10-01,3,Bot,18,3,2,2,0,134,146,678225,677960,,,,,,,,,,,,,,,,,,,,,,,,,663743
716362,2023-10-01,3,Bot,18,4,3,2,0,134,146,678225,677960,,,,,,,,,,,,,,,,,,,,,,,,,663743
716362,2023-10-01,3,Bot,18,5,4,2,0,134,146,678225,677960,walk,Walk,Ji Hwan Bae walks.,T,,,,,,,,,,678225,,1B,,,Walk,walk,,,,,663743
716362,2023-10-01,3,Bot,19,0,1,0,0,134,146,641511,677960,,,,,,,,,,,,,,,,,,,,,,,,,663743
716362,2023-10-01,3,Bot,19,1,2,0,0,134,146,641511,677960,,,,,,,,,,,,,,,,,,,,,,,,,663743
716362,2023-10-01,3,Bot,19,2,2,0,0,134,146,641511,677960,,,,,,,,,,,,,,,,,,,,,,,,,663743
716362,2023-10-01,3,Bot,19,3,2,1,0,134,146,641511,677960,,,,,,,,,,,,,,,,,,,,,,,,,663743
716362,2023-10-01,3,Bot,19,4,2,1,0,134,146,641511,677960,,,,,,,,,,,,,,,,,,,,,,,,,663743
716362,2023-10-01,3,Bot,19,5,2,1,0,134,146,641511,677960,fielders_choice,Fielders Choice,"Jason Delay reaches on a fielder's choice, fielded by third baseman Jon Berti. Ji Hwan Bae to 2nd. Ji Hwan Bae advances to 2nd, on a fielding error by third baseman Jon Berti.",T,,,,,,,,,,678225,1B,2B,,,Error,error,r_adv_play,,,,663743
716362,2023-10-01,3,Bot,20,0,0,1,0,134,146,656582,677960,,,,,,,,,,,,,,,,,,,,,,,,,663743
716362,2023-10-01,3,Bot,20,1,1,1,0,134,146,656582,677960,,,,,,,,,,,,,,,,,,,,,,,,,663743
716362,2023-10-01,3,Bot,20,2,1,1,0,134,146,656582,677960,,,,,,,,,,,,,,,,,,,,,,,,,663743
716362,2023-10-01,3,Bot,20,3,1,1,0,134,146,656582,677960,,,,,,,,,,,,,,,,,,,,,,,,,663743
716362,2023-10-01,3,Bot,20,4,1,1,1,134,146,656582,677960,,,,,,,,,,,,,,,,,,,,,,,,,663743
716362,2023-10-01,3,Bot,20,5,2,1,1,134,146,656582,677960,,,,,,,,,,,,,,,,,,,,,,,,,663743
716362,2023-10-01,3,Bot,20,6,3,1,1,134,146,656582,677960,,,,,,,,,,,,,,,,,,,,,,,,,663743
716362,2023-10-01,3,Bot,20,7,4,1,1,134,146,656582,677960,walk,Walk,Connor Joe walks.,T,,,,T,T,,,,,678225,2B,,T,1,Caught Stealing 3B,caught_stealing_3b,r_caught_stealing_3b,,,,663743
716362,2023-10-01,3,Bot,21,0,0,0,1,134,146,669707,677960,field_out,Pop Out,Jared Triolo pops out to third baseman Jon Berti on the infield fly rule.,T,,,,,,,,,,669707,,,T,2,Pop Out,field_out,,,,,663743
716362,2023-10-01,3,Bot,22,0,0,1,2,134,146,609280,677960,,,,,,,,,,,,,,,,,,,,,,,,,663743
716362,2023-10-01,3,Bot,22,1,0,2,2,134,146,609280,677960,,,,,,,,,,,,,,,,,,,,,,,,,663743
716362,2023-10-01,3,Bot,22,2,0,2,2,134,146,609280,677960,field_out,Groundout,"Miguel Andujar grounds out, third baseman Jon Berti to first baseman Yuli Gurriel.",T,,,,,,,,,,609280,,,T,3,Groundout,field_out,,,,,663743
716362,2023-10-01,4,Top,23,0,1,0,0,134,146,650559,656578,,,,,,,,,,,,,,,,,,,,,,,,,682848
716362,2023-10-01,4,Top,23,1,2,0,0,134,146,650559,656578,,,,,,,,,,,,,,,,,,,,,,,,,682848
716362,2023-10-01,4,Top,23,2,2,0,0,134,146,650559,656578,,,,,,,,,,,,,,,,,,,,,,,,,682848
716362,2023-10-01,4,Top,23,3,2,1,0,134,146,650559,656578,,,,,,,,,,,,,,,,,,,,,,,,,682848
716362,2023-10-01,4,Top,23,4,2,2,0,134,146,650559,656578,,,,,,,,,,,,,,,,,,,,,,,,,682848
716362,2023-10-01,4,Top,23,5,2,2,0,134,146,650559,656578,field_out,Flyout,Bryan De La Cruz flies out to center fielder Ji Hwan Bae.,T,,,,,,,,,,650559,,,T,1,Flyout,field_out,,,,,682848
716362,2023-10-01,4,Top,24,0,0,0,1,134,146,660821,656578,field_error,Field Error,Jesus Sanchez reaches on a fielding error by second baseman Nick Gonzales.,T,,,,,,,,,,660821,,1B,,,Field Error,field_error,,,,,682848
716362,2023-10-01,4,Top,25,0,1,0,1,134,146,493329,656578,,,,,,,,,,,,,,,,,,,,,,,,,682848
716362,2023-10-01,4,Top,25,1,1,1,1,134,146,493329,656578,,,,,,,,,,,,,,,,,,,,,,,,,682848
716362,2023-10-01,4,Top,25,2,1,1,1,134,146,493329,656578,,,,,,,,,,,,,,,,,,,,,,,,,682848
716362,2023-10-01,4,Top,25,3,1,1,1,134,146,493329,656578,grounded_into_double_play,Grounded Into DP,"Yuli Gurriel grounds into a double play, shortstop Liover Peguero to second baseman Nick Gonzales to first baseman Connor Joe. Jesus Sanchez out at 2nd. Yuli Gurriel out at 1st.",T,,,,,,,,,,660821,1B,,T,2,Grounded Into DP,grounded_into_double_play,r_force_out,,,,682848
716362,2023-10-01,4,Bot,26,0,1,0,0,134,146,669261,677960,,,,,,,,,,,,,,,,,,,,,,,,,663743
716362,2023-10-01,4,Bot,26,1,1,1,0,134,146,669261,677960,,,,,,,,,,,,,,,,,,,,,,,,,663743
716362,2023-10-01,4,Bot,26,2,1,2,0,134,146,669261,677960,,,,,,,,,,,,,,,,,,,,,,,,,663743
716362,2023-10-01,4,Bot,26,3,2,2,0,134,146,669261,677960,,,,,,,,,,,,,,,,,,,,,,,,,663743
716362,2023-10-01,4,Bot,26,4,2,2,0,134,146,669261,677960,field_out,Lineout,Jack Suwinski lines out to shortstop Joey Wendle.,T,,,,,,,,,,669261,,,T,1,Lineout,field_out,,,,,663743
716362,2023-10-01,4,Bot,27,0,0,1,1,134,146,680779,677960,,,,,,,,,,,,,,,,,,,,,,,,,663743
716362,2023-10-01,4,Bot,27,1,1,1,1,134,146,680779,677960,,,,,,,,,,,,,,,,,,,,,,,,,663743
716362,2023-10-01,4,Bot,27,2,1,2,1,134,146,680779,677960,,,,,,,,,,,,,,,,,,,,,,,,,663743
716362,2023-10-01,4,Bot,27,3,1,2,1,134,146,680779,677960,field_out,Groundout,"Henry Davis grounds out, third baseman Jon Berti to first baseman Yuli Gurriel.",T,,,,,,,,,,680779,,,T,2,Groundout,field_out,,,,,663743
716362,2023-10-01,4,Bot,28,0,0,1,2,134,146,678894,677960,,,,,,,,,,,,,,,,,,,,,,,,,663743
716362,2023-10-01,4,Bot,28,1,1,1,2,134,146,678894,677960,,,,,,,,,,,,,,,,,,,,,,,,,663743
716362,2023-10-01,4,Bot,28,2,1,1,2,134,146,678894,677960,field_out,Pop Out,Liover Peguero pops out to first baseman Yuli Gurriel in foul territory.,T,,,,,,,,,,678894,,,T,3,Pop Out,field_out,,,,,663743
716362,2023-10-01,5,Top,29,0,0,0,0,134,146,641658,674370,,,,,,,,,,,,,,,,,,,,,,,,,682848
716362,2023-10-01,5,Top,29,1,0,0,0,134,146,641658,674370,field_out,Groundout,"Garrett Hampson grounds out, third baseman Jared Triolo to first baseman Connor Joe.",T,,,,,,,,,,641658,,,T,1,Groundout,field_out,,,,,682848
716362,2023-10-01,5,Top,30,0,1,0,1,134,146,621563,674370,,,,,,,,,,,,,,,,,,,,,,,,,682848
716362,2023-10-01,5,Top,30,1,1,1,1,134,146,621563,674370,,,,,,,,,,,,,,,,,,,,,,,,,682848
716362,2023-10-01,5,Top,30,2,1,2,1,134,146,621563,674370,,,,,,,,,,,,,,,,,,,,,,,,,682848
716362,2023-10-01,5,Top,30,3,2,2,1,134,146,621563,674370,,,,,,,,,,,,,,,,,,,,,,,,,682848
716362,2023-10-01,5,Top,30,4,3,2,1,134,146,621563,674370,,,,,,,,,,,,,,,,,,,,,,,,,682848
716362,2023-10-01,5,Top,30,5,3,2,1,134,146,621563,674370,field_out,Lineout,Joey Wendle lines out to right fielder Miguel Andujar.,T,,,,,,,,,,621563,,,T,2,Lineout,field_out,,,,,682848
716362,2023-10-01,5,Top,31,0,0,1,2,134,146,607732,674370,,,,,,,,,,,,,,,,,,,,,,,,,682848
716362,2023-10-01,5,Top,31,1,0,2,2,134,146,607732,674370,,,,,,,,,,,,,,,,,,,,,,,,,682848
716362,2023-10-01,5,Top,31,2,0,3,2,134,146,607732,674370,strikeout,Strikeout,Jacob Stallings strikes out swinging.,T,,,,,,,,,,607732,,,T,3,Strikeout,strikeout,,,,,682848
716362,2023-10-01,5,Bot,32,0,1,0,0,134,146,693304,677960,,,,,,,,,,,,,,,,,,,,,,,,,663743
716362,2023-10-01,5,Bot,32,1,1,1,0,134,146,693304,677960,,,,,,,,,,,,,,,,,,,,,,,,,663743
716362,2023-10-01,5,Bot,32,2,1,2,0,134,146,693304,677960,,,,,,,,,,,,,,,,,,,,,,,,,663743
716362,2023-10-01,5,Bot,32,3,1,2,0,134,146,693304,677960,field_out,Groundout,"Nick Gonzales grounds out, third baseman Jon Berti to first baseman Yuli Gurriel.",T,,,,,,,,,,693304,,,T,1,Groundout,field_out,,,,,663743
716362,2023-10-01,5,Bot,33,0,0,1,1,134,146,678225,677960,,,,,,,,,,,,,,,,,,,,,,,,,663743
716362,2023-10-01,5,Bot,33,1,0,2,1,134,146,678225,677960,,,,,,,,,,,,,,,,,,,,,,,,,663743
716362,2023-10-01,5,Bot,33,2,1,2,1,134,146,678225,677960,,,,,,,,,,,,,,,,,,,,,,,,,663743
716362,2023-10-01,5,Bot,33,3,1,3,1,134,146,678225,677960,strikeout,Strikeout,Ji Hwan Bae strikes out swinging.,T,,,,,,,,,,678225,,,T,2,Strikeout,strikeout,,,,,663743
716362,2023-10-01,5,Bot,34,0,0,1,2,134,146,641511,677960,,,,,,,,,,,,,,,,,,,,,,,,,663743
716362,2023-10-01,5,Bot,34,1,1,1,2,134,146,641511,677960,,,,,,,,,,,,,,,,,,,,,,,,,663743
716362,2023-10-01,5,Bot,34,2,1,1,2,134,146,641511,677960,field_out,Flyout,Jason Delay flies out to right fielder Jesus Sanchez.,T,,,,,,,,,,641511,,,T,3,Flyout,field_out,,,,,663743
716362,2023-10-01,6,Top,35,0,0,1,0,134,146,663743,674370,,,,,,,,,,,,,,,,,,,,,,,,,682848
716362,2023-10-01,6,Top,35,1,0,1,0,134,146,663743,674370,field_out,Groundout,"Nick Fortes grounds out, shortstop Liover Peguero to first baseman Connor Joe.",T,,,,,,,,,,663743,,,T,1,Groundout,field_out,,,,,682848
716362,2023-10-01,6,Top,36,0,1,0,1,134,146,542932,674370,,,,,,,,,,,,,,,,,,,,,,,,,682848
716362,2023-10-01,6,Top,36,1,1,0,1,134,146,542932,674370,field_out,Groundout,"Jon Berti grounds out, third baseman Jared Triolo to first baseman Connor Joe.",T,,,,,,,,,,542932,,,T,2,Groundout,field_out,,,,,682848
716362,2023-10-01,6,Top,37,0,0,1,2,134,146,669364,674370,,,,,,,,,,,,,,,,,,,,,,,,,682848
716362,2023-10-01,6,Top,37,1,1,1,2,134,146,669364,674370,,,,,,,,,,,,,,,,,,,,,,,,,682848
716362,2023-10-01,6,Top,37,2,1,2,2,134,146,669364,674370,,,,,,,,,,,,,,,,,,,,,,,,,682848
716362,2023-10-01,6,Top,37,3,2,2,2,134,146,669364,674370,,,,,,,,,,,,,,,,,,,,,,,,,682848
716362,2023-10-01,6,Top,37,4,2,2,2,134,146,669364,674370,,,,,,,,,,,,,,,,,,,,,,,,,682848
716362,2023-10-01,6,Top,37,5,2,2,2,134,146,669364,674370,single,Single,Xavier Edwards singles on a line drive to center fielder Ji Hwan Bae.,T,,,,,,,,,,669364,,1B,,,Single,single,,,,,682848
716362,2023-10-01,6,Top,38,0,0,1,2,134,146,650559,674370,,,,,,,,,,,,,,,,,,,,,,,,,682848
716362,2023-10-01,6,Top,38,1,0,1,2,134,146,650559,674370,,,,,,,,,,,,,,,,,,,,,,,,,682848
716362,2023-10-01,6,Top,38,2,0,2,2,134,146,650559,674370,,,,,,,,,,,,,,,,,,,,,,,,,682848
716362,2023-10-01,6,Top,38,3,0,2,2,134,146,650559,674370,,,,,,,,,,,,,,,,,,,,,,,,,682848
716362,2023-10-01,6,Top,38,4,0,3,2,134,146,650559,674370,strikeout,Strikeout,Bryan De La Cruz strikes out swinging.,T,,,,,,,,,,650559,,,T,3,Strikeout,strikeout,,,,,682848
716362,2023-10-01,6,Bot,39,0,0,1,0,134,146,656582,677960,,,,,,,,,,,,,,,,,,,,,,,,,663743
716362,2023-10-01,6,Bot,39,1,1,1,0,134,146,656582,677960,,,,,,,,,,,,,,,,,,,,,,,,,663743
716362,2023-10-01,6,Bot,39,2,1,1,0,134,146,656582,677960,single,Single,Connor Joe singles on a line drive to left fielder Bryan De La Cruz.,T,,,,,,,,,,656582,,1B,,,Single,single,,,,,663743
716362,2023-10-01,6,Bot,40,0,0,1,0,134,146,669707,677960,,,,,,,,,,,,,,,,,,,,,,,,,663743
716362,2023-10-01,6,Bot,40,1,0,2,0,134,146,669707,677960,,,,,,,,,,,,,,,,,,,,,,,,,663743
716362,2023-10-01,6,Bot,40,2,1,2,0,134,146,669707,677960,,,,,,,,,,,,,,,,,,,,,,,,,663743
716362,2023-10-01,6,Bot,40,3,1,2,0,134,146,669707,677960,,,,,,,,,,,,,,,,,,,,,,,,,663743
716362,2023-10-01,6,Bot,40,4,1,2,0,134,146,669707,677960,,,,,,,,,,,,,,,,,,,,,,,,,663743
716362,2023-10-01,6,Bot,40,5,1,2,0,134,146,669707,677960,,,,,,,,,,,,,,,,,,,,,,,,,663743
716362,2023-10-01,6,Bot,40,6,2,2,0,134,146,669707,677960,,,,,,,,,,,,,,,,,,,,,,,,,663743
716362,2023-10-01,6,Bot,40,7,2,2,0,134,146,669707,677960,,,,,,,,,,,,,,,,,,,,,,,,,663743
716362,2023-10-01,6,Bot,40,8,3,2,0,134,146,669707,677960,,,,,,,,,,,,,,,,,,,,,,,,,663743
716362,2023-10-01,6,Bot,40,9,3,3,0,134,146,669707,677960,strikeout,Strikeout,Jared Triolo called out on strikes.,T,,,,,,,,,,669707,,,T,1,Strikeout,strikeout,,,,,663743
716362,2023-10-01,6,Bot,41,0,1,0,1,134,146,609280,677960,,,,,,,,,,,,,,,,,,,,,,,,,663743
716362,2023-10-01,6,Bot,41,1,1,1,1,134,146,609280,677960,,,,,,,,,,,,,,,,,,,,,,,,,663743
716362,2023-10-01,6,Bot,41,2,1,2,1,134,146,609280,677960,,,,,,,,,,,,,,,,,,,,,,,,,663743
716362,2023-10-01,6,Bot,41,3,1,2,1,134,146,609280,677960,,,,,,,,,,,,,,,,,,,,,,,,,663743
716362,2023-10-01,6,Bot,41,4,2,2,1,134,146,609280,677960,,,,,,,,,,,,,,,,,,,,,,,,,663743
716362,2023-10-01,6,Bot,41,5,2,2,1,134,146,609280,677960,,,,,,,,,,,,,,,,,,,,,,,,,663743
716362,2023-10-01,6,Bot,41,6,2,3,1,134,146,609280,677960,strikeout,Strikeout,Miguel Andujar strikes out swinging.,T,,,,,,,,,,609280,,,T,2,Strikeout,strikeout,,,,,663743
716362,2023-10-01,6,Bot,42,0,0,0,2,134,146,669261,677960,,,,,,,,,,,,,,,,,,,,,,,,,663743
716362,2023-10-01,6,Bot,42,1,0,1,2,134,146,669261,677960,,,,,,,,,,,,,,,,,,,,,,,,,663743
716362,2023-10-01,6,Bot,42,2,1,1,2,134,146,669261,677960,,,,,,,,,,,,,,,,,,,,,,,,,663743
716362,2023-10-01,6,Bot,42,3,2,1,2,134,146,669261,677960,,,,,,,,,,,,,,,,,,,,,,,,,663743
716362,2023-10-01,6,Bot,42,4,2,1,2,134,146,669261,677960,field_out,Flyout,Jack Suwinski flies out to right fielder Jesus Sanchez.,T,,,,,,,,,,669261,,,T,3,Flyout,field_out,,,,,663743
716362,2023-10-01,7,Top,43,0,0,0,0,134,146,660821,693312,,,,,,,,,,,,,,,,,,,,,,,,,682848
716362,2023-10-01,7,Top,43,1,0,1,0,134,146,660821,693312,,,,,,,,,,,,,,,,,,,,,,,,,682848
716362,2023-10-01,7,Top,43,2,1,1,0,134,146,660821,693312,,,,,,,,,,,,,,,,,,,,,,,,,682848
716362,2023-10-01,7,Top,43,3,1,2,0,134,146,660821,693312,,,,,,,,,,,,,,,,,,,,,,,,,682848
716362,2023-10-01,7,Top,43,4,1,3,0,134,146,660821,693312,strikeout,Strikeout,"Jesus Sanchez strikes out swinging, catcher Jason Delay to first baseman Connor Joe.",T,,,,,,,,,,660821,,,T,1,Strikeout,strikeout,,,,,682848
716362,2023-10-01,7,Top,44,0,0,0,1,134,146,493329,693312,field_out,Groundout,"Yuli Gurriel grounds out, shortstop Liover Peguero to first baseman Connor Joe.",T,,,,,,,,,,493329,,,T,2,Groundout,field_out,,,,,682848
716362,2023-10-01,7,Top,45,0,0,1,2,134,146,641658,693312,,,,,,,,,,,,,,,,,,,,,,,,,682848
716362,2023-10-01,7,Top,45,1,1,1,2,134,146,641658,693312,,,,,,,,,,,,,,,,,,,,,,,,,682848
716362,2023-10-01,7,Top,45,2,2,1,2,134,146,641658,693312,,,,,,,,,,,,,,,,,,,,,,,,,682848
716362,2023-10-01,7,Top,45,3,2,2,2,134,146,641658,693312,,,,,,,,,,,,,,,,,,,,,,,,,682848
716362,2023-10-01,7,Top,45,4,2,2,2,134,146,641658,693312,single,Single,Garrett Hampson singles on a line drive to left fielder Jack Suwinski.,T,,,,,,,,,,641658,,1B,,,Single,single,,,,,682848
716362,2023-10-01,7,Top,46,0,0,1,2,134,146,621563,693312,,,,,,,,,,,,,,,,,,,,,,,,,682848
716362,2023-10-01,7,Top,46,1,0,2,2,134,146,621563,693312,,,,,,,,,,,,,,,,,,,,,,,,,682848
716362,2023-10-01,7,Top,46,2,1,2,2,134,146,621563,693312,,,,,,,,,,,,,,,,,,,,,,,,,682848
716362,2023-10-01,7,Top,46,3,2,2,2,134,146,621563,693312,,,,,,,,,,,,,,,,,,,,,,,,,682848
716362,2023-10-01,7,Top,46,4,2,2,2,134,146,621563,693312,,,,,,,,,,,,,,,,,,,,,,,,,682848
716362,2023-10-01,7,Top,46,5,3,2,2,134,146,621563,693312,,,,,,,,,,,,,,,,,,,,,,,,,682848
716362,2023-10-01,7,Top,46,6,3,3,2,134,146,621563,693312,strikeout,Strikeout,Joey Wendle strikes out swinging.,T,,,,,,,,,,641658,1B,2B,,,Wild Pitch,wild_pitch,r_adv_play,,,,682848
716362,2023-10-01,7,Bot,47,0,0,0,0,134,146,680779,623211,,,,,,,,,,,,,,,,,,,,,,,,,663743
716362,2023-10-01,7,Bot,47,1,0,1,0,134,146,680779,623211,,,,,,,,,,,,,,,,,,,,,,,,,663743
716362,2023-10-01,7,Bot,47,2,0,2,0,134,146,680779,623211,,,,,,,,,,,,,,,,,,,,,,,,,663743
716362,2023-10-01,7,Bot,47,3,0,2,0,134,146,680779,623211,,,,,,,,,,,,,,,,,,,,,,,,,663743
716362,2023-10-01,7,Bot,47,4,0,3,0,134,146,680779,623211,strikeout,Strikeout,Henry Davis strikes out swinging.,T,,,,,,,,,,680779,,,T,1,Strikeout,strikeout,,,,,663743
716362,2023-10-01,7,Bot,48,0,0,1,1,134,146,678894,623211,,,,,,,,,,,,,,,,,,,,,,,,,663743
716362,2023-10-01,7,Bot,48,1,1,1,1,134,146,678894,623211,,,,,,,,,,,,,,,,,,,,,,,,,663743
716362,2023-10-01,7,Bot,48,2,1,2,1,134,146,678894,623211,,,,,,,,,,,,,,,,,,,,,,,,,663743
716362,2023-10-01,7,Bot,48,3,2,2,1,134,146,678894,623211,,,,,,,,,,,,,,,,,,,,,,,,,663743
716362,2023-10-01,7,Bot,48,4,2,3,1,134,146,678894,623211,strikeout,Strikeout,Liover Peguero strikes out swinging.,T,,,,,,,,,,678894,,,T,2,Strikeout,strikeout,,,,,663743
716362,2023-10-01,7,Bot,49,0,0,1,2,134,146,693304,623211,,,,,,,,,,,,,,,,,,,,,,,,,663743
716362,2023-10-01,7,Bot,49,1,1,1,2,134,146,693304,623211,,,,,,,,,,,,,,,,,,,,,,,,,663743
716362,2023-10-01,7,Bot,49,2,1,2,2,134,146,693304,623211,,,,,,,,,,,,,,,,,,,,,,,,,663743
716362,2023-10-01,7,Bot,49,3,1,2,2,134,146,693304,623211,,,,,,,,,,,,,,,,,,,,,,,,,663743
716362,2023-10-01,7,Bot,49,4,2,2,2,134,146,693304,623211,,,,,,,,,,,,,,,,,,,,,,,,,663743
716362,2023-10-01,7,Bot,49,5,2,2,2,134,146,693304,623211,double,Double,Nick Gonzales doubles (8) on a line drive to center fielder Garrett Hampson.,T,,,,,,,,,,693304,,2B,,,Double,double,,,,,663743
716362,2023-10-01,7,Bot,50,0,0,1,2,134,146,678225,623211,,,,,,,,,,,,,,,,,,,,,,,,,663743
716362,2023-10-01,7,Bot,50,1,0,2,2,134,146,678225,623211,,,,,,,,,,,,,,,,,,,,,,,,,663743
716362,2023-10-01,7,Bot,50,2,0,2,2,134,146,678225,623211,,,,,,,,,,,,,,,,,,,,,,,,,663743
716362,2023-10-01,7,Bot,50,3,0,3,2,134,146,678225,623211,strikeout,Strikeout,Ji Hwan Bae strikes out swinging.,T,,,,,,,,,,678225,,,T,3,Strikeout,strikeout,,,,,663743
716362,2023-10-01,8,Top,51,0,0,0,0,134,146,607732,664294,,,,,,,,,,,,,,,,,,,,,,,,,682848
716362,2023-10-01,8,Top,51,1,0,1,0,134,146,607732,664294,,,,,,,,,,,,,,,,,,,,,,,,,682848
716362,2023-10-01,8,Top,51,2,0,2,0,134,146,607732,664294,,,,,,,,,,,,,,,,,,,,,,,,,682848
716362,2023-10-01,8,Top,51,3,0,3,0,134,146,607732,664294,strikeout,Strikeout,Jacob Stallings strikes out swinging.,T,,,,,,,,,,607732,,,T,1,Strikeout,strikeout,,,,,682848
716362,2023-10-01,8,Top,52,0,1,0,1,134,146,663743,664294,,,,,,,,,,,,,,,,,,,,,,,,,682848
716362,2023-10-01,8,Top,52,1,2,0,1,134,146,663743,664294,,,,,,,,,,,,,,,,,,,,,,,,,682848
716362,2023-10-01,8,Top,52,2,2,1,1,134,146,663743,664294,,,,,,,,,,,,,,,,,,,,,,,,,682848
716362,2023-10-01,8,Top,52,3,2,2,1,134,146,663743,664294,,,,,,,,,,,,,,,,,,,,,,,,,682848
716362,2023-10-01,8,Top,52,4,2,2,1,134,146,663743,664294,,,,,,,,,,,,,,,,,,,,,,,,,682848
716362,2023-10-01,8,Top,52,5,2,3,1,134,146,663743,664294,strikeout,Strikeout,Nick Fortes strikes out swinging.,T,,,,,,,,,,663743,,,T,2,Strikeout,strikeout,,,,,682848
716362,2023-10-01,8,Top,53,0,0,1,2,134,146,542932,664294,,,,,,,,,,,,,,,,,,,,,,,,,682848
716362,2023-10-01,8,Top,53,1,0,2,2,134,146,542932,664294,,,,,,,,,,,,,,,,,,,,,,,,,682848
716362,2023-10-01,8,Top,53,2,0,2,2,134,146,542932,664294,,,,,,,,,,,,,,,,,,,,,,,,,682848
716362,2023-10-01,8,Top,53,3,1,2,2,134,146,542932,664294,,,,,,,,,,,,,,,,,,,,,,,,,682848
716362,2023-10-01,8,Top,53,4,1,3,2,134,146,542932,664294,strikeout,Strikeout,Jon Berti strikes out swinging.,T,,,,,,,,,,542932,,,T,3,Strikeout,strikeout,,,,,682848
716362,2023-10-01,8,Bot,54,0,0,0,0,134,146,641511,663773,,,,,,,,,,,,,,,,,,,,,,,,,663743
716362,2023-10-01,8,Bot,54,1,0,1,0,134,146,641511,663773,,,,,,,,,,,,,,,,,,,,,,,,,663743
716362,2023-10-01,8,Bot,54,2,0,2,0,134,146,641511,663773,,,,,,,,,,,,,,,,,,,,,,,,,663743
716362,2023-10-01,8,Bot,54,3,0,2,0,134,146,641511,663773,,,,,,,,,,,,,,,,,,,,,,,,,663743
716362,2023-10-01,8,Bot,54,4,0,2,0,134,146,641511,663773,,,,,,,,,,,,,,,,,,,,,,,,,663743
716362,2023-10-01,8,Bot,54,5,1,2,0,134,146,641511,663773,,,,,,,,,,,,,,,,,,,,,,,,,663743
716362,2023-10-01,8,Bot,54,6,2,2,0,134,146,641511,663773,,,,,,,,,,,,,,,,,,,,,,,,,663743
716362,2023-10-01,8,Bot,54,7,2,3,0,134,146,641511,663773,strikeout,Strikeout,Jason Delay called out on strikes.,T,,,,,,,,,,641511,,,T,1,Strikeout,strikeout,,,,,663743
716362,2023-10-01,8,Bot,55,0,1,0,1,134,146,656582,663773,,,,,,,,,,,,,,,,,,,,,,,,,663743
716362,2023-10-01,8,Bot,55,1,2,0,1,134,146,656582,663773,,,,,,,,,,,,,,,,,,,,,,,,,663743
716362,2023-10-01,8,Bot,55,2,2,1,1,134,146,656582,663773,,,,,,,,,,,,,,,,,,,,,,,,,663743
716362,2023-10-01,8,Bot,55,3,2,1,1,134,146,656582,663773,double,Double,Connor Joe doubles (31) on a line drive to left fielder Bryan De La Cruz.,T,,,,,,,,,,656582,,2B,,,Double,double,,,,,663743
716362,2023-10-01,8,Bot,56,0,1,0,1,134,146,669707,663773,,,,,,,,,,,,,,,,,,,,,,,,,663743
716362,2023-10-01,8,Bot,56,1,2,0,1,134,146,669707,663773,,,,,,,,,,,,,,,,,,,,,,,,,663743
716362,2023-10-01,8,Bot,56,2,3,0,1,134,146,669707,663773,,,,,,,,,,,,,,,,,,,,,,,,,663743
716362,2023-10-01,8,Bot,56,3,4,0,1,134,146,669707,663773,walk,Walk,Jared Triolo walks.,T,,,,,,,,,,669707,,1B,,,Walk,walk,,,,,663743
716362,2023-10-01,8,Bot,57,0,0,0,1,134,146,609280,663773,,,,,,,,,,,,,,,,,,,,,,,,,663743
716362,2023-10-01,8,Bot,57,1,0,1,1,134,146,609280,663773,,,,,,,,,,,,,,,,,,,,,,,,,663743
716362,2023-10-01,8,Bot,57,2,0,2,1,134,146,609280,663773,,,,,,,,,,,,,,,,,,,,,,,,,663743
716362,2023-10-01,8,Bot,57,3,0,2,1,134,146,609280,663773,,,,,,,,,,,,,,,,,,,,,,,,,663743
716362,2023-10-01,8,Bot,57,4,1,2,1,134,146,609280,663773,,,,,,,,,,,,,,,,,,,,,,,,,663743
716362,2023-10-01,8,Bot,57,5,1,2,1,134,146,609280,663773,double,Double,Miguel Andujar doubles (7) on a sharp line drive to left fielder Bryan De La Cruz. Connor Joe scores. Jared Triolo to 3rd.,T,,,,,,,,,,609280,,2B,,,Double,double,,,,,663743
716362,2023-10-01,8,Bot,58,0,0,0,1,134,146,669261,663773,,,,,,,,,,,,,,,,,,,,,,,,,663743
716362,2023-10-01,8,Bot,58,1,1,0,1,134,146,669261,663773,,,,,,,,,,,,,,,,,,,,,,,,,663743
716362,2023-10-01,8,Bot,58,2,1,1,1,134,146,669261,663773,,,,,,,,,,,,,,,,,,,,,,,,,663743
716362,2023-10-01,8,Bot,58,3,1,2,1,134,146,669261,663773,,,,,,,,,,,,,,,,,,,,,,,,,663743
716362,2023-10-01,8,Bot,58,4,2,2,1,134,146,669261,663773,,,,,,,,,,,,,,,,,,,,,,,,,663743
716362,2023-10-01,8,Bot,58,5,3,2,1,134,146,669261,663773,,,,,,,,,,,,,,,,,,,,,,,,,663743
716362,2023-10-01,8,Bot,58,6,3,2,1,134,146,669261,663773,double,Double,Jack Suwinski doubles (21) on a line drive to left fielder Bryan De La Cruz. Jared Triolo scores. Joshua Palacios scores.,T,,,,,,,,,,669261,,2B,,,Double,double,,,,,663743
716362,2023-10-01,8,Bot,59,0,1,0,1,134,146,680779,663773,,,,,,,,,,,,,,,,,,,,,,,,,663743
716362,2023-10-01,8,Bot,59,1,1,1,1,134,146,680779,663773,,,,,,,,,,,,,,,,,,,,,,,,,663743
716362,2023-10-01,8,Bot,59,2,1,2,1,134,146,680779,663773,,,,,,,,,,,,,,,,,,,,,,,,,663743
716362,2023-10-01,8,Bot,59,3,1,2,1,134,146,680779,663773,field_out,Groundout,"Henry Davis grounds out, third baseman Jon Berti to first baseman Yuli Gurriel.",T,,,,,,,,,,680779,,,T,2,Groundout,field_out,,,,,663743
716362,2023-10-01,8,Bot,60,0,1,0,2,134,146,678894,663773,,,,,,,,,,,,,,,,,,,,,,,,,663743
716362,2023-10-01,8,Bot,60,1,2,0,2,134,146,678894,663773,,,,,,,,,,,,,,,,,,,,,,,,,663743
716362,2023-10-01,8,Bot,60,2,3,0,2,134,146,678894,663773,,,,,,,,,,,,,,,,,,,,,,,,,663743
716362,2023-10-01,8,Bot,60,3,3,1,2,134,146,678894,663773,,,,,,,,,,,,,,,,,,,,,,,,,663743
716362,2023-10-01,8,Bot,60,4,4,1,2,134,146,678894,663773,walk,Walk,Liover Peguero walks.,T,,,,,,,,,,678894,,1B,,,Walk,walk,,,,,663743
716362,2023-10-01,8,Bot,61,0,0,0,2,134,146,693304,663773,force_out,Forceout,"Nick Gonzales grounds into a force out, pitcher Bryan Hoeing to second baseman Xavier Edwards. Liover Peguero out at 2nd.",T,,,,,,,,,,678894,1B,,T,3,Forceout,force_out,r_force_out,,,,663743
716362,2023-10-01,9,Top,62,0,0,0,0,134,146,669364,670280,,,,,,,,,,,,,,,,,,,,,,,,,682848
716362,2023-10-01,9,Top,62,1,0,0,0,134,146,669364,670280,,,,,,,,,,,,,,,,,,,,,,,,,682848
716362,2023-10-01,9,Top,62,2,0,0,0,134,146,669364,670280,,,,,,,,,,,,,,,,,,,,,,,,,682848
716362,2023-10-01,9,Top,62,3,0,1,0,134,146,669364,670280,,,,,,,,,,,,,,,,,,,,,,,,,682848
716362,2023-10-01,9,Top,62,4,0,2,0,134,146,669364,670280,,,,,,,,,,,,,,,,,,,,,,,,,682848
716362,2023-10-01,9,Top,62,5,1,2,0,134,146,669364,670280,,,,,,,,,,,,,,,,,,,,,,,,,682848
716362,2023-10-01,9,Top,62,6,2,2,0,134,146,669364,670280,,,,,,,,,,,,,,,,,,,,,,,,,682848
716362,2023-10-01,9,Top,62,7,3,2,0,134,146,669364,670280,,,,,,,,,,,,,,,,,,,,,,,,,682848
716362,2023-10-01,9,Top,62,8,3,2,0,134,146,669364,670280,field_out,Groundout,"Xavier Edwards grounds out, second baseman Nick Gonzales to first baseman Alfonso Rivas.",T,,,,,,,,,,669364,,,T,1,Groundout,field_out,,,,,682848
716362,2023-10-01,9,Top,63,0,0,1,1,134,146,650559,670280,,,,,,,,,,,,,,,,,,,,,,,,,682848
716362,2023-10-01,9,Top,63,1,0,2,1,134,146,650559,670280,,,,,,,,,,,,,,,,,,,,,,,,,682848
716362,2023-10-01,9,Top,63,2,0,3,1,134,146,650559,670280,strikeout,Strikeout,Bryan De La Cruz strikes out swinging.,T,,,,,,,,,,650559,,,T,2,Strikeout,strikeout,,,,,682848
716362,2023-10-01,9,Top,64,0,1,0,2,134,146,660821,670280,,,,,,,,,,,,,,,,,,,,,,,,,682848
716362,2023-10-01,9,Top,64,1,1,1,2,134,146,660821,670280,,,,,,,,,,,,,,,,,,,,,,,,,682848
716362,2023-10-01,9,Top,64,2,1,2,2,134,146,660821,670280,,,,,,,,,,,,,,,,,,,,,,,,,682848
716362,2023-10-01,9,Top,64,3,1,2,2,134,146,660821,670280,,,,,,,,,,,,,,,,,,,,,,,,,682848
716362,2023-10-01,9,Top,64,4,1,2,2,134,146,660821,670280,,,,,,,,,,,,,,,,,,,,,,,,,682848
716362,2023-10-01,9,Top,64,5,1,3,2,134,146,660821,670280,strikeout,Strikeout,Jesus Sanchez strikes out swinging.,T,,,,,,,,,,660821,,,T,3,Strikeout,strikeout,,,,,682848
716367,2023-10-01,1,Top,0,0,0,0,0,110,111,657077,680694,,,,,,,,,,,,,,,,,,,,,,,,,543510
716367,2023-10-01,1,Top,0,1,0,0,0,110,111,657077,680694,,,,,,,,,,,,,,,,,,,,,,,,,543510
716367,2023-10-01,1,Top,0,2,0,0,0,110,111,657077,680694,,,,,,,,,,,,,,,,,,,,,,,,,543510
716367,2023-10-01,1,Top,0,3,1,0,0,110,111,657077,680694,,,,,,,,,,,,,,,,,,,,,,,,,543510
716367,2023-10-01,1,Top,0,4,1,0,0,110,111,657077,680694,field_out,Lineout,Alex Verdugo lines out sharply to center fielder Cedric Mullins.,T,,,,,,,,,,657077,,,T,1,Lineout,field_out,,,,,543510
716367,2023-10-01,1,Top,1,0,0,1,1,110,111,646240,680694,,,,,,,,,,,,,,,,,,,,,,,,,543510
716367,2023-10-01,1,Top,1,1,1,1,1,110,111,646240,680694,,,,,,,,,,,,,,,,,,,,,,,,,543510
716367,2023-10-01,1,Top,1,2,2,1,1,110,111,646240,680694,,,,,,,,,,,,,,,,,,,,,,,,,543510
716367,2023-10-01,1,Top,1,3,3,1,1,110,111,646240,680694,,,,,,,,,,,,,,,,,,,,,,,,,543510
716367,2023-10-01,1,Top,1,4,3,2,1,110,111,646240,680694,,,,,,,,,,,,,,,,,,,,,,,,,543510
716367,2023-10-01,1,Top,1,5,3,2,1,110,111,646240,680694,,,,,,,,,,,,,,,,,,,,,,,,,543510
716367,2023-10-01,1,Top,1,6,4,2,1,110,111,646240,680694,walk,Walk,Rafael Devers walks.,T,,,,,,,,,,646240,,1B,,,Walk,walk,,,,,543510
716367,2023-10-01,1,Top,2,0,0,1,1,110,111,457759,680694,,,,,,,,,,,,,,,,,,,,,,,,,543510
716367,2023-10-01,1,Top,2,1,0,2,1,110,111,457759,680694,,,,,,,,,,,,,,,,,,,,,,,,,543510
716367,2023-10-01,1,Top,2,2,0,3,1,110,111,457759,680694,strikeout,Strikeout,Justin Turner strikes out swinging.,T,,,,,,,,,,457759,,,T,2,Strikeout,strikeout,,,,,543510
716367,2023-10-01,1,Top,3,0,0,1,2,110,111,807799,680694,,,,,,,,,,,,,,,,,,,,,,,,,543510
716367,2023-10-01,1,Top,3,1,1,1,2,110,111,807799,680694,,,,,,,,,,,,,,,,,,,,,,,,,543510
716367,2023-10-01,1,Top,3,2,2,1,2,110,111,807799,680694,,,,,,,,,,,,,,,,,,,,,,,,,543510
716367,2023-10-01,1,Top,3,3,2,2,2,110,111,807799,680694,,,,,,,,,,,,,,,,,,,,,,,,,543510
716367,2023-10-01,1,Top,3,4,2,3,2,110,111,807799,680694,strikeout,Strikeout,Masataka Yoshida called out on strikes.,T,,,,,,,,,,807799,,,T,3,Strikeout,strikeout,,,,,543510
716367,2023-10-01,1,Bot,4,0,1,0,0,110,111,683002,656557,,,,,,,,,,,,,,,,,,,,,,,,,657136
716367,2023-10-01,1,Bot,4,1,1,1,0,110,111,683002,656557,,,,,,,,,,,,,,,,,,,,,,,,,657136
716367,2023-10-01,1,Bot,4,2,1,2,0,110,111,683002,656557,,,,,,,,,,,,,,,,,,,,,,,,,657136
716367,2023-10-01,1,Bot,4,3,2,2,0,110,111,683002,656557,,,,,,,,,,,,,,,,,,,,,,,,,657136
716367,2023-10-01,1,Bot,4,4,2,2,0,110,111,683002,656557,field_out,Groundout,"Gunnar Henderson grounds out, shortstop Trevor Story to first baseman Bobby Dalbec.",T,,,,,,,,,,683002,,,T,1,Groundout,field_out,,,,,657136
716367,2023-10-01,1,Bot,5,0,1,0,1,110,111,668939,656557,,,,,,,,,,,,,,,,,,,,,,,,,657136
716367,2023-10-01,1,Bot,5,1,2,0,1,110,111,668939,656557,,,,,,,,,,,,,,,,,,,,,,,,,657136
716367,2023-10-01,1,Bot,5,2,3,0,1,110,111,668939,656557,,,,,,,,,,,,,,,,,,,,,,,,,657136
716367,2023-10-01,1,Bot,5,3,4,0,1,110,111,668939,656557,walk,Walk,Adley Rutschman walks.,T,,,,,,,,,,668939,,1B,,,Walk,walk,,,,,657136
716367,2023-10-01,1,Bot,6,0,1,0,1,110,111,623993,656557,,,,,,,,,,,,,,,,,,,,,,,,,657136
716367,2023-10-01,1,Bot,6,1,2,0,1,110,111,623993,656557,,,,,,,,,,,,,,,,,,,,,,,,,657136
716367,2023-10-01,1,Bot,6,2,2,1,1,110,111,623993,656557,,,,,,,,,,,,,,,,,,,,,,,,,657136
716367,2023-10-01,1,Bot,6,3,2,1,1,110,111,623993,656557,field_out,Flyout,Anthony Santander flies out to right fielder Alex Verdugo.,T,,,,,,,,,,623993,,,T,2,Flyout,field_out,,,,,657136
716367,2023-10-01,1,Bot,7,0,0,0,2,110,111,656811,656557,field_out,Lineout,Ryan O'Hearn lines out sharply to center fielder Wilyer Abreu.,T,,,,,,,,,,656811,,,T,3,Lineout,field_out,,,,,657136
716367,2023-10-01,2,Top,8,0,1,0,0,110,111,596115,680694,,,,,,,,,,,,,,,,,,,,,,,,,543510
716367,2023-10-01,2,Top,8,1,1,1,0,110,111,596115,680694,,,,,,,,,,,,,,,,,,,,,,,,,543510
716367,2023-10-01,2,Top,8,2,2,1,0,110,111,596115,680694,,,,,,,,,,,,,,,,,,,,,,,,,543510
716367,2023-10-01,2,Top,8,3,2,2,0,110,111,596115,680694,,,,,,,,,,,,,,,,,,,,,,,,,543510
716367,2023-10-01,2,Top,8,4,2,2,0,110,111,596115,680694,,,,,,,,,,,,,,,,,,,,,,,,,543510
716367,2023-10-01,2,Top,8,5,2,2,0,110,111,596115,680694,,,,,,,,,,,,,,,,,,,,,,,,,543510
716367,2023-10-01,2,Top,8,6,2,3,0,110,111,596115,680694,strikeout,Strikeout,Trevor Story strikes out swinging.,T,,,,,,,,,,596115,,,T,1,Strikeout,strikeout,,,,,543510
716367,2023-10-01,2,Top,9,0,1,0,1,110,111,677800,680694,,,,,,,,,,,,,,,,,,,,,,,,,543510
716367,2023-10-01,2,Top,9,1,1,1,1,110,111,677800,680694,,,,,,,,,,,,,,,,,,,,,,,,,543510
716367,2023-10-01,2,Top,9,2,1,2,1,110,111,677800,680694,,,,,,,,,,,,,,,,,,,,,,,,,543510
716367,2023-10-01,2,Top,9,3,1,2,1,110,111,677800,680694,,,,,,,,,,,,,,,,,,,,,,,,,543510
716367,2023-10-01,2,Top,9,4,2,2,1,110,111,677800,680694,,,,,,,,,,,,,,,,,,,,,,,,,543510
716367,2023-10-01,2,Top,9,5,2,3,1,110,111,677800,680694,strikeout,Strikeout,Wilyer Abreu strikes out swinging.,T,,,,,,,,,,677800,,,T,2,Strikeout,strikeout,,,,,543510
716367,2023-10-01,2,Top,10,0,0,1,2,110,111,666915,680694,,,,,,,,,,,,,,,,,,,,,,,,,543510
716367,2023-10-01,2,Top,10,1,1,1,2,110,111,666915,680694,,,,,,,,,,,,,,,,,,,,,,,,,543510
716367,2023-10-01,2,Top,10,2,1,2,2,110,111,666915,680694,,,,,,,,,,,,,,,,,,,,,,,,,543510
716367,2023-10-01,2,Top,10,3,2,2,2,110,111,666915,680694,,,,,,,,,,,,,,,,,,,,,,,,,543510
716367,2023-10-01,2,Top,10,4,2,3,2,110,111,666915,680694,strikeout,Strikeout,Bobby Dalbec strikes out swinging.,T,,,,,,,,,,666915,,,T,3,Strikeout,strikeout,,,,,543510
716367,2023-10-01,2,Bot,11,0,1,0,0,110,111,656775,656557,,,,,,,,,,,,,,,,,,,,,,,,,657136
716367,2023-10-01,2,Bot,11,1,1,1,0,110,111,656775,656557,,,,,,,,,,,,,,,,,,,,,,,,,657136
716367,2023-10-01,2,Bot,11,2,1,1,0,110,111,656775,656557,field_out,Groundout,"Cedric Mullins grounds out, second baseman Enmanuel Valdez to first baseman Bobby Dalbec.",T,,,,,,,,,,656775,,,T,1,Groundout,field_out,,,,,657136
716367,2023-10-01,2,Bot,12,0,0,1,1,110,111,677008,656557,,,,,,,,,,,,,,,,,,,,,,,,,657136
716367,2023-10-01,2,Bot,12,1,1,1,1,110,111,677008,656557,,,,,,,,,,,,,,,,,,,,,,,,,657136
716367,2023-10-01,2,Bot,12,2,2,1,1,110,111,677008,656557,,,,,,,,,,,,,,,,,,,,,,,,,657136
716367,2023-10-01,2,Bot,12,3,3,1,1,110,111,677008,656557,,,,,,,,,,,,,,,,,,,,,,,,,657136
716367,2023-10-01,2,Bot,12,4,4,1,1,110,111,677008,656557,walk,Walk,Heston Kjerstad walks.,T,,,,,,,,,,677008,,1B,,,Walk,walk,,,,,657136
716367,2023-10-01,2,Bot,13,0,0,1,1,110,111,624428,656557,,,,,,,,,,,,,,,,,,,,,,,,,657136
716367,2023-10-01,2,Bot,13,1,0,2,1,110,111,624428,656557,,,,,,,,,,,,,,,,,,,,,,,,,657136
716367,2023-10-01,2,Bot,13,2,0,2,1,110,111,624428,656557,,,,,,,,,,,,,,,,,,,,,,,,,657136
716367,2023-10-01,2,Bot,13,3,1,2,1,110,111,624428,656557,,,,,,,,,,,,,,,,,,,,,,,,,657136
716367,2023-10-01,2,Bot,13,4,1,2,1,110,111,624428,656557,,,,,,,,,,,,,,,,,,,,,,,,,657136
716367,2023-10-01,2,Bot,13,5,2,2,1,110,111,624428,656557,,,,,,,,,,,,,,,,,,,,,,,,,657136
716367,2023-10-01,2,Bot,13,6,2,2,1,110,111,624428,656557,field_out,Flyout,Adam Frazier flies out to center fielder Wilyer Abreu.,T,,,,,,,,,,624428,,,T,2,Flyout,field_out,,,,,657136
716367,2023-10-01,2,Bot,14,0,0,1,2,110,111,676059,656557,,,,,,,,,,,,,,,,,,,,,,,,,657136
716367,2023-10-01,2,Bot,14,1,0,2,2,110,111,676059,656557,,,,,,,,,,,,,,,,,,,,,,,,,657136
716367,2023-10-01,2,Bot,14,2,1,2,2,110,111,676059,656557,,,,,,,,,,,,,,,,,,,,,,,,,657136
716367,2023-10-01,2,Bot,14,3,1,3,2,110,111,676059,656557,strikeout,Strikeout,Jordan Westburg strikes out swinging.,T,,,,,,,,,,676059,,,T,3,Strikeout,strikeout,,,,,657136
716367,2023-10-01,3,Top,15,0,0,0,0,110,111,665839,543056,,,,,,,,,,,,,,,,,,,,,,,,,543510
716367,2023-10-01,3,Top,15,1,0,1,0,110,111,665839,543056,,,,,,,,,,,,,,,,,,,,,,,,,543510
716367,2023-10-01,3,Top,15,2,1,1,0,110,111,665839,543056,,,,,,,,,,,,,,,,,,,,,,,,,543510
716367,2023-10-01,3,Top,15,3,1,2,0,110,111,665839,543056,,,,,,,,,,,,,,,,,,,,,,,,,543510
716367,2023-10-01,3,Top,15,4,1,2,0,110,111,665839,543056,single,Single,Enmanuel Valdez singles on a ground ball to first baseman Ryan O'Hearn.,T,,,,,,,,,,665839,,1B,,,Single,single,,,,,543510
716367,2023-10-01,3,Top,16,0,0,1,0,110,111,657136,543056,,,,,,,,,,,,,,,,,,,,,,,,,543510
716367,2023-10-01,3,Top,16,1,1,1,0,110,111,657136,543056,,,,,,,,,,,,,,,,,,,,,,,,,543510
716367,2023-10-01,3,Top,16,2,1,2,0,110,111,657136,543056,,,,,,,,,,,,,,,,,,,,,,,,,543510
716367,2023-10-01,3,Top,16,3,1,3,0,110,111,657136,543056,strikeout,Strikeout,Connor Wong strikes out swinging.,T,,,,,,,,,,657136,,,T,1,Strikeout,strikeout,,,,,543510
716367,2023-10-01,3,Top,17,0,0,0,1,110,111,657077,543056,single,Single,Alex Verdugo singles on a line drive to right fielder Anthony Santander. Enmanuel Valdez to 2nd.,T,,,,,,,,,,657077,,1B,,,Single,single,,,,,543510
716367,2023-10-01,3,Top,18,0,1,0,1,110,111,646240,543056,,,,,,,,,,,,,,,,,,,,,,,,,543510
716367,2023-10-01,3,Top,18,1,2,0,1,110,111,646240,543056,,,,,,,,,,,,,,,,,,,,,,,,,543510
716367,2023-10-01,3,Top,18,2,2,0,1,110,111,646240,543056,,,,,,,,,,,,,,,,,,,,,,,,,543510
716367,2023-10-01,3,Top,18,3,2,0,1,110,111,646240,543056,field_error,Field Error,Rafael Devers reaches on a fielding error by shortstop Gunnar Henderson. Alex Verdugo scores.,T,T,T,,,,,,,,665839,2B,3B,,,Stolen Base 3B,stolen_base_3b,r_stolen_base_3b,,,,543510
716367,2023-10-01,3,Top,19,0,0,1,1,110,111,457759,543056,,,,,,,,,,,,,,,,,,,,,,,,,543510
716367,2023-10-01,3,Top,19,1,0,1,1,110,111,457759,543056,,,,,,,,,,,,,,,,,,,,,,,,,543510
716367,2023-10-01,3,Top,19,2,0,2,1,110,111,457759,543056,,,,,,,,,,,,,,,,,,,,,,,,,543510
716367,2023-10-01,3,Top,19,3,1,2,1,110,111,457759,543056,,,,,,,,,,,,,,,,,,,,,,,,,543510
716367,2023-10-01,3,Top,19,4,2,2,1,110,111,457759,543056,,,,,,,,,,,,,,,,,,,,,,,,,543510
716367,2023-10-01,3,Top,19,5,3,2,1,110,111,457759,543056,,,,,,,,,,,,,,,,,,,,,,,,,543510
716367,2023-10-01,3,Top,19,6,3,2,1,110,111,457759,543056,,,,,,,,,,,,,,,,,,,,,,,,,543510
716367,2023-10-01,3,Top,19,7,3,3,1,110,111,457759,543056,strikeout,Strikeout,Justin Turner strikes out swinging.,T,T,,,,,,,,,646240,1B,2B,,,Stolen Base 2B,stolen_base_2b,r_stolen_base_2b,,,,543510
716367,2023-10-01,3,Top,20,0,1,0,2,110,111,807799,543056,,,,,,,,,,,,,,,,,,,,,,,,,543510
716367,2023-10-01,3,Top,20,1,1,1,2,110,111,807799,543056,,,,,,,,,,,,,,,,,,,,,,,,,543510
716367,2023-10-01,3,Top,20,2,2,1,2,110,111,807799,543056,,,,,,,,,,,,,,,,,,,,,,,,,543510
716367,2023-10-01,3,Top,20,3,2,1,2,110,111,807799,543056,field_out,Flyout,Masataka Yoshida flies out to center fielder Cedric Mullins.,T,,,,,,,,,,807799,,,T,3,Flyout,field_out,,,,,543510
716367,2023-10-01,3,Bot,21,0,1,0,0,110,111,543510,656557,,,,,,,,,,,,,,,,,,,,,,,,,657136
716367,2023-10-01,3,Bot,21,1,2,0,0,110,111,543510,656557,,,,,,,,,,,,,,,,,,,,,,,,,657136
716367,2023-10-01,3,Bot,21,2,2,1,0,110,111,543510,656557,,,,,,,,,,,,,,,,,,,,,,,,,657136
716367,2023-10-01,3,Bot,21,3,2,1,0,110,111,543510,656557,field_out,Groundout,"James McCann grounds out, third baseman Rafael Devers to first baseman Bobby Dalbec.",T,,,,,,,,,,543510,,,T,1,Groundout,field_out,,,,,657136
716367,2023-10-01,3,Bot,22,0,0,1,1,110,111,683002,656557,,,,,,,,,,,,,,,,,,,,,,,,,657136
716367,2023-10-01,3,Bot,22,1,0,1,1,110,111,683002,656557,field_out,Groundout,"Gunnar Henderson grounds out, shortstop Trevor Story to first baseman Bobby Dalbec.",T,,,,,,,,,,683002,,,T,2,Groundout,field_out,,,,,657136
716367,2023-10-01,3,Bot,23,0,1,0,2,110,111,668939,656557,,,,,,,,,,,,,,,,,,,,,,,,,657136
716367,2023-10-01,3,Bot,23,1,1,0,2,110,111,668939,656557,field_out,Groundout,Adley Rutschman grounds out to first baseman Bobby Dalbec.,T,,,,,,,,,,668939,,,T,3,Groundout,field_out,,,,,657136
716367,2023-10-01,4,Top,24,0,0,0,0,110,111,596115,669330,,,,,,,,,,,,,,,,,,,,,,,,,543510
716367,2023-10-01,4,Top,24,1,0,1,0,110,111,596115,669330,,,,,,,,,,,,,,,,,,,,,,,,,543510
716367,2023-10-01,4,Top,24,2,0,2,0,110,111,596115,669330,,,,,,,,,,,,,,,,,,,,,,,,,543510
716367,2023-10-01,4,Top,24,3,0,2,0,110,111,596115,669330,,,,,,,,,,,,,,,,,,,,,,,,,543510
716367,2023-10-01,4,Top,24,4,0,3,0,110,111,596115,669330,strikeout,Strikeout,Trevor Story strikes out on a foul tip.,T,,,,,,,,,,596115,,,T,1,Strikeout,strikeout,,,,,543510
716367,2023-10-01,4,Top,25,0,0,1,1,110,111,677800,669330,,,,,,,,,,,,,,,,,,,,,,,,,543510
716367,2023-10-01,4,Top,25,1,1,1,1,110,111,677800,669330,,,,,,,,,,,,,,,,,,,,,,,,,543510
716367,2023-10-01,4,Top,25,2,2,1,1,110,111,677800,669330,,,,,,,,,,,,,,,,,,,,,,,,,543510
716367,2023-10-01,4,Top,25,3,3,1,1,110,111,677800,669330,,,,,,,,,,,,,,,,,,,,,,,,,543510
716367,2023-10-01,4,Top,25,4,4,1,1,110,111,677800,669330,walk,Walk,Wilyer Abreu walks.,T,,,,,,,,,,677800,,1B,,,Walk,walk,,,,,543510
716367,2023-10-01,4,Top,26,0,0,1,1,110,111,666915,669330,,,,,,,,,,,,,,,,,,,,,,,,,543510
716367,2023-10-01,4,Top,26,1,1,1,1,110,111,666915,669330,,,,,,,,,,,,,,,,,,,,,,,,,543510
716367,2023-10-01,4,Top,26,2,1,2,1,110,111,666915,669330,,,,,,,,,,,,,,,,,,,,,,,,,543510
716367,2023-10-01,4,Top,26,3,1,2,1,110,111,666915,669330,,,,,,,,,,,,,,,,,,,,,,,,,543510
716367,2023-10-01,4,Top,26,4,1,2,1,110,111,666915,669330,,,,,,,,,,,,,,,,,,,,,,,,,543510
716367,2023-10-01,4,Top,26,5,1,2,1,110,111,666915,669330,,,,,,,,,,,,,,,,,,,,,,,,,543510
716367,2023-10-01,4,Top,26,6,1,2,1,110,111,666915,669330,,,,,,,,,,,,,,,,,,,,,,,,,543510
716367,2023-10-01,4,Top,26,7,2,2,1,110,111,666915,669330,,,,,,,,,,,,,,,,,,,,,,,,,543510
716367,2023-10-01,4,Top,26,8,2,2,1,110,111,666915,669330,,,,,,,,,,,,,,,,,,,,,,,,,543510
716367,2023-10-01,4,Top,26,9,2,3,1,110,111,666915,669330,strikeout,Strikeout,Bobby Dalbec strikes out swinging.,T,,,,,,,,,,677800,1B,2B,,,Wild Pitch,wild_pitch,r_adv_play,,,,543510
716367,2023-10-01,4,Top,27,0,1,0,2,110,111,665839,669330,,,,,,,,,,,,,,,,,,,,,,,,,543510
716367,2023-10-01,4,Top,27,1,1,1,2,110,111,665839,669330,,,,,,,,,,,,,,,,,,,,,,,,,543510
716367,2023-10-01,4,Top,27,2,2,1,2,110,111,665839,669330,,,,,,,,,,,,,,,,,,,,,,,,,543510
716367,2023-10-01,4,Top,27,3,3,1,2,110,111,665839,669330,,,,,,,,,,,,,,,,,,,,,,,,,543510
716367,2023-10-01,4,Top,27,4,3,2,2,110,111,665839,669330,,,,,,,,,,,,,,,,,,,,,,,,,543510
716367,2023-10-01,4,Top,27,5,3,2,2,110,111,665839,669330,,,,,,,,,,,,,,,,,,,,,,,,,543510
716367,2023-10-01,4,Top,27,6,3,2,2,110,111,665839,669330,,,,,,,,,,,,,,,,,,,,,,,,,543510
716367,2023-10-01,4,Top,27,7,3,2,2,110,111,665839,669330,,,,,,,,,,,,,,,,,,,,,,,,,543510
716367,2023-10-01,4,Top,27,8,3,2,2,110,111,665839,669330,,,,,,,,,,,,,,,,,,,,,,,,,543510
716367,2023-10-01,4,Top,27,9,3,3,2,110,111,665839,669330,strikeout,Strikeout,Enmanuel Valdez strikes out swinging.,T,,,,,,,,,,665839,,,T,3,Strikeout,strikeout,,,,,543510
716367,2023-10-01,4,Bot,28,0,0,0,0,110,111,623993,656557,,,,,,,,,,,,,,,,,,,,,,,,,657136
716367,2023-10-01,4,Bot,28,1,0,1,0,110,111,623993,656557,,,,,,,,,,,,,,,,,,,,,,,,,657136
716367,2023-10-01,4,Bot,28,2,1,1,0,110,111,623993,656557,,,,,,,,,,,,,,,,,,,,,,,,,657136
716367,2023-10-01,4,Bot,28,3,1,1,0,110,111,623993,656557,field_out,Groundout,"Anthony Santander grounds out, second baseman Enmanuel Valdez to first baseman Bobby Dalbec.",T,,,,,,,,,,623993,,,T,1,Groundout,field_out,,,,,657136
716367,2023-10-01,4,Bot,29,0,0,1,1,110,111,656811,656557,,,,,,,,,,,,,,,,,,,,,,,,,657136
716367,2023-10-01,4,Bot,29,1,1,1,1,110,111,656811,656557,,,,,,,,,,,,,,,,,,,,,,,,,657136
716367,2023-10-01,4,Bot,29,2,2,1,1,110,111,656811,656557,,,,,,,,,,,,,,,,,,,,,,,,,657136
716367,2023-10-01,4,Bot,29,3,2,2,1,110,111,656811,656557,,,,,,,,,,,,,,,,,,,,,,,,,657136
716367,2023-10-01,4,Bot,29,4,2,3,1,110,111,656811,656557,strikeout,Strikeout,Ryan O'Hearn strikes out swinging.,T,,,,,,,,,,656811,,,T,2,Strikeout,strikeout,,,,,657136
716367,2023-10-01,4,Bot,30,0,0,1,2,110,111,656775,656557,,,,,,,,,,,,,,,,,,,,,,,,,657136
716367,2023-10-01,4,Bot,30,1,0,2,2,110,111,656775,656557,,,,,,,,,,,,,,,,,,,,,,,,,657136
716367,2023-10-01,4,Bot,30,2,0,2,2,110,111,656775,656557,,,,,,,,,,,,,,,,,,,,,,,,,657136
716367,2023-10-01,4,Bot,30,3,0,3,2,110,111,656775,656557,strikeout,Strikeout,Cedric Mullins strikes out swinging.,T,,,,,,,,,,656775,,,T,3,Strikeout,strikeout,,,,,657136
716367,2023-10-01,5,Top,31,0,0,0,0,110,111,657136,660261,,,,,,,,,,,,,,,,,,,,,,,,,543510
716367,2023-10-01,5,Top,31,1,0,0,0,110,111,657136,660261,field_out,Groundout,"Connor Wong grounds out, shortstop Gunnar Henderson to first baseman Ryan O'Hearn.",T,,,,,,,,,,657136,,,T,1,Groundout,field_out,,,,,543510
716367,2023-10-01,5,Top,32,0,0,1,1,110,111,657077,660261,,,,,,,,,,,,,,,,,,,,,,,,,543510
716367,2023-10-01,5,Top,32,1,0,1,1,110,111,657077,660261,field_out,Pop Out,Alex Verdugo pops out to shortstop Gunnar Henderson.,T,,,,,,,,,,657077,,,T,2,Pop Out,field_out,,,,,543510
716367,2023-10-01,5,Top,33,0,0,1,2,110,111,622569,660261,,,,,,,,,,,,,,,,,,,,,,,,,543510
716367,2023-10-01,5,Top,33,1,1,1,2,110,111,622569,660261,,,,,,,,,,,,,,,,,,,,,,,,,543510
716367,2023-10-01,5,Top,33,2,2,1,2,110,111,622569,660261,,,,,,,,,,,,,,,,,,,,,,,,,543510
716367,2023-10-01,5,Top,33,3,2,2,2,110,111,622569,660261,,,,,,,,,,,,,,,,,,,,,,,,,543510
716367,2023-10-01,5,Top,33,4,2,2,2,110,111,622569,660261,,,,,,,,,,,,,,,,,,,,,,,,,543510
716367,2023-10-01,5,Top,33,5,3,2,2,110,111,622569,660261,,,,,,,,,,,,,,,,,,,,,,,,,543510
716367,2023-10-01,5,Top,33,6,4,2,2,110,111,622569,660261,walk,Walk,Pablo Reyes walks.,T,,,,,,,,,,622569,,1B,,,Walk,walk,,,,,543510
716367,2023-10-01,5,Top,34,0,0,1,2,110,111,457759,660261,,,,,,,,,,,,,,,,,,,,,,,,,543510
716367,2023-10-01,5,Top,34,1,1,1,2,110,111,457759,660261,,,,,,,,,,,,,,,,,,,,,,,,,543510
716367,2023-10-01,5,Top,34,2,1,1,2,110,111,457759,660261,,,,,,,,,,,,,,,,,,,,,,,,,543510
716367,2023-10-01,5,Top,34,3,1,2,2,110,111,457759,660261,,,,,,,,,,,,,,,,,,,,,,,,,543510
716367,2023-10-01,5,Top,34,4,1,2,2,110,111,457759,660261,field_out,Groundout,"Justin Turner grounds out, third baseman Jordan Westburg to first baseman Ryan O'Hearn.",T,,,,,,,,,,622569,1B,2B,,,Wild Pitch,wild_pitch,r_adv_play,,,,543510
716367,2023-10-01,5,Bot,35,0,0,1,0,110,111,677008,656557,,,,,,,,,,,,,,,,,,,,,,,,,657136
716367,2023-10-01,5,Bot,35,1,1,1,0,110,111,677008,656557,,,,,,,,,,,,,,,,,,,,,,,,,657136
716367,2023-10-01,5,Bot,35,2,2,1,0,110,111,677008,656557,,,,,,,,,,,,,,,,,,,,,,,,,657136
716367,2023-10-01,5,Bot,35,3,2,1,0,110,111,677008,656557,field_out,Groundout,"Heston Kjerstad grounds out, second baseman Enmanuel Valdez to first baseman Bobby Dalbec.",T,,,,,,,,,,677008,,,T,1,Groundout,field_out,,,,,657136
716367,2023-10-01,5,Bot,36,0,0,1,1,110,111,624428,656557,,,,,,,,,,,,,,,,,,,,,,,,,657136
716367,2023-10-01,5,Bot,36,1,1,1,1,110,111,624428,656557,,,,,,,,,,,,,,,,,,,,,,,,,657136
716367,2023-10-01,5,Bot,36,2,1,2,1,110,111,624428,656557,,,,,,,,,,,,,,,,,,,,,,,,,657136
716367,2023-10-01,5,Bot,36,3,1,2,1,110,111,624428,656557,,,,,,,,,,,,,,,,,,,,,,,,,657136
716367,2023-10-01,5,Bot,36,4,1,3,1,110,111,624428,656557,strikeout,Strikeout,Adam Frazier strikes out swinging.,T,,,,,,,,,,624428,,,T,2,Strikeout,strikeout,,,,,657136
716367,2023-10-01,5,Bot,37,0,0,1,2,110,111,676059,656557,,,,,,,,,,,,,,,,,,,,,,,,,657136
716367,2023-10-01,5,Bot,37,1,0,2,2,110,111,676059,656557,,,,,,,,,,,,,,,,,,,,,,,,,657136
716367,2023-10-01,5,Bot,37,2,0,2,2,110,111,676059,656557,,,,,,,,,,,,,,,,,,,,,,,,,657136
716367,2023-10-01,5,Bot,37,3,0,3,2,110,111,676059,656557,strikeout,Strikeout,Jordan Westburg strikes out swinging.,T,,,,,,,,,,676059,,,T,3,Strikeout,strikeout,,,,,657136
716367,2023-10-01,6,Top,38,0,0,0,0,110,111,807799,669084,,,,,,,,,,,,,,,,,,,,,,,,,543510
716367,2023-10-01,6,Top,38,1,0,0,0,110,111,807799,669084,,,,,,,,,,,,,,,,,,,,,,,,,543510
716367,2023-10-01,6,Top,38,2,0,0,0,110,111,807799,669084,,,,,,,,,,,,,,,,,,,,,,,,,543510
716367,2023-10-01,6,Top,38,3,0,0,0,110,111,807799,669084,,,,,,,,,,,,,,,,,,,,,,,,,543510
716367,2023-10-01,6,Top,38,4,0,1,0,110,111,807799,669084,,,,,,,,,,,,,,,,,,,,,,,,,543510
716367,2023-10-01,6,Top,38,5,1,1,0,110,111,807799,669084,,,,,,,,,,,,,,,,,,,,,,,,,543510
716367,2023-10-01,6,Top,38,6,1,1,0,110,111,807799,669084,single,Single,Masataka Yoshida singles on a line drive to left fielder Heston Kjerstad.,T,,,,,,,,,,807799,,1B,,,Single,single,,,,,543510
716367,2023-10-01,6,Top,39,0,0,0,0,110,111,596115,669084,,,,,,,,,,,,,,,,,,,,,,,,,543510
716367,2023-10-01,6,Top,39,1,0,1,0,110,111,596115,669084,,,,,,,,,,,,,,,,,,,,,,,,,543510
716367,2023-10-01,6,Top,39,2,0,2,0,110,111,596115,669084,,,,,,,,,,,,,,,,,,,,,,,,,543510
716367,2023-10-01,6,Top,39,3,0,2,0,110,111,596115,669084,,,,,,,,,,,,,,,,,,,,,,,,,543510
716367,2023-10-01,6,Top,39,4,1,2,0,110,111,596115,669084,,,,,,,,,,,,,,,,,,,,,,,,,543510
716367,2023-10-01,6,Top,39,5,1,3,0,110,111,596115,669084,strikeout,Strikeout,Trevor Story strikes out swinging.,T,,,,,,,,,,596115,,,T,1,Strikeout,strikeout,,,,,543510
716367,2023-10-01,6,Top,40,0,1,0,1,110,111,677800,669084,,,,,,,,,,,,,,,,,,,,,,,,,543510
716367,2023-10-01,6,Top,40,1,1,1,1,110,111,677800,669084,,,,,,,,,,,,,,,,,,,,,,,,,543510
716367,2023-10-01,6,Top,40,2,2,1,1,110,111,677800,669084,,,,,,,,,,,,,,,,,,,,,,,,,543510
716367,2023-10-01,6,Top,40,3,2,2,1,110,111,677800,669084,,,,,,,,,,,,,,,,,,,,,,,,,543510
716367,2023-10-01,6,Top,40,4,2,3,1,110,111,677800,669084,strikeout,Strikeout,Wilyer Abreu strikes out swinging. Ceddanne Rafaela steals (3) 2nd base.,T,T,,,,,,,,,677800,,,T,2,Strikeout,strikeout,,,,,543510
716367,2023-10-01,6,Top,41,0,0,1,2,110,111,666915,669084,,,,,,,,,,,,,,,,,,,,,,,,,543510
716367,2023-10-01,6,Top,41,1,0,2,2,110,111,666915,669084,,,,,,,,,,,,,,,,,,,,,,,,,543510
716367,2023-10-01,6,Top,41,2,0,3,2,110,111,666915,669084,strikeout,Strikeout,Bobby Dalbec strikes out swinging.,T,,,,,,,,,,666915,,,T,3,Strikeout,strikeout,,,,,543510
716367,2023-10-01,6,Bot,42,0,0,0,0,110,111,543510,656557,,,,,,,,,,,,,,,,,,,,,,,,,657136
716367,2023-10-01,6,Bot,42,1,0,0,0,110,111,543510,656557,,,,,,,,,,,,,,,,,,,,,,,,,657136
716367,2023-10-01,6,Bot,42,2,1,0,0,110,111,543510,656557,,,,,,,,,,,,,,,,,,,,,,,,,657136
716367,2023-10-01,6,Bot,42,3,1,0,0,110,111,543510,656557,field_out,Pop Out,James McCann pops out to first baseman Bobby Dalbec in foul territory.,T,,,,,,,,,,543510,,,T,1,Pop Out,field_out,,,,,657136
716367,2023-10-01,6,Bot,43,0,1,0,1,110,111,683002,656557,,,,,,,,,,,,,,,,,,,,,,,,,657136
716367,2023-10-01,6,Bot,43,1,1,1,1,110,111,683002,656557,,,,,,,,,,,,,,,,,,,,,,,,,657136
716367,2023-10-01,6,Bot,43,2,2,1,1,110,111,683002,656557,,,,,,,,,,,,,,,,,,,,,,,,,657136
716367,2023-10-01,6,Bot,43,3,2,2,1,110,111,683002,656557,,,,,,,,,,,,,,,,,,,,,,,,,657136
716367,2023-10-01,6,Bot,43,4,3,2,1,110,111,683002,656557,,,,,,,,,,,,,,,,,,,,,,,,,657136
716367,2023-10-01,6,Bot,43,5,4,2,1,110,111,683002,656557,walk,Walk,Gunnar Henderson walks.,T,,,,,,,,,,683002,,1B,,,Walk,walk,,,,,657136
716367,2023-10-01,6,Bot,44,0,0,1,1,110,111,668939,656557,,,,,,,,,,,,,,,,,,,,,,,,,657136
716367,2023-10-01,6,Bot,44,1,1,1,1,110,111,668939,656557,,,,,,,,,,,,,,,,,,,,,,,,,657136
716367,2023-10-01,6,Bot,44,2,1,2,1,110,111,668939,656557,,,,,,,,,,,,,,,,,,,,,,,,,657136
716367,2023-10-01,6,Bot,44,3,1,2,1,110,111,668939,656557,,,,,,,,,,,,,,,,,,,,,,,,,657136
716367,2023-10-01,6,Bot,44,4,1,2,1,110,111,668939,656557,,,,,,,,,,,,,,,,,,,,,,,,,657136
716367,2023-10-01,6,Bot,44,5,1,3,1,110,111,668939,656557,strikeout,Strikeout,Adley Rutschman strikes out swinging.,T,,,,,,,,,,668939,,,T,2,Strikeout,strikeout,,,,,657136
716367,2023-10-01,6,Bot,45,0,1,0,2,110,111,623993,656557,,,,,,,,,,,,,,,,,,,,,,,,,657136
716367,2023-10-01,6,Bot,45,1,1,0,2,110,111,623993,656557,single,Single,Anthony Santander singles on a ground ball to center fielder Ceddanne Rafaela. Gunnar Henderson to 3rd.,T,,,,,,,,,,623993,,1B,,,Single,single,,,,,657136
716367,2023-10-01,6,Bot,46,0,0,0,2,110,111,663624,656557,,,,,,,,,,,,,,,,,,,,,,,,,657136
716367,2023-10-01,6,Bot,46,1,0,0,2,110,111,663624,656557,,,,,,,,,,,,,,,,,,,,,,,,,657136
716367,2023-10-01,6,Bot,46,2,0,1,2,110,111,663624,656557,,,,,,,,,,,,,,,,,,,,,,,,,657136
716367,2023-10-01,6,Bot,46,3,1,1,2,110,111,663624,656557,,,,,,,,,,,,,,,,,,,,,,,,,657136
716367,2023-10-01,6,Bot,46,4,1,2,2,110,111,663624,656557,,,,,,,,,,,,,,,,,,,,,,,,,657136
716367,2023-10-01,6,Bot,46,5,1,2,2,110,111,663624,656557,,,,,,,,,,,,,,,,,,,,,,,,,657136
716367,2023-10-01,6,Bot,46,6,2,2,2,110,111,663624,656557,,,,,,,,,,,,,,,,,,,,,,,,,657136
716367,2023-10-01,6,Bot,46,7,2,2,2,110,111,663624,656557,field_out,Lineout,Ryan Mountcastle lines out to right fielder Alex Verdugo.,T,,,,,,,,,,663624,,,T,3,Lineout,field_out,,,,,657136
716367,2023-10-01,7,Top,47,0,0,0,0,110,111,665839,672335,,,,,,,,,,,,,,,,,,,,,,,,,543510
716367,2023-10-01,7,Top,47,1,0,0,0,110,111,665839,672335,,,,,,,,,,,,,,,,,,,,,,,,,543510
716367,2023-10-01,7,Top,47,2,1,0,0,110,111,665839,672335,,,,,,,,,,,,,,,,,,,,,,,,,543510
716367,2023-10-01,7,Top,47,3,2,0,0,110,111,665839,672335,,,,,,,,,,,,,,,,,,,,,,,,,543510
716367,2023-10-01,7,Top,47,4,3,0,0,110,111,665839,672335,,,,,,,,,,,,,,,,,,,,,,,,,543510
716367,2023-10-01,7,Top,47,5,4,0,0,110,111,665839,672335,walk,Walk,Enmanuel Valdez walks.,T,,,,,,,,,,665839,,1B,,,Walk,walk,,,,,543510
716367,2023-10-01,7,Top,48,0,0,1,0,110,111,657136,672335,,,,,,,,,,,,,,,,,,,,,,,,,543510
716367,2023-10-01,7,Top,48,1,0,2,0,110,111,657136,672335,,,,,,,,,,,,,,,,,,,,,,,,,543510
716367,2023-10-01,7,Top,48,2,0,3,0,110,111,657136,672335,strikeout,Strikeout,Connor Wong strikes out swinging.,T,,,,,,,,,,657136,,,T,1,Strikeout,strikeout,,,,,543510
716367,2023-10-01,7,Top,49,0,0,0,1,110,111,608701,672335,,,,,,,,,,,,,,,,,,,,,,,,,543510
716367,2023-10-01,7,Top,49,1,1,0,1,110,111,608701,672335,,,,,,,,,,,,,,,,,,,,,,,,,543510
716367,2023-10-01,7,Top,49,2,2,0,1,110,111,608701,672335,,,,,,,,,,,,,,,,,,,,,,,,,543510
716367,2023-10-01,7,Top,49,3,3,0,1,110,111,608701,672335,,,,,,,,,,,,,,,,,,,,,,,,,543510
716367,2023-10-01,7,Top,49,4,4,0,1,110,111,608701,672335,walk,Walk,Rob Refsnyder walks. Enmanuel Valdez to 2nd.,T,,,,,,,,,,665839,1B,2B,,,Walk,walk,r_adv_force,,,,543510
716367,2023-10-01,7,Top,50,0,0,0,1,110,111,622569,672335,,,,,,,,,,,,,,,,,,,,,,,,,543510
716367,2023-10-01,7,Top,50,1,1,0,1,110,111,622569,672335,,,,,,,,,,,,,,,,,,,,,,,,,543510
716367,2023-10-01,7,Top,50,2,2,0,1,110,111,622569,672335,,,,,,,,,,,,,,,,,,,,,,,,,543510
716367,2023-10-01,7,Top,50,3,2,0,1,110,111,622569,672335,,,,,,,,,,,,,,,,,,,,,,,,,543510
716367,2023-10-01,7,Top,50,4,3,0,1,110,111,622569,672335,,,,,,,,,,,,,,,,,,,,,,,,,543510
716367,2023-10-01,7,Top,50,5,4,0,1,110,111,622569,672335,walk,Walk,Pablo Reyes walks. Enmanuel Valdez to 3rd. Rob Refsnyder to 2nd.,T,,,,,,,,,,665839,2B,3B,,,Walk,walk,r_adv_force,,,,543510
716367,2023-10-01,7,Top,51,0,0,0,1,110,111,624512,672335,,,,,,,,,,,,,,,,,,,,,,,,,543510
716367,2023-10-01,7,Top,51,1,0,1,1,110,111,624512,672335,,,,,,,,,,,,,,,,,,,,,,,,,543510
716367,2023-10-01,7,Top,51,2,0,2,1,110,111,624512,672335,,,,,,,,,,,,,,,,,,,,,,,,,543510
716367,2023-10-01,7,Top,51,3,1,2,1,110,111,624512,672335,,,,,,,,,,,,,,,,,,,,,,,,,543510
716367,2023-10-01,7,Top,51,4,1,2,1,110,111,624512,672335,fielders_choice,Fielders Choice,"Reese McGuire reaches on a fielder's choice, fielded by third baseman Gunnar Henderson. Enmanuel Valdez scores. Rob Refsnyder scores. Pablo Reyes to 2nd. Fielding error by third baseman Gunnar Henderson.",T,,,,,,,,,,665839,3B,score,,,Error,error,r_adv_play,T,,,543510
716367,2023-10-01,7,Top,52,0,1,0,1,110,111,678882,672335,,,,,,,,,,,,,,,,,,,,,,,,,543510
716367,2023-10-01,7,Top,52,1,1,1,1,110,111,678882,672335,,,,,,,,,,,,,,,,,,,,,,,,,543510
716367,2023-10-01,7,Top,52,2,1,1,1,110,111,678882,672335,,,,,,,,,,,,,,,,,,,,,,,,,543510
716367,2023-10-01,7,Top,52,3,1,1,1,110,111,678882,672335,field_out,Groundout,"Ceddanne Rafaela grounds out, second baseman Jordan Westburg to first baseman Ryan Mountcastle.",T,T,T,,,,,,,,622569,2B,3B,,,Stolen Base 3B,stolen_base_3b,r_stolen_base_3b,,,,543510
716367,2023-10-01,7,Top,53,0,1,0,2,110,111,596115,672335,,,,,,,,,,,,,,,,,,,,,,,,,543510
716367,2023-10-01,7,Top,53,1,1,1,2,110,111,596115,672335,,,,,,,,,,,,,,,,,,,,,,,,,543510
716367,2023-10-01,7,Top,53,2,1,1,2,110,111,596115,672335,single,Single,Trevor Story singles on a ground ball to right fielder Anthony Santander. Pablo Reyes scores. Reese McGuire to 3rd.,T,,,,,,,,,,596115,,1B,,,Single,single,,,,,543510
716367,2023-10-01,7,Top,54,0,1,0,2,110,111,677800,672335,,,,,,,,,,,,,,,,,,,,,,,,,543510
716367,2023-10-01,7,Top,54,1,2,0,2,110,111,677800,672335,,,,,,,,,,,,,,,,,,,,,,,,,543510
716367,2023-10-01,7,Top,54,2,2,1,2,110,111,677800,672335,,,,,,,,,,,,,,,,,,,,,,,,,543510
716367,2023-10-01,7,Top,54,3,2,1,2,110,111,677800,672335,,,,,,,,,,,,,,,,,,,,,,,,,543510
716367,2023-10-01,7,Top,54,4,2,2,2,110,111,677800,672335,,,,,,,,,,,,,,,,,,,,,,,,,543510
716367,2023-10-01,7,Top,54,5,2,2,2,110,111,677800,672335,single,Single,Wilyer Abreu singles on a line drive to left fielder Heston Kjerstad. Reese McGuire scores. Trevor Story to 2nd.,T,,,,,,,,,,677800,,1B,,,Single,single,,,,,543510
716367,2023-10-01,7,Top,55,0,0,0,2,110,111,666915,666974,,,,,,,,,,,,,,,,,,,,,,,,,543510
716367,2023-10-01,7,Top,55,1,0,0,2,110,111,666915,666974,,,,,,,,,,,,,,,,,,,,,,,,,543510
716367,2023-10-01,7,Top,55,2,0,1,2,110,111,666915,666974,,,,,,,,,,,,,,,,,,,,,,,,,543510
716367,2023-10-01,7,Top,55,3,0,2,2,110,111,666915,666974,,,,,,,,,,,,,,,,,,,,,,,,,543510
716367,2023-10-01,7,Top,55,4,0,3,2,110,111,666915,666974,strikeout,Strikeout,Bobby Dalbec strikes out swinging.,T,,,,,,,,,,666915,,,T,3,Strikeout,strikeout,,,,,543510
716367,2023-10-01,7,Bot,56,0,0,0,0,110,111,656775,657514,,,,,,,,,,,,,,,,,,,,,,,,,657136
716367,2023-10-01,7,Bot,56,1,0,0,0,110,111,656775,657514,,,,,,,,,,,,,,,,,,,,,,,,,657136
716367,2023-10-01,7,Bot,56,2,0,0,0,110,111,656775,657514,,,,,,,,,,,,,,,,,,,,,,,,,657136
716367,2023-10-01,7,Bot,56,3,1,0,0,110,111,656775,657514,,,,,,,,,,,,,,,,,,,,,,,,,657136
716367,2023-10-01,7,Bot,56,4,1,1,0,110,111,656775,657514,,,,,,,,,,,,,,,,,,,,,,,,,657136
716367,2023-10-01,7,Bot,56,5,2,1,0,110,111,656775,657514,,,,,,,,,,,,,,,,,,,,,,,,,657136
716367,2023-10-01,7,Bot,56,6,2,2,0,110,111,656775,657514,,,,,,,,,,,,,,,,,,,,,,,,,657136
716367,2023-10-01,7,Bot,56,7,2,2,0,110,111,656775,657514,,,,,,,,,,,,,,,,,,,,,,,,,657136
716367,2023-10-01,7,Bot,56,8,2,3,0,110,111,656775,657514,strikeout,Strikeout,Cedric Mullins strikes out swinging.,T,,,,,,,,,,656775,,,T,1,Strikeout,strikeout,,,,,657136
716367,2023-10-01,7,Bot,57,0,0,1,1,110,111,677008,657514,,,,,,,,,,,,,,,,,,,,,,,,,657136
716367,2023-10-01,7,Bot,57,1,0,2,1,110,111,677008,657514,,,,,,,,,,,,,,,,,,,,,,,,,657136
716367,2023-10-01,7,Bot,57,2,0,2,1,110,111,677008,657514,field_out,Flyout,Heston Kjerstad flies out to center fielder Ceddanne Rafaela.,T,,,,,,,,,,677008,,,T,2,Flyout,field_out,,,,,657136
716367,2023-10-01,7,Bot,58,0,1,0,2,110,111,622761,657514,,,,,,,,,,,,,,,,,,,,,,,,,657136
716367,2023-10-01,7,Bot,58,1,2,0,2,110,111,622761,657514,,,,,,,,,,,,,,,,,,,,,,,,,657136
716367,2023-10-01,7,Bot,58,2,3,0,2,110,111,622761,657514,,,,,,,,,,,,,,,,,,,,,,,,,657136
716367,2023-10-01,7,Bot,58,3,3,1,2,110,111,622761,657514,,,,,,,,,,,,,,,,,,,,,,,,,657136
716367,2023-10-01,7,Bot,58,4,3,1,2,110,111,622761,657514,field_out,Flyout,Jorge Mateo flies out sharply to center fielder Ceddanne Rafaela.,T,,,,,,,,,,622761,,,T,3,Flyout,field_out,,,,,657136
716367,2023-10-01,8,Top,59,0,0,0,0,110,111,665839,608344,,,,,,,,,,,,,,,,,,,,,,,,,543510
716367,2023-10-01,8,Top,59,1,0,0,0,110,111,665839,608344,,,,,,,,,,,,,,,,,,,,,,,,,543510
716367,2023-10-01,8,Top,59,2,0,0,0,110,111,665839,608344,,,,,,,,,,,,,,,,,,,,,,,,,543510
716367,2023-10-01,8,Top,59,3,0,0,0,110,111,665839,608344,,,,,,,,,,,,,,,,,,,,,,,,,543510
716367,2023-10-01,8,Top,59,4,1,0,0,110,111,665839,608344,,,,,,,,,,,,,,,,,,,,,,,,,543510
716367,2023-10-01,8,Top,59,5,1,0,0,110,111,665839,608344,field_out,Groundout,Enmanuel Valdez grounds out to first baseman Ryan Mountcastle.,T,,,,,,,,,,665839,,,T,1,Groundout,field_out,,,,,543510
716367,2023-10-01,8,Top,60,0,0,1,1,110,111,657136,608344,,,,,,,,,,,,,,,,,,,,,,,,,543510
716367,2023-10-01,8,Top,60,1,1,1,1,110,111,657136,608344,,,,,,,,,,,,,,,,,,,,,,,,,543510
716367,2023-10-01,8,Top,60,2,1,2,1,110,111,657136,608344,,,,,,,,,,,,,,,,,,,,,,,,,543510
716367,2023-10-01,8,Top,60,3,1,2,1,110,111,657136,608344,,,,,,,,,,,,,,,,,,,,,,,,,543510
716367,2023-10-01,8,Top,60,4,2,2,1,110,111,657136,608344,,,,,,,,,,,,,,,,,,,,,,,,,543510
716367,2023-10-01,8,Top,60,5,2,2,1,110,111,657136,608344,field_out,Groundout,Connor Wong grounds out to first baseman Ryan Mountcastle.,T,,,,,,,,,,657136,,,T,2,Groundout,field_out,,,,,543510
716367,2023-10-01,8,Top,61,0,1,0,2,110,111,608701,608344,,,,,,,,,,,,,,,,,,,,,,,,,543510
716367,2023-10-01,8,Top,61,1,2,0,2,110,111,608701,608344,,,,,,,,,,,,,,,,,,,,,,,,,543510
716367,2023-10-01,8,Top,61,2,2,1,2,110,111,608701,608344,,,,,,,,,,,,,,,,,,,,,,,,,543510
716367,2023-10-01,8,Top,61,3,3,1,2,110,111,608701,608344,,,,,,,,,,,,,,,,,,,,,,,,,543510
716367,2023-10-01,8,Top,61,4,3,1,2,110,111,608701,608344,field_out,Lineout,Rob Refsnyder lines out to center fielder Jorge Mateo.,T,,,,,,,,,,608701,,,T,3,Lineout,field_out,,,,,543510
716367,2023-10-01,8,Bot,62,0,0,0,0,110,111,676059,670167,,,,,,,,,,,,,,,,,,,,,,,,,657136
716367,2023-10-01,8,Bot,62,1,1,0,0,110,111,676059,670167,,,,,,,,,,,,,,,,,,,,,,,,,657136
716367,2023-10-01,8,Bot,62,2,2,0,0,110,111,676059,670167,,,,,,,,,,,,,,,,,,,,,,,,,657136
716367,2023-10-01,8,Bot,62,3,2,1,0,110,111,676059,670167,,,,,,,,,,,,,,,,,,,,,,,,,657136
716367,2023-10-01,8,Bot,62,4,3,1,0,110,111,676059,670167,,,,,,,,,,,,,,,,,,,,,,,,,657136
716367,2023-10-01,8,Bot,62,5,3,2,0,110,111,676059,670167,,,,,,,,,,,,,,,,,,,,,,,,,657136
716367,2023-10-01,8,Bot,62,6,3,2,0,110,111,676059,670167,field_out,Groundout,"Jordan Westburg grounds out, second baseman Enmanuel Valdez to first baseman Bobby Dalbec.",T,,,,,,,,,,676059,,,T,1,Groundout,field_out,,,,,657136
716367,2023-10-01,8,Bot,63,0,1,0,1,110,111,543510,670167,,,,,,,,,,,,,,,,,,,,,,,,,657136
716367,2023-10-01,8,Bot,63,1,1,1,1,110,111,543510,670167,,,,,,,,,,,,,,,,,,,,,,,,,657136
716367,2023-10-01,8,Bot,63,2,2,1,1,110,111,543510,670167,,,,,,,,,,,,,,,,,,,,,,,,,657136
716367,2023-10-01,8,Bot,63,3,2,2,1,110,111,543510,670167,,,,,,,,,,,,,,,,,,,,,,,,,657136
716367,2023-10-01,8,Bot,63,4,3,2,1,110,111,543510,670167,,,,,,,,,,,,,,,,,,,,,,,,,657136
716367,2023-10-01,8,Bot,63,5,4,2,1,110,111,543510,670167,walk,Walk,James McCann walks.,T,,,,,,,,,,543510,,1B,,,Walk,walk,,,,,657136
716367,2023-10-01,8,Bot,64,0,0,1,1,110,111,683002,670167,,,,,,,,,,,,,,,,,,,,,,,,,657136
716367,2023-10-01,8,Bot,64,1,1,1,1,110,111,683002,670167,,,,,,,,,,,,,,,,,,,,,,,,,657136
716367,2023-10-01,8,Bot,64,2,1,2,1,110,111,683002,670167,,,,,,,,,,,,,,,,,,,,,,,,,657136
716367,2023-10-01,8,Bot,64,3,1,2,1,110,111,683002,670167,,,,,,,,,,,,,,,,,,,,,,,,,657136
716367,2023-10-01,8,Bot,64,4,1,3,1,110,111,683002,670167,strikeout,Strikeout,Gunnar Henderson strikes out swinging. James McCann to 2nd. Passed ball by catcher Connor Wong.,T,,,,,,,,,,683002,,,T,2,Strikeout,strikeout,,,,,657136
716367,2023-10-01,8,Bot,65,0,0,1,2,110,111,668939,670167,,,,,,,,,,,,,,,,,,,,,,,,,657136
716367,2023-10-01,8,Bot,65,1,1,1,2,110,111,668939,670167,,,,,,,,,,,,,,,,,,,,,,,,,657136
716367,2023-10-01,8,Bot,65,2,1,2,2,110,111,668939,670167,,,,,,,,,,,,,,,,,,,,,,,,,657136
716367,2023-10-01,8,Bot,65,3,1,2,2,110,111,668939,670167,single,Single,Adley Rutschman singles on a ground ball to left fielder Wilyer Abreu. James McCann scores.,T,,,,,,,,,,668939,,1B,,,Single,single,,,,,657136
716367,2023-10-01,8,Bot,66,0,1,0,2,110,111,623993,670167,,,,,,,,,,,,,,,,,,,,,,,,,657136
716367,2023-10-01,8,Bot,66,1,2,0,2,110,111,623993,670167,,,,,,,,,,,,,,,,,,,,,,,,,657136
716367,2023-10-01,8,Bot,66,2,2,0,2,110,111,623993,670167,field_out,Flyout,Anthony Santander flies out to left fielder Wilyer Abreu.,T,,,,,,,,,,623993,,,T,3,Flyout,field_out,,,,,657136
716367,2023-10-01,9,Top,67,0,0,1,0,110,111,622569,608344,,,,,,,,,,,,,,,,,,,,,,,,,543510
716367,2023-10-01,9,Top,67,1,0,2,0,110,111,622569,608344,,,,,,,,,,,,,,,,,,,,,,,,,543510
716367,2023-10-01,9,Top,67,2,0,2,0,110,111,622569,608344,field_out,Groundout,Pablo Reyes grounds out to first baseman Ryan Mountcastle.,T,,,,,,,,,,622569,,,T,1,Groundout,field_out,,,,,543510
716367,2023-10-01,9,Top,68,0,0,1,1,110,111,624512,608344,,,,,,,,,,,,,,,,,,,,,,,,,543510
716367,2023-10-01,9,Top,68,1,0,2,1,110,111,624512,608344,,,,,,,,,,,,,,,,,,,,,,,,,543510
716367,2023-10-01,9,Top,68,2,0,2,1,110,111,624512,608344,,,,,,,,,,,,,,,,,,,,,,,,,543510
716367,2023-10-01,9,Top,68,3,0,2,1,110,111,624512,608344,,,,,,,,,,,,,,,,,,,,,,,,,543510
716367,2023-10-01,9,Top,68,4,0,2,1,110,111,624512,608344,field_out,Groundout,"Reese McGuire grounds out, pitcher Cole Irvin to first baseman Ryan Mountcastle.",T,,,,,,,,,,624512,,,T,2,Groundout,field_out,,,,,543510
716367,2023-10-01,9,Top,69,0,1,0,2,110,111,678882,608344,,,,,,,,,,,,,,,,,,,,,,,,,543510
716367,2023-10-01,9,Top,69,1,1,1,2,110,111,678882,608344,,,,,,,,,,,,,,,,,,,,,,,,,543510
716367,2023-10-01,9,Top,69,2,2,1,2,110,111,678882,608344,,,,,,,,,,,,,,,,,,,,,,,,,543510
716367,2023-10-01,9,Top,69,3,2,2,2,110,111,678882,608344,,,,,,,,,,,,,,,,,,,,,,,,,543510
716367,2023-10-01,9,Top,69,4,2,3,2,110,111,678882,608344,strikeout,Strikeout,Ceddanne Rafaela called out on strikes.,T,,,,,,,,,,678882,,,T,3,Strikeout,strikeout,,,,,543510
716367,2023-10-01,9,Bot,70,0,0,0,0,110,111,663624,687798,,,,,,,,,,,,,,,,,,,,,,,,,657136
716367,2023-10-01,9,Bot,70,1,1,0,0,110,111,663624,687798,,,,,,,,,,,,,,,,,,,,,,,,,657136
716367,2023-10-01,9,Bot,70,2,1,1,0,110,111,663624,687798,,,,,,,,,,,,,,,,,,,,,,,,,657136
716367,2023-10-01,9,Bot,70,3,2,1,0,110,111,663624,687798,,,,,,,,,,,,,,,,,,,,,,,,,657136
716367,2023-10-01,9,Bot,70,4,3,1,0,110,111,663624,687798,,,,,,,,,,,,,,,,,,,,,,,,,657136
716367,2023-10-01,9,Bot,70,5,3,1,0,110,111,663624,687798,field_out,Pop Out,Ryan Mountcastle pops out to second baseman Enmanuel Valdez.,T,,,,,,,,,,663624,,,T,1,Pop Out,field_out,,,,,657136
716367,2023-10-01,9,Bot,71,0,0,1,1,110,111,602104,687798,,,,,,,,,,,,,,,,,,,,,,,,,657136
716367,2023-10-01,9,Bot,71,1,0,2,1,110,111,602104,687798,,,,,,,,,,,,,,,,,,,,,,,,,657136
716367,2023-10-01,9,Bot,71,2,1,2,1,110,111,602104,687798,,,,,,,,,,,,,,,,,,,,,,,,,657136
716367,2023-10-01,9,Bot,71,3,2,2,1,110,111,602104,687798,,,,,,,,,,,,,,,,,,,,,,,,,657136
716367,2023-10-01,9,Bot,71,4,2,2,1,110,111,602104,687798,,,,,,,,,,,,,,,,,,,,,,,,,657136
716367,2023-10-01,9,Bot,71,5,2,2,1,110,111,602104,687798,,,,,,,,,,,,,,,,,,,,,,,,,657136
716367,2023-10-01,9,Bot,71,6,2,3,1,110,111,602104,687798,strikeout,Strikeout,Ramon Urias strikes out swinging.,T,,,,,,,,,,602104,,,T,2,Strikeout,strikeout,,,,,657136
716367,2023-10-01,9,Bot,72,0,0,1,2,110,111,677008,687798,,,,,,,,,,,,,,,,,,,,,,,,,657136
716367,2023-10-01,9,Bot,72,1,0,2,2,110,111,677008,687798,,,,,,,,,,,,,,,,,,,,,,,,,657136
716367,2023-10-01,9,Bot,72,2,1,2,2,110,111,677008,687798,,,,,,,,,,,,,,,,,,,,,,,,,657136
716367,2023-10-01,9,Bot,72,3,2,2,2,110,111,677008,687798,,,,,,,,,,,,,,,,,,,,,,,,,657136
716367,2023-10-01,9,Bot,72,4,2,2,2,110,111,677008,687798,,,,,,,,,,,,,,,,,,,,,,,,,657136
716367,2023-10-01,9,Bot,72,5,2,2,2,110,111,677008,687798,field_out,Groundout,"Heston Kjerstad grounds out, first baseman Bobby Dalbec to pitcher Nick Robertson.",T,,,,,,,,,,677008,,,T,3,Groundout,field_out,,,,,657136
716363,2023-10-01,1,Top,0,0,0,0,0,137,119,605141,690986,,,,,,,,,,,,,,,,,,,,,,,,,666165
716363,2023-10-01,1,Top,0,1,0,0,0,137,119,605141,690986,,,,,,,,,,,,,,,,,,,,,,,,,666165
716363,2023-10-01,1,Top,0,2,0,0,0,137,119,605141,690986,,,,,,,,,,,,,,,,,,,,,,,,,666165
716363,2023-10-01,1,Top,0,3,0,1,0,137,119,605141,690986,,,,,,,,,,,,,,,,,,,,,,,,,666165
716363,2023-10-01,1,Top,0,4,1,1,0,137,119,605141,690986,,,,,,,,,,,,,,,,,,,,,,,,,666165
716363,2023-10-01,1,Top,0,5,2,1,0,137,119,605141,690986,,,,,,,,,,,,,,,,,,,,,,,,,666165
716363,2023-10-01,1,Top,0,6,2,2,0,137,119,605141,690986,,,,,,,,,,,,,,,,,,,,,,,,,666165
716363,2023-10-01,1,Top,0,7,2,2,0,137,119,605141,690986,,,,,,,,,,,,,,,,,,,,,,,,,666165
716363,2023-10-01,1,Top,0,8,2,2,0,137,119,605141,690986,field_out,Flyout,Mookie Betts flies out to center fielder Tyler Fitzgerald.,T,,,,,,,,,,605141,,,T,1,Flyout,field_out,,,,,666165
716363,2023-10-01,1,Top,1,0,0,1,1,137,119,518692,690986,,,,,,,,,,,,,,,,,,,,,,,,,666165
716363,2023-10-01,1,Top,1,1,0,2,1,137,119,518692,690986,,,,,,,,,,,,,,,,,,,,,,,,,666165
716363,2023-10-01,1,Top,1,2,1,2,1,137,119,518692,690986,,,,,,,,,,,,,,,,,,,,,,,,,666165
716363,2023-10-01,1,Top,1,3,2,2,1,137,119,518692,690986,hit_by_pitch,Hit By Pitch,Freddie Freeman hit by pitch.,T,,,,,,,,,,518692,,1B,,,Hit By Pitch,hit_by_pitch,,,,,666165
716363,2023-10-01,1,Top,2,0,0,1,1,137,119,669257,690986,,,,,,,,,,,,,,,,,,,,,,,,,666165
716363,2023-10-01,1,Top,2,1,1,1,1,137,119,669257,690986,hit_by_pitch,Hit By Pitch,Will Smith hit by pitch. Freddie Freeman to 2nd.,T,,,,,,,,,,518692,1B,2B,,,Hit By Pitch,hit_by_pitch,r_adv_force,,,,666165
716363,2023-10-01,1,Top,3,0,0,0,1,137,119,502110,690986,,,,,,,,,,,,,,,,,,,,,,,,,666165
716363,2023-10-01,1,Top,3,1,1,0,1,137,119,502110,690986,,,,,,,,,,,,,,,,,,,,,,,,,666165
716363,2023-10-01,1,Top,3,2,1,1,1,137,119,502110,690986,,,,,,,,,,,,,,,,,,,,,,,,,666165
716363,2023-10-01,1,Top,3,3,1,2,1,137,119,502110,690986,,,,,,,,,,,,,,,,,,,,,,,,,666165
716363,2023-10-01,1,Top,3,4,1,2,1,137,119,502110,690986,field_out,Lineout,J.D. Martinez lines out to left fielder Michael Conforto.,T,,,,,,,,,,502110,,,T,2,Lineout,field_out,,,,,666165
716363,2023-10-01,1,Top,4,0,1,0,2,137,119,571970,690986,,,,,,,,,,,,,,,,,,,,,,,,,666165
716363,2023-10-01,1,Top,4,1,1,1,2,137,119,571970,690986,,,,,,,,,,,,,,,,,,,,,,,,,666165
716363,2023-10-01,1,Top,4,2,1,1,2,137,119,571970,690986,,,,,,,,,,,,,,,,,,,,,,,,,666165
716363,2023-10-01,1,Top,4,3,1,2,2,137,119,571970,690986,,,,,,,,,,,,,,,,,,,,,,,,,666165
716363,2023-10-01,1,Top,4,4,1,3,2,137,119,571970,690986,strikeout,Strikeout,Max Muncy strikes out swinging.,T,,,,,,,,,,571970,,,T,3,Strikeout,strikeout,,,,,666165
716363,2023-10-01,1,Bot,5,0,0,1,0,137,119,543063,676272,,,,,,,,,,,,,,,,,,,,,,,,,669257
716363,2023-10-01,1,Bot,5,1,0,2,0,137,119,543063,676272,,,,,,,,,,,,,,,,,,,,,,,,,669257
716363,2023-10-01,1,Bot,5,2,1,2,0,137,119,543063,676272,,,,,,,,,,,,,,,,,,,,,,,,,669257
716363,2023-10-01,1,Bot,5,3,1,3,0,137,119,543063,676272,strikeout,Strikeout,Brandon Crawford strikes out swinging.,T,,,,,,,,,,543063,,,T,1,Strikeout,strikeout,,,,,669257
716363,2023-10-01,1,Bot,6,0,0,1,1,137,119,664774,676272,,,,,,,,,,,,,,,,,,,,,,,,,669257
716363,2023-10-01,1,Bot,6,1,1,1,1,137,119,664774,676272,,,,,,,,,,,,,,,,,,,,,,,,,669257
716363,2023-10-01,1,Bot,6,2,1,2,1,137,119,664774,676272,,,,,,,,,,,,,,,,,,,,,,,,,669257
716363,2023-10-01,1,Bot,6,3,1,2,1,137,119,664774,676272,,,,,,,,,,,,,,,,,,,,,,,,,669257
716363,2023-10-01,1,Bot,6,4,2,2,1,137,119,664774,676272,,,,,,,,,,,,,,,,,,,,,,,,,669257
716363,2023-10-01,1,Bot,6,5,3,2,1,137,119,664774,676272,,,,,,,,,,,,,,,,,,,,,,,,,669257
716363,2023-10-01,1,Bot,6,6,3,2,1,137,119,664774,676272,field_out,Flyout,LaMonte Wade Jr. flies out to center fielder James Outman.,T,,,,,,,,,,664774,,,T,2,Flyout,field_out,,,,,669257
716363,2023-10-01,1,Bot,7,0,0,1,2,137,119,642731,676272,,,,,,,,,,,,,,,,,,,,,,,,,669257
716363,2023-10-01,1,Bot,7,1,1,1,2,137,119,642731,676272,,,,,,,,,,,,,,,,,,,,,,,,,669257
716363,2023-10-01,1,Bot,7,2,1,1,2,137,119,642731,676272,field_out,Groundout,"Thairo Estrada grounds out softly, pitcher Bobby Miller to first baseman Freddie Freeman.",T,,,,,,,,,,642731,,,T,3,Groundout,field_out,,,,,669257
716363,2023-10-01,2,Top,8,0,0,1,0,137,119,621035,690986,,,,,,,,,,,,,,,,,,,,,,,,,666165
716363,2023-10-01,2,Top,8,1,0,2,0,137,119,621035,690986,,,,,,,,,,,,,,,,,,,,,,,,,666165
716363,2023-10-01,2,Top,8,2,1,2,0,137,119,621035,690986,,,,,,,,,,,,,,,,,,,,,,,,,666165
716363,2023-10-01,2,Top,8,3,2,2,0,137,119,621035,690986,,,,,,,,,,,,,,,,,,,,,,,,,666165
716363,2023-10-01,2,Top,8,4,2,3,0,137,119,621035,690986,strikeout,Strikeout,Chris Taylor called out on strikes.,T,,,,,,,,,,621035,,,T,1,Strikeout,strikeout,,,,,666165
716363,2023-10-01,2,Top,9,0,1,0,1,137,119,642708,690986,,,,,,,,,,,,,,,,,,,,,,,,,666165
716363,2023-10-01,2,Top,9,1,2,0,1,137,119,642708,690986,,,,,,,,,,,,,,,,,,,,,,,,,666165
716363,2023-10-01,2,Top,9,2,2,1,1,137,119,642708,690986,,,,,,,,,,,,,,,,,,,,,,,,,666165
716363,2023-10-01,2,Top,9,3,2,1,1,137,119,642708,690986,field_out,Lineout,Amed Rosario lines out to center fielder Tyler Fitzgerald.,T,,,,,,,,,,642708,,,T,2,Lineout,field_out,,,,,666165
716363,2023-10-01,2,Top,10,0,0,1,2,137,119,681546,690986,,,,,,,,,,,,,,,,,,,,,,,,,666165
716363,2023-10-01,2,Top,10,1,0,2,2,137,119,681546,690986,,,,,,,,,,,,,,,,,,,,,,,,,666165
716363,2023-10-01,2,Top,10,2,0,2,2,137,119,681546,690986,,,,,,,,,,,,,,,,,,,,,,,,,666165
716363,2023-10-01,2,Top,10,3,1,2,2,137,119,681546,690986,,,,,,,,,,,,,,,,,,,,,,,,,666165
716363,2023-10-01,2,Top,10,4,1,2,2,137,119,681546,690986,,,,,,,,,,,,,,,,,,,,,,,,,666165
716363,2023-10-01,2,Top,10,5,1,2,2,137,119,681546,690986,field_out,Flyout,James Outman flies out to right fielder Mike Yastrzemski.,T,,,,,,,,,,681546,,,T,3,Flyout,field_out,,,,,666165
716363,2023-10-01,2,Bot,11,0,0,1,0,137,119,624424,676272,,,,,,,,,,,,,,,,,,,,,,,,,669257
716363,2023-10-01,2,Bot,11,1,1,1,0,137,119,624424,676272,,,,,,,,,,,,,,,,,,,,,,,,,669257
716363,2023-10-01,2,Bot,11,2,2,1,0,137,119,624424,676272,,,,,,,,,,,,,,,,,,,,,,,,,669257
716363,2023-10-01,2,Bot,11,3,2,2,0,137,119,624424,676272,,,,,,,,,,,,,,,,,,,,,,,,,669257
716363,2023-10-01,2,Bot,11,4,2,2,0,137,119,624424,676272,,,,,,,,,,,,,,,,,,,,,,,,,669257
716363,2023-10-01,2,Bot,11,5,2,2,0,137,119,624424,676272,,,,,,,,,,,,,,,,,,,,,,,,,669257
716363,2023-10-01,2,Bot,11,6,2,3,0,137,119,624424,676272,strikeout,Strikeout,Michael Conforto called out on strikes.,T,,,,,,,,,,624424,,,T,1,Strikeout,strikeout,,,,,669257
716363,2023-10-01,2,Bot,12,0,0,0,1,137,119,592626,676272,field_out,Flyout,Joc Pederson flies out to left fielder Chris Taylor.,T,,,,,,,,,,592626,,,T,2,Flyout,field_out,,,,,669257
716363,2023-10-01,2,Bot,13,0,0,1,2,137,119,573262,676272,,,,,,,,,,,,,,,,,,,,,,,,,669257
716363,2023-10-01,2,Bot,13,1,0,1,2,137,119,573262,676272,field_out,Groundout,"Mike Yastrzemski grounds out, second baseman Amed Rosario to first baseman Freddie Freeman.",T,,,,,,,,,,573262,,,T,3,Groundout,field_out,,,,,669257
716363,2023-10-01,3,Top,14,0,0,0,0,137,119,571771,690986,field_out,Flyout,Enrique Hernandez flies out to center fielder Tyler Fitzgerald.,T,,,,,,,,,,571771,,,T,1,Flyout,field_out,,,,,666165
716363,2023-10-01,3,Top,15,0,0,1,1,137,119,605141,690986,,,,,,,,,,,,,,,,,,,,,,,,,666165
716363,2023-10-01,3,Top,15,1,0,2,1,137,119,605141,690986,,,,,,,,,,,,,,,,,,,,,,,,,666165
716363,2023-10-01,3,Top,15,2,1,2,1,137,119,605141,690986,,,,,,,,,,,,,,,,,,,,,,,,,666165
716363,2023-10-01,3,Top,15,3,2,2,1,137,119,605141,690986,,,,,,,,,,,,,,,,,,,,,,,,,666165
716363,2023-10-01,3,Top,15,4,3,2,1,137,119,605141,690986,,,,,,,,,,,,,,,,,,,,,,,,,666165
716363,2023-10-01,3,Top,15,5,3,2,1,137,119,605141,690986,,,,,,,,,,,,,,,,,,,,,,,,,666165
716363,2023-10-01,3,Top,15,6,3,2,1,137,119,605141,690986,,,,,,,,,,,,,,,,,,,,,,,,,666165
716363,2023-10-01,3,Top,15,7,3,2,1,137,119,605141,690986,,,,,,,,,,,,,,,,,,,,,,,,,666165
716363,2023-10-01,3,Top,15,8,4,2,1,137,119,605141,690986,walk,Walk,Mookie Betts walks.,T,,,,,,,,,,605141,,1B,,,Walk,walk,,,,,666165
716363,2023-10-01,3,Top,16,0,1,0,1,137,119,518692,690986,,,,,,,,,,,,,,,,,,,,,,,,,666165
716363,2023-10-01,3,Top,16,1,1,0,1,137,119,518692,690986,field_out,Flyout,Freddie Freeman flies out to center fielder Tyler Fitzgerald.,T,,,,,,,,,,518692,,,T,2,Flyout,field_out,,,,,666165
716363,2023-10-01,3,Top,17,0,0,1,2,137,119,669257,690986,,,,,,,,,,,,,,,,,,,,,,,,,666165
716363,2023-10-01,3,Top,17,1,0,2,2,137,119,669257,690986,,,,,,,,,,,,,,,,,,,,,,,,,666165
716363,2023-10-01,3,Top,17,2,1,2,2,137,119,669257,690986,,,,,,,,,,,,,,,,,,,,,,,,,666165
716363,2023-10-01,3,Top,17,3,1,2,2,137,119,669257,690986,,,,,,,,,,,,,,,,,,,,,,,,,666165
716363,2023-10-01,3,Top,17,4,2,2,2,137,119,669257,690986,,,,,,,,,,,,,,,,,,,,,,,,,666165
716363,2023-10-01,3,Top,17,5,2,2,2,137,119,669257,690986,,,,,,,,,,,,,,,,,,,,,,,,,666165
716363,2023-10-01,3,Top,17,6,2,2,2,137,119,669257,690986,,,,,,,,,,,,,,,,,,,,,,,,,666165
716363,2023-10-01,3,Top,17,7,2,2,2,137,119,669257,690986,,,,,,,,,,,,,,,,,,,,,,,,,666165
716363,2023-10-01,3,Top,17,8,2,2,2,137,119,669257,690986,,,,,,,,,,,,,,,,,,,,,,,,,666165
716363,2023-10-01,3,Top,17,9,2,2,2,137,119,669257,690986,field_out,Flyout,Will Smith flies out to right fielder Mike Yastrzemski.,T,,,,,,,,,,669257,,,T,3,Flyout,field_out,,,,,666165
716363,2023-10-01,3,Bot,18,0,1,0,0,137,119,666149,676272,,,,,,,,,,,,,,,,,,,,,,,,,669257
716363,2023-10-01,3,Bot,18,1,2,0,0,137,119,666149,676272,,,,,,,,,,,,,,,,,,,,,,,,,669257
716363,2023-10-01,3,Bot,18,2,2,1,0,137,119,666149,676272,,,,,,,,,,,,,,,,,,,,,,,,,669257
716363,2023-10-01,3,Bot,18,3,2,2,0,137,119,666149,676272,,,,,,,,,,,,,,,,,,,,,,,,,669257
716363,2023-10-01,3,Bot,18,4,3,2,0,137,119,666149,676272,,,,,,,,,,,,,,,,,,,,,,,,,669257
716363,2023-10-01,3,Bot,18,5,3,2,0,137,119,666149,676272,field_out,Groundout,"Tyler Fitzgerald grounds out, shortstop Enrique Hernandez to first baseman Freddie Freeman.",T,,,,,,,,,,666149,,,T,1,Groundout,field_out,,,,,669257
716363,2023-10-01,3,Bot,19,0,0,0,1,137,119,666165,676272,single,Single,Blake Sabol singles on a ground ball to center fielder James Outman.,T,,,,,,,,,,666165,,1B,,,Single,single,,,,,669257
716363,2023-10-01,3,Bot,20,0,1,0,1,137,119,669477,676272,,,,,,,,,,,,,,,,,,,,,,,,,669257
716363,2023-10-01,3,Bot,20,1,1,1,1,137,119,669477,676272,,,,,,,,,,,,,,,,,,,,,,,,,669257
716363,2023-10-01,3,Bot,20,2,1,2,1,137,119,669477,676272,,,,,,,,,,,,,,,,,,,,,,,,,669257
716363,2023-10-01,3,Bot,20,3,2,2,1,137,119,669477,676272,,,,,,,,,,,,,,,,,,,,,,,,,669257
716363,2023-10-01,3,Bot,20,4,2,2,1,137,119,669477,676272,field_out,Flyout,Casey Schmitt flies out to right fielder Mookie Betts.,T,,,,,,,,,,669477,,,T,2,Flyout,field_out,,,,,669257
716363,2023-10-01,3,Bot,21,0,0,1,2,137,119,543063,676272,,,,,,,,,,,,,,,,,,,,,,,,,669257
716363,2023-10-01,3,Bot,21,1,0,2,2,137,119,543063,676272,,,,,,,,,,,,,,,,,,,,,,,,,669257
716363,2023-10-01,3,Bot,21,2,0,2,2,137,119,543063,676272,,,,,,,,,,,,,,,,,,,,,,,,,669257
716363,2023-10-01,3,Bot,21,3,0,2,2,137,119,543063,676272,,,,,,,,,,,,,,,,,,,,,,,,,669257
716363,2023-10-01,3,Bot,21,4,0,2,2,137,119,543063,676272,,,,,,,,,,,,,,,,,,,,,,,,,669257
716363,2023-10-01,3,Bot,21,5,0,3,2,137,119,543063,676272,strikeout,Strikeout,Brandon Crawford strikes out swinging.,T,,,,,,,,,,543063,,,T,3,Strikeout,strikeout,,,,,669257
716363,2023-10-01,4,Top,22,0,0,1,0,137,119,502110,690986,,,,,,,,,,,,,,,,,,,,,,,,,666165
716363,2023-10-01,4,Top,22,1,0,1,0,137,119,502110,690986,,,,,,,,,,,,,,,,,,,,,,,,,666165
716363,2023-10-01,4,Top,22,2,0,2,0,137,119,502110,690986,,,,,,,,,,,,,,,,,,,,,,,,,666165
716363,2023-10-01,4,Top,22,3,0,2,0,137,119,502110,690986,,,,,,,,,,,,,,,,,,,,,,,,,666165
716363,2023-10-01,4,Top,22,4,0,2,0,137,119,502110,690986,,,,,,,,,,,,,,,,,,,,,,,,,666165
716363,2023-10-01,4,Top,22,5,0,3,0,137,119,502110,690986,strikeout,Strikeout,J.D. Martinez strikes out swinging.,T,,,,,,,,,,502110,,,T,1,Strikeout,strikeout,,,,,666165
716363,2023-10-01,4,Top,23,0,0,1,1,137,119,571970,690986,,,,,,,,,,,,,,,,,,,,,,,,,666165
716363,2023-10-01,4,Top,23,1,0,2,1,137,119,571970,690986,,,,,,,,,,,,,,,,,,,,,,,,,666165
716363,2023-10-01,4,Top,23,2,0,2,1,137,119,571970,690986,field_out,Groundout,"Max Muncy grounds out, second baseman Thairo Estrada to first baseman LaMonte Wade Jr.",T,,,,,,,,,,571970,,,T,2,Groundout,field_out,,,,,666165
716363,2023-10-01,4,Top,24,0,1,0,2,137,119,621035,690986,,,,,,,,,,,,,,,,,,,,,,,,,666165
716363,2023-10-01,4,Top,24,1,2,0,2,137,119,621035,690986,hit_by_pitch,Hit By Pitch,Chris Taylor hit by pitch.,T,,,,,,,,,,621035,,1B,,,Hit By Pitch,hit_by_pitch,,,,,666165
716363,2023-10-01,4,Top,25,0,0,0,2,137,119,642708,690986,,,,,,,,,,,,,,,,,,,,,,,,,666165
716363,2023-10-01,4,Top,25,1,0,1,2,137,119,642708,690986,,,,,,,,,,,,,,,,,,,,,,,,,666165
716363,2023-10-01,4,Top,25,2,0,2,2,137,119,642708,690986,,,,,,,,,,,,,,,,,,,,,,,,,666165
716363,2023-10-01,4,Top,25,3,1,2,2,137,119,642708,690986,,,,,,,,,,,,,,,,,,,,,,,,,666165
716363,2023-10-01,4,Top,25,4,1,3,2,137,119,642708,690986,strikeout,Strikeout,Amed Rosario called out on strikes.,T,,,,,,,,,,642708,,,T,3,Strikeout,strikeout,,,,,666165
716363,2023-10-01,4,Bot,26,0,0,0,0,137,119,664774,676272,field_out,Pop Out,LaMonte Wade Jr. pops out to shortstop Enrique Hernandez.,T,,,,,,,,,,664774,,,T,1,Pop Out,field_out,,,,,669257
716363,2023-10-01,4,Bot,27,0,0,1,1,137,119,642731,676272,,,,,,,,,,,,,,,,,,,,,,,,,669257
716363,2023-10-01,4,Bot,27,1,1,1,1,137,119,642731,676272,,,,,,,,,,,,,,,,,,,,,,,,,669257
716363,2023-10-01,4,Bot,27,2,1,2,1,137,119,642731,676272,,,,,,,,,,,,,,,,,,,,,,,,,669257
716363,2023-10-01,4,Bot,27,3,2,2,1,137,119,642731,676272,,,,,,,,,,,,,,,,,,,,,,,,,669257
716363,2023-10-01,4,Bot,27,4,2,2,1,137,119,642731,676272,field_out,Groundout,"Thairo Estrada grounds out, shortstop Enrique Hernandez to first baseman Freddie Freeman.",T,,,,,,,,,,642731,,,T,2,Groundout,field_out,,,,,669257
716363,2023-10-01,4,Bot,28,0,0,1,2,137,119,624424,676272,,,,,,,,,,,,,,,,,,,,,,,,,669257
716363,2023-10-01,4,Bot,28,1,1,1,2,137,119,624424,676272,,,,,,,,,,,,,,,,,,,,,,,,,669257
716363,2023-10-01,4,Bot,28,2,1,2,2,137,119,624424,676272,,,,,,,,,,,,,,,,,,,,,,,,,669257
716363,2023-10-01,4,Bot,28,3,1,2,2,137,119,624424,676272,,,,,,,,,,,,,,,,,,,,,,,,,669257
716363,2023-10-01,4,Bot,28,4,2,2,2,137,119,624424,676272,,,,,,,,,,,,,,,,,,,,,,,,,669257
716363,2023-10-01,4,Bot,28,5,3,2,2,137,119,624424,676272,,,,,,,,,,,,,,,,,,,,,,,,,669257
716363,2023-10-01,4,Bot,28,6,4,2,2,137,119,624424,676272,walk,Walk,Michael Conforto walks.,T,,,,,,,,,,624424,,1B,,,Walk,walk,,,,,669257
716363,2023-10-01,4,Bot,29,0,0,1,2,137,119,592626,676272,,,,,,,,,,,,,,,,,,,,,,,,,669257
716363,2023-10-01,4,Bot,29,1,1,1,2,137,119,592626,676272,,,,,,,,,,,,,,,,,,,,,,,,,669257
716363,2023-10-01,4,Bot,29,2,1,1,2,137,119,592626,676272,,,,,,,,,,,,,,,,,,,,,,,,,669257
716363,2023-10-01,4,Bot,29,3,1,2,2,137,119,592626,676272,,,,,,,,,,,,,,,,,,,,,,,,,669257
716363,2023-10-01,4,Bot,29,4,1,3,2,137,119,592626,676272,strikeout,Strikeout,Joc Pederson strikes out swinging.,T,,,,,,,,,,624424,1B,2B,,,Wild Pitch,wild_pitch,r_adv_play,,,,669257
716363,2023-10-01,5,Top,30,0,1,0,0,137,119,681546,690986,,,,,,,,,,,,,,,,,,,,,,,,,666165
716363,2023-10-01,5,Top,30,1,2,0,0,137,119,681546,690986,,,,,,,,,,,,,,,,,,,,,,,,,666165
716363,2023-10-01,5,Top,30,2,3,0,0,137,119,681546,690986,,,,,,,,,,,,,,,,,,,,,,,,,666165
716363,2023-10-01,5,Top,30,3,4,0,0,137,119,681546,690986,walk,Walk,James Outman walks.,T,,,,,,,,,,681546,,1B,,,Walk,walk,,,,,666165
716363,2023-10-01,5,Top,31,0,0,0,0,137,119,571771,690986,,,,,,,,,,,,,,,,,,,,,,,,,666165
716363,2023-10-01,5,Top,31,1,0,1,0,137,119,571771,690986,,,,,,,,,,,,,,,,,,,,,,,,,666165
716363,2023-10-01,5,Top,31,2,1,1,0,137,119,571771,690986,,,,,,,,,,,,,,,,,,,,,,,,,666165
716363,2023-10-01,5,Top,31,3,1,2,0,137,119,571771,690986,,,,,,,,,,,,,,,,,,,,,,,,,666165
716363,2023-10-01,5,Top,31,4,2,2,0,137,119,571771,690986,,,,,,,,,,,,,,,,,,,,,,,,,666165
716363,2023-10-01,5,Top,31,5,2,2,0,137,119,571771,690986,field_out,Pop Out,Enrique Hernandez pops out to first baseman LaMonte Wade Jr. in foul territory.,T,,,,,,,,,,571771,,,T,1,Pop Out,field_out,,,,,666165
716363,2023-10-01,5,Top,32,0,1,0,1,137,119,605141,690986,,,,,,,,,,,,,,,,,,,,,,,,,666165
716363,2023-10-01,5,Top,32,1,1,1,1,137,119,605141,690986,,,,,,,,,,,,,,,,,,,,,,,,,666165
716363,2023-10-01,5,Top,32,2,1,2,1,137,119,605141,690986,,,,,,,,,,,,,,,,,,,,,,,,,666165
716363,2023-10-01,5,Top,32,3,2,2,1,137,119,605141,690986,,,,,,,,,,,,,,,,,,,,,,,,,666165
716363,2023-10-01,5,Top,32,4,2,2,1,137,119,605141,690986,,,,,,,,,,,,,,,,,,,,,,,,,666165
716363,2023-10-01,5,Top,32,5,2,2,1,137,119,605141,690986,,,,,,,,,,,,,,,,,,,,,,,,,666165
716363,2023-10-01,5,Top,32,6,3,2,1,137,119,605141,690986,,,,,,,,,,,,,,,,,,,,,,,,,666165
716363,2023-10-01,5,Top,32,7,3,2,1,137,119,605141,690986,,,,,,,,,,,,,,,,,,,,,,,,,666165
716363,2023-10-01,5,Top,32,8,3,2,1,137,119,605141,690986,,,,,,,,,,,,,,,,,,,,,,,,,666165
716363,2023-10-01,5,Top,32,9,3,2,1,137,119,605141,690986,,,,,,,,,,,,,,,,,,,,,,,,,666165
716363,2023-10-01,5,Top,32,10,3,2,1,137,119,605141,690986,field_out,Pop Out,Mookie Betts pops out to first baseman LaMonte Wade Jr. in foul territory.,T,,,,,,,,,,605141,,,T,2,Pop Out,field_out,,,,,666165
716363,2023-10-01,5,Top,33,0,0,0,2,137,119,518692,690986,,,,,,,,,,,,,,,,,,,,,,,,,666165
716363,2023-10-01,5,Top,33,1,1,0,2,137,119,518692,690986,,,,,,,,,,,,,,,,,,,,,,,,,666165
716363,2023-10-01,5,Top,33,2,1,1,2,137,119,518692,690986,,,,,,,,,,,,,,,,,,,,,,,,,666165
716363,2023-10-01,5,Top,33,3,2,1,2,137,119,518692,690986,,,,,,,,,,,,,,,,,,,,,,,,,666165
716363,2023-10-01,5,Top,33,4,2,1,2,137,119,518692,690986,,,,,,,,,,,,,,,,,,,,,,,,,666165
716363,2023-10-01,5,Top,33,5,2,1,2,137,119,518692,690986,field_out,Flyout,Freddie Freeman flies out to left fielder Michael Conforto.,T,T,,,,,,,,,681546,1B,2B,,,Stolen Base 2B,stolen_base_2b,r_stolen_base_2b,,,,666165
716363,2023-10-01,5,Bot,34,0,0,0,0,137,119,573262,624647,,,,,,,,,,,,,,,,,,,,,,,,,669257
716363,2023-10-01,5,Bot,34,1,0,0,0,137,119,573262,624647,,,,,,,,,,,,,,,,,,,,,,,,,669257
716363,2023-10-01,5,Bot,34,2,0,0,0,137,119,573262,624647,,,,,,,,,,,,,,,,,,,,,,,,,669257
716363,2023-10-01,5,Bot,34,3,0,0,0,137,119,573262,624647,,,,,,,,,,,,,,,,,,,,,,,,,669257
716363,2023-10-01,5,Bot,34,4,0,1,0,137,119,573262,624647,,,,,,,,,,,,,,,,,,,,,,,,,669257
716363,2023-10-01,5,Bot,34,5,1,1,0,137,119,573262,624647,,,,,,,,,,,,,,,,,,,,,,,,,669257
716363,2023-10-01,5,Bot,34,6,1,2,0,137,119,573262,624647,,,,,,,,,,,,,,,,,,,,,,,,,669257
716363,2023-10-01,5,Bot,34,7,2,2,0,137,119,573262,624647,,,,,,,,,,,,,,,,,,,,,,,,,669257
716363,2023-10-01,5,Bot,34,8,2,3,0,137,119,573262,624647,strikeout,Strikeout,Mike Yastrzemski strikes out swinging.,T,,,,,,,,,,573262,,,T,1,Strikeout,strikeout,,,,,669257
716363,2023-10-01,5,Bot,35,0,0,1,1,137,119,666149,624647,,,,,,,,,,,,,,,,,,,,,,,,,669257
716363,2023-10-01,5,Bot,35,1,1,1,1,137,119,666149,624647,,,,,,,,,,,,,,,,,,,,,,,,,669257
716363,2023-10-01,5,Bot,35,2,2,1,1,137,119,666149,624647,,,,,,,,,,,,,,,,,,,,,,,,,669257
716363,2023-10-01,5,Bot,35,3,3,1,1,137,119,666149,624647,,,,,,,,,,,,,,,,,,,,,,,,,669257
716363,2023-10-01,5,Bot,35,4,3,1,1,137,119,666149,624647,field_out,Groundout,"Tyler Fitzgerald grounds out, shortstop Amed Rosario to first baseman Freddie Freeman.",T,,,,,,,,,,666149,,,T,2,Groundout,field_out,,,,,669257
716363,2023-10-01,5,Bot,36,0,1,0,2,137,119,666165,624647,,,,,,,,,,,,,,,,,,,,,,,,,669257
716363,2023-10-01,5,Bot,36,1,1,0,2,137,119,666165,624647,field_out,Groundout,"Blake Sabol grounds out, second baseman Kolten Wong to first baseman Freddie Freeman.",T,,,,,,,,,,666165,,,T,3,Groundout,field_out,,,,,669257
716363,2023-10-01,6,Top,37,0,0,0,0,137,119,669257,605154,,,,,,,,,,,,,,,,,,,,,,,,,666165
716363,2023-10-01,6,Top,37,1,1,0,0,137,119,669257,605154,,,,,,,,,,,,,,,,,,,,,,,,,666165
716363,2023-10-01,6,Top,37,2,1,0,0,137,119,669257,605154,single,Single,Will Smith singles on a sharp ground ball to left fielder Michael Conforto.,T,,,,,,,,,,669257,,1B,,,Single,single,,,,,666165
716363,2023-10-01,6,Top,38,0,0,1,0,137,119,502110,605154,,,,,,,,,,,,,,,,,,,,,,,,,666165
716363,2023-10-01,6,Top,38,1,0,2,0,137,119,502110,605154,,,,,,,,,,,,,,,,,,,,,,,,,666165
716363,2023-10-01,6,Top,38,2,0,3,0,137,119,502110,605154,strikeout,Strikeout,J.D. Martinez strikes out swinging.,T,,,,,,,,,,502110,,,T,1,Strikeout,strikeout,,,,,666165
716363,2023-10-01,6,Top,39,0,1,0,1,137,119,571970,605154,,,,,,,,,,,,,,,,,,,,,,,,,666165
716363,2023-10-01,6,Top,39,1,2,0,1,137,119,571970,605154,,,,,,,,,,,,,,,,,,,,,,,,,666165
716363,2023-10-01,6,Top,39,2,2,1,1,137,119,571970,605154,,,,,,,,,,,,,,,,,,,,,,,,,666165
716363,2023-10-01,6,Top,39,3,3,1,1,137,119,571970,605154,,,,,,,,,,,,,,,,,,,,,,,,,666165
716363,2023-10-01,6,Top,39,4,4,1,1,137,119,571970,605154,walk,Walk,Max Muncy walks. Will Smith to 2nd.,T,,,,,,,,,,669257,1B,2B,,,Walk,walk,r_adv_force,,,,666165
716363,2023-10-01,6,Top,40,0,0,0,1,137,119,543939,573124,,,,,,,,,,,,,,,,,,,,,,,,,666165
716363,2023-10-01,6,Top,40,1,0,0,1,137,119,543939,573124,,,,,,,,,,,,,,,,,,,,,,,,,666165
716363,2023-10-01,6,Top,40,2,0,1,1,137,119,543939,573124,,,,,,,,,,,,,,,,,,,,,,,,,666165
716363,2023-10-01,6,Top,40,3,1,1,1,137,119,543939,573124,,,,,,,,,,,,,,,,,,,,,,,,,666165
716363,2023-10-01,6,Top,40,4,1,2,1,137,119,543939,573124,,,,,,,,,,,,,,,,,,,,,,,,,666165
716363,2023-10-01,6,Top,40,5,1,2,1,137,119,543939,573124,,,,,,,,,,,,,,,,,,,,,,,,,666165
716363,2023-10-01,6,Top,40,6,2,2,1,137,119,543939,573124,,,,,,,,,,,,,,,,,,,,,,,,,666165
716363,2023-10-01,6,Top,40,7,2,3,1,137,119,543939,573124,strikeout,Strikeout,Kolten Wong called out on strikes.,T,,,,,,,,,,543939,,,T,2,Strikeout,strikeout,,,,,666165
716363,2023-10-01,6,Top,41,0,0,0,2,137,119,642708,573124,single,Single,Amed Rosario singles on a sharp ground ball to center fielder Tyler Fitzgerald. Will Smith scores. Max Muncy to 2nd.,T,,,,,,,,,,642708,,1B,,,Single,single,,,,,666165
716363,2023-10-01,6,Top,42,0,0,1,2,137,119,681546,573124,,,,,,,,,,,,,,,,,,,,,,,,,666165
716363,2023-10-01,6,Top,42,1,1,1,2,137,119,681546,573124,,,,,,,,,,,,,,,,,,,,,,,,,666165
716363,2023-10-01,6,Top,42,2,1,1,2,137,119,681546,573124,single,Single,James Outman singles on a line drive to center fielder Tyler Fitzgerald. Max Muncy scores. Amed Rosario to 2nd.,T,,,,,,,,,,681546,,1B,,,Single,single,,,,,666165
716363,2023-10-01,6,Top,43,0,0,1,2,137,119,571771,573124,,,,,,,,,,,,,,,,,,,,,,,,,666165
716363,2023-10-01,6,Top,43,1,0,1,2,137,119,571771,573124,home_run,Home Run,Enrique Hernandez homers (11) on a fly ball to left field. Amed Rosario scores. James Outman scores.,T,,,,,,,,,,571771,,score,,,Home Run,home_run,,T,T,T,666165
716363,2023-10-01,6,Top,44,0,0,1,2,137,119,605141,573124,,,,,,,,,,,,,,,,,,,,,,,,,666165
716363,2023-10-01,6,Top,44,1,0,1,2,137,119,605141,573124,single,Single,Mookie Betts singles on a sharp ground ball to center fielder Tyler Fitzgerald.,T,,,,,,,,,,605141,,1B,,,Single,single,,,,,666165
716363,2023-10-01,6,Top,45,0,0,0,2,137,119,518692,548389,,,,,,,,,,,,,,,,,,,,,,,,,666165
716363,2023-10-01,6,Top,45,1,0,0,2,137,119,518692,548389,,,,,,,,,,,,,,,,,,,,,,,,,666165
716363,2023-10-01,6,Top,45,2,0,1,2,137,119,518692,548389,,,,,,,,,,,,,,,,,,,,,,,,,666165
716363,2023-10-01,6,Top,45,3,0,2,2,137,119,518692,548389,,,,,,,,,,,,,,,,,,,,,,,,,666165
716363,2023-10-01,6,Top,45,4,1,2,2,137,119,518692,548389,,,,,,,,,,,,,,,,,,,,,,,,,666165
716363,2023-10-01,6,Top,45,5,2,2,2,137,119,518692,548389,,,,,,,,,,,,,,,,,,,,,,,,,666165
716363,2023-10-01,6,Top,45,6,3,2,2,137,119,518692,548389,,,,,,,,,,,,,,,,,,,,,,,,,666165
716363,2023-10-01,6,Top,45,7,3,3,2,137,119,518692,548389,strikeout,Strikeout,Freddie Freeman strikes out swinging.,T,,,,,,,,,,518692,,,T,3,Strikeout,strikeout,,,,,666165
716363,2023-10-01,6,Bot,46,0,0,0,0,137,119,669477,686752,,,,,,,,,,,,,,,,,,,,,,,,,669257
716363,2023-10-01,6,Bot,46,1,0,0,0,137,119,669477,686752,,,,,,,,,,,,,,,,,,,,,,,,,669257
716363,2023-10-01,6,Bot,46,2,0,0,0,137,119,669477,686752,,,,,,,,,,,,,,,,,,,,,,,,,669257
716363,2023-10-01,6,Bot,46,3,0,1,0,137,119,669477,686752,,,,,,,,,,,,,,,,,,,,,,,,,669257
716363,2023-10-01,6,Bot,46,4,1,1,0,137,119,669477,686752,,,,,,,,,,,,,,,,,,,,,,,,,669257
716363,2023-10-01,6,Bot,46,5,1,1,0,137,119,669477,686752,home_run,Home Run,Casey Schmitt homers (4) on a fly ball to left center field.,T,,,,,,,,,,669477,,score,,,Home Run,home_run,,T,T,T,669257
716363,2023-10-01,6,Bot,47,0,0,1,0,137,119,543063,686752,,,,,,,,,,,,,,,,,,,,,,,,,669257
716363,2023-10-01,6,Bot,47,1,0,1,0,137,119,543063,686752,field_out,Flyout,Brandon Crawford flies out to left fielder David Peralta.,T,,,,,,,,,,543063,,,T,1,Flyout,field_out,,,,,669257
716363,2023-10-01,6,Bot,48,0,1,0,1,137,119,664774,686752,,,,,,,,,,,,,,,,,,,,,,,,,669257
716363,2023-10-01,6,Bot,48,1,2,0,1,137,119,664774,686752,,,,,,,,,,,,,,,,,,,,,,,,,669257
716363,2023-10-01,6,Bot,48,2,3,0,1,137,119,664774,686752,,,,,,,,,,,,,,,,,,,,,,,,,669257
716363,2023-10-01,6,Bot,48,3,3,1,1,137,119,664774,686752,,,,,,,,,,,,,,,,,,,,,,,,,669257
716363,2023-10-01,6,Bot,48,4,3,1,1,137,119,664774,686752,field_out,Pop Out,LaMonte Wade Jr. pops out to catcher Will Smith in foul territory.,T,,,,,,,,,,664774,,,T,2,Pop Out,field_out,,,,,669257
716363,2023-10-01,6,Bot,49,0,0,1,2,137,119,642731,686752,,,,,,,,,,,,,,,,,,,,,,,,,669257
716363,2023-10-01,6,Bot,49,1,1,1,2,137,119,642731,686752,,,,,,,,,,,,,,,,,,,,,,,,,669257
716363,2023-10-01,6,Bot,49,2,2,1,2,137,119,642731,686752,,,,,,,,,,,,,,,,,,,,,,,,,669257
716363,2023-10-01,6,Bot,49,3,3,1,2,137,119,642731,686752,,,,,,,,,,,,,,,,,,,,,,,,,669257
716363,2023-10-01,6,Bot,49,4,3,2,2,137,119,642731,686752,,,,,,,,,,,,,,,,,,,,,,,,,669257
716363,2023-10-01,6,Bot,49,5,3,2,2,137,119,642731,686752,,,,,,,,,,,,,,,,,,,,,,,,,669257
716363,2023-10-01,6,Bot,49,6,3,2,2,137,119,642731,686752,field_error,Field Error,Thairo Estrada reaches on a throwing error by shortstop Amed Rosario.,T,,,,,,,,,,642731,,1B,,,Field Error,field_error,,,,,669257
716363,2023-10-01,6,Bot,50,0,0,1,2,137,119,624424,686752,,,,,,,,,,,,,,,,,,,,,,,,,669257
716363,2023-10-01,6,Bot,50,1,0,2,2,137,119,624424,686752,,,,,,,,,,,,,,,,,,,,,,,,,669257
716363,2023-10-01,6,Bot,50,2,1,2,2,137,119,624424,686752,,,,,,,,,,,,,,,,,,,,,,,,,669257
716363,2023-10-01,6,Bot,50,3,2,2,2,137,119,624424,686752,,,,,,,,,,,,,,,,,,,,,,,,,669257
716363,2023-10-01,6,Bot,50,4,2,3,2,137,119,624424,686752,strikeout,Strikeout,Michael Conforto called out on strikes.,T,,,,,,,,,,624424,,,T,3,Strikeout,strikeout,,,,,669257
716363,2023-10-01,7,Top,51,0,0,1,0,137,119,669257,548389,,,,,,,,,,,,,,,,,,,,,,,,,666165
716363,2023-10-01,7,Top,51,1,0,2,0,137,119,669257,548389,,,,,,,,,,,,,,,,,,,,,,,,,666165
716363,2023-10-01,7,Top,51,2,0,2,0,137,119,669257,548389,,,,,,,,,,,,,,,,,,,,,,,,,666165
716363,2023-10-01,7,Top,51,3,1,2,0,137,119,669257,548389,,,,,,,,,,,,,,,,,,,,,,,,,666165
716363,2023-10-01,7,Top,51,4,2,2,0,137,119,669257,548389,,,,,,,,,,,,,,,,,,,,,,,,,666165
716363,2023-10-01,7,Top,51,5,2,2,0,137,119,669257,548389,,,,,,,,,,,,,,,,,,,,,,,,,666165
716363,2023-10-01,7,Top,51,6,2,2,0,137,119,669257,548389,,,,,,,,,,,,,,,,,,,,,,,,,666165
716363,2023-10-01,7,Top,51,7,3,2,0,137,119,669257,548389,,,,,,,,,,,,,,,,,,,,,,,,,666165
716363,2023-10-01,7,Top,51,8,3,2,0,137,119,669257,548389,single,Single,Will Smith singles on a soft ground ball to third baseman Casey Schmitt.,T,,,,,,,,,,669257,,1B,,,Single,single,,,,,666165
716363,2023-10-01,7,Top,52,0,0,1,0,137,119,502110,548389,,,,,,,,,,,,,,,,,,,,,,,,,666165
716363,2023-10-01,7,Top,52,1,1,1,0,137,119,502110,548389,,,,,,,,,,,,,,,,,,,,,,,,,666165
716363,2023-10-01,7,Top,52,2,2,1,0,137,119,502110,548389,,,,,,,,,,,,,,,,,,,,,,,,,666165
716363,2023-10-01,7,Top,52,3,2,2,0,137,119,502110,548389,,,,,,,,,,,,,,,,,,,,,,,,,666165
716363,2023-10-01,7,Top,52,4,3,2,0,137,119,502110,548389,,,,,,,,,,,,,,,,,,,,,,,,,666165
716363,2023-10-01,7,Top,52,5,3,3,0,137,119,502110,548389,strikeout,Strikeout,J.D. Martinez strikes out swinging.,T,,,,,,,,,,502110,,,T,1,Strikeout,strikeout,,,,,666165
716363,2023-10-01,7,Top,53,0,0,1,1,137,119,571970,548389,,,,,,,,,,,,,,,,,,,,,,,,,666165
716363,2023-10-01,7,Top,53,1,1,1,1,137,119,571970,548389,,,,,,,,,,,,,,,,,,,,,,,,,666165
716363,2023-10-01,7,Top,53,2,1,1,1,137,119,571970,548389,,,,,,,,,,,,,,,,,,,,,,,,,666165
716363,2023-10-01,7,Top,53,3,1,2,1,137,119,571970,548389,,,,,,,,,,,,,,,,,,,,,,,,,666165
716363,2023-10-01,7,Top,53,4,1,2,1,137,119,571970,548389,field_out,Pop Out,Max Muncy pops out to shortstop Brandon Crawford.,T,,,,,,,,,,669257,1B,2B,,,Wild Pitch,wild_pitch,r_adv_play,,,,666165
716363,2023-10-01,7,Top,54,0,0,1,2,137,119,543939,548389,,,,,,,,,,,,,,,,,,,,,,,,,666165
716363,2023-10-01,7,Top,54,1,1,1,2,137,119,543939,548389,,,,,,,,,,,,,,,,,,,,,,,,,666165
716363,2023-10-01,7,Top,54,2,2,1,2,137,119,543939,548389,,,,,,,,,,,,,,,,,,,,,,,,,666165
716363,2023-10-01,7,Top,54,3,2,2,2,137,119,543939,548389,,,,,,,,,,,,,,,,,,,,,,,,,666165
716363,2023-10-01,7,Top,54,4,2,2,2,137,119,543939,548389,,,,,,,,,,,,,,,,,,,,,,,,,666165
716363,2023-10-01,7,Top,54,5,2,2,2,137,119,543939,548389,field_out,Flyout,Kolten Wong flies out to left fielder Michael Conforto.,T,,,,,,,,,,543939,,,T,3,Flyout,field_out,,,,,666165
716363,2023-10-01,7,Bot,55,0,0,1,0,137,119,592626,686752,,,,,,,,,,,,,,,,,,,,,,,,,669257
716363,2023-10-01,7,Bot,55,1,0,1,0,137,119,592626,686752,field_out,Groundout,"Joc Pederson grounds out, second baseman Kolten Wong to first baseman Freddie Freeman.",T,,,,,,,,,,592626,,,T,1,Groundout,field_out,,,,,669257
716363,2023-10-01,7,Bot,56,0,1,0,1,137,119,573262,686752,,,,,,,,,,,,,,,,,,,,,,,,,669257
716363,2023-10-01,7,Bot,56,1,2,0,1,137,119,573262,686752,,,,,,,,,,,,,,,,,,,,,,,,,669257
716363,2023-10-01,7,Bot,56,2,3,0,1,137,119,573262,686752,,,,,,,,,,,,,,,,,,,,,,,,,669257
716363,2023-10-01,7,Bot,56,3,3,1,1,137,119,573262,686752,,,,,,,,,,,,,,,,,,,,,,,,,669257
716363,2023-10-01,7,Bot,56,4,3,2,1,137,119,573262,686752,,,,,,,,,,,,,,,,,,,,,,,,,669257
716363,2023-10-01,7,Bot,56,5,3,2,1,137,119,573262,686752,,,,,,,,,,,,,,,,,,,,,,,,,669257
716363,2023-10-01,7,Bot,56,6,4,2,1,137,119,573262,686752,walk,Walk,Mike Yastrzemski walks.,T,,,,,,,,,,573262,,1B,,,Walk,walk,,,,,669257
716363,2023-10-01,7,Bot,57,0,0,1,1,137,119,666149,686752,,,,,,,,,,,,,,,,,,,,,,,,,669257
716363,2023-10-01,7,Bot,57,1,0,2,1,137,119,666149,686752,,,,,,,,,,,,,,,,,,,,,,,,,669257
716363,2023-10-01,7,Bot,57,2,0,2,1,137,119,666149,686752,,,,,,,,,,,,,,,,,,,,,,,,,669257
716363,2023-10-01,7,Bot,57,3,0,3,1,137,119,666149,686752,strikeout,Strikeout,Tyler Fitzgerald strikes out on a foul tip.,T,,,,,,,,,,666149,,,T,2,Strikeout,strikeout,,,,,669257
716363,2023-10-01,7,Bot,58,0,0,1,2,137,119,666165,686752,,,,,,,,,,,,,,,,,,,,,,,,,669257
716363,2023-10-01,7,Bot,58,1,0,1,2,137,119,666165,686752,field_out,Bunt Groundout,"Blake Sabol bunt grounds out, pitcher Ryan Pepiot to first baseman Freddie Freeman.",T,,,,,,,,,,666165,,,T,3,Bunt Groundout,field_out,,,,,669257
716363,2023-10-01,8,Top,59,0,0,1,0,137,119,642708,548389,,,,,,,,,,,,,,,,,,,,,,,,,666165
716363,2023-10-01,8,Top,59,1,0,2,0,137,119,642708,548389,,,,,,,,,,,,,,,,,,,,,,,,,666165
716363,2023-10-01,8,Top,59,2,1,2,0,137,119,642708,548389,,,,,,,,,,,,,,,,,,,,,,,,,666165
716363,2023-10-01,8,Top,59,3,2,2,0,137,119,642708,548389,,,,,,,,,,,,,,,,,,,,,,,,,666165
716363,2023-10-01,8,Top,59,4,2,2,0,137,119,642708,548389,field_out,Groundout,"Amed Rosario grounds out, second baseman Thairo Estrada to first baseman LaMonte Wade Jr.",T,,,,,,,,,,642708,,,T,1,Groundout,field_out,,,,,666165
716363,2023-10-01,8,Top,60,0,1,0,1,137,119,681546,548389,,,,,,,,,,,,,,,,,,,,,,,,,666165
716363,2023-10-01,8,Top,60,1,2,0,1,137,119,681546,548389,,,,,,,,,,,,,,,,,,,,,,,,,666165
716363,2023-10-01,8,Top,60,2,3,0,1,137,119,681546,548389,,,,,,,,,,,,,,,,,,,,,,,,,666165
716363,2023-10-01,8,Top,60,3,3,1,1,137,119,681546,548389,,,,,,,,,,,,,,,,,,,,,,,,,666165
716363,2023-10-01,8,Top,60,4,3,1,1,137,119,681546,548389,field_out,Flyout,James Outman flies out to center fielder Tyler Fitzgerald.,T,,,,,,,,,,681546,,,T,2,Flyout,field_out,,,,,666165
716363,2023-10-01,8,Top,61,0,0,1,2,137,119,571771,548389,,,,,,,,,,,,,,,,,,,,,,,,,666165
716363,2023-10-01,8,Top,61,1,0,2,2,137,119,571771,548389,,,,,,,,,,,,,,,,,,,,,,,,,666165
716363,2023-10-01,8,Top,61,2,0,2,2,137,119,571771,548389,,,,,,,,,,,,,,,,,,,,,,,,,666165
716363,2023-10-01,8,Top,61,3,1,2,2,137,119,571771,548389,,,,,,,,,,,,,,,,,,,,,,,,,666165
716363,2023-10-01,8,Top,61,4,2,2,2,137,119,571771,548389,,,,,,,,,,,,,,,,,,,,,,,,,666165
716363,2023-10-01,8,Top,61,5,2,2,2,137,119,571771,548389,field_out,Groundout,"Enrique Hernandez grounds out, pitcher Ross Stripling to first baseman LaMonte Wade Jr.",T,,,,,,,,,,571771,,,T,3,Groundout,field_out,,,,,666165
716363,2023-10-01,8,Bot,62,0,1,0,0,137,119,669477,686752,,,,,,,,,,,,,,,,,,,,,,,,,669257
716363,2023-10-01,8,Bot,62,1,1,0,0,137,119,669477,686752,home_run,Home Run,Casey Schmitt homers (5) on a fly ball to left center field.,T,,,,,,,,,,669477,,score,,,Home Run,home_run,,T,T,T,669257
716363,2023-10-01,8,Bot,63,0,0,1,0,137,119,543063,686752,,,,,,,,,,,,,,,,,,,,,,,,,669257
716363,2023-10-01,8,Bot,63,1,0,2,0,137,119,543063,686752,,,,,,,,,,,,,,,,,,,,,,,,,669257
716363,2023-10-01,8,Bot,63,2,0,2,0,137,119,543063,686752,,,,,,,,,,,,,,,,,,,,,,,,,669257
716363,2023-10-01,8,Bot,63,3,1,2,0,137,119,543063,686752,,,,,,,,,,,,,,,,,,,,,,,,,669257
716363,2023-10-01,8,Bot,63,4,1,2,0,137,119,543063,686752,field_out,Groundout,"Brandon Crawford grounds out, shortstop Amed Rosario to first baseman Freddie Freeman.",T,,,,,,,,,,543063,,,T,1,Groundout,field_out,,,,,669257
716363,2023-10-01,8,Bot,64,0,1,0,1,137,119,664774,686752,,,,,,,,,,,,,,,,,,,,,,,,,669257
716363,2023-10-01,8,Bot,64,1,2,0,1,137,119,664774,686752,,,,,,,,,,,,,,,,,,,,,,,,,669257
716363,2023-10-01,8,Bot,64,2,2,0,1,137,119,664774,686752,field_out,Flyout,LaMonte Wade Jr. flies out to left fielder David Peralta.,T,,,,,,,,,,664774,,,T,2,Flyout,field_out,,,,,669257
716363,2023-10-01,8,Bot,65,0,0,1,2,137,119,642731,686752,,,,,,,,,,,,,,,,,,,,,,,,,669257
716363,2023-10-01,8,Bot,65,1,1,1,2,137,119,642731,686752,hit_by_pitch,Hit By Pitch,Thairo Estrada hit by pitch.,T,,,,,,,,,,642731,,1B,,,Hit By Pitch,hit_by_pitch,,,,,669257
716363,2023-10-01,8,Bot,66,0,1,0,2,137,119,624424,686752,,,,,,,,,,,,,,,,,,,,,,,,,669257
716363,2023-10-01,8,Bot,66,1,2,0,2,137,119,624424,686752,,,,,,,,,,,,,,,,,,,,,,,,,669257
716363,2023-10-01,8,Bot,66,2,2,0,2,137,119,624424,686752,,,,,,,,,,,,,,,,,,,,,,,,,669257
716363,2023-10-01,8,Bot,66,3,2,1,2,137,119,624424,686752,,,,,,,,,,,,,,,,,,,,,,,,,669257
716363,2023-10-01,8,Bot,66,4,3,1,2,137,119,624424,686752,,,,,,,,,,,,,,,,,,,,,,,,,669257
716363,2023-10-01,8,Bot,66,5,3,2,2,137,119,624424,686752,,,,,,,,,,,,,,,,,,,,,,,,,669257
716363,2023-10-01,8,Bot,66,6,3,2,2,137,119,624424,686752,,,,,,,,,,,,,,,,,,,,,,,,,669257
716363,2023-10-01,8,Bot,66,7,3,3,2,137,119,624424,686752,strikeout,Strikeout,Michael Conforto called out on strikes.,T,,,,,,,,,,624424,,,T,3,Strikeout,strikeout,,,,,669257
716363,2023-10-01,9,Top,67,0,0,0,0,137,119,444482,548389,,,,,,,,,,,,,,,,,,,,,,,,,666165
716363,2023-10-01,9,Top,67,1,0,0,0,137,119,444482,548389,,,,,,,,,,,,,,,,,,,,,,,,,666165
716363,2023-10-01,9,Top,67,2,0,0,0,137,119,444482,548389,single,Single,David Peralta singles on a ground ball to right fielder Mike Yastrzemski.,T,,,,,,,,,,444482,,1B,,,Single,single,,,,,666165
716363,2023-10-01,9,Top,68,0,0,1,0,137,119,518692,548389,,,,,,,,,,,,,,,,,,,,,,,,,666165
716363,2023-10-01,9,Top,68,1,1,1,0,137,119,518692,548389,,,,,,,,,,,,,,,,,,,,,,,,,666165
716363,2023-10-01,9,Top,68,2,2,1,0,137,119,518692,548389,,,,,,,,,,,,,,,,,,,,,,,,,666165
716363,2023-10-01,9,Top,68,3,2,1,0,137,119,518692,548389,field_out,Flyout,Freddie Freeman flies out to left fielder Michael Conforto.,T,,,,,,,,,,518692,,,T,1,Flyout,field_out,,,,,666165
716363,2023-10-01,9,Top,69,0,1,0,1,137,119,669257,548389,,,,,,,,,,,,,,,,,,,,,,,,,666165
716363,2023-10-01,9,Top,69,1,1,0,1,137,119,669257,548389,field_out,Lineout,Will Smith lines out sharply to center fielder Tyler Fitzgerald.,T,,,,,,,,,,669257,,,T,2,Lineout,field_out,,,,,666165
716363,2023-10-01,9,Top,70,0,1,0,2,137,119,502110,548389,,,,,,,,,,,,,,,,,,,,,,,,,666165
716363,2023-10-01,9,Top,70,1,1,1,2,137,119,502110,548389,,,,,,,,,,,,,,,,,,,,,,,,,666165
716363,2023-10-01,9,Top,70,2,1,1,2,137,119,502110,548389,field_out,Flyout,J.D. Martinez flies out to right fielder Mike Yastrzemski.,T,,,,,,,,,,502110,,,T,3,Flyout,field_out,,,,,666165
716363,2023-10-01,9,Bot,71,0,0,0,0,137,119,592626,623465,,,,,,,,,,,,,,,,,,,,,,,,,669257
716363,2023-10-01,9,Bot,71,1,0,1,0,137,119,592626,623465,,,,,,,,,,,,,,,,,,,,,,,,,669257
716363,2023-10-01,9,Bot,71,2,0,1,0,137,119,592626,623465,field_out,Groundout,"Joc Pederson grounds out sharply, second baseman Kolten Wong to first baseman Freddie Freeman.",T,,,,,,,,,,592626,,,T,1,Groundout,field_out,,,,,669257
716363,2023-10-01,9,Bot,72,0,0,1,1,137,119,573262,623465,,,,,,,,,,,,,,,,,,,,,,,,,669257
716363,2023-10-01,9,Bot,72,1,1,1,1,137,119,573262,623465,,,,,,,,,,,,,,,,,,,,,,,,,669257
716363,2023-10-01,9,Bot,72,2,1,2,1,137,119,573262,623465,,,,,,,,,,,,,,,,,,,,,,,,,669257
716363,2023-10-01,9,Bot,72,3,1,2,1,137,119,573262,623465,,,,,,,,,,,,,,,,,,,,,,,,,669257
716363,2023-10-01,9,Bot,72,4,2,2,1,137,119,573262,623465,,,,,,,,,,,,,,,,,,,,,,,,,669257
716363,2023-10-01,9,Bot,72,5,2,2,1,137,119,573262,623465,,,,,,,,,,,,,,,,,,,,,,,,,669257
716363,2023-10-01,9,Bot,72,6,3,2,1,137,119,573262,623465,,,,,,,,,,,,,,,,,,,,,,,,,669257
716363,2023-10-01,9,Bot,72,7,3,2,1,137,119,573262,623465,,,,,,,,,,,,,,,,,,,,,,,,,669257
716363,2023-10-01,9,Bot,72,8,3,2,1,137,119,573262,623465,,,,,,,,,,,,,,,,,,,,,,,,,669257
716363,2023-10-01,9,Bot,72,9,3,3,1,137,119,573262,623465,strikeout,Strikeout,Mike Yastrzemski strikes out swinging.,T,,,,,,,,,,573262,,,T,2,Strikeout,strikeout,,,,,669257
716363,2023-10-01,9,Bot,73,0,1,0,2,137,119,666149,623465,,,,,,,,,,,,,,,,,,,,,,,,,669257
716363,2023-10-01,9,Bot,73,1,1,1,2,137,119,666149,623465,,,,,,,,,,,,,,,,,,,,,,,,,669257
716363,2023-10-01,9,Bot,73,2,2,1,2,137,119,666149,623465,,,,,,,,,,,,,,,,,,,,,,,,,669257
716363,2023-10-01,9,Bot,73,3,2,1,2,137,119,666149,623465,field_out,Lineout,Tyler Fitzgerald lines out to second baseman Kolten Wong.,T,,,,,,,,,,666149,,,T,3,Lineout,field_out,,,,,669257
716365,2023-10-01,1,Top,0,0,0,0,0,108,133,665923,608334,,,,,,,,,,,,,,,,,,,,,,,,,642136
716365,2023-10-01,1,Top,0,1,0,0,0,108,133,665923,608334,,,,,,,,,,,,,,,,,,,,,,,,,642136
716365,2023-10-01,1,Top,0,2,0,0,0,108,133,665923,608334,,,,,,,,,,,,,,,,,,,,,,,,,642136
716365,2023-10-01,1,Top,0,3,1,0,0,108,133,665923,608334,,,,,,,,,,,,,,,,,,,,,,,,,642136
716365,2023-10-01,1,Top,0,4,2,0,0,108,133,665923,608334,,,,,,,,,,,,,,,,,,,,,,,,,642136
716365,2023-10-01,1,Top,0,5,2,1,0,108,133,665923,608334,,,,,,,,,,,,,,,,,,,,,,,,,642136
716365,2023-10-01,1,Top,0,6,3,1,0,108,133,665923,608334,,,,,,,,,,,,,,,,,,,,,,,,,642136
716365,2023-10-01,1,Top,0,7,4,1,0,108,133,665923,608334,walk,Walk,Esteury Ruiz walks.,T,,,,,,,,,,665923,,1B,,,Walk,walk,,,,,642136
716365,2023-10-01,1,Top,1,0,0,0,0,108,133,680869,608334,,,,,,,,,,,,,,,,,,,,,,,,,642136
716365,2023-10-01,1,Top,1,1,0,0,1,108,133,680869,608334,,,,,,,,,,,,,,,,,,,,,,,,,642136
716365,2023-10-01,1,Top,1,2,0,1,1,108,133,680869,608334,,,,,,,,,,,,,,,,,,,,,,,,,642136
716365,2023-10-01,1,Top,1,3,0,1,1,108,133,680869,608334,field_out,Groundout,"Zack Gelof grounds out softly, second baseman David Fletcher to first baseman Brandon Drury.",T,,,,T,,,T,,,665923,1B,,T,1,Pickoff 1B,pickoff_1b,r_pickoff_1b,,,,642136
716365,2023-10-01,1,Top,2,0,1,0,2,108,133,676116,608334,,,,,,,,,,,,,,,,,,,,,,,,,642136
716365,2023-10-01,1,Top,2,1,2,0,2,108,133,676116,608334,,,,,,,,,,,,,,,,,,,,,,,,,642136
716365,2023-10-01,1,Top,2,2,2,1,2,108,133,676116,608334,,,,,,,,,,,,,,,,,,,,,,,,,642136
716365,2023-10-01,1,Top,2,3,2,2,2,108,133,676116,608334,,,,,,,,,,,,,,,,,,,,,,,,,642136
716365,2023-10-01,1,Top,2,4,2,2,2,108,133,676116,608334,,,,,,,,,,,,,,,,,,,,,,,,,642136
716365,2023-10-01,1,Top,2,5,2,2,2,108,133,676116,608334,,,,,,,,,,,,,,,,,,,,,,,,,642136
716365,2023-10-01,1,Top,2,6,2,2,2,108,133,676116,608334,field_out,Groundout,"Ryan Noda grounds out, first baseman Brandon Drury to pitcher Carson Fulmer.",T,,,,,,,,,,676116,,,T,3,Groundout,field_out,,,,,642136
716365,2023-10-01,1,Bot,3,0,0,1,0,108,133,545341,676664,,,,,,,,,,,,,,,,,,,,,,,,,542208
716365,2023-10-01,1,Bot,3,1,1,1,0,108,133,545341,676664,,,,,,,,,,,,,,,,,,,,,,,,,542208
716365,2023-10-01,1,Bot,3,2,2,1,0,108,133,545341,676664,,,,,,,,,,,,,,,,,,,,,,,,,542208
716365,2023-10-01,1,Bot,3,3,2,2,0,108,133,545341,676664,,,,,,,,,,,,,,,,,,,,,,,,,542208
716365,2023-10-01,1,Bot,3,4,2,2,0,108,133,545341,676664,field_out,Lineout,Randal Grichuk lines out sharply to shortstop Nick Allen.,T,,,,,,,,,,545341,,,T,1,Lineout,field_out,,,,,542208
716365,2023-10-01,1,Bot,4,0,1,0,1,108,133,687263,676664,,,,,,,,,,,,,,,,,,,,,,,,,542208
716365,2023-10-01,1,Bot,4,1,1,1,1,108,133,687263,676664,,,,,,,,,,,,,,,,,,,,,,,,,542208
716365,2023-10-01,1,Bot,4,2,1,2,1,108,133,687263,676664,,,,,,,,,,,,,,,,,,,,,,,,,542208
716365,2023-10-01,1,Bot,4,3,1,2,1,108,133,687263,676664,,,,,,,,,,,,,,,,,,,,,,,,,542208
716365,2023-10-01,1,Bot,4,4,1,3,1,108,133,687263,676664,strikeout,Strikeout,"Zach Neto strikes out swinging, catcher Tyler Soderstrom to first baseman Ryan Noda.",T,,,,,,,,,,687263,,,T,2,Strikeout,strikeout,,,,,542208
716365,2023-10-01,1,Bot,5,0,1,0,2,108,133,592273,676664,,,,,,,,,,,,,,,,,,,,,,,,,542208
716365,2023-10-01,1,Bot,5,1,1,1,2,108,133,592273,676664,,,,,,,,,,,,,,,,,,,,,,,,,542208
716365,2023-10-01,1,Bot,5,2,2,1,2,108,133,592273,676664,,,,,,,,,,,,,,,,,,,,,,,,,542208
716365,2023-10-01,1,Bot,5,3,3,1,2,108,133,592273,676664,,,,,,,,,,,,,,,,,,,,,,,,,542208
716365,2023-10-01,1,Bot,5,4,3,1,2,108,133,592273,676664,home_run,Home Run,Brandon Drury homers (25) on a fly ball to left field.,T,,,,,,,,,,592273,,score,,,Home Run,home_run,,T,T,T,542208
716365,2023-10-01,1,Bot,6,0,0,0,2,108,133,681351,676664,field_out,Pop Out,Logan O'Hoppe pops out to shortstop Nick Allen.,T,,,,,,,,,,681351,,,T,3,Pop Out,field_out,,,,,542208
716365,2023-10-01,2,Top,7,0,1,0,0,108,133,667670,608334,,,,,,,,,,,,,,,,,,,,,,,,,642136
716365,2023-10-01,2,Top,7,1,2,0,0,108,133,667670,608334,,,,,,,,,,,,,,,,,,,,,,,,,642136
716365,2023-10-01,2,Top,7,2,2,1,0,108,133,667670,608334,,,,,,,,,,,,,,,,,,,,,,,,,642136
716365,2023-10-01,2,Top,7,3,3,1,0,108,133,667670,608334,,,,,,,,,,,,,,,,,,,,,,,,,642136
716365,2023-10-01,2,Top,7,4,4,1,0,108,133,667670,608334,walk,Walk,Brent Rooker walks.,T,,,,,,,,,,667670,,1B,,,Walk,walk,,,,,642136
716365,2023-10-01,2,Top,8,0,0,0,0,108,133,668709,608334,force_out,Forceout,"JJ Bleday grounds into a force out, fielded by shortstop Zach Neto. Brent Rooker out at 2nd. JJ Bleday advances to 2nd, on a throwing error by shortstop Zach Neto.",T,,,,,,,,,,667670,1B,,T,1,Forceout,force_out,r_force_out,,,,642136
716365,2023-10-01,2,Top,9,0,0,0,1,108,133,671732,608334,fielders_choice_out,Fielders Choice Out,"Lawrence Butler reaches on a fielder's choice out, shortstop Zach Neto to third baseman Michael Stefanic. JJ Bleday out at 3rd.",T,,,,,,,,,,668709,2B,,T,2,Fielders Choice Out,fielders_choice_out,r_runner_out,,,,642136
716365,2023-10-01,2,Top,10,0,1,0,2,108,133,672478,608334,,,,,,,,,,,,,,,,,,,,,,,,,642136
716365,2023-10-01,2,Top,10,1,2,0,2,108,133,672478,608334,,,,,,,,,,,,,,,,,,,,,,,,,642136
716365,2023-10-01,2,Top,10,2,3,0,2,108,133,672478,608334,,,,,,,,,,,,,,,,,,,,,,,,,642136
716365,2023-10-01,2,Top,10,3,3,1,2,108,133,672478,608334,,,,,,,,,,,,,,,,,,,,,,,,,642136
716365,2023-10-01,2,Top,10,4,3,1,2,108,133,672478,608334,field_out,Groundout,"Jordan Diaz grounds out, third baseman Michael Stefanic to first baseman Brandon Drury.",T,,,,,,,,,,672478,,,T,3,Groundout,field_out,,,,,642136
716365,2023-10-01,2,Bot,11,0,0,1,0,108,133,666176,676664,,,,,,,,,,,,,,,,,,,,,,,,,542208
716365,2023-10-01,2,Bot,11,1,0,1,0,108,133,666176,676664,field_out,Flyout,Jo Adell flies out to center fielder Lawrence Butler.,T,,,,,,,,,,666176,,,T,1,Flyout,field_out,,,,,542208
716365,2023-10-01,2,Bot,12,0,0,1,1,108,133,500871,676664,,,,,,,,,,,,,,,,,,,,,,,,,542208
716365,2023-10-01,2,Bot,12,1,1,1,1,108,133,500871,676664,,,,,,,,,,,,,,,,,,,,,,,,,542208
716365,2023-10-01,2,Bot,12,2,1,2,1,108,133,500871,676664,,,,,,,,,,,,,,,,,,,,,,,,,542208
716365,2023-10-01,2,Bot,12,3,1,2,1,108,133,500871,676664,,,,,,,,,,,,,,,,,,,,,,,,,542208
716365,2023-10-01,2,Bot,12,4,2,2,1,108,133,500871,676664,,,,,,,,,,,,,,,,,,,,,,,,,542208
716365,2023-10-01,2,Bot,12,5,2,3,1,108,133,500871,676664,strikeout,Strikeout,Eduardo Escobar strikes out swinging.,T,,,,,,,,,,500871,,,T,2,Strikeout,strikeout,,,,,542208
716365,2023-10-01,2,Bot,13,0,1,0,2,108,133,683021,676664,,,,,,,,,,,,,,,,,,,,,,,,,542208
716365,2023-10-01,2,Bot,13,1,1,0,2,108,133,683021,676664,field_out,Groundout,"Michael Stefanic grounds out, shortstop Nick Allen to first baseman Ryan Noda.",T,,,,,,,,,,683021,,,T,3,Groundout,field_out,,,,,542208
716365,2023-10-01,3,Top,14,0,0,1,0,108,133,691016,608334,,,,,,,,,,,,,,,,,,,,,,,,,642136
716365,2023-10-01,3,Top,14,1,0,2,0,108,133,691016,608334,,,,,,,,,,,,,,,,,,,,,,,,,642136
716365,2023-10-01,3,Top,14,2,0,2,0,108,133,691016,608334,,,,,,,,,,,,,,,,,,,,,,,,,642136
716365,2023-10-01,3,Top,14,3,0,3,0,108,133,691016,608334,strikeout,Strikeout,Tyler Soderstrom strikes out swinging.,T,,,,,,,,,,691016,,,T,1,Strikeout,strikeout,,,,,642136
716365,2023-10-01,3,Top,15,0,1,0,1,108,133,669397,608334,,,,,,,,,,,,,,,,,,,,,,,,,642136
716365,2023-10-01,3,Top,15,1,1,1,1,108,133,669397,608334,,,,,,,,,,,,,,,,,,,,,,,,,642136
716365,2023-10-01,3,Top,15,2,1,1,1,108,133,669397,608334,single,Single,Nick Allen singles on a sharp ground ball to center fielder Brett Phillips.,T,,,,,,,,,,669397,,1B,,,Single,single,,,,,642136
716365,2023-10-01,3,Top,16,0,0,1,1,108,133,665923,608334,,,,,,,,,,,,,,,,,,,,,,,,,642136
716365,2023-10-01,3,Top,16,1,0,2,1,108,133,665923,608334,,,,,,,,,,,,,,,,,,,,,,,,,642136
716365,2023-10-01,3,Top,16,2,0,2,1,108,133,665923,608334,,,,,,,,,,,,,,,,,,,,,,,,,642136
716365,2023-10-01,3,Top,16,3,0,2,1,108,133,665923,608334,,,,,,,,,,,,,,,,,,,,,,,,,642136
716365,2023-10-01,3,Top,16,4,1,2,1,108,133,665923,608334,,,,,,,,,,,,,,,,,,,,,,,,,642136
716365,2023-10-01,3,Top,16,5,1,2,1,108,133,665923,608334,force_out,Forceout,"Esteury Ruiz grounds into a force out, third baseman Michael Stefanic to second baseman David Fletcher. Nick Allen out at 2nd. Esteury Ruiz to 1st.",T,,,,,,,,,,669397,1B,,T,2,Forceout,force_out,r_force_out,,,,642136
716365,2023-10-01,3,Top,17,0,0,0,2,108,133,680869,608334,,,,,,,,,,,,,,,,,,,,,,,,,642136
716365,2023-10-01,3,Top,17,1,0,0,2,108,133,680869,608334,,,,,,,,,,,,,,,,,,,,,,,,,642136
716365,2023-10-01,3,Top,17,2,0,0,2,108,133,680869,608334,,,,,,,,,,,,,,,,,,,,,,,,,642136
716365,2023-10-01,3,Top,17,3,0,1,2,108,133,680869,608334,,,,,,,,,,,,,,,,,,,,,,,,,642136
716365,2023-10-01,3,Top,17,4,1,1,2,108,133,680869,608334,,,,,,,,,,,,,,,,,,,,,,,,,642136
716365,2023-10-01,3,Top,17,5,1,1,2,108,133,680869,608334,,,,,,,,,,,,,,,,,,,,,,,,,642136
716365,2023-10-01,3,Top,17,6,1,1,2,108,133,680869,608334,field_out,Lineout,Zack Gelof lines out to center fielder Brett Phillips.,T,,T,,,,,,,,665923,1B,2B,,,Balk,balk,r_adv_play,,,,642136
716365,2023-10-01,3,Bot,18,0,0,1,0,108,133,664058,676664,,,,,,,,,,,,,,,,,,,,,,,,,542208
716365,2023-10-01,3,Bot,18,1,0,1,0,108,133,664058,676664,field_out,Groundout,"David Fletcher grounds out, second baseman Zack Gelof to first baseman Ryan Noda.",T,,,,,,,,,,664058,,,T,1,Groundout,field_out,,,,,542208
716365,2023-10-01,3,Bot,19,0,0,1,1,108,133,621433,676664,,,,,,,,,,,,,,,,,,,,,,,,,542208
716365,2023-10-01,3,Bot,19,1,0,2,1,108,133,621433,676664,,,,,,,,,,,,,,,,,,,,,,,,,542208
716365,2023-10-01,3,Bot,19,2,1,2,1,108,133,621433,676664,,,,,,,,,,,,,,,,,,,,,,,,,542208
716365,2023-10-01,3,Bot,19,3,2,2,1,108,133,621433,676664,,,,,,,,,,,,,,,,,,,,,,,,,542208
716365,2023-10-01,3,Bot,19,4,2,2,1,108,133,621433,676664,,,,,,,,,,,,,,,,,,,,,,,,,542208
716365,2023-10-01,3,Bot,19,5,3,2,1,108,133,621433,676664,,,,,,,,,,,,,,,,,,,,,,,,,542208
716365,2023-10-01,3,Bot,19,6,3,2,1,108,133,621433,676664,field_out,Pop Out,Brett Phillips pops out to shortstop Nick Allen.,T,,,,,,,,,,621433,,,T,2,Pop Out,field_out,,,,,542208
716365,2023-10-01,3,Bot,20,0,0,1,2,108,133,545341,676664,,,,,,,,,,,,,,,,,,,,,,,,,542208
716365,2023-10-01,3,Bot,20,1,0,1,2,108,133,545341,676664,home_run,Home Run,Randal Grichuk homers (16) on a fly ball to left center field.,T,,,,,,,,,,545341,,score,,,Home Run,home_run,,T,T,T,542208
716365,2023-10-01,3,Bot,21,0,1,0,2,108,133,687263,676664,,,,,,,,,,,,,,,,,,,,,,,,,542208
716365,2023-10-01,3,Bot,21,1,1,1,2,108,133,687263,676664,,,,,,,,,,,,,,,,,,,,,,,,,542208
716365,2023-10-01,3,Bot,21,2,2,1,2,108,133,687263,676664,,,,,,,,,,,,,,,,,,,,,,,,,542208
716365,2023-10-01,3,Bot,21,3,2,1,2,108,133,687263,676664,field_out,Flyout,Zach Neto flies out to center fielder Lawrence Butler.,T,,,,,,,,,,687263,,,T,3,Flyout,field_out,,,,,542208
716365,2023-10-01,4,Top,22,0,1,0,0,108,133,676116,608334,,,,,,,,,,,,,,,,,,,,,,,,,642136
716365,2023-10-01,4,Top,22,1,2,0,0,108,133,676116,608334,,,,,,,,,,,,,,,,,,,,,,,,,642136
716365,2023-10-01,4,Top,22,2,2,1,0,108,133,676116,608334,,,,,,,,,,,,,,,,,,,,,,,,,642136
716365,2023-10-01,4,Top,22,3,2,1,0,108,133,676116,608334,field_out,Groundout,"Ryan Noda grounds out, second baseman David Fletcher to first baseman Brandon Drury.",T,,,,,,,,,,676116,,,T,1,Groundout,field_out,,,,,642136
716365,2023-10-01,4,Top,23,0,0,1,1,108,133,667670,608334,,,,,,,,,,,,,,,,,,,,,,,,,642136
716365,2023-10-01,4,Top,23,1,1,1,1,108,133,667670,608334,,,,,,,,,,,,,,,,,,,,,,,,,642136
716365,2023-10-01,4,Top,23,2,2,1,1,108,133,667670,608334,,,,,,,,,,,,,,,,,,,,,,,,,642136
716365,2023-10-01,4,Top,23,3,3,1,1,108,133,667670,608334,,,,,,,,,,,,,,,,,,,,,,,,,642136
716365,2023-10-01,4,Top,23,4,3,1,1,108,133,667670,608334,double,Double,Brent Rooker doubles (20) on a ground ball to left fielder Randal Grichuk.,T,,,,,,,,,,667670,,2B,,,Double,double,,,,,642136
716365,2023-10-01,4,Top,24,0,1,0,1,108,133,668709,608334,,,,,,,,,,,,,,,,,,,,,,,,,642136
716365,2023-10-01,4,Top,24,1,1,1,1,108,133,668709,608334,,,,,,,,,,,,,,,,,,,,,,,,,642136
716365,2023-10-01,4,Top,24,2,1,2,1,108,133,668709,608334,,,,,,,,,,,,,,,,,,,,,,,,,642136
716365,2023-10-01,4,Top,24,3,1,2,1,108,133,668709,608334,,,,,,,,,,,,,,,,,,,,,,,,,642136
716365,2023-10-01,4,Top,24,4,2,2,1,108,133,668709,608334,,,,,,,,,,,,,,,,,,,,,,,,,642136
716365,2023-10-01,4,Top,24,5,3,2,1,108,133,668709,608334,,,,,,,,,,,,,,,,,,,,,,,,,642136
716365,2023-10-01,4,Top,24,6,3,2,1,108,133,668709,608334,,,,,,,,,,,,,,,,,,,,,,,,,642136
716365,2023-10-01,4,Top,24,7,3,3,1,108,133,668709,608334,strikeout,Strikeout,JJ Bleday strikes out on a foul tip.,T,,,,,,,,,,668709,,,T,2,Strikeout,strikeout,,,,,642136
716365,2023-10-01,4,Top,25,0,1,0,2,108,133,671732,608334,,,,,,,,,,,,,,,,,,,,,,,,,642136
716365,2023-10-01,4,Top,25,1,1,1,2,108,133,671732,608334,,,,,,,,,,,,,,,,,,,,,,,,,642136
716365,2023-10-01,4,Top,25,2,2,1,2,108,133,671732,608334,,,,,,,,,,,,,,,,,,,,,,,,,642136
716365,2023-10-01,4,Top,25,3,2,2,2,108,133,671732,608334,,,,,,,,,,,,,,,,,,,,,,,,,642136
716365,2023-10-01,4,Top,25,4,3,2,2,108,133,671732,608334,,,,,,,,,,,,,,,,,,,,,,,,,642136
716365,2023-10-01,4,Top,25,5,3,3,2,108,133,671732,608334,strikeout,Strikeout,Lawrence Butler strikes out on a foul tip.,T,,,,,,,,,,671732,,,T,3,Strikeout,strikeout,,,,,642136
716365,2023-10-01,4,Bot,26,0,0,1,0,108,133,592273,676664,,,,,,,,,,,,,,,,,,,,,,,,,542208
716365,2023-10-01,4,Bot,26,1,1,1,0,108,133,592273,676664,,,,,,,,,,,,,,,,,,,,,,,,,542208
716365,2023-10-01,4,Bot,26,2,1,2,0,108,133,592273,676664,,,,,,,,,,,,,,,,,,,,,,,,,542208
716365,2023-10-01,4,Bot,26,3,1,2,0,108,133,592273,676664,,,,,,,,,,,,,,,,,,,,,,,,,542208
716365,2023-10-01,4,Bot,26,4,1,2,0,108,133,592273,676664,,,,,,,,,,,,,,,,,,,,,,,,,542208
716365,2023-10-01,4,Bot,26,5,1,2,0,108,133,592273,676664,,,,,,,,,,,,,,,,,,,,,,,,,542208
716365,2023-10-01,4,Bot,26,6,2,2,0,108,133,592273,676664,,,,,,,,,,,,,,,,,,,,,,,,,542208
716365,2023-10-01,4,Bot,26,7,2,2,0,108,133,592273,676664,double,Double,Brandon Drury doubles (30) on a sharp line drive to center fielder Lawrence Butler.,T,,,,,,,,,,592273,,2B,,,Double,double,,,,,542208
716365,2023-10-01,4,Bot,27,0,1,0,0,108,133,681351,676664,,,,,,,,,,,,,,,,,,,,,,,,,542208
716365,2023-10-01,4,Bot,27,1,1,1,0,108,133,681351,676664,,,,,,,,,,,,,,,,,,,,,,,,,542208
716365,2023-10-01,4,Bot,27,2,1,2,0,108,133,681351,676664,,,,,,,,,,,,,,,,,,,,,,,,,542208
716365,2023-10-01,4,Bot,27,3,2,2,0,108,133,681351,676664,,,,,,,,,,,,,,,,,,,,,,,,,542208
716365,2023-10-01,4,Bot,27,4,3,2,0,108,133,681351,676664,,,,,,,,,,,,,,,,,,,,,,,,,542208
716365,2023-10-01,4,Bot,27,5,3,2,0,108,133,681351,676664,,,,,,,,,,,,,,,,,,,,,,,,,542208
716365,2023-10-01,4,Bot,27,6,4,2,0,108,133,681351,676664,walk,Walk,Logan O'Hoppe walks.,T,,,,,,,,,,681351,,1B,,,Walk,walk,,,,,542208
716365,2023-10-01,4,Bot,28,0,0,0,0,108,133,666176,676664,single,Single,Jo Adell singles on a ground ball to first baseman Ryan Noda. Brandon Drury scores. Logan O'Hoppe to 3rd. Throwing error by first baseman Ryan Noda.,T,,,,,,,,,,666176,,1B,,,Single,single,,,,,542208
716365,2023-10-01,4,Bot,29,0,0,1,0,108,133,500871,676664,,,,,,,,,,,,,,,,,,,,,,,,,542208
716365,2023-10-01,4,Bot,29,1,0,1,0,108,133,500871,676664,,,,,,,,,,,,,,,,,,,,,,,,,542208
716365,2023-10-01,4,Bot,29,2,1,1,0,108,133,500871,676664,,,,,,,,,,,,,,,,,,,,,,,,,542208
716365,2023-10-01,4,Bot,29,3,1,1,0,108,133,500871,676664,,,,,,,,,,,,,,,,,,,,,,,,,542208
716365,2023-10-01,4,Bot,29,4,1,1,0,108,133,500871,676664,,,,,,,,,,,,,,,,,,,,,,,,,542208
716365,2023-10-01,4,Bot,29,5,2,1,0,108,133,500871,676664,,,,,,,,,,,,,,,,,,,,,,,,,542208
716365,2023-10-01,4,Bot,29,6,2,2,0,108,133,500871,676664,,,,,,,,,,,,,,,,,,,,,,,,,542208
716365,2023-10-01,4,Bot,29,7,2,3,0,108,133,500871,676664,strikeout,Strikeout,Eduardo Escobar strikes out swinging.,T,T,,,,,,,,,666176,1B,2B,,,Stolen Base 2B,stolen_base_2b,r_stolen_base_2b,,,,542208
716365,2023-10-01,4,Bot,30,0,0,0,1,108,133,683021,676664,,,,,,,,,,,,,,,,,,,,,,,,,542208
716365,2023-10-01,4,Bot,30,1,0,0,1,108,133,683021,676664,field_out,Pop Out,Michael Stefanic pops out to first baseman Ryan Noda in foul territory.,T,,,,,,,,,,683021,,,T,2,Pop Out,field_out,,,,,542208
716365,2023-10-01,4,Bot,31,0,0,0,2,108,133,664058,676664,,,,,,,,,,,,,,,,,,,,,,,,,542208
716365,2023-10-01,4,Bot,31,1,1,0,2,108,133,664058,676664,,,,,,,,,,,,,,,,,,,,,,,,,542208
716365,2023-10-01,4,Bot,31,2,2,0,2,108,133,664058,676664,,,,,,,,,,,,,,,,,,,,,,,,,542208
716365,2023-10-01,4,Bot,31,3,3,0,2,108,133,664058,676664,,,,,,,,,,,,,,,,,,,,,,,,,542208
716365,2023-10-01,4,Bot,31,4,4,0,2,108,133,664058,676664,intent_walk,Intent Walk,JP Sears intentionally walks David Fletcher.,T,,,,,,,,,,664058,,1B,,,Intent Walk,intent_walk,,,,,542208
716365,2023-10-01,4,Bot,32,0,1,0,2,108,133,621433,676664,,,,,,,,,,,,,,,,,,,,,,,,,542208
716365,2023-10-01,4,Bot,32,1,1,1,2,108,133,621433,676664,,,,,,,,,,,,,,,,,,,,,,,,,542208
716365,2023-10-01,4,Bot,32,2,2,1,2,108,133,621433,676664,,,,,,,,,,,,,,,,,,,,,,,,,542208
716365,2023-10-01,4,Bot,32,3,2,2,2,108,133,621433,676664,,,,,,,,,,,,,,,,,,,,,,,,,542208
716365,2023-10-01,4,Bot,32,4,2,3,2,108,133,621433,676664,strikeout,Strikeout,Brett Phillips called out on strikes.,T,,,,,,,,,,621433,,,T,3,Strikeout,strikeout,,,,,542208
716365,2023-10-01,5,Top,33,0,0,1,0,108,133,672478,608334,,,,,,,,,,,,,,,,,,,,,,,,,642136
716365,2023-10-01,5,Top,33,1,1,1,0,108,133,672478,608334,,,,,,,,,,,,,,,,,,,,,,,,,642136
716365,2023-10-01,5,Top,33,2,2,1,0,108,133,672478,608334,,,,,,,,,,,,,,,,,,,,,,,,,642136
716365,2023-10-01,5,Top,33,3,3,1,0,108,133,672478,608334,,,,,,,,,,,,,,,,,,,,,,,,,642136
716365,2023-10-01,5,Top,33,4,4,1,0,108,133,672478,608334,walk,Walk,Jordan Diaz walks.,T,,,,,,,,,,672478,,1B,,,Walk,walk,,,,,642136
716365,2023-10-01,5,Top,34,0,0,1,0,108,133,691016,608334,,,,,,,,,,,,,,,,,,,,,,,,,642136
716365,2023-10-01,5,Top,34,1,1,1,0,108,133,691016,608334,,,,,,,,,,,,,,,,,,,,,,,,,642136
716365,2023-10-01,5,Top,34,2,2,1,0,108,133,691016,608334,,,,,,,,,,,,,,,,,,,,,,,,,642136
716365,2023-10-01,5,Top,34,3,2,2,0,108,133,691016,608334,,,,,,,,,,,,,,,,,,,,,,,,,642136
716365,2023-10-01,5,Top,34,4,2,2,0,108,133,691016,608334,field_out,Flyout,Tyler Soderstrom flies out to left fielder Randal Grichuk.,T,,,,,,,,,,691016,,,T,1,Flyout,field_out,,,,,642136
716365,2023-10-01,5,Top,35,0,0,1,1,108,133,669397,608334,,,,,,,,,,,,,,,,,,,,,,,,,642136
716365,2023-10-01,5,Top,35,1,0,1,1,108,133,669397,608334,grounded_into_double_play,Grounded Into DP,"Nick Allen grounds into a double play, shortstop Zach Neto to second baseman David Fletcher to first baseman Brandon Drury. Jordan Diaz out at 2nd. Nick Allen out at 1st.",T,,,,,,,,,,672478,1B,,T,2,Grounded Into DP,grounded_into_double_play,r_force_out,,,,642136
716365,2023-10-01,5,Bot,36,0,0,0,0,108,133,545341,666205,,,,,,,,,,,,,,,,,,,,,,,,,542208
716365,2023-10-01,5,Bot,36,1,0,1,0,108,133,545341,666205,,,,,,,,,,,,,,,,,,,,,,,,,542208
716365,2023-10-01,5,Bot,36,2,1,1,0,108,133,545341,666205,,,,,,,,,,,,,,,,,,,,,,,,,542208
716365,2023-10-01,5,Bot,36,3,1,1,0,108,133,545341,666205,field_out,Groundout,"Randal Grichuk grounds out, third baseman Jordan Diaz to first baseman Ryan Noda.",T,,,,,,,,,,545341,,,T,1,Groundout,field_out,,,,,542208
716365,2023-10-01,5,Bot,37,0,0,1,1,108,133,687263,666205,,,,,,,,,,,,,,,,,,,,,,,,,542208
716365,2023-10-01,5,Bot,37,1,0,2,1,108,133,687263,666205,,,,,,,,,,,,,,,,,,,,,,,,,542208
716365,2023-10-01,5,Bot,37,2,0,2,1,108,133,687263,666205,,,,,,,,,,,,,,,,,,,,,,,,,542208
716365,2023-10-01,5,Bot,37,3,0,2,1,108,133,687263,666205,single,Single,"Zach Neto singles on a ground ball to shortstop Nick Allen, deflected by third baseman Jordan Diaz.",T,,,,,,,,,,687263,,1B,,,Single,single,,,,,542208
716365,2023-10-01,5,Bot,38,0,0,1,1,108,133,592273,666205,,,,,,,,,,,,,,,,,,,,,,,,,542208
716365,2023-10-01,5,Bot,38,1,1,1,1,108,133,592273,666205,,,,,,,,,,,,,,,,,,,,,,,,,542208
716365,2023-10-01,5,Bot,38,2,1,2,1,108,133,592273,666205,,,,,,,,,,,,,,,,,,,,,,,,,542208
716365,2023-10-01,5,Bot,38,3,1,2,1,108,133,592273,666205,,,,,,,,,,,,,,,,,,,,,,,,,542208
716365,2023-10-01,5,Bot,38,4,1,2,1,108,133,592273,666205,home_run,Home Run,Brandon Drury homers (26) on a fly ball to right center field. Zach Neto scores.,T,,,,,,,,,,592273,,score,,,Home Run,home_run,,T,T,T,542208
716365,2023-10-01,5,Bot,39,0,1,0,1,108,133,681351,666205,,,,,,,,,,,,,,,,,,,,,,,,,542208
716365,2023-10-01,5,Bot,39,1,2,0,1,108,133,681351,666205,,,,,,,,,,,,,,,,,,,,,,,,,542208
716365,2023-10-01,5,Bot,39,2,2,1,1,108,133,681351,666205,,,,,,,,,,,,,,,,,,,,,,,,,542208
716365,2023-10-01,5,Bot,39,3,3,1,1,108,133,681351,666205,,,,,,,,,,,,,,,,,,,,,,,,,542208
716365,2023-10-01,5,Bot,39,4,4,1,1,108,133,681351,666205,walk,Walk,Logan O'Hoppe walks.,T,,,,,,,,,,681351,,1B,,,Walk,walk,,,,,542208
716365,2023-10-01,5,Bot,40,0,0,0,1,108,133,666176,666205,,,,,,,,,,,,,,,,,,,,,,,,,542208
716365,2023-10-01,5,Bot,40,1,0,1,1,108,133,666176,666205,,,,,,,,,,,,,,,,,,,,,,,,,542208
716365,2023-10-01,5,Bot,40,2,1,1,1,108,133,666176,666205,,,,,,,,,,,,,,,,,,,,,,,,,542208
716365,2023-10-01,5,Bot,40,3,1,2,1,108,133,666176,666205,,,,,,,,,,,,,,,,,,,,,,,,,542208
716365,2023-10-01,5,Bot,40,4,1,2,1,108,133,666176,666205,,,,,,,,,,,,,,,,,,,,,,,,,542208
716365,2023-10-01,5,Bot,40,5,1,3,1,108,133,666176,666205,strikeout,Strikeout,Jo Adell strikes out swinging.,T,,,,,,,,,,666176,,,T,2,Strikeout,strikeout,,,,,542208
716365,2023-10-01,5,Bot,41,0,0,0,2,108,133,500871,666205,,,,,,,,,,,,,,,,,,,,,,,,,542208
716365,2023-10-01,5,Bot,41,1,0,0,2,108,133,500871,666205,,,,,,,,,,,,,,,,,,,,,,,,,542208
716365,2023-10-01,5,Bot,41,2,0,1,2,108,133,500871,666205,,,,,,,,,,,,,,,,,,,,,,,,,542208
716365,2023-10-01,5,Bot,41,3,0,1,2,108,133,500871,666205,single,Single,Eduardo Escobar singles on a line drive to right fielder Esteury Ruiz. Logan O'Hoppe scores.,T,,,,,,,,,,681351,1B,2B,,,Balk,balk,r_adv_play,,,,542208
716365,2023-10-01,5,Bot,42,0,0,1,2,108,133,683021,666205,,,,,,,,,,,,,,,,,,,,,,,,,542208
716365,2023-10-01,5,Bot,42,1,0,2,2,108,133,683021,666205,,,,,,,,,,,,,,,,,,,,,,,,,542208
716365,2023-10-01,5,Bot,42,2,1,2,2,108,133,683021,666205,,,,,,,,,,,,,,,,,,,,,,,,,542208
716365,2023-10-01,5,Bot,42,3,2,2,2,108,133,683021,666205,,,,,,,,,,,,,,,,,,,,,,,,,542208
716365,2023-10-01,5,Bot,42,4,2,3,2,108,133,683021,666205,strikeout,Strikeout,Michael Stefanic strikes out on a foul tip.,T,,,,,,,,,,683021,,,T,3,Strikeout,strikeout,,,,,542208
716365,2023-10-01,6,Top,43,0,0,0,0,108,133,665923,660761,,,,,,,,,,,,,,,,,,,,,,,,,642136
716365,2023-10-01,6,Top,43,1,0,1,0,108,133,665923,660761,,,,,,,,,,,,,,,,,,,,,,,,,642136
716365,2023-10-01,6,Top,43,2,0,2,0,108,133,665923,660761,,,,,,,,,,,,,,,,,,,,,,,,,642136
716365,2023-10-01,6,Top,43,3,0,2,0,108,133,665923,660761,field_out,Groundout,"Esteury Ruiz grounds out, second baseman David Fletcher to first baseman Brandon Drury.",T,,,,,,,,,,665923,,,T,1,Groundout,field_out,,,,,642136
716365,2023-10-01,6,Top,44,0,0,1,1,108,133,680869,660761,,,,,,,,,,,,,,,,,,,,,,,,,642136
716365,2023-10-01,6,Top,44,1,0,2,1,108,133,680869,660761,,,,,,,,,,,,,,,,,,,,,,,,,642136
716365,2023-10-01,6,Top,44,2,0,3,1,108,133,680869,660761,strikeout,Strikeout,Zack Gelof strikes out swinging.,T,,,,,,,,,,680869,,,T,2,Strikeout,strikeout,,,,,642136
716365,2023-10-01,6,Top,45,0,1,0,2,108,133,676116,660761,,,,,,,,,,,,,,,,,,,,,,,,,642136
716365,2023-10-01,6,Top,45,1,2,0,2,108,133,676116,660761,,,,,,,,,,,,,,,,,,,,,,,,,642136
716365,2023-10-01,6,Top,45,2,3,0,2,108,133,676116,660761,,,,,,,,,,,,,,,,,,,,,,,,,642136
716365,2023-10-01,6,Top,45,3,3,1,2,108,133,676116,660761,,,,,,,,,,,,,,,,,,,,,,,,,642136
716365,2023-10-01,6,Top,45,4,3,2,2,108,133,676116,660761,,,,,,,,,,,,,,,,,,,,,,,,,642136
716365,2023-10-01,6,Top,45,5,3,2,2,108,133,676116,660761,,,,,,,,,,,,,,,,,,,,,,,,,642136
716365,2023-10-01,6,Top,45,6,3,2,2,108,133,676116,660761,single,Single,Ryan Noda singles on a line drive to right fielder Jo Adell.,T,,,,,,,,,,676116,,1B,,,Single,single,,,,,642136
716365,2023-10-01,6,Top,46,0,1,0,2,108,133,667670,660761,,,,,,,,,,,,,,,,,,,,,,,,,642136
716365,2023-10-01,6,Top,46,1,2,0,2,108,133,667670,660761,,,,,,,,,,,,,,,,,,,,,,,,,642136
716365,2023-10-01,6,Top,46,2,2,1,2,108,133,667670,660761,,,,,,,,,,,,,,,,,,,,,,,,,642136
716365,2023-10-01,6,Top,46,3,2,1,2,108,133,667670,660761,,,,,,,,,,,,,,,,,,,,,,,,,642136
716365,2023-10-01,6,Top,46,4,2,2,2,108,133,667670,660761,,,,,,,,,,,,,,,,,,,,,,,,,642136
716365,2023-10-01,6,Top,46,5,2,2,2,108,133,667670,660761,single,Single,Brent Rooker singles on a ground ball to right fielder Jo Adell. Ryan Noda to 2nd.,T,,,,,,,,,,667670,,1B,,,Single,single,,,,,642136
716365,2023-10-01,6,Top,47,0,1,0,2,108,133,668709,660761,,,,,,,,,,,,,,,,,,,,,,,,,642136
716365,2023-10-01,6,Top,47,1,1,0,2,108,133,668709,660761,,,,,,,,,,,,,,,,,,,,,,,,,642136
716365,2023-10-01,6,Top,47,2,2,0,2,108,133,668709,660761,,,,,,,,,,,,,,,,,,,,,,,,,642136
716365,2023-10-01,6,Top,47,3,2,0,2,108,133,668709,660761,field_out,Flyout,JJ Bleday flies out to right fielder Jo Adell.,T,,,,,,,,,,676116,2B,3B,,,Wild Pitch,wild_pitch,r_adv_play,,,,642136
716365,2023-10-01,6,Bot,48,0,0,0,0,108,133,664058,695243,,,,,,,,,,,,,,,,,,,,,,,,,542208
716365,2023-10-01,6,Bot,48,1,1,0,0,108,133,664058,695243,,,,,,,,,,,,,,,,,,,,,,,,,542208
716365,2023-10-01,6,Bot,48,2,1,1,0,108,133,664058,695243,,,,,,,,,,,,,,,,,,,,,,,,,542208
716365,2023-10-01,6,Bot,48,3,2,1,0,108,133,664058,695243,,,,,,,,,,,,,,,,,,,,,,,,,542208
716365,2023-10-01,6,Bot,48,4,3,1,0,108,133,664058,695243,,,,,,,,,,,,,,,,,,,,,,,,,542208
716365,2023-10-01,6,Bot,48,5,4,1,0,108,133,664058,695243,walk,Walk,David Fletcher walks.,T,,,,,,,,,,664058,,1B,,,Walk,walk,,,,,542208
716365,2023-10-01,6,Bot,49,0,0,0,0,108,133,621433,695243,field_out,Flyout,Brett Phillips flies out to left fielder JJ Bleday.,T,,,,,,,,,,621433,,,T,1,Flyout,field_out,,,,,542208
716365,2023-10-01,6,Bot,50,0,0,1,1,108,133,545341,695243,,,,,,,,,,,,,,,,,,,,,,,,,542208
716365,2023-10-01,6,Bot,50,1,1,1,1,108,133,545341,695243,,,,,,,,,,,,,,,,,,,,,,,,,542208
716365,2023-10-01,6,Bot,50,2,1,1,1,108,133,545341,695243,field_out,Flyout,Randal Grichuk flies out to right fielder Esteury Ruiz.,T,,,,,,,,,,545341,,,T,2,Flyout,field_out,,,,,542208
716365,2023-10-01,6,Bot,51,0,0,1,2,108,133,687263,695243,,,,,,,,,,,,,,,,,,,,,,,,,542208
716365,2023-10-01,6,Bot,51,1,0,1,2,108,133,687263,695243,double,Double,Zach Neto doubles (17) on a sharp fly ball to left fielder JJ Bleday. David Fletcher to 3rd.,T,,,,,,,,,,687263,,2B,,,Double,double,,,,,542208
716365,2023-10-01,6,Bot,52,0,1,0,2,108,133,592273,695243,,,,,,,,,,,,,,,,,,,,,,,,,542208
716365,2023-10-01,6,Bot,52,1,1,1,2,108,133,592273,695243,,,,,,,,,,,,,,,,,,,,,,,,,542208
716365,2023-10-01,6,Bot,52,2,2,1,2,108,133,592273,695243,,,,,,,,,,,,,,,,,,,,,,,,,542208
716365,2023-10-01,6,Bot,52,3,2,1,2,108,133,592273,695243,,,,,,,,,,,,,,,,,,,,,,,,,542208
716365,2023-10-01,6,Bot,52,4,3,1,2,108,133,592273,695243,hit_by_pitch,Hit By Pitch,Brandon Drury hit by pitch.,T,,,,,,,,,,664058,3B,score,,,Wild Pitch,wild_pitch,r_adv_play,T,,T,542208
716365,2023-10-01,6,Bot,53,0,0,0,2,108,133,681351,695243,,,,,,,,,,,,,,,,,,,,,,,,,542208
716365,2023-10-01,6,Bot,53,1,1,0,2,108,133,681351,695243,,,,,,,,,,,,,,,,,,,,,,,,,542208
716365,2023-10-01,6,Bot,53,2,2,0,2,108,133,681351,695243,,,,,,,,,,,,,,,,,,,,,,,,,542208
716365,2023-10-01,6,Bot,53,3,2,1,2,108,133,681351,695243,,,,,,,,,,,,,,,,,,,,,,,,,542208
716365,2023-10-01,6,Bot,53,4,3,1,2,108,133,681351,695243,,,,,,,,,,,,,,,,,,,,,,,,,542208
716365,2023-10-01,6,Bot,53,5,4,1,2,108,133,681351,695243,walk,Walk,Logan O'Hoppe walks. Brandon Drury to 2nd.,T,,,,,,,,,,592273,1B,2B,,,Walk,walk,r_adv_force,,,,542208
716365,2023-10-01,6,Bot,54,0,1,0,2,108,133,666176,695243,,,,,,,,,,,,,,,,,,,,,,,,,542208
716365,2023-10-01,6,Bot,54,1,1,1,2,108,133,666176,695243,,,,,,,,,,,,,,,,,,,,,,,,,542208
716365,2023-10-01,6,Bot,54,2,1,2,2,108,133,666176,695243,,,,,,,,,,,,,,,,,,,,,,,,,542208
716365,2023-10-01,6,Bot,54,3,1,2,2,108,133,666176,695243,,,,,,,,,,,,,,,,,,,,,,,,,542208
716365,2023-10-01,6,Bot,54,4,2,2,2,108,133,666176,695243,,,,,,,,,,,,,,,,,,,,,,,,,542208
716365,2023-10-01,6,Bot,54,5,2,3,2,108,133,666176,695243,strikeout,Strikeout,Jo Adell strikes out swinging.,T,,,,,,,,,,666176,,,T,3,Strikeout,strikeout,,,,,542208
716365,2023-10-01,7,Top,55,0,1,0,0,108,133,671732,660761,,,,,,,,,,,,,,,,,,,,,,,,,642136
716365,2023-10-01,7,Top,55,1,1,0,0,108,133,671732,660761,single,Single,Lawrence Butler singles on a sharp ground ball to left fielder Randal Grichuk.,T,,,,,,,,,,671732,,1B,,,Single,single,,,,,642136
716365,2023-10-01,7,Top,56,0,0,1,0,108,133,672478,660761,,,,,,,,,,,,,,,,,,,,,,,,,642136
716365,2023-10-01,7,Top,56,1,0,1,0,108,133,672478,660761,single,Single,Jordan Diaz singles on a sharp line drive to left fielder Randal Grichuk. Lawrence Butler to 2nd.,T,,,,,,,,,,672478,,1B,,,Single,single,,,,,642136
716365,2023-10-01,7,Top,57,0,0,0,0,108,133,691016,660761,force_out,Forceout,"Tyler Soderstrom grounds into a force out, first baseman Brandon Drury to shortstop Zach Neto. Lawrence Butler to 3rd. Jordan Diaz out at 2nd. Tyler Soderstrom to 1st.",T,,,,,,,,,,672478,1B,,T,1,Forceout,force_out,r_force_out,,,,642136
716365,2023-10-01,7,Top,58,0,0,1,1,108,133,669397,660761,,,,,,,,,,,,,,,,,,,,,,,,,642136
716365,2023-10-01,7,Top,58,1,1,1,1,108,133,669397,660761,,,,,,,,,,,,,,,,,,,,,,,,,642136
716365,2023-10-01,7,Top,58,2,2,1,1,108,133,669397,660761,,,,,,,,,,,,,,,,,,,,,,,,,642136
716365,2023-10-01,7,Top,58,3,2,1,1,108,133,669397,660761,single,Single,Nick Allen singles on a line drive to left fielder Randal Grichuk. Lawrence Butler scores. Tyler Soderstrom to 2nd.,T,,,,,,,,,,669397,,1B,,,Single,single,,,,,642136
716365,2023-10-01,7,Top,59,0,0,1,1,108,133,665923,660761,,,,,,,,,,,,,,,,,,,,,,,,,642136
716365,2023-10-01,7,Top,59,1,0,1,1,108,133,665923,660761,field_out,Pop Out,Esteury Ruiz pops out to catcher Logan O'Hoppe in foul territory.,T,,,,,,,,,,665923,,,T,2,Pop Out,field_out,,,,,642136
716365,2023-10-01,7,Top,60,0,0,1,2,108,133,680869,660761,,,,,,,,,,,,,,,,,,,,,,,,,642136
716365,2023-10-01,7,Top,60,1,0,1,2,108,133,680869,660761,field_out,Flyout,Zack Gelof flies out to left fielder Randal Grichuk.,T,,,,,,,,,,680869,,,T,3,Flyout,field_out,,,,,642136
716365,2023-10-01,7,Bot,61,0,0,0,0,108,133,500871,695243,single,Single,Eduardo Escobar singles on a ground ball to shortstop Nick Allen.,T,,,,,,,,,,500871,,1B,,,Single,single,,,,,542208
716365,2023-10-01,7,Bot,62,0,0,1,0,108,133,683021,695243,,,,,,,,,,,,,,,,,,,,,,,,,542208
716365,2023-10-01,7,Bot,62,1,1,1,0,108,133,683021,695243,,,,,,,,,,,,,,,,,,,,,,,,,542208
716365,2023-10-01,7,Bot,62,2,1,1,0,108,133,683021,695243,single,Single,Michael Stefanic singles on a ground ball to left fielder JJ Bleday. Eduardo Escobar to 2nd.,T,,,,,,,,,,683021,,1B,,,Single,single,,,,,542208
716365,2023-10-01,7,Bot,63,0,0,0,0,108,133,664058,695243,force_out,Forceout,"David Fletcher grounds into a force out, fielded by third baseman Jordan Diaz. Eduardo Escobar out at 3rd. Michael Stefanic to 2nd. David Fletcher to 1st.",T,,,,,,,,,,500871,2B,,T,1,Forceout,force_out,r_force_out,,,,542208
716365,2023-10-01,7,Bot,64,0,1,0,1,108,133,621433,695243,,,,,,,,,,,,,,,,,,,,,,,,,542208
716365,2023-10-01,7,Bot,64,1,1,1,1,108,133,621433,695243,,,,,,,,,,,,,,,,,,,,,,,,,542208
716365,2023-10-01,7,Bot,64,2,2,1,1,108,133,621433,695243,,,,,,,,,,,,,,,,,,,,,,,,,542208
716365,2023-10-01,7,Bot,64,3,2,2,1,108,133,621433,695243,,,,,,,,,,,,,,,,,,,,,,,,,542208
716365,2023-10-01,7,Bot,64,4,2,3,1,108,133,621433,695243,strikeout,Strikeout,Brett Phillips strikes out swinging.,T,,,,,,,,,,621433,,,T,2,Strikeout,strikeout,,,,,542208
716365,2023-10-01,7,Bot,65,0,0,1,2,108,133,545341,695243,,,,,,,,,,,,,,,,,,,,,,,,,542208
716365,2023-10-01,7,Bot,65,1,0,2,2,108,133,545341,695243,,,,,,,,,,,,,,,,,,,,,,,,,542208
716365,2023-10-01,7,Bot,65,2,0,2,2,108,133,545341,695243,,,,,,,,,,,,,,,,,,,,,,,,,542208
716365,2023-10-01,7,Bot,65,3,0,3,2,108,133,545341,695243,strikeout,Strikeout,Randal Grichuk strikes out swinging.,T,,,,,,,,,,545341,,,T,3,Strikeout,strikeout,,,,,542208
716365,2023-10-01,8,Top,66,0,1,0,0,108,133,676116,660761,,,,,,,,,,,,,,,,,,,,,,,,,642136
716365,2023-10-01,8,Top,66,1,1,1,0,108,133,676116,660761,,,,,,,,,,,,,,,,,,,,,,,,,642136
716365,2023-10-01,8,Top,66,2,1,2,0,108,133,676116,660761,,,,,,,,,,,,,,,,,,,,,,,,,642136
716365,2023-10-01,8,Top,66,3,1,2,0,108,133,676116,660761,,,,,,,,,,,,,,,,,,,,,,,,,642136
716365,2023-10-01,8,Top,66,4,2,2,0,108,133,676116,660761,,,,,,,,,,,,,,,,,,,,,,,,,642136
716365,2023-10-01,8,Top,66,5,2,3,0,108,133,676116,660761,strikeout,Strikeout,Ryan Noda strikes out swinging.,T,,,,,,,,,,676116,,,T,1,Strikeout,strikeout,,,,,642136
716365,2023-10-01,8,Top,67,0,0,0,1,108,133,667670,660761,home_run,Home Run,Brent Rooker homers (30) on a fly ball to center field.,T,,,,,,,,,,667670,,score,,,Home Run,home_run,,T,T,T,642136
716365,2023-10-01,8,Top,68,0,1,0,1,108,133,668709,660761,,,,,,,,,,,,,,,,,,,,,,,,,642136
716365,2023-10-01,8,Top,68,1,1,1,1,108,133,668709,660761,,,,,,,,,,,,,,,,,,,,,,,,,642136
716365,2023-10-01,8,Top,68,2,2,1,1,108,133,668709,660761,,,,,,,,,,,,,,,,,,,,,,,,,642136
716365,2023-10-01,8,Top,68,3,3,1,1,108,133,668709,660761,,,,,,,,,,,,,,,,,,,,,,,,,642136
716365,2023-10-01,8,Top,68,4,4,1,1,108,133,668709,660761,walk,Walk,JJ Bleday walks.,T,,,,,,,,,,668709,,1B,,,Walk,walk,,,,,642136
716365,2023-10-01,8,Top,69,0,0,0,1,108,133,671732,660761,grounded_into_double_play,Grounded Into DP,"Lawrence Butler grounds into a double play, second baseman David Fletcher to shortstop Zach Neto to first baseman Brandon Drury. JJ Bleday out at 2nd. Lawrence Butler out at 1st.",T,,,,,,,,,,668709,1B,,T,2,Grounded Into DP,grounded_into_double_play,r_force_out,,,,642136
716365,2023-10-01,8,Bot,70,0,0,0,0,108,133,687263,594943,,,,,,,,,,,,,,,,,,,,,,,,,542208
716365,2023-10-01,8,Bot,70,1,0,1,0,108,133,687263,594943,,,,,,,,,,,,,,,,,,,,,,,,,542208
716365,2023-10-01,8,Bot,70,2,0,2,0,108,133,687263,594943,,,,,,,,,,,,,,,,,,,,,,,,,542208
716365,2023-10-01,8,Bot,70,3,0,2,0,108,133,687263,594943,,,,,,,,,,,,,,,,,,,,,,,,,542208
716365,2023-10-01,8,Bot,70,4,1,2,0,108,133,687263,594943,hit_by_pitch,Hit By Pitch,Zach Neto hit by pitch.,T,,,,,,,,,,687263,,1B,,,Hit By Pitch,hit_by_pitch,,,,,542208
716365,2023-10-01,8,Bot,71,0,0,1,0,108,133,592273,594943,,,,,,,,,,,,,,,,,,,,,,,,,542208
716365,2023-10-01,8,Bot,71,1,1,1,0,108,133,592273,594943,,,,,,,,,,,,,,,,,,,,,,,,,542208
716365,2023-10-01,8,Bot,71,2,1,1,0,108,133,592273,594943,grounded_into_double_play,Grounded Into DP,"Brandon Drury grounds into a double play, pitcher Zach Neal to second baseman Zack Gelof to first baseman Ryan Noda. Zach Neto out at 2nd. Brandon Drury out at 1st.",T,,,,,,,,,,687263,1B,,T,1,Grounded Into DP,grounded_into_double_play,r_force_out,,,,542208
716365,2023-10-01,8,Bot,72,0,0,1,2,108,133,681351,594943,,,,,,,,,,,,,,,,,,,,,,,,,542208
716365,2023-10-01,8,Bot,72,1,1,1,2,108,133,681351,594943,,,,,,,,,,,,,,,,,,,,,,,,,542208
716365,2023-10-01,8,Bot,72,2,2,1,2,108,133,681351,594943,,,,,,,,,,,,,,,,,,,,,,,,,542208
716365,2023-10-01,8,Bot,72,3,2,2,2,108,133,681351,594943,,,,,,,,,,,,,,,,,,,,,,,,,542208
716365,2023-10-01,8,Bot,72,4,3,2,2,108,133,681351,594943,,,,,,,,,,,,,,,,,,,,,,,,,542208
716365,2023-10-01,8,Bot,72,5,3,2,2,108,133,681351,594943,,,,,,,,,,,,,,,,,,,,,,,,,542208
716365,2023-10-01,8,Bot,72,6,3,2,2,108,133,681351,594943,,,,,,,,,,,,,,,,,,,,,,,,,542208
716365,2023-10-01,8,Bot,72,7,3,2,2,108,133,681351,594943,,,,,,,,,,,,,,,,,,,,,,,,,542208
716365,2023-10-01,8,Bot,72,8,4,2,2,108,133,681351,594943,walk,Walk,Logan O'Hoppe walks.,T,,,,,,,,,,681351,,1B,,,Walk,walk,,,,,542208
716365,2023-10-01,8,Bot,73,0,0,1,2,108,133,666176,594943,,,,,,,,,,,,,,,,,,,,,,,,,542208
716365,2023-10-01,8,Bot,73,1,1,1,2,108,133,666176,594943,,,,,,,,,,,,,,,,,,,,,,,,,542208
716365,2023-10-01,8,Bot,73,2,1,2,2,108,133,666176,594943,,,,,,,,,,,,,,,,,,,,,,,,,542208
716365,2023-10-01,8,Bot,73,3,1,2,2,108,133,666176,594943,,,,,,,,,,,,,,,,,,,,,,,,,542208
716365,2023-10-01,8,Bot,73,4,1,3,2,108,133,666176,594943,strikeout,Strikeout,Jo Adell strikes out swinging.,T,,,,,,,,,,666176,,,T,3,Strikeout,strikeout,,,,,542208
716365,2023-10-01,9,Top,74,0,0,0,0,108,133,672478,623474,,,,,,,,,,,,,,,,,,,,,,,,,642136
716365,2023-10-01,9,Top,74,1,1,0,0,108,133,672478,623474,,,,,,,,,,,,,,,,,,,,,,,,,642136
716365,2023-10-01,9,Top,74,2,1,0,0,108,133,672478,623474,field_out,Flyout,Jordan Diaz flies out to right fielder Jo Adell.,T,,,,,,,,,,672478,,,T,1,Flyout,field_out,,,,,642136
716365,2023-10-01,9,Top,75,0,0,0,1,108,133,691016,623474,field_out,Groundout,"Tyler Soderstrom grounds out sharply, shortstop Zach Neto to first baseman Brandon Drury.",T,,,,,,,,,,691016,,,T,2,Groundout,field_out,,,,,642136
716365,2023-10-01,9,Top,76,0,0,1,2,108,133,669397,623474,,,,,,,,,,,,,,,,,,,,,,,,,642136
716365,2023-10-01,9,Top,76,1,0,2,2,108,133,669397,623474,,,,,,,,,,,,,,,,,,,,,,,,,642136
716365,2023-10-01,9,Top,76,2,1,2,2,108,133,669397,623474,,,,,,,,,,,,,,,,,,,,,,,,,642136
716365,2023-10-01,9,Top,76,3,2,2,2,108,133,669397,623474,,,,,,,,,,,,,,,,,,,,,,,,,642136
716365,2023-10-01,9,Top,76,4,2,2,2,108,133,669397,623474,double,Double,Nick Allen doubles (4) on a fly ball to center fielder Brett Phillips.,T,,,,,,,,,,669397,,2B,,,Double,double,,,,,642136
716365,2023-10-01,9,Top,77,0,0,1,2,108,133,665923,623474,,,,,,,,,,,,,,,,,,,,,,,,,642136
716365,2023-10-01,9,Top,77,1,0,1,2,108,133,665923,623474,single,Single,Esteury Ruiz singles on a fly ball to right fielder Jo Adell. Nick Allen scores.,T,,,,,,,,,,665923,,1B,,,Single,single,,,,,642136
716365,2023-10-01,9,Top,78,0,0,1,2,108,133,680869,623474,,,,,,,,,,,,,,,,,,,,,,,,,642136
716365,2023-10-01,9,Top,78,1,0,2,2,108,133,680869,623474,,,,,,,,,,,,,,,,,,,,,,,,,642136
716365,2023-10-01,9,Top,78,2,0,3,2,108,133,680869,623474,strikeout,Strikeout,Zack Gelof strikes out swinging.,T,,,,,,,,,,680869,,,T,3,Strikeout,strikeout,,,,,642136
716360,2023-10-01,1,Top,0,0,0,0,0,136,140,543760,669923,,,,,,,,,,,,,,,,,,,,,,,,,620443
716360,2023-10-01,1,Top,0,1,0,0,0,136,140,543760,669923,,,,,,,,,,,,,,,,,,,,,,,,,620443
716360,2023-10-01,1,Top,0,2,0,0,0,136,140,543760,669923,,,,,,,,,,,,,,,,,,,,,,,,,620443
716360,2023-10-01,1,Top,0,3,0,0,0,136,140,543760,669923,field_out,Lineout,Marcus Semien lines out to left fielder Dominic Canzone.,T,,,,,,,,,,543760,,,T,1,Lineout,field_out,,,,,620443
716360,2023-10-01,1,Top,1,0,1,0,1,136,140,608369,669923,,,,,,,,,,,,,,,,,,,,,,,,,620443
716360,2023-10-01,1,Top,1,1,1,1,1,136,140,608369,669923,,,,,,,,,,,,,,,,,,,,,,,,,620443
716360,2023-10-01,1,Top,1,2,1,1,1,136,140,608369,669923,field_out,Flyout,Corey Seager flies out to left fielder Dominic Canzone.,T,,,,,,,,,,608369,,,T,2,Flyout,field_out,,,,,620443
716360,2023-10-01,1,Top,2,0,0,1,2,136,140,641598,669923,,,,,,,,,,,,,,,,,,,,,,,,,620443
716360,2023-10-01,1,Top,2,1,1,1,2,136,140,641598,669923,,,,,,,,,,,,,,,,,,,,,,,,,620443
716360,2023-10-01,1,Top,2,2,1,2,2,136,140,641598,669923,,,,,,,,,,,,,,,,,,,,,,,,,620443
716360,2023-10-01,1,Top,2,3,1,3,2,136,140,641598,669923,strikeout,Strikeout,Mitch Garver strikes out swinging.,T,,,,,,,,,,641598,,,T,3,Strikeout,strikeout,,,,,620443
716360,2023-10-01,1,Bot,3,0,0,0,0,136,140,641487,641540,field_out,Groundout,"J.P. Crawford grounds out softly, third baseman Josh Jung to first baseman Nathaniel Lowe.",T,,,,,,,,,,641487,,,T,1,Groundout,field_out,,,,,641680
716360,2023-10-01,1,Bot,4,0,0,1,1,136,140,677594,641540,,,,,,,,,,,,,,,,,,,,,,,,,641680
716360,2023-10-01,1,Bot,4,1,0,2,1,136,140,677594,641540,,,,,,,,,,,,,,,,,,,,,,,,,641680
716360,2023-10-01,1,Bot,4,2,0,3,1,136,140,677594,641540,strikeout,Strikeout,Julio Rodriguez strikes out swinging.,T,,,,,,,,,,677594,,,T,2,Strikeout,strikeout,,,,,641680
716360,2023-10-01,1,Bot,5,0,0,1,2,136,140,663728,641540,,,,,,,,,,,,,,,,,,,,,,,,,641680
716360,2023-10-01,1,Bot,5,1,0,2,2,136,140,663728,641540,,,,,,,,,,,,,,,,,,,,,,,,,641680
716360,2023-10-01,1,Bot,5,2,0,2,2,136,140,663728,641540,,,,,,,,,,,,,,,,,,,,,,,,,641680
716360,2023-10-01,1,Bot,5,3,0,3,2,136,140,663728,641540,strikeout,Strikeout,Cal Raleigh strikes out swinging.,T,,,,,,,,,,663728,,,T,3,Strikeout,strikeout,,,,,641680
716360,2023-10-01,2,Top,6,0,0,0,0,136,140,666969,669923,field_out,Flyout,Adolis Garcia flies out to right fielder Jarred Kelenic.,T,,,,,,,,,,666969,,,T,1,Flyout,field_out,,,,,620443
716360,2023-10-01,2,Top,7,0,0,1,1,136,140,663993,669923,,,,,,,,,,,,,,,,,,,,,,,,,620443
716360,2023-10-01,2,Top,7,1,0,2,1,136,140,663993,669923,,,,,,,,,,,,,,,,,,,,,,,,,620443
716360,2023-10-01,2,Top,7,2,0,3,1,136,140,663993,669923,strikeout,Strikeout,Nathaniel Lowe called out on strikes.,T,,,,,,,,,,663993,,,T,2,Strikeout,strikeout,,,,,620443
716360,2023-10-01,2,Top,8,0,1,0,2,136,140,673962,669923,,,,,,,,,,,,,,,,,,,,,,,,,620443
716360,2023-10-01,2,Top,8,1,1,1,2,136,140,673962,669923,,,,,,,,,,,,,,,,,,,,,,,,,620443
716360,2023-10-01,2,Top,8,2,1,2,2,136,140,673962,669923,,,,,,,,,,,,,,,,,,,,,,,,,620443
716360,2023-10-01,2,Top,8,3,1,2,2,136,140,673962,669923,,,,,,,,,,,,,,,,,,,,,,,,,620443
716360,2023-10-01,2,Top,8,4,1,3,2,136,140,673962,669923,strikeout,Strikeout,Josh Jung strikes out swinging.,T,,,,,,,,,,673962,,,T,3,Strikeout,strikeout,,,,,620443
716360,2023-10-01,2,Bot,9,0,0,1,0,136,140,553993,641540,,,,,,,,,,,,,,,,,,,,,,,,,641680
716360,2023-10-01,2,Bot,9,1,0,2,0,136,140,553993,641540,,,,,,,,,,,,,,,,,,,,,,,,,641680
716360,2023-10-01,2,Bot,9,2,0,3,0,136,140,553993,641540,strikeout,Strikeout,Eugenio Suarez strikes out swinging.,T,,,,,,,,,,553993,,,T,1,Strikeout,strikeout,,,,,641680
716360,2023-10-01,2,Bot,10,0,1,0,1,136,140,672284,641540,,,,,,,,,,,,,,,,,,,,,,,,,641680
716360,2023-10-01,2,Bot,10,1,1,1,1,136,140,672284,641540,,,,,,,,,,,,,,,,,,,,,,,,,641680
716360,2023-10-01,2,Bot,10,2,1,1,1,136,140,672284,641540,field_out,Groundout,Jarred Kelenic grounds out to first baseman Nathaniel Lowe.,T,,,,,,,,,,672284,,,T,2,Groundout,field_out,,,,,641680
716360,2023-10-01,2,Bot,11,0,0,1,2,136,140,664034,641540,,,,,,,,,,,,,,,,,,,,,,,,,641680
716360,2023-10-01,2,Bot,11,1,0,2,2,136,140,664034,641540,,,,,,,,,,,,,,,,,,,,,,,,,641680
716360,2023-10-01,2,Bot,11,2,0,2,2,136,140,664034,641540,single,Single,Ty France singles on a sharp line drive to left fielder Evan Carter.,T,,,,,,,,,,664034,,1B,,,Single,single,,,,,641680
716360,2023-10-01,2,Bot,12,0,1,0,2,136,140,686527,641540,,,,,,,,,,,,,,,,,,,,,,,,,641680
716360,2023-10-01,2,Bot,12,1,1,1,2,136,140,686527,641540,,,,,,,,,,,,,,,,,,,,,,,,,641680
716360,2023-10-01,2,Bot,12,2,1,2,2,136,140,686527,641540,,,,,,,,,,,,,,,,,,,,,,,,,641680
716360,2023-10-01,2,Bot,12,3,1,3,2,136,140,686527,641540,strikeout,Strikeout,Dominic Canzone strikes out swinging.,T,,,,,,,,,,686527,,,T,3,Strikeout,strikeout,,,,,641680
716360,2023-10-01,3,Top,13,0,0,1,0,136,140,641680,669923,,,,,,,,,,,,,,,,,,,,,,,,,620443
716360,2023-10-01,3,Top,13,1,0,2,0,136,140,641680,669923,,,,,,,,,,,,,,,,,,,,,,,,,620443
716360,2023-10-01,3,Top,13,2,1,2,0,136,140,641680,669923,,,,,,,,,,,,,,,,,,,,,,,,,620443
716360,2023-10-01,3,Top,13,3,1,2,0,136,140,641680,669923,field_out,Pop Out,Jonah Heim pops out to third baseman Eugenio Suarez.,T,,,,,,,,,,641680,,,T,1,Pop Out,field_out,,,,,620443
716360,2023-10-01,3,Top,14,0,0,1,1,136,140,665750,669923,,,,,,,,,,,,,,,,,,,,,,,,,620443
716360,2023-10-01,3,Top,14,1,1,1,1,136,140,665750,669923,,,,,,,,,,,,,,,,,,,,,,,,,620443
716360,2023-10-01,3,Top,14,2,1,1,1,136,140,665750,669923,field_out,Groundout,"Leody Taveras grounds out, pitcher George Kirby to first baseman Ty France.",T,,,,,,,,,,665750,,,T,2,Groundout,field_out,,,,,620443
716360,2023-10-01,3,Top,15,0,0,0,2,136,140,694497,669923,double,Double,Evan Carter doubles (4) on a sharp line drive to right fielder Jarred Kelenic.,T,,,,,,,,,,694497,,2B,,,Double,double,,,,,620443
716360,2023-10-01,3,Top,16,0,0,1,2,136,140,543760,669923,,,,,,,,,,,,,,,,,,,,,,,,,620443
716360,2023-10-01,3,Top,16,1,1,1,2,136,140,543760,669923,,,,,,,,,,,,,,,,,,,,,,,,,620443
716360,2023-10-01,3,Top,16,2,2,1,2,136,140,543760,669923,,,,,,,,,,,,,,,,,,,,,,,,,620443
716360,2023-10-01,3,Top,16,3,2,2,2,136,140,543760,669923,,,,,,,,,,,,,,,,,,,,,,,,,620443
716360,2023-10-01,3,Top,16,4,3,2,2,136,140,543760,669923,,,,,,,,,,,,,,,,,,,,,,,,,620443
716360,2023-10-01,3,Top,16,5,3,2,2,136,140,543760,669923,field_out,Groundout,"Marcus Semien grounds out, shortstop J. P. Crawford to first baseman Ty France.",T,,,,,,,,,,543760,,,T,3,Groundout,field_out,,,,,620443
716360,2023-10-01,3,Bot,17,0,0,1,0,136,140,645801,641540,,,,,,,,,,,,,,,,,,,,,,,,,641680
716360,2023-10-01,3,Bot,17,1,0,1,0,136,140,645801,641540,single,Single,Mike Ford singles on a fly ball to center fielder Leody Taveras.,T,,,,,,,,,,645801,,1B,,,Single,single,,,,,641680
716360,2023-10-01,3,Bot,18,0,0,1,0,136,140,668942,641540,,,,,,,,,,,,,,,,,,,,,,,,,641680
716360,2023-10-01,3,Bot,18,1,1,1,0,136,140,668942,641540,,,,,,,,,,,,,,,,,,,,,,,,,641680
716360,2023-10-01,3,Bot,18,2,1,2,0,136,140,668942,641540,,,,,,,,,,,,,,,,,,,,,,,,,641680
716360,2023-10-01,3,Bot,18,3,2,2,0,136,140,668942,641540,,,,,,,,,,,,,,,,,,,,,,,,,641680
716360,2023-10-01,3,Bot,18,4,3,2,0,136,140,668942,641540,,,,,,,,,,,,,,,,,,,,,,,,,641680
716360,2023-10-01,3,Bot,18,5,3,2,0,136,140,668942,641540,,,,,,,,,,,,,,,,,,,,,,,,,641680
716360,2023-10-01,3,Bot,18,6,3,2,0,136,140,668942,641540,field_out,Pop Out,Josh Rojas pops out to shortstop Corey Seager.,T,,,,,,,,,,668942,,,T,1,Pop Out,field_out,,,,,641680
716360,2023-10-01,3,Bot,19,0,1,0,1,136,140,641487,641540,,,,,,,,,,,,,,,,,,,,,,,,,641680
716360,2023-10-01,3,Bot,19,1,1,1,1,136,140,641487,641540,,,,,,,,,,,,,,,,,,,,,,,,,641680
716360,2023-10-01,3,Bot,19,2,1,1,1,136,140,641487,641540,field_out,Flyout,J.P. Crawford flies out to right fielder Adolis Garcia.,T,,,,,,,,,,641487,,,T,2,Flyout,field_out,,,,,641680
716360,2023-10-01,3,Bot,20,0,0,1,2,136,140,677594,641540,,,,,,,,,,,,,,,,,,,,,,,,,641680
716360,2023-10-01,3,Bot,20,1,1,1,2,136,140,677594,641540,,,,,,,,,,,,,,,,,,,,,,,,,641680
716360,2023-10-01,3,Bot,20,2,2,1,2,136,140,677594,641540,,,,,,,,,,,,,,,,,,,,,,,,,641680
716360,2023-10-01,3,Bot,20,3,3,1,2,136,140,677594,641540,,,,,,,,,,,,,,,,,,,,,,,,,641680
716360,2023-10-01,3,Bot,20,4,3,1,2,136,140,677594,641540,force_out,Forceout,"Julio Rodriguez grounds into a force out, third baseman Josh Jung to second baseman Marcus Semien. Mike Ford out at 2nd.",T,,,,,,,,,,645801,1B,,T,3,Forceout,force_out,r_force_out,,,,641680
716360,2023-10-01,4,Top,21,0,0,1,0,136,140,608369,669923,,,,,,,,,,,,,,,,,,,,,,,,,620443
716360,2023-10-01,4,Top,21,1,0,2,0,136,140,608369,669923,,,,,,,,,,,,,,,,,,,,,,,,,620443
716360,2023-10-01,4,Top,21,2,1,2,0,136,140,608369,669923,,,,,,,,,,,,,,,,,,,,,,,,,620443
716360,2023-10-01,4,Top,21,3,1,2,0,136,140,608369,669923,,,,,,,,,,,,,,,,,,,,,,,,,620443
716360,2023-10-01,4,Top,21,4,2,2,0,136,140,608369,669923,,,,,,,,,,,,,,,,,,,,,,,,,620443
716360,2023-10-01,4,Top,21,5,2,3,0,136,140,608369,669923,strikeout,Strikeout,Corey Seager strikes out swinging.,T,,,,,,,,,,608369,,,T,1,Strikeout,strikeout,,,,,620443
716360,2023-10-01,4,Top,22,0,0,1,1,136,140,641598,669923,,,,,,,,,,,,,,,,,,,,,,,,,620443
716360,2023-10-01,4,Top,22,1,0,2,1,136,140,641598,669923,,,,,,,,,,,,,,,,,,,,,,,,,620443
716360,2023-10-01,4,Top,22,2,1,2,1,136,140,641598,669923,,,,,,,,,,,,,,,,,,,,,,,,,620443
716360,2023-10-01,4,Top,22,3,1,3,1,136,140,641598,669923,strikeout,Strikeout,Mitch Garver strikes out swinging.,T,,,,,,,,,,641598,,,T,2,Strikeout,strikeout,,,,,620443
716360,2023-10-01,4,Top,23,0,1,0,2,136,140,666969,669923,,,,,,,,,,,,,,,,,,,,,,,,,620443
716360,2023-10-01,4,Top,23,1,1,1,2,136,140,666969,669923,,,,,,,,,,,,,,,,,,,,,,,,,620443
716360,2023-10-01,4,Top,23,2,1,1,2,136,140,666969,669923,single,Single,Adolis Garcia singles on a sharp ground ball to center fielder Julio Rodriguez.,T,,,,,,,,,,666969,,1B,,,Single,single,,,,,620443
716360,2023-10-01,4,Top,24,0,0,1,2,136,140,663993,669923,,,,,,,,,,,,,,,,,,,,,,,,,620443
716360,2023-10-01,4,Top,24,1,0,1,2,136,140,663993,669923,field_out,Flyout,Nathaniel Lowe flies out sharply to center fielder Julio Rodriguez.,T,,,,,,,,,,663993,,,T,3,Flyout,field_out,,,,,620443
716360,2023-10-01,4,Bot,25,0,1,0,0,136,140,663728,641540,,,,,,,,,,,,,,,,,,,,,,,,,641680
716360,2023-10-01,4,Bot,25,1,2,0,0,136,140,663728,641540,,,,,,,,,,,,,,,,,,,,,,,,,641680
716360,2023-10-01,4,Bot,25,2,2,0,0,136,140,663728,641540,field_out,Flyout,Cal Raleigh flies out to left fielder Evan Carter.,T,,,,,,,,,,663728,,,T,1,Flyout,field_out,,,,,641680
716360,2023-10-01,4,Bot,26,0,0,1,1,136,140,553993,641540,,,,,,,,,,,,,,,,,,,,,,,,,641680
716360,2023-10-01,4,Bot,26,1,1,1,1,136,140,553993,641540,,,,,,,,,,,,,,,,,,,,,,,,,641680
716360,2023-10-01,4,Bot,26,2,1,1,1,136,140,553993,641540,single,Single,Eugenio Suarez singles on a ground ball to center fielder Leody Taveras.,T,,,,,,,,,,553993,,1B,,,Single,single,,,,,641680
716360,2023-10-01,4,Bot,27,0,0,1,1,136,140,672284,641540,,,,,,,,,,,,,,,,,,,,,,,,,641680
716360,2023-10-01,4,Bot,27,1,1,1,1,136,140,672284,641540,,,,,,,,,,,,,,,,,,,,,,,,,641680
716360,2023-10-01,4,Bot,27,2,1,2,1,136,140,672284,641540,,,,,,,,,,,,,,,,,,,,,,,,,641680
716360,2023-10-01,4,Bot,27,3,1,2,1,136,140,672284,641540,single,Single,Jarred Kelenic singles on a line drive to left fielder Evan Carter. Eugenio Suarez to 2nd.,T,,,,,,,,,,672284,,1B,,,Single,single,,,,,641680
716360,2023-10-01,4,Bot,28,0,0,1,1,136,140,664034,641540,,,,,,,,,,,,,,,,,,,,,,,,,641680
716360,2023-10-01,4,Bot,28,1,0,2,1,136,140,664034,641540,,,,,,,,,,,,,,,,,,,,,,,,,641680
716360,2023-10-01,4,Bot,28,2,0,2,1,136,140,664034,641540,,,,,,,,,,,,,,,,,,,,,,,,,641680
716360,2023-10-01,4,Bot,28,3,1,2,1,136,140,664034,641540,,,,,,,,,,,,,,,,,,,,,,,,,641680
716360,2023-10-01,4,Bot,28,4,2,2,1,136,140,664034,641540,,,,,,,,,,,,,,,,,,,,,,,,,641680
716360,2023-10-01,4,Bot,28,5,3,2,1,136,140,664034,641540,,,,,,,,,,,,,,,,,,,,,,,,,641680
716360,2023-10-01,4,Bot,28,6,4,2,1,136,140,664034,641540,walk,Walk,Ty France walks. Eugenio Suarez to 3rd. Jarred Kelenic to 2nd.,T,,,,,,,,,,553993,2B,3B,,,Walk,walk,r_adv_force,,,,641680
716360,2023-10-01,4,Bot,29,0,0,0,1,136,140,686527,527048,,,,,,,,,,,,,,,,,,,,,,,,,641680
716360,2023-10-01,4,Bot,29,1,0,0,1,136,140,686527,527048,,,,,,,,,,,,,,,,,,,,,,,,,641680
716360,2023-10-01,4,Bot,29,2,0,1,1,136,140,686527,527048,,,,,,,,,,,,,,,,,,,,,,,,,641680
716360,2023-10-01,4,Bot,29,3,0,1,1,136,140,686527,527048,field_out,Groundout,Dominic Canzone grounds out softly to first baseman Nathaniel Lowe. Eugenio Suarez scores. Jarred Kelenic to 3rd. Ty France to 2nd.,T,,,,,,,,,,686527,,,T,2,Groundout,field_out,,,,,641680
716360,2023-10-01,4,Bot,30,0,1,0,2,136,140,645801,527048,hit_by_pitch,Hit By Pitch,Mike Ford hit by pitch.,T,,,,,,,,,,645801,,1B,,,Hit By Pitch,hit_by_pitch,,,,,641680
716360,2023-10-01,4,Bot,31,0,0,1,2,136,140,668942,527048,,,,,,,,,,,,,,,,,,,,,,,,,641680
716360,2023-10-01,4,Bot,31,1,1,1,2,136,140,668942,527048,,,,,,,,,,,,,,,,,,,,,,,,,641680
716360,2023-10-01,4,Bot,31,2,1,2,2,136,140,668942,527048,,,,,,,,,,,,,,,,,,,,,,,,,641680
716360,2023-10-01,4,Bot,31,3,1,2,2,136,140,668942,527048,field_out,Groundout,Josh Rojas grounds out to first baseman Nathaniel Lowe.,T,,,,,,,,,,668942,,,T,3,Groundout,field_out,,,,,641680
716360,2023-10-01,5,Top,32,0,1,0,0,136,140,673962,669923,,,,,,,,,,,,,,,,,,,,,,,,,620443
716360,2023-10-01,5,Top,32,1,2,0,0,136,140,673962,669923,,,,,,,,,,,,,,,,,,,,,,,,,620443
716360,2023-10-01,5,Top,32,2,2,0,0,136,140,673962,669923,field_out,Groundout,"Josh Jung grounds out sharply, shortstop J. P. Crawford to first baseman Ty France.",T,,,,,,,,,,673962,,,T,1,Groundout,field_out,,,,,620443
716360,2023-10-01,5,Top,33,0,0,1,1,136,140,641680,669923,,,,,,,,,,,,,,,,,,,,,,,,,620443
716360,2023-10-01,5,Top,33,1,0,2,1,136,140,641680,669923,,,,,,,,,,,,,,,,,,,,,,,,,620443
716360,2023-10-01,5,Top,33,2,0,2,1,136,140,641680,669923,single,Single,Jonah Heim singles on a sharp ground ball to center fielder Julio Rodriguez.,T,,,,,,,,,,641680,,1B,,,Single,single,,,,,620443
716360,2023-10-01,5,Top,34,0,1,0,1,136,140,665750,669923,,,,,,,,,,,,,,,,,,,,,,,,,620443
716360,2023-10-01,5,Top,34,1,2,0,1,136,140,665750,669923,,,,,,,,,,,,,,,,,,,,,,,,,620443
716360,2023-10-01,5,Top,34,2,2,0,1,136,140,665750,669923,grounded_into_double_play,Grounded Into DP,"Leody Taveras grounds into a double play, second baseman Josh Rojas to shortstop J. P. Crawford to first baseman Ty France. Jonah Heim out at 2nd. Leody Taveras out at 1st.",T,,,,,,,,,,641680,1B,,T,2,Grounded Into DP,grounded_into_double_play,r_force_out,,,,620443
716360,2023-10-01,5,Bot,35,0,0,0,0,136,140,641487,527048,field_out,Pop Out,J.P. Crawford pops out softly to catcher Jonah Heim in foul territory.,T,,,,,,,,,,641487,,,T,1,Pop Out,field_out,,,,,641680
716360,2023-10-01,5,Bot,36,0,0,0,1,136,140,677594,527048,field_out,Groundout,"Julio Rodriguez grounds out sharply, second baseman Marcus Semien to first baseman Nathaniel Lowe.",T,,,,,,,,,,677594,,,T,2,Groundout,field_out,,,,,641680
716360,2023-10-01,5,Bot,37,0,1,0,2,136,140,663728,527048,,,,,,,,,,,,,,,,,,,,,,,,,641680
716360,2023-10-01,5,Bot,37,1,2,0,2,136,140,663728,527048,,,,,,,,,,,,,,,,,,,,,,,,,641680
716360,2023-10-01,5,Bot,37,2,3,0,2,136,140,663728,527048,,,,,,,,,,,,,,,,,,,,,,,,,641680
716360,2023-10-01,5,Bot,37,3,3,1,2,136,140,663728,527048,,,,,,,,,,,,,,,,,,,,,,,,,641680
716360,2023-10-01,5,Bot,37,4,3,2,2,136,140,663728,527048,,,,,,,,,,,,,,,,,,,,,,,,,641680
716360,2023-10-01,5,Bot,37,5,3,2,2,136,140,663728,527048,,,,,,,,,,,,,,,,,,,,,,,,,641680
716360,2023-10-01,5,Bot,37,6,3,2,2,136,140,663728,527048,,,,,,,,,,,,,,,,,,,,,,,,,641680
716360,2023-10-01,5,Bot,37,7,3,3,2,136,140,663728,527048,strikeout,Strikeout,Cal Raleigh strikes out swinging.,T,,,,,,,,,,663728,,,T,3,Strikeout,strikeout,,,,,641680
716360,2023-10-01,6,Top,38,0,0,0,0,136,140,694497,669923,,,,,,,,,,,,,,,,,,,,,,,,,620443
716360,2023-10-01,6,Top,38,1,1,0,0,136,140,694497,669923,,,,,,,,,,,,,,,,,,,,,,,,,620443
716360,2023-10-01,6,Top,38,2,2,0,0,136,140,694497,669923,,,,,,,,,,,,,,,,,,,,,,,,,620443
716360,2023-10-01,6,Top,38,3,3,0,0,136,140,694497,669923,,,,,,,,,,,,,,,,,,,,,,,,,620443
716360,2023-10-01,6,Top,38,4,3,1,0,136,140,694497,669923,,,,,,,,,,,,,,,,,,,,,,,,,620443
716360,2023-10-01,6,Top,38,5,3,2,0,136,140,694497,669923,,,,,,,,,,,,,,,,,,,,,,,,,620443
716360,2023-10-01,6,Top,38,6,3,2,0,136,140,694497,669923,,,,,,,,,,,,,,,,,,,,,,,,,620443
716360,2023-10-01,6,Top,38,7,3,3,0,136,140,694497,669923,strikeout,Strikeout,Evan Carter strikes out swinging.,T,,,,,,,,,,694497,,,T,1,Strikeout,strikeout,,,,,620443
716360,2023-10-01,6,Top,39,0,0,1,1,136,140,543760,669923,,,,,,,,,,,,,,,,,,,,,,,,,620443
716360,2023-10-01,6,Top,39,1,1,1,1,136,140,543760,669923,,,,,,,,,,,,,,,,,,,,,,,,,620443
716360,2023-10-01,6,Top,39,2,1,2,1,136,140,543760,669923,,,,,,,,,,,,,,,,,,,,,,,,,620443
716360,2023-10-01,6,Top,39,3,1,2,1,136,140,543760,669923,,,,,,,,,,,,,,,,,,,,,,,,,620443
716360,2023-10-01,6,Top,39,4,1,2,1,136,140,543760,669923,,,,,,,,,,,,,,,,,,,,,,,,,620443
716360,2023-10-01,6,Top,39,5,1,2,1,136,140,543760,669923,,,,,,,,,,,,,,,,,,,,,,,,,620443
716360,2023-10-01,6,Top,39,6,2,2,1,136,140,543760,669923,,,,,,,,,,,,,,,,,,,,,,,,,620443
716360,2023-10-01,6,Top,39,7,3,2,1,136,140,543760,669923,,,,,,,,,,,,,,,,,,,,,,,,,620443
716360,2023-10-01,6,Top,39,8,3,3,1,136,140,543760,669923,strikeout,Strikeout,Marcus Semien called out on strikes.,T,,,,,,,,,,543760,,,T,2,Strikeout,strikeout,,,,,620443
716360,2023-10-01,6,Top,40,0,1,0,2,136,140,608369,669923,,,,,,,,,,,,,,,,,,,,,,,,,620443
716360,2023-10-01,6,Top,40,1,1,1,2,136,140,608369,669923,,,,,,,,,,,,,,,,,,,,,,,,,620443
716360,2023-10-01,6,Top,40,2,2,1,2,136,140,608369,669923,,,,,,,,,,,,,,,,,,,,,,,,,620443
716360,2023-10-01,6,Top,40,3,2,2,2,136,140,608369,669923,,,,,,,,,,,,,,,,,,,,,,,,,620443
716360,2023-10-01,6,Top,40,4,2,2,2,136,140,608369,669923,,,,,,,,,,,,,,,,,,,,,,,,,620443
716360,2023-10-01,6,Top,40,5,2,2,2,136,140,608369,669923,field_out,Groundout,"Corey Seager grounds out, second baseman Josh Rojas to first baseman Ty France.",T,,,,,,,,,,608369,,,T,3,Groundout,field_out,,,,,620443
716360,2023-10-01,6,Bot,41,0,0,1,0,136,140,553993,527048,,,,,,,,,,,,,,,,,,,,,,,,,641680
716360,2023-10-01,6,Bot,41,1,1,1,0,136,140,553993,527048,,,,,,,,,,,,,,,,,,,,,,,,,641680
716360,2023-10-01,6,Bot,41,2,1,1,0,136,140,553993,527048,field_out,Flyout,Eugenio Suarez flies out to right fielder Adolis Garcia.,T,,,,,,,,,,553993,,,T,1,Flyout,field_out,,,,,641680
716360,2023-10-01,6,Bot,42,0,1,0,1,136,140,672284,527048,,,,,,,,,,,,,,,,,,,,,,,,,641680
716360,2023-10-01,6,Bot,42,1,1,1,1,136,140,672284,527048,,,,,,,,,,,,,,,,,,,,,,,,,641680
716360,2023-10-01,6,Bot,42,2,2,1,1,136,140,672284,527048,,,,,,,,,,,,,,,,,,,,,,,,,641680
716360,2023-10-01,6,Bot,42,3,2,2,1,136,140,672284,527048,,,,,,,,,,,,,,,,,,,,,,,,,641680
716360,2023-10-01,6,Bot,42,4,2,2,1,136,140,672284,527048,,,,,,,,,,,,,,,,,,,,,,,,,641680
716360,2023-10-01,6,Bot,42,5,2,3,1,136,140,672284,527048,strikeout,Strikeout,Jarred Kelenic strikes out swinging.,T,,,,,,,,,,672284,,,T,2,Strikeout,strikeout,,,,,641680
716360,2023-10-01,6,Bot,43,0,0,1,2,136,140,664034,527048,,,,,,,,,,,,,,,,,,,,,,,,,641680
716360,2023-10-01,6,Bot,43,1,0,1,2,136,140,664034,527048,field_out,Flyout,Ty France flies out to center fielder Leody Taveras.,T,,,,,,,,,,664034,,,T,3,Flyout,field_out,,,,,641680
716360,2023-10-01,7,Top,44,0,0,0,0,136,140,641598,672860,,,,,,,,,,,,,,,,,,,,,,,,,620443
716360,2023-10-01,7,Top,44,1,0,0,0,136,140,641598,672860,,,,,,,,,,,,,,,,,,,,,,,,,620443
716360,2023-10-01,7,Top,44,2,0,0,0,136,140,641598,672860,,,,,,,,,,,,,,,,,,,,,,,,,620443
716360,2023-10-01,7,Top,44,3,0,0,0,136,140,641598,672860,,,,,,,,,,,,,,,,,,,,,,,,,620443
716360,2023-10-01,7,Top,44,4,1,0,0,136,140,641598,672860,,,,,,,,,,,,,,,,,,,,,,,,,620443
716360,2023-10-01,7,Top,44,5,2,0,0,136,140,641598,672860,,,,,,,,,,,,,,,,,,,,,,,,,620443
716360,2023-10-01,7,Top,44,6,2,1,0,136,140,641598,672860,,,,,,,,,,,,,,,,,,,,,,,,,620443
716360,2023-10-01,7,Top,44,7,2,1,0,136,140,641598,672860,field_out,Groundout,"Mitch Garver grounds out, shortstop Jose Caballero to first baseman Ty France.",T,,,,,,,,,,641598,,,T,1,Groundout,field_out,,,,,620443
716360,2023-10-01,7,Top,45,0,1,0,1,136,140,666969,672860,,,,,,,,,,,,,,,,,,,,,,,,,620443
716360,2023-10-01,7,Top,45,1,1,1,1,136,140,666969,672860,,,,,,,,,,,,,,,,,,,,,,,,,620443
716360,2023-10-01,7,Top,45,2,2,1,1,136,140,666969,672860,,,,,,,,,,,,,,,,,,,,,,,,,620443
716360,2023-10-01,7,Top,45,3,2,2,1,136,140,666969,672860,,,,,,,,,,,,,,,,,,,,,,,,,620443
716360,2023-10-01,7,Top,45,4,2,2,1,136,140,666969,672860,,,,,,,,,,,,,,,,,,,,,,,,,620443
716360,2023-10-01,7,Top,45,5,2,3,1,136,140,666969,672860,strikeout,Strikeout,Adolis Garcia called out on strikes.,T,,,,,,,,,,666969,,,T,2,Strikeout,strikeout,,,,,620443
716360,2023-10-01,7,Top,46,0,0,1,2,136,140,663993,672860,,,,,,,,,,,,,,,,,,,,,,,,,620443
716360,2023-10-01,7,Top,46,1,1,1,2,136,140,663993,672860,,,,,,,,,,,,,,,,,,,,,,,,,620443
716360,2023-10-01,7,Top,46,2,2,1,2,136,140,663993,672860,,,,,,,,,,,,,,,,,,,,,,,,,620443
716360,2023-10-01,7,Top,46,3,2,2,2,136,140,663993,672860,,,,,,,,,,,,,,,,,,,,,,,,,620443
716360,2023-10-01,7,Top,46,4,2,2,2,136,140,663993,672860,,,,,,,,,,,,,,,,,,,,,,,,,620443
716360,2023-10-01,7,Top,46,5,3,2,2,136,140,663993,672860,,,,,,,,,,,,,,,,,,,,,,,,,620443
716360,2023-10-01,7,Top,46,6,3,2,2,136,140,663993,672860,,,,,,,,,,,,,,,,,,,,,,,,,620443
716360,2023-10-01,7,Top,46,7,3,3,2,136,140,663993,672860,strikeout,Strikeout,Nathaniel Lowe strikes out swinging.,T,,,,,,,,,,663993,,,T,3,Strikeout,strikeout,,,,,620443
716360,2023-10-01,7,Bot,47,0,0,1,0,136,140,686527,527048,,,,,,,,,,,,,,,,,,,,,,,,,641680
716360,2023-10-01,7,Bot,47,1,1,1,0,136,140,686527,527048,,,,,,,,,,,,,,,,,,,,,,,,,641680
716360,2023-10-01,7,Bot,47,2,2,1,0,136,140,686527,527048,,,,,,,,,,,,,,,,,,,,,,,,,641680
716360,2023-10-01,7,Bot,47,3,2,2,0,136,140,686527,527048,,,,,,,,,,,,,,,,,,,,,,,,,641680
716360,2023-10-01,7,Bot,47,4,2,3,0,136,140,686527,527048,strikeout,Strikeout,Dominic Canzone called out on strikes.,T,,,,,,,,,,686527,,,T,1,Strikeout,strikeout,,,,,641680
716360,2023-10-01,7,Bot,48,0,0,1,1,136,140,645801,527048,,,,,,,,,,,,,,,,,,,,,,,,,641680
716360,2023-10-01,7,Bot,48,1,0,2,1,136,140,645801,527048,,,,,,,,,,,,,,,,,,,,,,,,,641680
716360,2023-10-01,7,Bot,48,2,0,3,1,136,140,645801,527048,strikeout,Strikeout,Mike Ford strikes out swinging.,T,,,,,,,,,,645801,,,T,2,Strikeout,strikeout,,,,,641680
716360,2023-10-01,7,Bot,49,0,0,1,2,136,140,668942,527048,,,,,,,,,,,,,,,,,,,,,,,,,641680
716360,2023-10-01,7,Bot,49,1,1,1,2,136,140,668942,527048,,,,,,,,,,,,,,,,,,,,,,,,,641680
716360,2023-10-01,7,Bot,49,2,1,2,2,136,140,668942,527048,,,,,,,,,,,,,,,,,,,,,,,,,641680
716360,2023-10-01,7,Bot,49,3,1,2,2,136,140,668942,527048,,,,,,,,,,,,,,,,,,,,,,,,,641680
716360,2023-10-01,7,Bot,49,4,1,2,2,136,140,668942,527048,,,,,,,,,,,,,,,,,,,,,,,,,641680
716360,2023-10-01,7,Bot,49,5,2,2,2,136,140,668942,527048,,,,,,,,,,,,,,,,,,,,,,,,,641680
716360,2023-10-01,7,Bot,49,6,2,2,2,136,140,668942,527048,field_out,Groundout,"Josh Rojas grounds out, pitcher Martin Perez to first baseman Nathaniel Lowe.",T,,,,,,,,,,668942,,,T,3,Groundout,field_out,,,,,641680
716360,2023-10-01,8,Top,50,0,0,0,0,136,140,673962,663423,,,,,,,,,,,,,,,,,,,,,,,,,620443
716360,2023-10-01,8,Top,50,1,0,1,0,136,140,673962,663423,,,,,,,,,,,,,,,,,,,,,,,,,620443
716360,2023-10-01,8,Top,50,2,0,2,0,136,140,673962,663423,,,,,,,,,,,,,,,,,,,,,,,,,620443
716360,2023-10-01,8,Top,50,3,1,2,0,136,140,673962,663423,,,,,,,,,,,,,,,,,,,,,,,,,620443
716360,2023-10-01,8,Top,50,4,2,2,0,136,140,673962,663423,,,,,,,,,,,,,,,,,,,,,,,,,620443
716360,2023-10-01,8,Top,50,5,2,3,0,136,140,673962,663423,strikeout,Strikeout,Josh Jung called out on strikes.,T,,,,,,,,,,673962,,,T,1,Strikeout,strikeout,,,,,620443
716360,2023-10-01,8,Top,51,0,1,0,1,136,140,641680,663423,,,,,,,,,,,,,,,,,,,,,,,,,620443
716360,2023-10-01,8,Top,51,1,2,0,1,136,140,641680,663423,,,,,,,,,,,,,,,,,,,,,,,,,620443
716360,2023-10-01,8,Top,51,2,3,0,1,136,140,641680,663423,,,,,,,,,,,,,,,,,,,,,,,,,620443
716360,2023-10-01,8,Top,51,3,3,1,1,136,140,641680,663423,,,,,,,,,,,,,,,,,,,,,,,,,620443
716360,2023-10-01,8,Top,51,4,3,2,1,136,140,641680,663423,,,,,,,,,,,,,,,,,,,,,,,,,620443
716360,2023-10-01,8,Top,51,5,3,2,1,136,140,641680,663423,field_out,Groundout,"Jonah Heim grounds out, second baseman Josh Rojas to first baseman Ty France.",T,,,,,,,,,,641680,,,T,2,Groundout,field_out,,,,,620443
716360,2023-10-01,8,Top,52,0,1,0,2,136,140,665750,663423,,,,,,,,,,,,,,,,,,,,,,,,,620443
716360,2023-10-01,8,Top,52,1,1,0,2,136,140,665750,663423,field_out,Groundout,"Leody Taveras grounds out, second baseman Josh Rojas to first baseman Ty France.",T,,,,,,,,,,665750,,,T,3,Groundout,field_out,,,,,620443
716360,2023-10-01,8,Bot,53,0,0,0,0,136,140,664238,642546,,,,,,,,,,,,,,,,,,,,,,,,,641680
716360,2023-10-01,8,Bot,53,1,0,1,0,136,140,664238,642546,,,,,,,,,,,,,,,,,,,,,,,,,641680
716360,2023-10-01,8,Bot,53,2,1,1,0,136,140,664238,642546,,,,,,,,,,,,,,,,,,,,,,,,,641680
716360,2023-10-01,8,Bot,53,3,1,1,0,136,140,664238,642546,field_out,Flyout,Dylan Moore flies out sharply to center fielder Leody Taveras.,T,,,,,,,,,,664238,,,T,1,Flyout,field_out,,,,,641680
716360,2023-10-01,8,Bot,54,0,0,1,1,136,140,676609,642546,,,,,,,,,,,,,,,,,,,,,,,,,641680
716360,2023-10-01,8,Bot,54,1,0,2,1,136,140,676609,642546,,,,,,,,,,,,,,,,,,,,,,,,,641680
716360,2023-10-01,8,Bot,54,2,0,3,1,136,140,676609,642546,strikeout,Strikeout,Jose Caballero strikes out swinging.,T,,,,,,,,,,676609,,,T,2,Strikeout,strikeout,,,,,641680
716360,2023-10-01,8,Bot,55,0,1,0,2,136,140,620443,642546,,,,,,,,,,,,,,,,,,,,,,,,,641680
716360,2023-10-01,8,Bot,55,1,1,1,2,136,140,620443,642546,,,,,,,,,,,,,,,,,,,,,,,,,641680
716360,2023-10-01,8,Bot,55,2,2,1,2,136,140,620443,642546,,,,,,,,,,,,,,,,,,,,,,,,,641680
716360,2023-10-01,8,Bot,55,3,2,2,2,136,140,620443,642546,,,,,,,,,,,,,,,,,,,,,,,,,641680
716360,2023-10-01,8,Bot,55,4,2,3,2,136,140,620443,642546,strikeout,Strikeout,Luis Torrens strikes out swinging.,T,,,,,,,,,,620443,,,T,3,Strikeout,strikeout,,,,,641680
716360,2023-10-01,9,Top,56,0,0,0,0,136,140,694497,663462,,,,,,,,,,,,,,,,,,,,,,,,,620443
716360,2023-10-01,9,Top,56,1,0,1,0,136,140,694497,663462,,,,,,,,,,,,,,,,,,,,,,,,,620443
716360,2023-10-01,9,Top,56,2,1,1,0,136,140,694497,663462,,,,,,,,,,,,,,,,,,,,,,,,,620443
716360,2023-10-01,9,Top,56,3,1,1,0,136,140,694497,663462,single,Single,Evan Carter singles on a sharp line drive to right fielder Jarred Kelenic.,T,,,,,,,,,,694497,,1B,,,Single,single,,,,,620443
716360,2023-10-01,9,Top,57,0,1,0,0,136,140,543760,663462,,,,,,,,,,,,,,,,,,,,,,,,,620443
716360,2023-10-01,9,Top,57,1,1,1,0,136,140,543760,663462,,,,,,,,,,,,,,,,,,,,,,,,,620443
716360,2023-10-01,9,Top,57,2,2,1,0,136,140,543760,663462,,,,,,,,,,,,,,,,,,,,,,,,,620443
716360,2023-10-01,9,Top,57,3,3,1,0,136,140,543760,663462,,,,,,,,,,,,,,,,,,,,,,,,,620443
716360,2023-10-01,9,Top,57,4,3,2,0,136,140,543760,663462,,,,,,,,,,,,,,,,,,,,,,,,,620443
716360,2023-10-01,9,Top,57,5,3,3,0,136,140,543760,663462,strikeout,Strikeout,Marcus Semien strikes out swinging.,T,,,,,,,,,,543760,,,T,1,Strikeout,strikeout,,,,,620443
716360,2023-10-01,9,Top,58,0,0,0,1,136,140,608369,663462,field_out,Flyout,Corey Seager flies out to left fielder Dominic Canzone.,T,,,,,,,,,,608369,,,T,2,Flyout,field_out,,,,,620443
716360,2023-10-01,9,Top,59,0,1,0,2,136,140,641598,663462,,,,,,,,,,,,,,,,,,,,,,,,,620443
716360,2023-10-01,9,Top,59,1,2,0,2,136,140,641598,663462,,,,,,,,,,,,,,,,,,,,,,,,,620443
716360,2023-10-01,9,Top,59,2,2,0,2,136,140,641598,663462,field_out,Flyout,Mitch Garver flies out to left fielder Dominic Canzone.,T,,,,,,,,,,641598,,,T,3,Flyout,field_out,,,,,620443
716358,2023-10-01,1,Top,0,0,0,0,0,109,117,514888,669459,,,,,,,,,,,,,,,,,,,,,,,,,672515
716358,2023-10-01,1,Top,0,1,0,0,0,109,117,514888,669459,,,,,,,,,,,,,,,,,,,,,,,,,672515
716358,2023-10-01,1,Top,0,2,0,0,0,109,117,514888,669459,,,,,,,,,,,,,,,,,,,,,,,,,672515
716358,2023-10-01,1,Top,0,3,0,0,0,109,117,514888,669459,single,Single,Jose Altuve singles on a ground ball to left fielder Lourdes Gurriel Jr.,T,,,,,,,,,,514888,,1B,,,Single,single,,,,,672515
716358,2023-10-01,1,Top,1,0,0,0,0,109,117,608324,669459,home_run,Home Run,Alex Bregman homers (25) on a fly ball to left center field. Jose Altuve scores.,T,,,,,,,,,,608324,,score,,,Home Run,home_run,,T,T,T,672515
716358,2023-10-01,1,Top,2,0,1,0,0,109,117,663656,669459,,,,,,,,,,,,,,,,,,,,,,,,,672515
716358,2023-10-01,1,Top,2,1,2,0,0,109,117,663656,669459,,,,,,,,,,,,,,,,,,,,,,,,,672515
716358,2023-10-01,1,Top,2,2,2,1,0,109,117,663656,669459,,,,,,,,,,,,,,,,,,,,,,,,,672515
716358,2023-10-01,1,Top,2,3,3,1,0,109,117,663656,669459,,,,,,,,,,,,,,,,,,,,,,,,,672515
716358,2023-10-01,1,Top,2,4,3,2,0,109,117,663656,669459,,,,,,,,,,,,,,,,,,,,,,,,,672515
716358,2023-10-01,1,Top,2,5,3,3,0,109,117,663656,669459,strikeout,Strikeout,Kyle Tucker called out on strikes.,T,,,,,,,,,,663656,,,T,1,Strikeout,strikeout,,,,,672515
716358,2023-10-01,1,Top,3,0,1,0,1,109,117,670541,669459,,,,,,,,,,,,,,,,,,,,,,,,,672515
716358,2023-10-01,1,Top,3,1,2,0,1,109,117,670541,669459,,,,,,,,,,,,,,,,,,,,,,,,,672515
716358,2023-10-01,1,Top,3,2,3,0,1,109,117,670541,669459,,,,,,,,,,,,,,,,,,,,,,,,,672515
716358,2023-10-01,1,Top,3,3,4,0,1,109,117,670541,669459,walk,Walk,Yordan Alvarez walks.,T,,,,,,,,,,670541,,1B,,,Walk,walk,,,,,672515
716358,2023-10-01,1,Top,4,0,0,0,1,109,117,547989,686826,,,,,,,,,,,,,,,,,,,,,,,,,672515
716358,2023-10-01,1,Top,4,1,0,0,1,109,117,547989,686826,,,,,,,,,,,,,,,,,,,,,,,,,672515
716358,2023-10-01,1,Top,4,2,1,0,1,109,117,547989,686826,,,,,,,,,,,,,,,,,,,,,,,,,672515
716358,2023-10-01,1,Top,4,3,1,1,1,109,117,547989,686826,,,,,,,,,,,,,,,,,,,,,,,,,672515
716358,2023-10-01,1,Top,4,4,1,1,1,109,117,547989,686826,single,Single,Jose Abreu singles on a line drive to center fielder Alek Thomas. Yordan Alvarez to 2nd.,T,,,,,,,,,,547989,,1B,,,Single,single,,,,,672515
716358,2023-10-01,1,Top,5,0,1,0,1,109,117,488726,686826,,,,,,,,,,,,,,,,,,,,,,,,,672515
716358,2023-10-01,1,Top,5,1,2,0,1,109,117,488726,686826,,,,,,,,,,,,,,,,,,,,,,,,,672515
716358,2023-10-01,1,Top,5,2,2,1,1,109,117,488726,686826,,,,,,,,,,,,,,,,,,,,,,,,,672515
716358,2023-10-01,1,Top,5,3,3,1,1,109,117,488726,686826,,,,,,,,,,,,,,,,,,,,,,,,,672515
716358,2023-10-01,1,Top,5,4,3,2,1,109,117,488726,686826,,,,,,,,,,,,,,,,,,,,,,,,,672515
716358,2023-10-01,1,Top,5,5,3,2,1,109,117,488726,686826,,,,,,,,,,,,,,,,,,,,,,,,,672515
716358,2023-10-01,1,Top,5,6,3,2,1,109,117,488726,686826,,,,,,,,,,,,,,,,,,,,,,,,,672515
716358,2023-10-01,1,Top,5,7,3,2,1,109,117,488726,686826,,,,,,,,,,,,,,,,,,,,,,,,,672515
716358,2023-10-01,1,Top,5,8,3,2,1,109,117,488726,686826,fielders_choice,Fielders Choice,"Michael Brantley reaches on a fielder's choice, fielded by first baseman Emmanuel Rivera. Yordan Alvarez scores. Jose Abreu to 3rd. Throwing error by first baseman Emmanuel Rivera.",T,,,,,,,,,,547989,1B,2B,,,Error,error,r_adv_play,,,,672515
716358,2023-10-01,1,Top,6,0,1,0,1,109,117,676801,686826,,,,,,,,,,,,,,,,,,,,,,,,,672515
716358,2023-10-01,1,Top,6,1,2,0,1,109,117,676801,686826,,,,,,,,,,,,,,,,,,,,,,,,,672515
716358,2023-10-01,1,Top,6,2,2,1,1,109,117,676801,686826,,,,,,,,,,,,,,,,,,,,,,,,,672515
716358,2023-10-01,1,Top,6,3,2,2,1,109,117,676801,686826,,,,,,,,,,,,,,,,,,,,,,,,,672515
716358,2023-10-01,1,Top,6,4,2,2,1,109,117,676801,686826,,,,,,,,,,,,,,,,,,,,,,,,,672515
716358,2023-10-01,1,Top,6,5,2,2,1,109,117,676801,686826,,,,,,,,,,,,,,,,,,,,,,,,,672515
716358,2023-10-01,1,Top,6,6,2,3,1,109,117,676801,686826,strikeout,Strikeout,Chas McCormick strikes out on a foul tip.,T,,,,,,,,,,676801,,,T,2,Strikeout,strikeout,,,,,672515
716358,2023-10-01,1,Top,7,0,0,0,2,109,117,665161,686826,single,Single,Jeremy Pena singles on a sharp ground ball to right fielder Jake McCarthy. Jose Abreu scores. Michael Brantley to 2nd.,T,,,,,,,,,,665161,,1B,,,Single,single,,,,,672515
716358,2023-10-01,1,Top,8,0,0,1,2,109,117,455117,686826,,,,,,,,,,,,,,,,,,,,,,,,,672515
716358,2023-10-01,1,Top,8,1,1,1,2,109,117,455117,686826,,,,,,,,,,,,,,,,,,,,,,,,,672515
716358,2023-10-01,1,Top,8,2,2,1,2,109,117,455117,686826,,,,,,,,,,,,,,,,,,,,,,,,,672515
716358,2023-10-01,1,Top,8,3,3,1,2,109,117,455117,686826,,,,,,,,,,,,,,,,,,,,,,,,,672515
716358,2023-10-01,1,Top,8,4,3,1,2,109,117,455117,686826,field_out,Flyout,Martin Maldonado flies out to left fielder Lourdes Gurriel Jr.,T,,,,,,,,,,455117,,,T,3,Flyout,field_out,,,,,672515
716358,2023-10-01,1,Bot,9,0,1,0,0,109,117,691783,664299,,,,,,,,,,,,,,,,,,,,,,,,,455117
716358,2023-10-01,1,Bot,9,1,1,1,0,109,117,691783,664299,,,,,,,,,,,,,,,,,,,,,,,,,455117
716358,2023-10-01,1,Bot,9,2,2,1,0,109,117,691783,664299,,,,,,,,,,,,,,,,,,,,,,,,,455117
716358,2023-10-01,1,Bot,9,3,2,1,0,109,117,691783,664299,field_out,Lineout,Jordan Lawlar lines out to center fielder Chas McCormick.,T,,,,,,,,,,691783,,,T,1,Lineout,field_out,,,,,455117
716358,2023-10-01,1,Bot,10,0,0,1,1,109,117,664983,664299,,,,,,,,,,,,,,,,,,,,,,,,,455117
716358,2023-10-01,1,Bot,10,1,0,2,1,109,117,664983,664299,,,,,,,,,,,,,,,,,,,,,,,,,455117
716358,2023-10-01,1,Bot,10,2,0,2,1,109,117,664983,664299,field_out,Flyout,Jake McCarthy flies out to center fielder Chas McCormick.,T,,,,,,,,,,664983,,,T,2,Flyout,field_out,,,,,455117
716358,2023-10-01,1,Bot,11,0,1,0,2,109,117,666971,664299,,,,,,,,,,,,,,,,,,,,,,,,,455117
716358,2023-10-01,1,Bot,11,1,1,1,2,109,117,666971,664299,,,,,,,,,,,,,,,,,,,,,,,,,455117
716358,2023-10-01,1,Bot,11,2,1,2,2,109,117,666971,664299,,,,,,,,,,,,,,,,,,,,,,,,,455117
716358,2023-10-01,1,Bot,11,3,2,2,2,109,117,666971,664299,,,,,,,,,,,,,,,,,,,,,,,,,455117
716358,2023-10-01,1,Bot,11,4,2,2,2,109,117,666971,664299,field_out,Lineout,Lourdes Gurriel Jr. lines out to center fielder Chas McCormick.,T,,,,,,,,,,666971,,,T,3,Lineout,field_out,,,,,455117
716358,2023-10-01,2,Top,12,0,0,0,0,109,117,514888,686826,,,,,,,,,,,,,,,,,,,,,,,,,672515
716358,2023-10-01,2,Top,12,1,0,1,0,109,117,514888,686826,,,,,,,,,,,,,,,,,,,,,,,,,672515
716358,2023-10-01,2,Top,12,2,1,1,0,109,117,514888,686826,,,,,,,,,,,,,,,,,,,,,,,,,672515
716358,2023-10-01,2,Top,12,3,1,1,0,109,117,514888,686826,field_out,Flyout,Jose Altuve flies out to right fielder Jake McCarthy.,T,,,,,,,,,,514888,,,T,1,Flyout,field_out,,,,,672515
716358,2023-10-01,2,Top,13,0,0,0,1,109,117,608324,686826,triple,Triple,Alex Bregman triples (4) on a sharp fly ball to center fielder Alek Thomas.,T,,,,,,,,,,608324,,3B,,,Triple,triple,,,,,672515
716358,2023-10-01,2,Top,14,0,0,1,1,109,117,663656,686826,,,,,,,,,,,,,,,,,,,,,,,,,672515
716358,2023-10-01,2,Top,14,1,1,1,1,109,117,663656,686826,,,,,,,,,,,,,,,,,,,,,,,,,672515
716358,2023-10-01,2,Top,14,2,1,2,1,109,117,663656,686826,,,,,,,,,,,,,,,,,,,,,,,,,672515
716358,2023-10-01,2,Top,14,3,2,2,1,109,117,663656,686826,,,,,,,,,,,,,,,,,,,,,,,,,672515
716358,2023-10-01,2,Top,14,4,2,2,1,109,117,663656,686826,sac_fly,Sac Fly,Kyle Tucker out on a sacrifice fly to right fielder Jake McCarthy. Alex Bregman scores.,T,,,,,,,,,,663656,,,T,2,Sac Fly,sac_fly,,,,,672515
716358,2023-10-01,2,Top,15,0,1,0,2,109,117,670541,686826,,,,,,,,,,,,,,,,,,,,,,,,,672515
716358,2023-10-01,2,Top,15,1,2,0,2,109,117,670541,686826,,,,,,,,,,,,,,,,,,,,,,,,,672515
716358,2023-10-01,2,Top,15,2,2,0,2,109,117,670541,686826,single,Single,"Yordan Alvarez singles on a ground ball to center fielder Alek Thomas, deflected by shortstop Jordan Lawlar.",T,,,,,,,,,,670541,,1B,,,Single,single,,,,,672515
716358,2023-10-01,2,Top,16,0,0,1,2,109,117,547989,686826,,,,,,,,,,,,,,,,,,,,,,,,,672515
716358,2023-10-01,2,Top,16,1,0,2,2,109,117,547989,686826,,,,,,,,,,,,,,,,,,,,,,,,,672515
716358,2023-10-01,2,Top,16,2,0,2,2,109,117,547989,686826,,,,,,,,,,,,,,,,,,,,,,,,,672515
716358,2023-10-01,2,Top,16,3,0,3,2,109,117,547989,686826,strikeout,Strikeout,Jose Abreu strikes out swinging.,T,,,,,,,,,,547989,,,T,3,Strikeout,strikeout,,,,,672515
716358,2023-10-01,2,Bot,17,0,1,0,0,109,117,446334,664299,,,,,,,,,,,,,,,,,,,,,,,,,455117
716358,2023-10-01,2,Bot,17,1,1,0,0,109,117,446334,664299,field_out,Lineout,Evan Longoria lines out to center fielder Chas McCormick.,T,,,,,,,,,,446334,,,T,1,Lineout,field_out,,,,,455117
716358,2023-10-01,2,Bot,18,0,1,0,1,109,117,677950,664299,,,,,,,,,,,,,,,,,,,,,,,,,455117
716358,2023-10-01,2,Bot,18,1,2,0,1,109,117,677950,664299,,,,,,,,,,,,,,,,,,,,,,,,,455117
716358,2023-10-01,2,Bot,18,2,2,1,1,109,117,677950,664299,,,,,,,,,,,,,,,,,,,,,,,,,455117
716358,2023-10-01,2,Bot,18,3,2,2,1,109,117,677950,664299,,,,,,,,,,,,,,,,,,,,,,,,,455117
716358,2023-10-01,2,Bot,18,4,2,2,1,109,117,677950,664299,,,,,,,,,,,,,,,,,,,,,,,,,455117
716358,2023-10-01,2,Bot,18,5,2,2,1,109,117,677950,664299,single,Single,Alek Thomas singles on a line drive to right fielder Kyle Tucker.,T,,,,,,,,,,677950,,1B,,,Single,single,,,,,455117
716358,2023-10-01,2,Bot,19,0,1,0,1,109,117,656896,664299,,,,,,,,,,,,,,,,,,,,,,,,,455117
716358,2023-10-01,2,Bot,19,1,2,0,1,109,117,656896,664299,,,,,,,,,,,,,,,,,,,,,,,,,455117
716358,2023-10-01,2,Bot,19,2,2,0,1,109,117,656896,664299,field_out,Flyout,Emmanuel Rivera flies out to right fielder Kyle Tucker.,T,,,,,,,,,,656896,,,T,2,Flyout,field_out,,,,,455117
716358,2023-10-01,2,Bot,20,0,0,1,2,109,117,607054,664299,,,,,,,,,,,,,,,,,,,,,,,,,455117
716358,2023-10-01,2,Bot,20,1,1,1,2,109,117,607054,664299,,,,,,,,,,,,,,,,,,,,,,,,,455117
716358,2023-10-01,2,Bot,20,2,1,1,2,109,117,607054,664299,field_out,Flyout,Jace Peterson flies out to right fielder Kyle Tucker.,T,,,,,,,,,,607054,,,T,3,Flyout,field_out,,,,,455117
716358,2023-10-01,3,Top,21,0,0,1,0,109,117,488726,686826,,,,,,,,,,,,,,,,,,,,,,,,,672515
716358,2023-10-01,3,Top,21,1,0,1,0,109,117,488726,686826,field_out,Pop Out,Michael Brantley pops out softly to third baseman Jace Peterson.,T,,,,,,,,,,488726,,,T,1,Pop Out,field_out,,,,,672515
716358,2023-10-01,3,Top,22,0,0,0,1,109,117,676801,686826,field_out,Groundout,"Chas McCormick grounds out, shortstop Jordan Lawlar to first baseman Emmanuel Rivera.",T,,,,,,,,,,676801,,,T,2,Groundout,field_out,,,,,672515
716358,2023-10-01,3,Top,23,0,1,0,2,109,117,665161,686826,,,,,,,,,,,,,,,,,,,,,,,,,672515
716358,2023-10-01,3,Top,23,1,2,0,2,109,117,665161,686826,,,,,,,,,,,,,,,,,,,,,,,,,672515
716358,2023-10-01,3,Top,23,2,2,1,2,109,117,665161,686826,,,,,,,,,,,,,,,,,,,,,,,,,672515
716358,2023-10-01,3,Top,23,3,2,2,2,109,117,665161,686826,,,,,,,,,,,,,,,,,,,,,,,,,672515
716358,2023-10-01,3,Top,23,4,2,2,2,109,117,665161,686826,,,,,,,,,,,,,,,,,,,,,,,,,672515
716358,2023-10-01,3,Top,23,5,3,2,2,109,117,665161,686826,,,,,,,,,,,,,,,,,,,,,,,,,672515
716358,2023-10-01,3,Top,23,6,3,3,2,109,117,665161,686826,strikeout,Strikeout,Jeremy Pena called out on strikes.,T,,,,,,,,,,665161,,,T,3,Strikeout,strikeout,,,,,672515
716358,2023-10-01,3,Bot,24,0,0,1,0,109,117,664874,664299,,,,,,,,,,,,,,,,,,,,,,,,,455117
716358,2023-10-01,3,Bot,24,1,1,1,0,109,117,664874,664299,,,,,,,,,,,,,,,,,,,,,,,,,455117
716358,2023-10-01,3,Bot,24,2,2,1,0,109,117,664874,664299,,,,,,,,,,,,,,,,,,,,,,,,,455117
716358,2023-10-01,3,Bot,24,3,2,1,0,109,117,664874,664299,double,Double,Seby Zavala doubles (4) on a sharp line drive to center fielder Chas McCormick.,T,,,,,,,,,,664874,,2B,,,Double,double,,,,,455117
716358,2023-10-01,3,Bot,25,0,0,0,0,109,117,672695,664299,field_out,Flyout,Geraldo Perdomo flies out to right fielder Kyle Tucker.,T,,,,,,,,,,672695,,,T,1,Flyout,field_out,,,,,455117
716358,2023-10-01,3,Bot,26,0,1,0,1,109,117,691783,664299,,,,,,,,,,,,,,,,,,,,,,,,,455117
716358,2023-10-01,3,Bot,26,1,1,1,1,109,117,691783,664299,,,,,,,,,,,,,,,,,,,,,,,,,455117
716358,2023-10-01,3,Bot,26,2,1,2,1,109,117,691783,664299,,,,,,,,,,,,,,,,,,,,,,,,,455117
716358,2023-10-01,3,Bot,26,3,2,2,1,109,117,691783,664299,,,,,,,,,,,,,,,,,,,,,,,,,455117
716358,2023-10-01,3,Bot,26,4,2,2,1,109,117,691783,664299,,,,,,,,,,,,,,,,,,,,,,,,,455117
716358,2023-10-01,3,Bot,26,5,2,2,1,109,117,691783,664299,field_out,Pop Out,Jordan Lawlar pops out to first baseman Jose Abreu in foul territory.,T,,,,,,,,,,691783,,,T,2,Pop Out,field_out,,,,,455117
716358,2023-10-01,3,Bot,27,0,0,0,2,109,117,664983,664299,field_out,Groundout,Jake McCarthy grounds out to first baseman Jose Abreu.,T,,,,,,,,,,664983,,,T,3,Groundout,field_out,,,,,455117
716358,2023-10-01,4,Top,28,0,0,0,0,109,117,455117,679885,,,,,,,,,,,,,,,,,,,,,,,,,672515
716358,2023-10-01,4,Top,28,1,0,1,0,109,117,455117,679885,,,,,,,,,,,,,,,,,,,,,,,,,672515
716358,2023-10-01,4,Top,28,2,0,1,0,109,117,455117,679885,,,,,,,,,,,,,,,,,,,,,,,,,672515
716358,2023-10-01,4,Top,28,3,0,1,0,109,117,455117,679885,field_out,Flyout,Martin Maldonado flies out sharply to left fielder Lourdes Gurriel Jr.,T,,,,,,,,,,455117,,,T,1,Flyout,field_out,,,,,672515
716358,2023-10-01,4,Top,29,0,1,0,1,109,117,514888,679885,,,,,,,,,,,,,,,,,,,,,,,,,672515
716358,2023-10-01,4,Top,29,1,2,0,1,109,117,514888,679885,,,,,,,,,,,,,,,,,,,,,,,,,672515
716358,2023-10-01,4,Top,29,2,3,0,1,109,117,514888,679885,,,,,,,,,,,,,,,,,,,,,,,,,672515
716358,2023-10-01,4,Top,29,3,3,1,1,109,117,514888,679885,,,,,,,,,,,,,,,,,,,,,,,,,672515
716358,2023-10-01,4,Top,29,4,3,2,1,109,117,514888,679885,,,,,,,,,,,,,,,,,,,,,,,,,672515
716358,2023-10-01,4,Top,29,5,3,3,1,109,117,514888,679885,strikeout,Strikeout,Jose Altuve called out on strikes.,T,,,,,,,,,,514888,,,T,2,Strikeout,strikeout,,,,,672515
716358,2023-10-01,4,Top,30,0,0,1,2,109,117,608324,679885,,,,,,,,,,,,,,,,,,,,,,,,,672515
716358,2023-10-01,4,Top,30,1,1,1,2,109,117,608324,679885,,,,,,,,,,,,,,,,,,,,,,,,,672515
716358,2023-10-01,4,Top,30,2,1,2,2,109,117,608324,679885,,,,,,,,,,,,,,,,,,,,,,,,,672515
716358,2023-10-01,4,Top,30,3,2,2,2,109,117,608324,679885,,,,,,,,,,,,,,,,,,,,,,,,,672515
716358,2023-10-01,4,Top,30,4,2,2,2,109,117,608324,679885,,,,,,,,,,,,,,,,,,,,,,,,,672515
716358,2023-10-01,4,Top,30,5,3,2,2,109,117,608324,679885,,,,,,,,,,,,,,,,,,,,,,,,,672515
716358,2023-10-01,4,Top,30,6,3,2,2,109,117,608324,679885,,,,,,,,,,,,,,,,,,,,,,,,,672515
716358,2023-10-01,4,Top,30,7,3,2,2,109,117,608324,679885,field_out,Flyout,Alex Bregman flies out to shortstop Jordan Lawlar.,T,,,,,,,,,,608324,,,T,3,Flyout,field_out,,,,,672515
716358,2023-10-01,4,Bot,31,0,0,1,0,109,117,666971,664299,,,,,,,,,,,,,,,,,,,,,,,,,455117
716358,2023-10-01,4,Bot,31,1,0,2,0,109,117,666971,664299,,,,,,,,,,,,,,,,,,,,,,,,,455117
716358,2023-10-01,4,Bot,31,2,0,3,0,109,117,666971,664299,strikeout,Strikeout,Lourdes Gurriel Jr. strikes out swinging.,T,,,,,,,,,,666971,,,T,1,Strikeout,strikeout,,,,,455117
716358,2023-10-01,4,Bot,32,0,1,0,1,109,117,446334,664299,,,,,,,,,,,,,,,,,,,,,,,,,455117
716358,2023-10-01,4,Bot,32,1,2,0,1,109,117,446334,664299,,,,,,,,,,,,,,,,,,,,,,,,,455117
716358,2023-10-01,4,Bot,32,2,3,0,1,109,117,446334,664299,,,,,,,,,,,,,,,,,,,,,,,,,455117
716358,2023-10-01,4,Bot,32,3,3,1,1,109,117,446334,664299,,,,,,,,,,,,,,,,,,,,,,,,,455117
716358,2023-10-01,4,Bot,32,4,4,1,1,109,117,446334,664299,walk,Walk,Evan Longoria walks.,T,,,,,,,,,,446334,,1B,,,Walk,walk,,,,,455117
716358,2023-10-01,4,Bot,33,0,0,1,1,109,117,677950,664299,,,,,,,,,,,,,,,,,,,,,,,,,455117
716358,2023-10-01,4,Bot,33,1,0,1,1,109,117,677950,664299,grounded_into_double_play,Grounded Into DP,"Alek Thomas grounds into a double play, second baseman Jose Altuve to shortstop Jeremy Pena to first baseman Jose Abreu. Evan Longoria out at 2nd. Alek Thomas out at 1st.",T,,,,,,,,,,446334,1B,,T,2,Grounded Into DP,grounded_into_double_play,r_force_out,,,,455117
716358,2023-10-01,5,Top,34,0,1,0,0,109,117,663656,679885,,,,,,,,,,,,,,,,,,,,,,,,,672515
716358,2023-10-01,5,Top,34,1,1,1,0,109,117,663656,679885,,,,,,,,,,,,,,,,,,,,,,,,,672515
716358,2023-10-01,5,Top,34,2,1,1,0,109,117,663656,679885,triple,Triple,Kyle Tucker triples (5) on a sharp line drive to right fielder Jake McCarthy. Kyle Tucker scores.,T,,,,,,,,,,663656,,score,,,Triple,triple,,T,,T,672515
716358,2023-10-01,5,Top,35,0,0,1,0,109,117,670541,679885,,,,,,,,,,,,,,,,,,,,,,,,,672515
716358,2023-10-01,5,Top,35,1,1,1,0,109,117,670541,679885,,,,,,,,,,,,,,,,,,,,,,,,,672515
716358,2023-10-01,5,Top,35,2,1,2,0,109,117,670541,679885,,,,,,,,,,,,,,,,,,,,,,,,,672515
716358,2023-10-01,5,Top,35,3,1,2,0,109,117,670541,679885,field_out,Flyout,Yordan Alvarez flies out to center fielder Alek Thomas.,T,,,,,,,,,,670541,,,T,1,Flyout,field_out,,,,,672515
716358,2023-10-01,5,Top,36,0,1,0,1,109,117,547989,679885,,,,,,,,,,,,,,,,,,,,,,,,,672515
716358,2023-10-01,5,Top,36,1,1,0,1,109,117,547989,679885,field_out,Groundout,Jose Abreu grounds out to first baseman Emmanuel Rivera.,T,,,,,,,,,,547989,,,T,2,Groundout,field_out,,,,,672515
716358,2023-10-01,5,Top,37,0,1,0,2,109,117,488726,679885,,,,,,,,,,,,,,,,,,,,,,,,,672515
716358,2023-10-01,5,Top,37,1,2,0,2,109,117,488726,679885,,,,,,,,,,,,,,,,,,,,,,,,,672515
716358,2023-10-01,5,Top,37,2,2,1,2,109,117,488726,679885,,,,,,,,,,,,,,,,,,,,,,,,,672515
716358,2023-10-01,5,Top,37,3,3,1,2,109,117,488726,679885,,,,,,,,,,,,,,,,,,,,,,,,,672515
716358,2023-10-01,5,Top,37,4,4,1,2,109,117,488726,679885,walk,Walk,Michael Brantley walks.,T,,,,,,,,,,488726,,1B,,,Walk,walk,,,,,672515
716358,2023-10-01,5,Top,38,0,1,0,2,109,117,676801,679885,,,,,,,,,,,,,,,,,,,,,,,,,672515
716358,2023-10-01,5,Top,38,1,2,0,2,109,117,676801,679885,,,,,,,,,,,,,,,,,,,,,,,,,672515
716358,2023-10-01,5,Top,38,2,2,0,2,109,117,676801,679885,,,,,,,,,,,,,,,,,,,,,,,,,672515
716358,2023-10-01,5,Top,38,3,3,0,2,109,117,676801,679885,,,,,,,,,,,,,,,,,,,,,,,,,672515
716358,2023-10-01,5,Top,38,4,3,1,2,109,117,676801,679885,,,,,,,,,,,,,,,,,,,,,,,,,672515
716358,2023-10-01,5,Top,38,5,3,1,2,109,117,676801,679885,field_out,Groundout,"Chas McCormick grounds out, shortstop Jordan Lawlar to first baseman Emmanuel Rivera.",T,,,,,,,,,,676801,,,T,3,Groundout,field_out,,,,,672515
716358,2023-10-01,5,Bot,39,0,0,1,0,109,117,656896,664299,,,,,,,,,,,,,,,,,,,,,,,,,455117
716358,2023-10-01,5,Bot,39,1,0,1,0,109,117,656896,664299,field_out,Groundout,"Emmanuel Rivera grounds out, shortstop Jeremy Pena to first baseman Jose Abreu.",T,,,,,,,,,,656896,,,T,1,Groundout,field_out,,,,,455117
716358,2023-10-01,5,Bot,40,0,0,1,1,109,117,607054,664299,,,,,,,,,,,,,,,,,,,,,,,,,455117
716358,2023-10-01,5,Bot,40,1,0,2,1,109,117,607054,664299,,,,,,,,,,,,,,,,,,,,,,,,,455117
716358,2023-10-01,5,Bot,40,2,1,2,1,109,117,607054,664299,,,,,,,,,,,,,,,,,,,,,,,,,455117
716358,2023-10-01,5,Bot,40,3,2,2,1,109,117,607054,664299,,,,,,,,,,,,,,,,,,,,,,,,,455117
716358,2023-10-01,5,Bot,40,4,2,2,1,109,117,607054,664299,,,,,,,,,,,,,,,,,,,,,,,,,455117
716358,2023-10-01,5,Bot,40,5,3,2,1,109,117,607054,664299,,,,,,,,,,,,,,,,,,,,,,,,,455117
716358,2023-10-01,5,Bot,40,6,4,2,1,109,117,607054,664299,walk,Walk,Jace Peterson walks.,T,,,,,,,,,,607054,,1B,,,Walk,walk,,,,,455117
716358,2023-10-01,5,Bot,41,0,0,1,1,109,117,664874,664299,,,,,,,,,,,,,,,,,,,,,,,,,455117
716358,2023-10-01,5,Bot,41,1,0,2,1,109,117,664874,664299,,,,,,,,,,,,,,,,,,,,,,,,,455117
716358,2023-10-01,5,Bot,41,2,1,2,1,109,117,664874,664299,,,,,,,,,,,,,,,,,,,,,,,,,455117
716358,2023-10-01,5,Bot,41,3,1,3,1,109,117,664874,664299,strikeout,Strikeout,Seby Zavala strikes out swinging.,T,,,,,,,,,,664874,,,T,2,Strikeout,strikeout,,,,,455117
716358,2023-10-01,5,Bot,42,0,0,1,2,109,117,672695,664299,,,,,,,,,,,,,,,,,,,,,,,,,455117
716358,2023-10-01,5,Bot,42,1,0,1,2,109,117,672695,664299,field_out,Flyout,Geraldo Perdomo flies out to center fielder Chas McCormick.,T,,,,,,,,,,672695,,,T,3,Flyout,field_out,,,,,455117
716358,2023-10-01,6,Top,43,0,0,0,0,109,117,665161,612434,,,,,,,,,,,,,,,,,,,,,,,,,672515
716358,2023-10-01,6,Top,43,1,0,1,0,109,117,665161,612434,,,,,,,,,,,,,,,,,,,,,,,,,672515
716358,2023-10-01,6,Top,43,2,1,1,0,109,117,665161,612434,,,,,,,,,,,,,,,,,,,,,,,,,672515
716358,2023-10-01,6,Top,43,3,2,1,0,109,117,665161,612434,,,,,,,,,,,,,,,,,,,,,,,,,672515
716358,2023-10-01,6,Top,43,4,3,1,0,109,117,665161,612434,,,,,,,,,,,,,,,,,,,,,,,,,672515
716358,2023-10-01,6,Top,43,5,4,1,0,109,117,665161,612434,walk,Walk,Jeremy Pena walks.,T,,,,,,,,,,665161,,1B,,,Walk,walk,,,,,672515
716358,2023-10-01,6,Top,44,0,0,1,0,109,117,455117,612434,,,,,,,,,,,,,,,,,,,,,,,,,672515
716358,2023-10-01,6,Top,44,1,0,2,0,109,117,455117,612434,,,,,,,,,,,,,,,,,,,,,,,,,672515
716358,2023-10-01,6,Top,44,2,1,2,0,109,117,455117,612434,,,,,,,,,,,,,,,,,,,,,,,,,672515
716358,2023-10-01,6,Top,44,3,1,3,0,109,117,455117,612434,strikeout,Strikeout,Martin Maldonado strikes out swinging.,T,,,,,,,,,,455117,,,T,1,Strikeout,strikeout,,,,,672515
716358,2023-10-01,6,Top,45,0,0,1,1,109,117,514888,612434,,,,,,,,,,,,,,,,,,,,,,,,,672515
716358,2023-10-01,6,Top,45,1,1,1,1,109,117,514888,612434,,,,,,,,,,,,,,,,,,,,,,,,,672515
716358,2023-10-01,6,Top,45,2,1,2,1,109,117,514888,612434,,,,,,,,,,,,,,,,,,,,,,,,,672515
716358,2023-10-01,6,Top,45,3,1,2,1,109,117,514888,612434,,,,,,,,,,,,,,,,,,,,,,,,,672515
716358,2023-10-01,6,Top,45,4,1,2,1,109,117,514888,612434,field_out,Groundout,"Jose Altuve grounds out, third baseman Jace Peterson to first baseman Emmanuel Rivera. Jeremy Pena to 2nd.",T,,,,,,,,,,514888,,,T,2,Groundout,field_out,,,,,672515
716358,2023-10-01,6,Top,46,0,0,1,2,109,117,608324,612434,,,,,,,,,,,,,,,,,,,,,,,,,672515
716358,2023-10-01,6,Top,46,1,0,2,2,109,117,608324,612434,,,,,,,,,,,,,,,,,,,,,,,,,672515
716358,2023-10-01,6,Top,46,2,0,2,2,109,117,608324,612434,,,,,,,,,,,,,,,,,,,,,,,,,672515
716358,2023-10-01,6,Top,46,3,1,2,2,109,117,608324,612434,,,,,,,,,,,,,,,,,,,,,,,,,672515
716358,2023-10-01,6,Top,46,4,2,2,2,109,117,608324,612434,,,,,,,,,,,,,,,,,,,,,,,,,672515
716358,2023-10-01,6,Top,46,5,2,2,2,109,117,608324,612434,field_out,Groundout,"Alex Bregman grounds out, second baseman Geraldo Perdomo to first baseman Emmanuel Rivera.",T,,,,,,,,,,608324,,,T,3,Groundout,field_out,,,,,672515
716358,2023-10-01,6,Bot,47,0,0,1,0,109,117,691783,664299,,,,,,,,,,,,,,,,,,,,,,,,,455117
716358,2023-10-01,6,Bot,47,1,0,1,0,109,117,691783,664299,field_out,Flyout,Jordan Lawlar flies out to left fielder Michael Brantley.,T,,,,,,,,,,691783,,,T,1,Flyout,field_out,,,,,455117
716358,2023-10-01,6,Bot,48,0,0,1,1,109,117,664983,664299,,,,,,,,,,,,,,,,,,,,,,,,,455117
716358,2023-10-01,6,Bot,48,1,0,2,1,109,117,664983,664299,,,,,,,,,,,,,,,,,,,,,,,,,455117
716358,2023-10-01,6,Bot,48,2,1,2,1,109,117,664983,664299,,,,,,,,,,,,,,,,,,,,,,,,,455117
716358,2023-10-01,6,Bot,48,3,1,3,1,109,117,664983,664299,strikeout,Strikeout,Jake McCarthy strikes out on a foul tip.,T,,,,,,,,,,664983,,,T,2,Strikeout,strikeout,,,,,455117
716358,2023-10-01,6,Bot,49,0,0,1,2,109,117,666971,664299,,,,,,,,,,,,,,,,,,,,,,,,,455117
716358,2023-10-01,6,Bot,49,1,1,1,2,109,117,666971,664299,,,,,,,,,,,,,,,,,,,,,,,,,455117
716358,2023-10-01,6,Bot,49,2,2,1,2,109,117,666971,664299,,,,,,,,,,,,,,,,,,,,,,,,,455117
716358,2023-10-01,6,Bot,49,3,2,1,2,109,117,666971,664299,single,Single,Lourdes Gurriel Jr. singles on a sharp line drive to center fielder Chas McCormick.,T,,,,,,,,,,666971,,1B,,,Single,single,,,,,455117
716358,2023-10-01,6,Bot,50,0,1,0,2,109,117,446334,664299,,,,,,,,,,,,,,,,,,,,,,,,,455117
716358,2023-10-01,6,Bot,50,1,2,0,2,109,117,446334,664299,,,,,,,,,,,,,,,,,,,,,,,,,455117
716358,2023-10-01,6,Bot,50,2,2,0,2,109,117,446334,664299,,,,,,,,,,,,,,,,,,,,,,,,,455117
716358,2023-10-01,6,Bot,50,3,2,1,2,109,117,446334,664299,,,,,,,,,,,,,,,,,,,,,,,,,455117
716358,2023-10-01,6,Bot,50,4,3,1,2,109,117,446334,664299,,,,,,,,,,,,,,,,,,,,,,,,,455117
716358,2023-10-01,6,Bot,50,5,3,2,2,109,117,446334,664299,,,,,,,,,,,,,,,,,,,,,,,,,455117
716358,2023-10-01,6,Bot,50,6,3,2,2,109,117,446334,664299,,,,,,,,,,,,,,,,,,,,,,,,,455117
716358,2023-10-01,6,Bot,50,7,3,3,2,109,117,446334,664299,strikeout,Strikeout,Evan Longoria called out on strikes.,T,,,,,,,,,,446334,,,T,3,Strikeout,strikeout,,,,,455117
716358,2023-10-01,7,Top,51,0,0,0,0,109,117,663656,666818,,,,,,,,,,,,,,,,,,,,,,,,,672515
716358,2023-10-01,7,Top,51,1,1,0,0,109,117,663656,666818,,,,,,,,,,,,,,,,,,,,,,,,,672515
716358,2023-10-01,7,Top,51,2,1,1,0,109,117,663656,666818,,,,,,,,,,,,,,,,,,,,,,,,,672515
716358,2023-10-01,7,Top,51,3,1,1,0,109,117,663656,666818,double,Double,Kyle Tucker hits a ground-rule double (37) on a line drive to right field.,T,,,,,,,,,,663656,,2B,,,Double,double,,,,,672515
716358,2023-10-01,7,Top,52,0,0,0,0,109,117,670541,666818,field_out,Flyout,Yordan Alvarez flies out to center fielder Alek Thomas.,T,,,,,,,,,,670541,,,T,1,Flyout,field_out,,,,,672515
716358,2023-10-01,7,Top,53,0,0,1,1,109,117,547989,666818,,,,,,,,,,,,,,,,,,,,,,,,,672515
716358,2023-10-01,7,Top,53,1,1,1,1,109,117,547989,666818,,,,,,,,,,,,,,,,,,,,,,,,,672515
716358,2023-10-01,7,Top,53,2,1,2,1,109,117,547989,666818,,,,,,,,,,,,,,,,,,,,,,,,,672515
716358,2023-10-01,7,Top,53,3,1,2,1,109,117,547989,666818,,,,,,,,,,,,,,,,,,,,,,,,,672515
716358,2023-10-01,7,Top,53,4,1,2,1,109,117,547989,666818,,,,,,,,,,,,,,,,,,,,,,,,,672515
716358,2023-10-01,7,Top,53,5,1,2,1,109,117,547989,666818,home_run,Home Run,Jose Abreu homers (18) on a fly ball to left center field. Kyle Tucker scores.,T,,,,,,,,,,547989,,score,,,Home Run,home_run,,T,T,T,672515
716358,2023-10-01,7,Top,54,0,0,1,1,109,117,488726,666818,,,,,,,,,,,,,,,,,,,,,,,,,672515
716358,2023-10-01,7,Top,54,1,0,2,1,109,117,488726,666818,,,,,,,,,,,,,,,,,,,,,,,,,672515
716358,2023-10-01,7,Top,54,2,1,2,1,109,117,488726,666818,,,,,,,,,,,,,,,,,,,,,,,,,672515
716358,2023-10-01,7,Top,54,3,1,2,1,109,117,488726,666818,,,,,,,,,,,,,,,,,,,,,,,,,672515
716358,2023-10-01,7,Top,54,4,1,2,1,109,117,488726,666818,,,,,,,,,,,,,,,,,,,,,,,,,672515
716358,2023-10-01,7,Top,54,5,2,2,1,109,117,488726,666818,,,,,,,,,,,,,,,,,,,,,,,,,672515
716358,2023-10-01,7,Top,54,6,2,2,1,109,117,488726,666818,,,,,,,,,,,,,,,,,,,,,,,,,672515
716358,2023-10-01,7,Top,54,7,2,2,1,109,117,488726,666818,field_out,Flyout,Michael Brantley flies out to left fielder Lourdes Gurriel Jr.,T,,,,,,,,,,488726,,,T,2,Flyout,field_out,,,,,672515
716358,2023-10-01,7,Top,55,0,0,1,2,109,117,676801,666818,,,,,,,,,,,,,,,,,,,,,,,,,672515
716358,2023-10-01,7,Top,55,1,1,1,2,109,117,676801,666818,,,,,,,,,,,,,,,,,,,,,,,,,672515
716358,2023-10-01,7,Top,55,2,1,2,2,109,117,676801,666818,,,,,,,,,,,,,,,,,,,,,,,,,672515
716358,2023-10-01,7,Top,55,3,1,2,2,109,117,676801,666818,,,,,,,,,,,,,,,,,,,,,,,,,672515
716358,2023-10-01,7,Top,55,4,1,3,2,109,117,676801,666818,strikeout,Strikeout,Chas McCormick called out on strikes.,T,,,,,,,,,,676801,,,T,3,Strikeout,strikeout,,,,,672515
716358,2023-10-01,7,Bot,56,0,0,0,0,109,117,677950,656986,,,,,,,,,,,,,,,,,,,,,,,,,455117
716358,2023-10-01,7,Bot,56,1,0,0,0,109,117,677950,656986,,,,,,,,,,,,,,,,,,,,,,,,,455117
716358,2023-10-01,7,Bot,56,2,0,0,0,109,117,677950,656986,,,,,,,,,,,,,,,,,,,,,,,,,455117
716358,2023-10-01,7,Bot,56,3,0,0,0,109,117,677950,656986,field_out,Flyout,Alek Thomas flies out to left fielder Chas McCormick.,T,,,,,,,,,,677950,,,T,1,Flyout,field_out,,,,,455117
716358,2023-10-01,7,Bot,57,0,1,0,1,109,117,656896,656986,,,,,,,,,,,,,,,,,,,,,,,,,455117
716358,2023-10-01,7,Bot,57,1,2,0,1,109,117,656896,656986,,,,,,,,,,,,,,,,,,,,,,,,,455117
716358,2023-10-01,7,Bot,57,2,2,1,1,109,117,656896,656986,,,,,,,,,,,,,,,,,,,,,,,,,455117
716358,2023-10-01,7,Bot,57,3,3,1,1,109,117,656896,656986,,,,,,,,,,,,,,,,,,,,,,,,,455117
716358,2023-10-01,7,Bot,57,4,3,1,1,109,117,656896,656986,single,Single,Emmanuel Rivera singles on a ground ball to right fielder Kyle Tucker.,T,,,,,,,,,,656896,,1B,,,Single,single,,,,,455117
716358,2023-10-01,7,Bot,58,0,0,1,1,109,117,607054,656986,,,,,,,,,,,,,,,,,,,,,,,,,455117
716358,2023-10-01,7,Bot,58,1,0,2,1,109,117,607054,656986,,,,,,,,,,,,,,,,,,,,,,,,,455117
716358,2023-10-01,7,Bot,58,2,0,3,1,109,117,607054,656986,strikeout,Strikeout,Jace Peterson strikes out swinging.,T,,,,,,,,,,607054,,,T,2,Strikeout,strikeout,,,,,455117
716358,2023-10-01,7,Bot,59,0,1,0,2,109,117,664874,656986,,,,,,,,,,,,,,,,,,,,,,,,,455117
716358,2023-10-01,7,Bot,59,1,1,1,2,109,117,664874,656986,,,,,,,,,,,,,,,,,,,,,,,,,455117
716358,2023-10-01,7,Bot,59,2,1,2,2,109,117,664874,656986,,,,,,,,,,,,,,,,,,,,,,,,,455117
716358,2023-10-01,7,Bot,59,3,1,2,2,109,117,664874,656986,,,,,,,,,,,,,,,,,,,,,,,,,455117
716358,2023-10-01,7,Bot,59,4,2,2,2,109,117,664874,656986,,,,,,,,,,,,,,,,,,,,,,,,,455117
716358,2023-10-01,7,Bot,59,5,2,2,2,109,117,664874,656986,field_out,Pop Out,Seby Zavala pops out to shortstop Jeremy Pena.,T,,,,,,,,,,664874,,,T,3,Pop Out,field_out,,,,,455117
716358,2023-10-01,8,Top,60,0,0,1,0,109,117,665161,666818,,,,,,,,,,,,,,,,,,,,,,,,,672515
716358,2023-10-01,8,Top,60,1,0,1,0,109,117,665161,666818,field_out,Flyout,Jeremy Pena flies out to center fielder Alek Thomas.,T,,,,,,,,,,665161,,,T,1,Flyout,field_out,,,,,672515
716358,2023-10-01,8,Top,61,0,0,0,1,109,117,673237,666818,,,,,,,,,,,,,,,,,,,,,,,,,672515
716358,2023-10-01,8,Top,61,1,0,1,1,109,117,673237,666818,,,,,,,,,,,,,,,,,,,,,,,,,672515
716358,2023-10-01,8,Top,61,2,0,2,1,109,117,673237,666818,,,,,,,,,,,,,,,,,,,,,,,,,672515
716358,2023-10-01,8,Top,61,3,0,3,1,109,117,673237,666818,strikeout,Strikeout,Yainer Diaz strikes out swinging.,T,,,,,,,,,,673237,,,T,2,Strikeout,strikeout,,,,,672515
716358,2023-10-01,8,Top,62,0,0,0,2,109,117,666197,666818,,,,,,,,,,,,,,,,,,,,,,,,,672515
716358,2023-10-01,8,Top,62,1,0,0,2,109,117,666197,666818,field_out,Groundout,"Grae Kessinger grounds out, shortstop Jordan Lawlar to first baseman Emmanuel Rivera.",T,,,,,,,,,,666197,,,T,3,Groundout,field_out,,,,,672515
716358,2023-10-01,8,Bot,63,0,0,0,0,109,117,672695,606160,,,,,,,,,,,,,,,,,,,,,,,,,455117
716358,2023-10-01,8,Bot,63,1,0,0,0,109,117,672695,606160,,,,,,,,,,,,,,,,,,,,,,,,,455117
716358,2023-10-01,8,Bot,63,2,0,0,0,109,117,672695,606160,,,,,,,,,,,,,,,,,,,,,,,,,455117
716358,2023-10-01,8,Bot,63,3,0,1,0,109,117,672695,606160,,,,,,,,,,,,,,,,,,,,,,,,,455117
716358,2023-10-01,8,Bot,63,4,0,2,0,109,117,672695,606160,,,,,,,,,,,,,,,,,,,,,,,,,455117
716358,2023-10-01,8,Bot,63,5,1,2,0,109,117,672695,606160,,,,,,,,,,,,,,,,,,,,,,,,,455117
716358,2023-10-01,8,Bot,63,6,1,2,0,109,117,672695,606160,field_out,Groundout,"Geraldo Perdomo grounds out, shortstop Jeremy Pena to first baseman Jose Abreu.",T,,,,,,,,,,672695,,,T,1,Groundout,field_out,,,,,455117
716358,2023-10-01,8,Bot,64,0,0,1,1,109,117,691783,606160,,,,,,,,,,,,,,,,,,,,,,,,,455117
716358,2023-10-01,8,Bot,64,1,0,2,1,109,117,691783,606160,,,,,,,,,,,,,,,,,,,,,,,,,455117
716358,2023-10-01,8,Bot,64,2,1,2,1,109,117,691783,606160,,,,,,,,,,,,,,,,,,,,,,,,,455117
716358,2023-10-01,8,Bot,64,3,1,3,1,109,117,691783,606160,strikeout,Strikeout,Jordan Lawlar strikes out swinging.,T,,,,,,,,,,691783,,,T,2,Strikeout,strikeout,,,,,455117
716358,2023-10-01,8,Bot,65,0,0,1,2,109,117,664983,606160,,,,,,,,,,,,,,,,,,,,,,,,,455117
716358,2023-10-01,8,Bot,65,1,0,2,2,109,117,664983,606160,,,,,,,,,,,,,,,,,,,,,,,,,455117
716358,2023-10-01,8,Bot,65,2,1,2,2,109,117,664983,606160,,,,,,,,,,,,,,,,,,,,,,,,,455117
716358,2023-10-01,8,Bot,65,3,1,2,2,109,117,664983,606160,single,Single,Jake McCarthy singles on a line drive to center fielder Jake Meyers.,T,,,,,,,,,,664983,,1B,,,Single,single,,,,,455117
716358,2023-10-01,8,Bot,66,0,1,0,2,109,117,666971,606160,,,,,,,,,,,,,,,,,,,,,,,,,455117
716358,2023-10-01,8,Bot,66,1,2,0,2,109,117,666971,606160,,,,,,,,,,,,,,,,,,,,,,,,,455117
716358,2023-10-01,8,Bot,66,2,2,0,2,109,117,666971,606160,,,,,,,,,,,,,,,,,,,,,,,,,455117
716358,2023-10-01,8,Bot,66,3,2,1,2,109,117,666971,606160,,,,,,,,,,,,,,,,,,,,,,,,,455117
716358,2023-10-01,8,Bot,66,4,2,2,2,109,117,666971,606160,,,,,,,,,,,,,,,,,,,,,,,,,455117
716358,2023-10-01,8,Bot,66,5,2,2,2,109,117,666971,606160,double,Double,Lourdes Gurriel Jr. doubles (35) on a ground ball to left fielder Chas McCormick. Jake McCarthy scores.,T,,,,,,,,,,664983,1B,2B,,,Defensive Indiff,defensive_indiff,r_defensive_indiff,,,,455117
716358,2023-10-01,8,Bot,67,0,0,1,2,109,117,446334,606160,,,,,,,,,,,,,,,,,,,,,,,,,455117
716358,2023-10-01,8,Bot,67,1,1,1,2,109,117,446334,606160,,,,,,,,,,,,,,,,,,,,,,,,,455117
716358,2023-10-01,8,Bot,67,2,1,2,2,109,117,446334,606160,,,,,,,,,,,,,,,,,,,,,,,,,455117
716358,2023-10-01,8,Bot,67,3,2,2,2,109,117,446334,606160,,,,,,,,,,,,,,,,,,,,,,,,,455117
716358,2023-10-01,8,Bot,67,4,2,2,2,109,117,446334,606160,field_out,Groundout,"Evan Longoria grounds out, shortstop Jeremy Pena to first baseman Jose Abreu.",T,,,,,,,,,,446334,,,T,3,Groundout,field_out,,,,,455117
716358,2023-10-01,9,Top,68,0,0,0,0,109,117,643289,669194,,,,,,,,,,,,,,,,,,,,,,,,,672515
716358,2023-10-01,9,Top,68,1,0,0,0,109,117,643289,669194,,,,,,,,,,,,,,,,,,,,,,,,,672515
716358,2023-10-01,9,Top,68,2,0,1,0,109,117,643289,669194,,,,,,,,,,,,,,,,,,,,,,,,,672515
716358,2023-10-01,9,Top,68,3,0,2,0,109,117,643289,669194,,,,,,,,,,,,,,,,,,,,,,,,,672515
716358,2023-10-01,9,Top,68,4,0,3,0,109,117,643289,669194,strikeout,Strikeout,Mauricio Dubon strikes out swinging.,T,,,,,,,,,,643289,,,T,1,Strikeout,strikeout,,,,,672515
716358,2023-10-01,9,Top,69,0,1,0,1,109,117,663656,669194,,,,,,,,,,,,,,,,,,,,,,,,,672515
716358,2023-10-01,9,Top,69,1,1,1,1,109,117,663656,669194,,,,,,,,,,,,,,,,,,,,,,,,,672515
716358,2023-10-01,9,Top,69,2,1,2,1,109,117,663656,669194,,,,,,,,,,,,,,,,,,,,,,,,,672515
716358,2023-10-01,9,Top,69,3,2,2,1,109,117,663656,669194,,,,,,,,,,,,,,,,,,,,,,,,,672515
716358,2023-10-01,9,Top,69,4,2,2,1,109,117,663656,669194,field_out,Lineout,Kyle Tucker lines out to left fielder Lourdes Gurriel Jr.,T,,,,,,,,,,663656,,,T,2,Lineout,field_out,,,,,672515
716358,2023-10-01,9,Top,70,0,0,0,2,109,117,572138,669194,,,,,,,,,,,,,,,,,,,,,,,,,672515
716358,2023-10-01,9,Top,70,1,0,1,2,109,117,572138,669194,,,,,,,,,,,,,,,,,,,,,,,,,672515
716358,2023-10-01,9,Top,70,2,1,1,2,109,117,572138,669194,,,,,,,,,,,,,,,,,,,,,,,,,672515
716358,2023-10-01,9,Top,70,3,1,2,2,109,117,572138,669194,,,,,,,,,,,,,,,,,,,,,,,,,672515
716358,2023-10-01,9,Top,70,4,1,2,2,109,117,572138,669194,field_out,Flyout,Jon Singleton flies out to center fielder Alek Thomas.,T,,,,,,,,,,572138,,,T,3,Flyout,field_out,,,,,672515
716358,2023-10-01,9,Bot,71,0,0,0,0,109,117,677950,686613,,,,,,,,,,,,,,,,,,,,,,,,,455117
716358,2023-10-01,9,Bot,71,1,0,0,0,109,117,677950,686613,,,,,,,,,,,,,,,,,,,,,,,,,455117
716358,2023-10-01,9,Bot,71,2,0,0,0,109,117,677950,686613,,,,,,,,,,,,,,,,,,,,,,,,,455117
716358,2023-10-01,9,Bot,71,3,0,0,0,109,117,677950,686613,,,,,,,,,,,,,,,,,,,,,,,,,455117
716358,2023-10-01,9,Bot,71,4,1,0,0,109,117,677950,686613,,,,,,,,,,,,,,,,,,,,,,,,,455117
716358,2023-10-01,9,Bot,71,5,1,0,0,109,117,677950,686613,field_out,Groundout,"Alek Thomas grounds out, pitcher Hunter Brown to first baseman Jose Abreu.",T,,,,,,,,,,677950,,,T,1,Groundout,field_out,,,,,455117
716358,2023-10-01,9,Bot,72,0,0,1,1,109,117,656896,686613,,,,,,,,,,,,,,,,,,,,,,,,,455117
716358,2023-10-01,9,Bot,72,1,0,2,1,109,117,656896,686613,,,,,,,,,,,,,,,,,,,,,,,,,455117
716358,2023-10-01,9,Bot,72,2,0,2,1,109,117,656896,686613,,,,,,,,,,,,,,,,,,,,,,,,,455117
716358,2023-10-01,9,Bot,72,3,1,2,1,109,117,656896,686613,,,,,,,,,,,,,,,,,,,,,,,,,455117
716358,2023-10-01,9,Bot,72,4,2,2,1,109,117,656896,686613,,,,,,,,,,,,,,,,,,,,,,,,,455117
716358,2023-10-01,9,Bot,72,5,3,2,1,109,117,656896,686613,,,,,,,,,,,,,,,,,,,,,,,,,455117
716358,2023-10-01,9,Bot,72,6,4,2,1,109,117,656896,686613,walk,Walk,Emmanuel Rivera walks.,T,,,,,,,,,,656896,,1B,,,Walk,walk,,,,,455117
716358,2023-10-01,9,Bot,73,0,1,0,1,109,117,607054,686613,,,,,,,,,,,,,,,,,,,,,,,,,455117
716358,2023-10-01,9,Bot,73,1,1,0,1,109,117,607054,686613,,,,,,,,,,,,,,,,,,,,,,,,,455117
716358,2023-10-01,9,Bot,73,2,1,1,1,109,117,607054,686613,,,,,,,,,,,,,,,,,,,,,,,,,455117
716358,2023-10-01,9,Bot,73,3,1,2,1,109,117,607054,686613,,,,,,,,,,,,,,,,,,,,,,,,,455117
716358,2023-10-01,9,Bot,73,4,2,2,1,109,117,607054,686613,,,,,,,,,,,,,,,,,,,,,,,,,455117
716358,2023-10-01,9,Bot,73,5,3,2,1,109,117,607054,686613,,,,,,,,,,,,,,,,,,,,,,,,,455117
716358,2023-10-01,9,Bot,73,6,3,2,1,109,117,607054,686613,field_out,Groundout,"Jace Peterson grounds out, second baseman Mauricio Dubon to first baseman Jose Abreu. Emmanuel Rivera to 3rd.",T,,,,,,,,,,656896,1B,2B,,,Defensive Indiff,defensive_indiff,r_defensive_indiff,,,,455117
716358,2023-10-01,9,Bot,74,0,0,0,2,109,117,664874,686613,field_out,Groundout,"Seby Zavala grounds out, third baseman Grae Kessinger to first baseman Jose Abreu.",T,,,,,,,,,,664874,,,T,3,Groundout,field_out,,,,,455117
716361,2023-10-01,1,Top,0,0,0,0,0,116,114,680757,593958,,,,,,,,,,,,,,,,,,,,,,,,,608348
716361,2023-10-01,1,Top,0,1,0,0,0,116,114,680757,593958,,,,,,,,,,,,,,,,,,,,,,,,,608348
716361,2023-10-01,1,Top,0,2,0,0,0,116,114,680757,593958,,,,,,,,,,,,,,,,,,,,,,,,,608348
716361,2023-10-01,1,Top,0,3,1,0,0,116,114,680757,593958,,,,,,,,,,,,,,,,,,,,,,,,,608348
716361,2023-10-01,1,Top,0,4,1,1,0,116,114,680757,593958,,,,,,,,,,,,,,,,,,,,,,,,,608348
716361,2023-10-01,1,Top,0,5,2,1,0,116,114,680757,593958,,,,,,,,,,,,,,,,,,,,,,,,,608348
716361,2023-10-01,1,Top,0,6,2,2,0,116,114,680757,593958,,,,,,,,,,,,,,,,,,,,,,,,,608348
716361,2023-10-01,1,Top,0,7,2,2,0,116,114,680757,593958,field_out,Groundout,"Steven Kwan grounds out, shortstop Javier Baez to first baseman Spencer Torkelson.",T,,,,,,,,,,680757,,,T,1,Groundout,field_out,,,,,608348
716361,2023-10-01,1,Top,1,0,0,0,1,116,114,608070,593958,field_out,Groundout,"Jose Ramirez grounds out, shortstop Javier Baez to first baseman Spencer Torkelson.",T,,,,,,,,,,608070,,,T,2,Groundout,field_out,,,,,608348
716361,2023-10-01,1,Top,2,0,1,0,2,116,114,647304,593958,,,,,,,,,,,,,,,,,,,,,,,,,608348
716361,2023-10-01,1,Top,2,1,1,1,2,116,114,647304,593958,,,,,,,,,,,,,,,,,,,,,,,,,608348
716361,2023-10-01,1,Top,2,2,1,2,2,116,114,647304,593958,,,,,,,,,,,,,,,,,,,,,,,,,608348
716361,2023-10-01,1,Top,2,3,1,2,2,116,114,647304,593958,,,,,,,,,,,,,,,,,,,,,,,,,608348
716361,2023-10-01,1,Top,2,4,2,2,2,116,114,647304,593958,,,,,,,,,,,,,,,,,,,,,,,,,608348
716361,2023-10-01,1,Top,2,5,2,2,2,116,114,647304,593958,single,Single,Josh Naylor singles on a ground ball to right fielder Kerry Carpenter.,T,,,,,,,,,,647304,,1B,,,Single,single,,,,,608348
716361,2023-10-01,1,Top,3,0,0,1,2,116,114,657656,593958,,,,,,,,,,,,,,,,,,,,,,,,,608348
716361,2023-10-01,1,Top,3,1,0,2,2,116,114,657656,593958,,,,,,,,,,,,,,,,,,,,,,,,,608348
716361,2023-10-01,1,Top,3,2,1,2,2,116,114,657656,593958,,,,,,,,,,,,,,,,,,,,,,,,,608348
716361,2023-10-01,1,Top,3,3,2,2,2,116,114,657656,593958,,,,,,,,,,,,,,,,,,,,,,,,,608348
716361,2023-10-01,1,Top,3,4,2,3,2,116,114,657656,593958,strikeout,Strikeout,Ramon Laureano called out on strikes.,T,,,,,,,,,,657656,,,T,3,Strikeout,strikeout,,,,,608348
716361,2023-10-01,1,Bot,4,0,0,0,0,116,114,678009,608337,,,,,,,,,,,,,,,,,,,,,,,,,595956
716361,2023-10-01,1,Bot,4,1,1,0,0,116,114,678009,608337,,,,,,,,,,,,,,,,,,,,,,,,,595956
716361,2023-10-01,1,Bot,4,2,1,1,0,116,114,678009,608337,,,,,,,,,,,,,,,,,,,,,,,,,595956
716361,2023-10-01,1,Bot,4,3,2,1,0,116,114,678009,608337,,,,,,,,,,,,,,,,,,,,,,,,,595956
716361,2023-10-01,1,Bot,4,4,2,2,0,116,114,678009,608337,,,,,,,,,,,,,,,,,,,,,,,,,595956
716361,2023-10-01,1,Bot,4,5,2,2,0,116,114,678009,608337,,,,,,,,,,,,,,,,,,,,,,,,,595956
716361,2023-10-01,1,Bot,4,6,3,2,0,116,114,678009,608337,,,,,,,,,,,,,,,,,,,,,,,,,595956
716361,2023-10-01,1,Bot,4,7,3,2,0,116,114,678009,608337,,,,,,,,,,,,,,,,,,,,,,,,,595956
716361,2023-10-01,1,Bot,4,8,3,2,0,116,114,678009,608337,,,,,,,,,,,,,,,,,,,,,,,,,595956
716361,2023-10-01,1,Bot,4,9,4,2,0,116,114,678009,608337,walk,Walk,Parker Meadows walks.,T,,,,,,,,,,678009,,1B,,,Walk,walk,,,,,595956
716361,2023-10-01,1,Bot,5,0,1,0,0,116,114,679529,608337,,,,,,,,,,,,,,,,,,,,,,,,,595956
716361,2023-10-01,1,Bot,5,1,1,0,0,116,114,679529,608337,single,Single,Spencer Torkelson singles on a line drive to left fielder Steven Kwan. Parker Meadows to 2nd.,T,,,,,,,,,,679529,,1B,,,Single,single,,,,,595956
716361,2023-10-01,1,Bot,6,0,0,1,0,116,114,408234,608337,,,,,,,,,,,,,,,,,,,,,,,,,595956
716361,2023-10-01,1,Bot,6,1,1,1,0,116,114,408234,608337,,,,,,,,,,,,,,,,,,,,,,,,,595956
716361,2023-10-01,1,Bot,6,2,1,2,0,116,114,408234,608337,,,,,,,,,,,,,,,,,,,,,,,,,595956
716361,2023-10-01,1,Bot,6,3,1,2,0,116,114,408234,608337,,,,,,,,,,,,,,,,,,,,,,,,,595956
716361,2023-10-01,1,Bot,6,4,2,2,0,116,114,408234,608337,,,,,,,,,,,,,,,,,,,,,,,,,595956
716361,2023-10-01,1,Bot,6,5,2,3,0,116,114,408234,608337,strikeout,Strikeout,Miguel Cabrera strikes out swinging.,T,,,,,,,,,,408234,,,T,1,Strikeout,strikeout,,,,,595956
716361,2023-10-01,1,Bot,7,0,0,1,1,116,114,681481,608337,,,,,,,,,,,,,,,,,,,,,,,,,595956
716361,2023-10-01,1,Bot,7,1,1,1,1,116,114,681481,608337,,,,,,,,,,,,,,,,,,,,,,,,,595956
716361,2023-10-01,1,Bot,7,2,2,1,1,116,114,681481,608337,,,,,,,,,,,,,,,,,,,,,,,,,595956
716361,2023-10-01,1,Bot,7,3,2,2,1,116,114,681481,608337,,,,,,,,,,,,,,,,,,,,,,,,,595956
716361,2023-10-01,1,Bot,7,4,2,2,1,116,114,681481,608337,,,,,,,,,,,,,,,,,,,,,,,,,595956
716361,2023-10-01,1,Bot,7,5,2,2,1,116,114,681481,608337,single,Single,Kerry Carpenter singles on a line drive to left fielder Steven Kwan. Parker Meadows scores. Spencer Torkelson to 2nd.,T,,,,,,,,,,681481,,1B,,,Single,single,,,,,595956
716361,2023-10-01,1,Bot,8,0,1,0,1,116,114,663837,608337,,,,,,,,,,,,,,,,,,,,,,,,,595956
716361,2023-10-01,1,Bot,8,1,1,0,1,116,114,663837,608337,force_out,Forceout,"Matt Vierling grounds into a force out, shortstop Brayan Rocchio to second baseman Jose Tena. Spencer Torkelson to 3rd. Kerry Carpenter out at 2nd. Matt Vierling to 1st.",T,,,,,,,,,,681481,1B,,T,2,Forceout,force_out,r_force_out,,,,595956
716361,2023-10-01,1,Bot,9,0,1,0,2,116,114,628451,608337,,,,,,,,,,,,,,,,,,,,,,,,,595956
716361,2023-10-01,1,Bot,9,1,1,1,2,116,114,628451,608337,,,,,,,,,,,,,,,,,,,,,,,,,595956
716361,2023-10-01,1,Bot,9,2,1,1,2,116,114,628451,608337,field_out,Groundout,"Andy Ibanez grounds out, shortstop Brayan Rocchio to first baseman Josh Naylor.",T,,,,,,,,,,628451,,,T,3,Groundout,field_out,,,,,595956
716361,2023-10-01,2,Top,10,0,0,1,0,116,114,660757,593958,,,,,,,,,,,,,,,,,,,,,,,,,608348
716361,2023-10-01,2,Top,10,1,0,2,0,116,114,660757,593958,,,,,,,,,,,,,,,,,,,,,,,,,608348
716361,2023-10-01,2,Top,10,2,0,2,0,116,114,660757,593958,,,,,,,,,,,,,,,,,,,,,,,,,608348
716361,2023-10-01,2,Top,10,3,0,3,0,116,114,660757,593958,strikeout,Strikeout,Oscar Gonzalez strikes out swinging.,T,,,,,,,,,,660757,,,T,1,Strikeout,strikeout,,,,,608348
716361,2023-10-01,2,Top,11,0,0,0,1,116,114,677587,593958,field_out,Lineout,Brayan Rocchio lines out to center fielder Parker Meadows.,T,,,,,,,,,,677587,,,T,2,Lineout,field_out,,,,,608348
716361,2023-10-01,2,Top,12,0,1,0,2,116,114,666310,593958,,,,,,,,,,,,,,,,,,,,,,,,,608348
716361,2023-10-01,2,Top,12,1,1,1,2,116,114,666310,593958,,,,,,,,,,,,,,,,,,,,,,,,,608348
716361,2023-10-01,2,Top,12,2,1,2,2,116,114,666310,593958,,,,,,,,,,,,,,,,,,,,,,,,,608348
716361,2023-10-01,2,Top,12,3,1,2,2,116,114,666310,593958,,,,,,,,,,,,,,,,,,,,,,,,,608348
716361,2023-10-01,2,Top,12,4,2,2,2,116,114,666310,593958,,,,,,,,,,,,,,,,,,,,,,,,,608348
716361,2023-10-01,2,Top,12,5,3,2,2,116,114,666310,593958,,,,,,,,,,,,,,,,,,,,,,,,,608348
716361,2023-10-01,2,Top,12,6,3,2,2,116,114,666310,593958,,,,,,,,,,,,,,,,,,,,,,,,,608348
716361,2023-10-01,2,Top,12,7,3,2,2,116,114,666310,593958,,,,,,,,,,,,,,,,,,,,,,,,,608348
716361,2023-10-01,2,Top,12,8,3,3,2,116,114,666310,593958,strikeout,Strikeout,Bo Naylor strikes out swinging.,T,,,,,,,,,,666310,,,T,3,Strikeout,strikeout,,,,,608348
716361,2023-10-01,2,Bot,13,0,0,1,0,116,114,668731,608337,,,,,,,,,,,,,,,,,,,,,,,,,595956
716361,2023-10-01,2,Bot,13,1,0,2,0,116,114,668731,608337,,,,,,,,,,,,,,,,,,,,,,,,,595956
716361,2023-10-01,2,Bot,13,2,0,2,0,116,114,668731,608337,double,Double,Akil Baddoo doubles (13) on a ground ball to left fielder Steven Kwan.,T,,,,,,,,,,668731,,2B,,,Double,double,,,,,595956
716361,2023-10-01,2,Bot,14,0,0,0,0,116,114,595879,608337,double,Double,Javier Baez hits a ground-rule double (18) on a line drive to right field. Akil Baddoo scores.,T,,,,,,,,,,595879,,2B,,,Double,double,,,,,595956
716361,2023-10-01,2,Bot,15,0,0,1,0,116,114,668670,608337,,,,,,,,,,,,,,,,,,,,,,,,,595956
716361,2023-10-01,2,Bot,15,1,0,2,0,116,114,668670,608337,,,,,,,,,,,,,,,,,,,,,,,,,595956
716361,2023-10-01,2,Bot,15,2,0,2,0,116,114,668670,608337,,,,,,,,,,,,,,,,,,,,,,,,,595956
716361,2023-10-01,2,Bot,15,3,0,3,0,116,114,668670,608337,strikeout,Strikeout,"Jake Rogers strikes out swinging, catcher Bo Naylor to first baseman Josh Naylor.",T,,,,,,,,,,668670,,,T,1,Strikeout,strikeout,,,,,595956
716361,2023-10-01,2,Bot,16,0,1,0,1,116,114,678009,608337,,,,,,,,,,,,,,,,,,,,,,,,,595956
716361,2023-10-01,2,Bot,16,1,2,0,1,116,114,678009,608337,,,,,,,,,,,,,,,,,,,,,,,,,595956
716361,2023-10-01,2,Bot,16,2,2,1,1,116,114,678009,608337,,,,,,,,,,,,,,,,,,,,,,,,,595956
716361,2023-10-01,2,Bot,16,3,3,1,1,116,114,678009,608337,,,,,,,,,,,,,,,,,,,,,,,,,595956
716361,2023-10-01,2,Bot,16,4,3,2,1,116,114,678009,608337,,,,,,,,,,,,,,,,,,,,,,,,,595956
716361,2023-10-01,2,Bot,16,5,3,2,1,116,114,678009,608337,field_out,Groundout,"Parker Meadows grounds out, second baseman Jose Tena to first baseman Josh Naylor. Javier Baez to 3rd.",T,,,,,,,,,,678009,,,T,2,Groundout,field_out,,,,,595956
716361,2023-10-01,2,Bot,17,0,1,0,2,116,114,679529,608337,,,,,,,,,,,,,,,,,,,,,,,,,595956
716361,2023-10-01,2,Bot,17,1,1,0,2,116,114,679529,608337,field_out,Groundout,"Spencer Torkelson grounds out, third baseman Tyler Freeman to first baseman Josh Naylor.",T,,,,,,,,,,679529,,,T,3,Groundout,field_out,,,,,595956
716361,2023-10-01,3,Top,18,0,0,0,0,116,114,671289,593958,field_out,Flyout,Tyler Freeman flies out to center fielder Parker Meadows.,T,,,,,,,,,,671289,,,T,1,Flyout,field_out,,,,,608348
716361,2023-10-01,3,Top,19,0,0,1,1,116,114,677588,593958,,,,,,,,,,,,,,,,,,,,,,,,,608348
716361,2023-10-01,3,Top,19,1,1,1,1,116,114,677588,593958,,,,,,,,,,,,,,,,,,,,,,,,,608348
716361,2023-10-01,3,Top,19,2,2,1,1,116,114,677588,593958,,,,,,,,,,,,,,,,,,,,,,,,,608348
716361,2023-10-01,3,Top,19,3,3,1,1,116,114,677588,593958,,,,,,,,,,,,,,,,,,,,,,,,,608348
716361,2023-10-01,3,Top,19,4,4,1,1,116,114,677588,593958,walk,Walk,Jose Tena walks.,T,,,,,,,,,,677588,,1B,,,Walk,walk,,,,,608348
716361,2023-10-01,3,Top,20,0,1,0,1,116,114,680757,593958,,,,,,,,,,,,,,,,,,,,,,,,,608348
716361,2023-10-01,3,Top,20,1,1,1,1,116,114,680757,593958,,,,,,,,,,,,,,,,,,,,,,,,,608348
716361,2023-10-01,3,Top,20,2,1,2,1,116,114,680757,593958,,,,,,,,,,,,,,,,,,,,,,,,,608348
716361,2023-10-01,3,Top,20,3,2,2,1,116,114,680757,593958,,,,,,,,,,,,,,,,,,,,,,,,,608348
716361,2023-10-01,3,Top,20,4,2,3,1,116,114,680757,593958,strikeout,Strikeout,Steven Kwan strikes out on a foul tip.,T,,,,,,,,,,680757,,,T,2,Strikeout,strikeout,,,,,608348
716361,2023-10-01,3,Top,21,0,0,1,2,116,114,608070,593958,,,,,,,,,,,,,,,,,,,,,,,,,608348
716361,2023-10-01,3,Top,21,1,0,2,2,116,114,608070,593958,,,,,,,,,,,,,,,,,,,,,,,,,608348
716361,2023-10-01,3,Top,21,2,1,2,2,116,114,608070,593958,,,,,,,,,,,,,,,,,,,,,,,,,608348
716361,2023-10-01,3,Top,21,3,2,2,2,116,114,608070,593958,,,,,,,,,,,,,,,,,,,,,,,,,608348
716361,2023-10-01,3,Top,21,4,2,2,2,116,114,608070,593958,single,Single,Jose Ramirez singles on a ground ball to shortstop Javier Baez. Jose Tena to 2nd.,T,,,,,,,,,,608070,,1B,,,Single,single,,,,,608348
716361,2023-10-01,3,Top,22,0,0,0,2,116,114,647304,593958,field_out,Groundout,"Josh Naylor grounds out, second baseman Andy Ibanez to first baseman Spencer Torkelson.",T,,,,,,,,,,647304,,,T,3,Groundout,field_out,,,,,608348
716361,2023-10-01,3,Bot,23,0,0,1,0,116,114,408234,608337,,,,,,,,,,,,,,,,,,,,,,,,,595956
716361,2023-10-01,3,Bot,23,1,0,2,0,116,114,408234,608337,,,,,,,,,,,,,,,,,,,,,,,,,595956
716361,2023-10-01,3,Bot,23,2,0,2,0,116,114,408234,608337,,,,,,,,,,,,,,,,,,,,,,,,,595956
716361,2023-10-01,3,Bot,23,3,0,3,0,116,114,408234,608337,strikeout,Strikeout,Miguel Cabrera strikes out swinging.,T,,,,,,,,,,408234,,,T,1,Strikeout,strikeout,,,,,595956
716361,2023-10-01,3,Bot,24,0,0,1,1,116,114,681481,608337,,,,,,,,,,,,,,,,,,,,,,,,,595956
716361,2023-10-01,3,Bot,24,1,0,2,1,116,114,681481,608337,,,,,,,,,,,,,,,,,,,,,,,,,595956
716361,2023-10-01,3,Bot,24,2,1,2,1,116,114,681481,608337,,,,,,,,,,,,,,,,,,,,,,,,,595956
716361,2023-10-01,3,Bot,24,3,1,2,1,116,114,681481,608337,,,,,,,,,,,,,,,,,,,,,,,,,595956
716361,2023-10-01,3,Bot,24,4,1,3,1,116,114,681481,608337,strikeout,Strikeout,Kerry Carpenter strikes out swinging.,T,,,,,,,,,,681481,,,T,2,Strikeout,strikeout,,,,,595956
716361,2023-10-01,3,Bot,25,0,1,0,2,116,114,663837,608337,,,,,,,,,,,,,,,,,,,,,,,,,595956
716361,2023-10-01,3,Bot,25,1,2,0,2,116,114,663837,608337,,,,,,,,,,,,,,,,,,,,,,,,,595956
716361,2023-10-01,3,Bot,25,2,2,1,2,116,114,663837,608337,,,,,,,,,,,,,,,,,,,,,,,,,595956
716361,2023-10-01,3,Bot,25,3,3,1,2,116,114,663837,608337,,,,,,,,,,,,,,,,,,,,,,,,,595956
716361,2023-10-01,3,Bot,25,4,3,1,2,116,114,663837,608337,,,,,,,,,,,,,,,,,,,,,,,,,595956
716361,2023-10-01,3,Bot,25,5,3,1,2,116,114,663837,608337,double,Double,Matt Vierling doubles (20) on a sharp line drive to right fielder Oscar Gonzalez.,T,,,,,,,,,,663837,,2B,,,Double,double,,,,,595956
716361,2023-10-01,3,Bot,26,0,0,1,2,116,114,628451,608337,,,,,,,,,,,,,,,,,,,,,,,,,595956
716361,2023-10-01,3,Bot,26,1,0,2,2,116,114,628451,608337,,,,,,,,,,,,,,,,,,,,,,,,,595956
716361,2023-10-01,3,Bot,26,2,0,2,2,116,114,628451,608337,single,Single,Andy Ibanez singles on a ground ball to center fielder Ramon Laureano. Matt Vierling scores.,T,,,,,,,,,,628451,,1B,,,Single,single,,,,,595956
716361,2023-10-01,3,Bot,27,0,0,1,2,116,114,668731,608337,,,,,,,,,,,,,,,,,,,,,,,,,595956
716361,2023-10-01,3,Bot,27,1,0,2,2,116,114,668731,608337,,,,,,,,,,,,,,,,,,,,,,,,,595956
716361,2023-10-01,3,Bot,27,2,0,2,2,116,114,668731,608337,,,,,,,,,,,,,,,,,,,,,,,,,595956
716361,2023-10-01,3,Bot,27,3,0,2,2,116,114,668731,608337,field_out,Flyout,Akil Baddoo flies out to second baseman Jose Tena.,T,,,,,,,,,,668731,,,T,3,Flyout,field_out,,,,,595956
716361,2023-10-01,4,Top,28,0,0,1,0,116,114,657656,593958,,,,,,,,,,,,,,,,,,,,,,,,,608348
716361,2023-10-01,4,Top,28,1,0,1,0,116,114,657656,593958,,,,,,,,,,,,,,,,,,,,,,,,,608348
716361,2023-10-01,4,Top,28,2,1,1,0,116,114,657656,593958,,,,,,,,,,,,,,,,,,,,,,,,,608348
716361,2023-10-01,4,Top,28,3,2,1,0,116,114,657656,593958,,,,,,,,,,,,,,,,,,,,,,,,,608348
716361,2023-10-01,4,Top,28,4,2,1,0,116,114,657656,593958,field_error,Field Error,"Laureano reaches on an error by 1B Torkelson, reaches 1st on a dropped throw error by P Ed Rodriguez",T,,,,,,,,,,657656,,1B,,,Field Error,field_error,,,,,608348
716361,2023-10-01,4,Top,29,0,1,0,0,116,114,660757,593958,,,,,,,,,,,,,,,,,,,,,,,,,608348
716361,2023-10-01,4,Top,29,1,1,1,0,116,114,660757,593958,,,,,,,,,,,,,,,,,,,,,,,,,608348
716361,2023-10-01,4,Top,29,2,1,2,0,116,114,660757,593958,,,,,,,,,,,,,,,,,,,,,,,,,608348
716361,2023-10-01,4,Top,29,3,1,2,0,116,114,660757,593958,,,,,,,,,,,,,,,,,,,,,,,,,608348
716361,2023-10-01,4,Top,29,4,1,2,0,116,114,660757,593958,,,,,,,,,,,,,,,,,,,,,,,,,608348
716361,2023-10-01,4,Top,29,5,1,2,0,116,114,660757,593958,,,,,,,,,,,,,,,,,,,,,,,,,608348
716361,2023-10-01,4,Top,29,6,1,2,0,116,114,660757,593958,field_out,Flyout,Oscar Gonzalez flies out to center fielder Parker Meadows. Ramon Laureano to 3rd.,T,T,,,,,,,,,657656,1B,2B,,,Stolen Base 2B,stolen_base_2b,r_stolen_base_2b,,,,608348
716361,2023-10-01,4,Top,30,0,0,0,1,116,114,677587,593958,field_out,Groundout,"Brayan Rocchio grounds out, shortstop Javier Baez to first baseman Spencer Torkelson. Ramon Laureano scores.",T,,,,,,,,,,677587,,,T,2,Groundout,field_out,,,,,608348
716361,2023-10-01,4,Top,31,0,0,0,2,116,114,666310,593958,field_out,Groundout,Bo Naylor grounds out to first baseman Spencer Torkelson.,T,,,,,,,,,,666310,,,T,3,Groundout,field_out,,,,,608348
716361,2023-10-01,4,Bot,32,0,1,0,0,116,114,595879,608337,,,,,,,,,,,,,,,,,,,,,,,,,595956
716361,2023-10-01,4,Bot,32,1,1,0,0,116,114,595879,608337,field_out,Groundout,Javier Baez grounds out to first baseman Josh Naylor.,T,,,,,,,,,,595879,,,T,1,Groundout,field_out,,,,,595956
716361,2023-10-01,4,Bot,33,0,1,0,1,116,114,668670,608337,,,,,,,,,,,,,,,,,,,,,,,,,595956
716361,2023-10-01,4,Bot,33,1,2,0,1,116,114,668670,608337,,,,,,,,,,,,,,,,,,,,,,,,,595956
716361,2023-10-01,4,Bot,33,2,3,0,1,116,114,668670,608337,,,,,,,,,,,,,,,,,,,,,,,,,595956
716361,2023-10-01,4,Bot,33,3,4,0,1,116,114,668670,608337,walk,Walk,Jake Rogers walks.,T,,,,,,,,,,668670,,1B,,,Walk,walk,,,,,595956
716361,2023-10-01,4,Bot,34,0,1,0,1,116,114,678009,608337,,,,,,,,,,,,,,,,,,,,,,,,,595956
716361,2023-10-01,4,Bot,34,1,1,1,1,116,114,678009,608337,,,,,,,,,,,,,,,,,,,,,,,,,595956
716361,2023-10-01,4,Bot,34,2,1,1,1,116,114,678009,608337,field_out,Lineout,Parker Meadows lines out to left fielder Steven Kwan.,T,,,,,,,,,,678009,,,T,2,Lineout,field_out,,,,,595956
716361,2023-10-01,4,Bot,35,0,1,0,2,116,114,679529,608337,,,,,,,,,,,,,,,,,,,,,,,,,595956
716361,2023-10-01,4,Bot,35,1,2,0,2,116,114,679529,608337,,,,,,,,,,,,,,,,,,,,,,,,,595956
716361,2023-10-01,4,Bot,35,2,3,0,2,116,114,679529,608337,,,,,,,,,,,,,,,,,,,,,,,,,595956
716361,2023-10-01,4,Bot,35,3,3,1,2,116,114,679529,608337,,,,,,,,,,,,,,,,,,,,,,,,,595956
716361,2023-10-01,4,Bot,35,4,3,2,2,116,114,679529,608337,,,,,,,,,,,,,,,,,,,,,,,,,595956
716361,2023-10-01,4,Bot,35,5,3,2,2,116,114,679529,608337,,,,,,,,,,,,,,,,,,,,,,,,,595956
716361,2023-10-01,4,Bot,35,6,4,2,2,116,114,679529,608337,walk,Walk,Spencer Torkelson walks. Jake Rogers to 2nd.,T,,,,,,,,,,668670,1B,2B,,,Walk,walk,r_adv_force,,,,595956
716361,2023-10-01,4,Bot,36,0,1,0,2,116,114,408234,608337,,,,,,,,,,,,,,,,,,,,,,,,,595956
716361,2023-10-01,4,Bot,36,1,1,1,2,116,114,408234,608337,,,,,,,,,,,,,,,,,,,,,,,,,595956
716361,2023-10-01,4,Bot,36,2,1,1,2,116,114,408234,608337,field_out,Lineout,Miguel Cabrera lines out to second baseman Jose Tena.,T,,,,,,,,,,408234,,,T,3,Lineout,field_out,,,,,595956
716361,2023-10-01,5,Top,37,0,1,0,0,116,114,671289,593958,,,,,,,,,,,,,,,,,,,,,,,,,608348
716361,2023-10-01,5,Top,37,1,2,0,0,116,114,671289,593958,,,,,,,,,,,,,,,,,,,,,,,,,608348
716361,2023-10-01,5,Top,37,2,2,0,0,116,114,671289,593958,home_run,Home Run,Tyler Freeman homers (4) on a fly ball to left field.,T,,,,,,,,,,671289,,score,,,Home Run,home_run,,T,T,T,608348
716361,2023-10-01,5,Top,38,0,1,0,0,116,114,677588,593958,,,,,,,,,,,,,,,,,,,,,,,,,608348
716361,2023-10-01,5,Top,38,1,1,1,0,116,114,677588,593958,,,,,,,,,,,,,,,,,,,,,,,,,608348
716361,2023-10-01,5,Top,38,2,1,2,0,116,114,677588,593958,,,,,,,,,,,,,,,,,,,,,,,,,608348
716361,2023-10-01,5,Top,38,3,2,2,0,116,114,677588,593958,,,,,,,,,,,,,,,,,,,,,,,,,608348
716361,2023-10-01,5,Top,38,4,2,2,0,116,114,677588,593958,field_out,Lineout,Jose Tena lines out to center fielder Parker Meadows.,T,,,,,,,,,,677588,,,T,1,Lineout,field_out,,,,,608348
716361,2023-10-01,5,Top,39,0,0,1,1,116,114,680757,593958,,,,,,,,,,,,,,,,,,,,,,,,,608348
716361,2023-10-01,5,Top,39,1,0,2,1,116,114,680757,593958,,,,,,,,,,,,,,,,,,,,,,,,,608348
716361,2023-10-01,5,Top,39,2,0,2,1,116,114,680757,593958,field_out,Groundout,"Steven Kwan grounds out, third baseman Matt Vierling to first baseman Spencer Torkelson.",T,,,,,,,,,,680757,,,T,2,Groundout,field_out,,,,,608348
716361,2023-10-01,5,Top,40,0,0,1,2,116,114,608070,593958,,,,,,,,,,,,,,,,,,,,,,,,,608348
716361,2023-10-01,5,Top,40,1,0,1,2,116,114,608070,593958,field_out,Lineout,Jose Ramirez lines out to third baseman Matt Vierling.,T,,,,,,,,,,608070,,,T,3,Lineout,field_out,,,,,608348
716361,2023-10-01,5,Bot,41,0,1,0,0,116,114,681481,608337,,,,,,,,,,,,,,,,,,,,,,,,,595956
716361,2023-10-01,5,Bot,41,1,1,1,0,116,114,681481,608337,,,,,,,,,,,,,,,,,,,,,,,,,595956
716361,2023-10-01,5,Bot,41,2,1,1,0,116,114,681481,608337,,,,,,,,,,,,,,,,,,,,,,,,,595956
716361,2023-10-01,5,Bot,41,3,2,1,0,116,114,681481,608337,,,,,,,,,,,,,,,,,,,,,,,,,595956
716361,2023-10-01,5,Bot,41,4,2,2,0,116,114,681481,608337,,,,,,,,,,,,,,,,,,,,,,,,,595956
716361,2023-10-01,5,Bot,41,5,2,2,0,116,114,681481,608337,,,,,,,,,,,,,,,,,,,,,,,,,595956
716361,2023-10-01,5,Bot,41,6,3,2,0,116,114,681481,608337,,,,,,,,,,,,,,,,,,,,,,,,,595956
716361,2023-10-01,5,Bot,41,7,4,2,0,116,114,681481,608337,walk,Walk,Kerry Carpenter walks.,T,,,,,,,,,,681481,,1B,,,Walk,walk,,,,,595956
716361,2023-10-01,5,Bot,42,0,0,1,0,116,114,663837,608337,,,,,,,,,,,,,,,,,,,,,,,,,595956
716361,2023-10-01,5,Bot,42,1,1,1,0,116,114,663837,608337,,,,,,,,,,,,,,,,,,,,,,,,,595956
716361,2023-10-01,5,Bot,42,2,2,1,0,116,114,663837,608337,,,,,,,,,,,,,,,,,,,,,,,,,595956
716361,2023-10-01,5,Bot,42,3,3,1,0,116,114,663837,608337,,,,,,,,,,,,,,,,,,,,,,,,,595956
716361,2023-10-01,5,Bot,42,4,3,2,0,116,114,663837,608337,,,,,,,,,,,,,,,,,,,,,,,,,595956
716361,2023-10-01,5,Bot,42,5,3,2,0,116,114,663837,608337,,,,,,,,,,,,,,,,,,,,,,,,,595956
716361,2023-10-01,5,Bot,42,6,3,2,0,116,114,663837,608337,home_run,Home Run,Matt Vierling homers (10) on a fly ball to left field. Kerry Carpenter scores.,T,,,,,,,,,,663837,,score,,,Home Run,home_run,,T,T,T,595956
716361,2023-10-01,5,Bot,43,0,0,1,0,116,114,628451,608337,,,,,,,,,,,,,,,,,,,,,,,,,595956
716361,2023-10-01,5,Bot,43,1,1,1,0,116,114,628451,608337,,,,,,,,,,,,,,,,,,,,,,,,,595956
716361,2023-10-01,5,Bot,43,2,1,1,0,116,114,628451,608337,field_out,Pop Out,Andy Ibanez pops out to first baseman Josh Naylor in foul territory.,T,,,,,,,,,,628451,,,T,1,Pop Out,field_out,,,,,595956
716361,2023-10-01,5,Bot,44,0,1,0,1,116,114,668731,608337,,,,,,,,,,,,,,,,,,,,,,,,,595956
716361,2023-10-01,5,Bot,44,1,1,1,1,116,114,668731,608337,,,,,,,,,,,,,,,,,,,,,,,,,595956
716361,2023-10-01,5,Bot,44,2,1,2,1,116,114,668731,608337,,,,,,,,,,,,,,,,,,,,,,,,,595956
716361,2023-10-01,5,Bot,44,3,2,2,1,116,114,668731,608337,,,,,,,,,,,,,,,,,,,,,,,,,595956
716361,2023-10-01,5,Bot,44,4,2,2,1,116,114,668731,608337,,,,,,,,,,,,,,,,,,,,,,,,,595956
716361,2023-10-01,5,Bot,44,5,2,2,1,116,114,668731,608337,field_out,Pop Out,Akil Baddoo pops out to third baseman Tyler Freeman in foul territory.,T,,,,,,,,,,668731,,,T,2,Pop Out,field_out,,,,,595956
716361,2023-10-01,5,Bot,45,0,1,0,2,116,114,595879,608337,,,,,,,,,,,,,,,,,,,,,,,,,595956
716361,2023-10-01,5,Bot,45,1,2,0,2,116,114,595879,608337,,,,,,,,,,,,,,,,,,,,,,,,,595956
716361,2023-10-01,5,Bot,45,2,2,1,2,116,114,595879,608337,,,,,,,,,,,,,,,,,,,,,,,,,595956
716361,2023-10-01,5,Bot,45,3,2,1,2,116,114,595879,608337,field_out,Flyout,Javier Baez flies out sharply to left fielder Steven Kwan.,T,,,,,,,,,,595879,,,T,3,Flyout,field_out,,,,,595956
716361,2023-10-01,6,Top,46,0,1,0,0,116,114,647304,593958,,,,,,,,,,,,,,,,,,,,,,,,,608348
716361,2023-10-01,6,Top,46,1,1,1,0,116,114,647304,593958,,,,,,,,,,,,,,,,,,,,,,,,,608348
716361,2023-10-01,6,Top,46,2,1,1,0,116,114,647304,593958,double,Double,Josh Naylor doubles (31) on a sharp line drive to right fielder Kerry Carpenter.,T,,,,,,,,,,647304,,2B,,,Double,double,,,,,608348
716361,2023-10-01,6,Top,47,0,0,1,0,116,114,657656,593958,,,,,,,,,,,,,,,,,,,,,,,,,608348
716361,2023-10-01,6,Top,47,1,0,1,0,116,114,657656,593958,field_out,Flyout,Ramon Laureano flies out to center fielder Parker Meadows. Josh Naylor to 3rd.,T,,,,,,,,,,657656,,,T,1,Flyout,field_out,,,,,608348
716361,2023-10-01,6,Top,48,0,0,0,1,116,114,660757,593958,field_out,Lineout,Oscar Gonzalez lines out to shortstop Javier Baez.,T,,,,,,,,,,660757,,,T,2,Lineout,field_out,,,,,608348
716361,2023-10-01,6,Top,49,0,0,1,2,116,114,677587,593958,,,,,,,,,,,,,,,,,,,,,,,,,608348
716361,2023-10-01,6,Top,49,1,0,2,2,116,114,677587,593958,,,,,,,,,,,,,,,,,,,,,,,,,608348
716361,2023-10-01,6,Top,49,2,1,2,2,116,114,677587,593958,,,,,,,,,,,,,,,,,,,,,,,,,608348
716361,2023-10-01,6,Top,49,3,1,2,2,116,114,677587,593958,,,,,,,,,,,,,,,,,,,,,,,,,608348
716361,2023-10-01,6,Top,49,4,1,3,2,116,114,677587,593958,strikeout,Strikeout,Brayan Rocchio strikes out swinging.,T,,,,,,,,,,677587,,,T,3,Strikeout,strikeout,,,,,608348
716361,2023-10-01,6,Bot,50,0,0,0,0,116,114,668670,680704,,,,,,,,,,,,,,,,,,,,,,,,,595956
716361,2023-10-01,6,Bot,50,1,0,0,0,116,114,668670,680704,,,,,,,,,,,,,,,,,,,,,,,,,595956
716361,2023-10-01,6,Bot,50,2,0,1,0,116,114,668670,680704,,,,,,,,,,,,,,,,,,,,,,,,,595956
716361,2023-10-01,6,Bot,50,3,0,2,0,116,114,668670,680704,,,,,,,,,,,,,,,,,,,,,,,,,595956
716361,2023-10-01,6,Bot,50,4,0,3,0,116,114,668670,680704,strikeout,Strikeout,Jake Rogers strikes out swinging.,T,,,,,,,,,,668670,,,T,1,Strikeout,strikeout,,,,,595956
716361,2023-10-01,6,Bot,51,0,0,1,1,116,114,678009,680704,,,,,,,,,,,,,,,,,,,,,,,,,595956
716361,2023-10-01,6,Bot,51,1,0,2,1,116,114,678009,680704,,,,,,,,,,,,,,,,,,,,,,,,,595956
716361,2023-10-01,6,Bot,51,2,0,2,1,116,114,678009,680704,field_out,Lineout,Parker Meadows lines out to left fielder Steven Kwan.,T,,,,,,,,,,678009,,,T,2,Lineout,field_out,,,,,595956
716361,2023-10-01,6,Bot,52,0,0,1,2,116,114,679529,680704,,,,,,,,,,,,,,,,,,,,,,,,,595956
716361,2023-10-01,6,Bot,52,1,1,1,2,116,114,679529,680704,,,,,,,,,,,,,,,,,,,,,,,,,595956
716361,2023-10-01,6,Bot,52,2,1,1,2,116,114,679529,680704,field_out,Pop Out,Spencer Torkelson pops out to first baseman Josh Naylor in foul territory.,T,,,,,,,,,,679529,,,T,3,Pop Out,field_out,,,,,595956
716361,2023-10-01,7,Top,53,0,0,1,0,116,114,666310,593958,,,,,,,,,,,,,,,,,,,,,,,,,608348
716361,2023-10-01,7,Top,53,1,1,1,0,116,114,666310,593958,,,,,,,,,,,,,,,,,,,,,,,,,608348
716361,2023-10-01,7,Top,53,2,1,1,0,116,114,666310,593958,field_out,Flyout,Bo Naylor flies out to right fielder Kerry Carpenter.,T,,,,,,,,,,666310,,,T,1,Flyout,field_out,,,,,608348
716361,2023-10-01,7,Top,54,0,0,1,1,116,114,671289,593958,,,,,,,,,,,,,,,,,,,,,,,,,608348
716361,2023-10-01,7,Top,54,1,1,1,1,116,114,671289,593958,,,,,,,,,,,,,,,,,,,,,,,,,608348
716361,2023-10-01,7,Top,54,2,1,1,1,116,114,671289,593958,field_out,Groundout,Tyler Freeman grounds out to first baseman Spencer Torkelson.,T,,,,,,,,,,671289,,,T,2,Groundout,field_out,,,,,608348
716361,2023-10-01,7,Top,55,0,1,0,2,116,114,677588,593958,,,,,,,,,,,,,,,,,,,,,,,,,608348
716361,2023-10-01,7,Top,55,1,2,0,2,116,114,677588,593958,,,,,,,,,,,,,,,,,,,,,,,,,608348
716361,2023-10-01,7,Top,55,2,2,1,2,116,114,677588,593958,,,,,,,,,,,,,,,,,,,,,,,,,608348
716361,2023-10-01,7,Top,55,3,2,2,2,116,114,677588,593958,,,,,,,,,,,,,,,,,,,,,,,,,608348
716361,2023-10-01,7,Top,55,4,2,2,2,116,114,677588,593958,field_out,Groundout,"Jose Tena grounds out, shortstop Javier Baez to first baseman Spencer Torkelson.",T,,,,,,,,,,677588,,,T,3,Groundout,field_out,,,,,608348
716361,2023-10-01,7,Bot,56,0,0,0,0,116,114,408234,660853,,,,,,,,,,,,,,,,,,,,,,,,,595956
716361,2023-10-01,7,Bot,56,1,1,0,0,116,114,408234,660853,,,,,,,,,,,,,,,,,,,,,,,,,595956
716361,2023-10-01,7,Bot,56,2,2,0,0,116,114,408234,660853,,,,,,,,,,,,,,,,,,,,,,,,,595956
716361,2023-10-01,7,Bot,56,3,3,0,0,116,114,408234,660853,,,,,,,,,,,,,,,,,,,,,,,,,595956
716361,2023-10-01,7,Bot,56,4,4,0,0,116,114,408234,660853,walk,Walk,Miguel Cabrera walks.,T,,,,,,,,,,408234,,1B,,,Walk,walk,,,,,595956
716361,2023-10-01,7,Bot,57,0,1,0,0,116,114,681481,660853,,,,,,,,,,,,,,,,,,,,,,,,,595956
716361,2023-10-01,7,Bot,57,1,1,1,0,116,114,681481,660853,,,,,,,,,,,,,,,,,,,,,,,,,595956
716361,2023-10-01,7,Bot,57,2,2,1,0,116,114,681481,660853,,,,,,,,,,,,,,,,,,,,,,,,,595956
716361,2023-10-01,7,Bot,57,3,2,1,0,116,114,681481,660853,grounded_into_double_play,Grounded Into DP,"Kerry Carpenter grounds into a double play, shortstop Brayan Rocchio to first baseman Josh Naylor. Miguel Cabrera out at 2nd. Kerry Carpenter out at 1st.",T,,,,,,,,,,408234,1B,,T,1,Grounded Into DP,grounded_into_double_play,r_force_out,,,,595956
716361,2023-10-01,7,Bot,58,0,0,0,2,116,114,663837,660853,,,,,,,,,,,,,,,,,,,,,,,,,595956
716361,2023-10-01,7,Bot,58,1,0,1,2,116,114,663837,660853,,,,,,,,,,,,,,,,,,,,,,,,,595956
716361,2023-10-01,7,Bot,58,2,1,1,2,116,114,663837,660853,,,,,,,,,,,,,,,,,,,,,,,,,595956
716361,2023-10-01,7,Bot,58,3,2,1,2,116,114,663837,660853,,,,,,,,,,,,,,,,,,,,,,,,,595956
716361,2023-10-01,7,Bot,58,4,2,2,2,116,114,663837,660853,,,,,,,,,,,,,,,,,,,,,,,,,595956
716361,2023-10-01,7,Bot,58,5,2,2,2,116,114,663837,660853,,,,,,,,,,,,,,,,,,,,,,,,,595956
716361,2023-10-01,7,Bot,58,6,2,2,2,116,114,663837,660853,,,,,,,,,,,,,,,,,,,,,,,,,595956
716361,2023-10-01,7,Bot,58,7,2,2,2,116,114,663837,660853,,,,,,,,,,,,,,,,,,,,,,,,,595956
716361,2023-10-01,7,Bot,58,8,2,2,2,116,114,663837,660853,double,Double,Matt Vierling doubles (21) on a ground ball to center fielder Ramon Laureano.,T,,,,,,,,,,663837,,2B,,,Double,double,,,,,595956
716361,2023-10-01,7,Bot,59,0,0,1,2,116,114,628451,660853,,,,,,,,,,,,,,,,,,,,,,,,,595956
716361,2023-10-01,7,Bot,59,1,0,2,2,116,114,628451,660853,,,,,,,,,,,,,,,,,,,,,,,,,595956
716361,2023-10-01,7,Bot,59,2,0,2,2,116,114,628451,660853,field_error,Field Error,"Andy Ibanez reaches on a fielding error by third baseman Tyler Freeman. Matt Vierling out at home, third baseman Tyler Freeman to catcher Bo Naylor.",T,,,,,,,,,,628451,,1B,,,Field Error,field_error,,,,,595956
716361,2023-10-01,8,Top,60,0,0,0,0,116,114,680757,676684,,,,,,,,,,,,,,,,,,,,,,,,,608348
716361,2023-10-01,8,Top,60,1,0,0,0,116,114,680757,676684,,,,,,,,,,,,,,,,,,,,,,,,,608348
716361,2023-10-01,8,Top,60,2,0,0,0,116,114,680757,676684,,,,,,,,,,,,,,,,,,,,,,,,,608348
716361,2023-10-01,8,Top,60,3,0,1,0,116,114,680757,676684,,,,,,,,,,,,,,,,,,,,,,,,,608348
716361,2023-10-01,8,Top,60,4,0,1,0,116,114,680757,676684,field_out,Groundout,Steven Kwan grounds out to first baseman Miguel Cabrera.,T,,,,,,,,,,680757,,,T,1,Groundout,field_out,,,,,608348
716361,2023-10-01,8,Top,61,0,0,0,1,116,114,608070,676684,,,,,,,,,,,,,,,,,,,,,,,,,608348
716361,2023-10-01,8,Top,61,1,0,0,1,116,114,608070,676684,,,,,,,,,,,,,,,,,,,,,,,,,608348
716361,2023-10-01,8,Top,61,2,0,0,1,116,114,608070,676684,,,,,,,,,,,,,,,,,,,,,,,,,608348
716361,2023-10-01,8,Top,61,3,0,1,1,116,114,608070,676684,,,,,,,,,,,,,,,,,,,,,,,,,608348
716361,2023-10-01,8,Top,61,4,1,1,1,116,114,608070,676684,,,,,,,,,,,,,,,,,,,,,,,,,608348
716361,2023-10-01,8,Top,61,5,2,1,1,116,114,608070,676684,,,,,,,,,,,,,,,,,,,,,,,,,608348
716361,2023-10-01,8,Top,61,6,3,1,1,116,114,608070,676684,,,,,,,,,,,,,,,,,,,,,,,,,608348
716361,2023-10-01,8,Top,61,7,3,2,1,116,114,608070,676684,,,,,,,,,,,,,,,,,,,,,,,,,608348
716361,2023-10-01,8,Top,61,8,3,2,1,116,114,608070,676684,,,,,,,,,,,,,,,,,,,,,,,,,608348
716361,2023-10-01,8,Top,61,9,3,2,1,116,114,608070,676684,,,,,,,,,,,,,,,,,,,,,,,,,608348
716361,2023-10-01,8,Top,61,10,3,3,1,116,114,608070,676684,strikeout,Strikeout,Jose Ramirez strikes out swinging.,T,,,,,,,,,,608070,,,T,2,Strikeout,strikeout,,,,,608348
716361,2023-10-01,8,Top,62,0,1,0,2,116,114,647304,676684,,,,,,,,,,,,,,,,,,,,,,,,,608348
716361,2023-10-01,8,Top,62,1,1,0,2,116,114,647304,676684,field_out,Flyout,Josh Naylor flies out to left fielder Akil Baddoo.,T,,,,,,,,,,647304,,,T,3,Flyout,field_out,,,,,608348
716361,2023-10-01,8,Bot,63,0,0,0,0,116,114,668731,663986,,,,,,,,,,,,,,,,,,,,,,,,,595956
716361,2023-10-01,8,Bot,63,1,0,0,0,116,114,668731,663986,,,,,,,,,,,,,,,,,,,,,,,,,595956
716361,2023-10-01,8,Bot,63,2,1,0,0,116,114,668731,663986,,,,,,,,,,,,,,,,,,,,,,,,,595956
716361,2023-10-01,8,Bot,63,3,2,0,0,116,114,668731,663986,,,,,,,,,,,,,,,,,,,,,,,,,595956
716361,2023-10-01,8,Bot,63,4,2,1,0,116,114,668731,663986,,,,,,,,,,,,,,,,,,,,,,,,,595956
716361,2023-10-01,8,Bot,63,5,2,2,0,116,114,668731,663986,,,,,,,,,,,,,,,,,,,,,,,,,595956
716361,2023-10-01,8,Bot,63,6,3,2,0,116,114,668731,663986,,,,,,,,,,,,,,,,,,,,,,,,,595956
716361,2023-10-01,8,Bot,63,7,3,2,0,116,114,668731,663986,,,,,,,,,,,,,,,,,,,,,,,,,595956
716361,2023-10-01,8,Bot,63,8,4,2,0,116,114,668731,663986,walk,Walk,Akil Baddoo walks.,T,,,,,,,,,,668731,,1B,,,Walk,walk,,,,,595956
716361,2023-10-01,8,Bot,64,0,0,1,0,116,114,595879,663986,,,,,,,,,,,,,,,,,,,,,,,,,595956
716361,2023-10-01,8,Bot,64,1,0,1,0,116,114,595879,663986,,,,,,,,,,,,,,,,,,,,,,,,,595956
716361,2023-10-01,8,Bot,64,2,0,1,0,116,114,595879,663986,single,Single,Javier Baez singles on a ground ball to third baseman Tyler Freeman.,T,T,,,,,,,,,668731,1B,2B,,,Stolen Base 2B,stolen_base_2b,r_stolen_base_2b,,,,595956
716361,2023-10-01,8,Bot,65,0,1,0,0,116,114,668670,663986,,,,,,,,,,,,,,,,,,,,,,,,,595956
716361,2023-10-01,8,Bot,65,1,1,1,0,116,114,668670,663986,,,,,,,,,,,,,,,,,,,,,,,,,595956
716361,2023-10-01,8,Bot,65,2,1,2,0,116,114,668670,663986,,,,,,,,,,,,,,,,,,,,,,,,,595956
716361,2023-10-01,8,Bot,65,3,2,2,0,116,114,668670,663986,,,,,,,,,,,,,,,,,,,,,,,,,595956
716361,2023-10-01,8,Bot,65,4,2,3,0,116,114,668670,663986,strikeout,Strikeout,Jake Rogers strikes out swinging.,T,,,,,,,,,,668670,,,T,1,Strikeout,strikeout,,,,,595956
716361,2023-10-01,8,Bot,66,0,0,0,1,116,114,678009,663986,field_out,Flyout,Parker Meadows flies out to center fielder Ramon Laureano.,T,,,,,,,,,,678009,,,T,2,Flyout,field_out,,,,,595956
716361,2023-10-01,8,Bot,67,0,0,0,2,116,114,663527,663986,,,,,,,,,,,,,,,,,,,,,,,,,595956
716361,2023-10-01,8,Bot,67,1,1,0,2,116,114,663527,663986,,,,,,,,,,,,,,,,,,,,,,,,,595956
716361,2023-10-01,8,Bot,67,2,1,1,2,116,114,663527,663986,,,,,,,,,,,,,,,,,,,,,,,,,595956
716361,2023-10-01,8,Bot,67,3,2,1,2,116,114,663527,663986,,,,,,,,,,,,,,,,,,,,,,,,,595956
716361,2023-10-01,8,Bot,67,4,2,2,2,116,114,663527,663986,,,,,,,,,,,,,,,,,,,,,,,,,595956
716361,2023-10-01,8,Bot,67,5,2,2,2,116,114,663527,663986,,,,,,,,,,,,,,,,,,,,,,,,,595956
716361,2023-10-01,8,Bot,67,6,2,2,2,116,114,663527,663986,,,,,,,,,,,,,,,,,,,,,,,,,595956
716361,2023-10-01,8,Bot,67,7,2,2,2,116,114,663527,663986,,,,,,,,,,,,,,,,,,,,,,,,,595956
716361,2023-10-01,8,Bot,67,8,2,3,2,116,114,663527,663986,strikeout,Strikeout,Tyler Nevin strikes out swinging.,T,,,,,,,,,,663527,,,T,3,Strikeout,strikeout,,,,,595956
716361,2023-10-01,9,Top,68,0,0,0,0,116,114,657656,656638,,,,,,,,,,,,,,,,,,,,,,,,,608348
716361,2023-10-01,9,Top,68,1,0,0,0,116,114,657656,656638,field_out,Pop Out,Ramon Laureano pops out to second baseman Zack Short.,T,,,,,,,,,,657656,,,T,1,Pop Out,field_out,,,,,608348
716361,2023-10-01,9,Top,69,0,0,0,1,116,114,686823,656638,,,,,,,,,,,,,,,,,,,,,,,,,608348
716361,2023-10-01,9,Top,69,1,0,1,1,116,114,686823,656638,,,,,,,,,,,,,,,,,,,,,,,,,608348
716361,2023-10-01,9,Top,69,2,0,1,1,116,114,686823,656638,single,Single,Will Brennan singles on a ground ball to right fielder Kerry Carpenter.,T,,,,,,,,,,686823,,1B,,,Single,single,,,,,608348
716361,2023-10-01,9,Top,70,0,1,0,1,116,114,677587,656638,,,,,,,,,,,,,,,,,,,,,,,,,608348
716361,2023-10-01,9,Top,70,1,1,1,1,116,114,677587,656638,,,,,,,,,,,,,,,,,,,,,,,,,608348
716361,2023-10-01,9,Top,70,2,1,2,1,116,114,677587,656638,,,,,,,,,,,,,,,,,,,,,,,,,608348
716361,2023-10-01,9,Top,70,3,1,3,1,116,114,677587,656638,strikeout,Strikeout,Brayan Rocchio strikes out swinging. Will Brennan to 2nd. Wild pitch by pitcher Alex Lange.,T,,,,,,,,,,677587,,,T,2,Strikeout,strikeout,,,,,608348
716361,2023-10-01,9,Top,71,0,0,1,2,116,114,666310,656638,,,,,,,,,,,,,,,,,,,,,,,,,608348
716361,2023-10-01,9,Top,71,1,1,1,2,116,114,666310,656638,,,,,,,,,,,,,,,,,,,,,,,,,608348
716361,2023-10-01,9,Top,71,2,1,2,2,116,114,666310,656638,,,,,,,,,,,,,,,,,,,,,,,,,608348
716361,2023-10-01,9,Top,71,3,2,2,2,116,114,666310,656638,,,,,,,,,,,,,,,,,,,,,,,,,608348
716361,2023-10-01,9,Top,71,4,2,3,2,116,114,666310,656638,strikeout,Strikeout,Bo Naylor strikes out swinging.,T,,,,,,,,,,666310,,,T,3,Strikeout,strikeout,,,,,608348
716357,2023-10-01,1,Top,0,0,0,0,0,141,139,691406,641149,,,,,,,,,,,,,,,,,,,,,,,,,623168
716357,2023-10-01,1,Top,0,1,0,0,0,141,139,691406,641149,,,,,,,,,,,,,,,,,,,,,,,,,623168
716357,2023-10-01,1,Top,0,2,0,0,0,141,139,691406,641149,,,,,,,,,,,,,,,,,,,,,,,,,623168
716357,2023-10-01,1,Top,0,3,0,0,0,141,139,691406,641149,field_out,Groundout,"Junior Caminero grounds out sharply, shortstop Bo Bichette to first baseman Cavan Biggio.",T,,,,,,,,,,691406,,,T,1,Groundout,field_out,,,,,623168
716357,2023-10-01,1,Top,1,0,1,0,1,141,139,666139,641149,,,,,,,,,,,,,,,,,,,,,,,,,623168
716357,2023-10-01,1,Top,1,1,1,1,1,141,139,666139,641149,,,,,,,,,,,,,,,,,,,,,,,,,623168
716357,2023-10-01,1,Top,1,2,2,1,1,141,139,666139,641149,,,,,,,,,,,,,,,,,,,,,,,,,623168
716357,2023-10-01,1,Top,1,3,2,2,1,141,139,666139,641149,,,,,,,,,,,,,,,,,,,,,,,,,623168
716357,2023-10-01,1,Top,1,4,3,2,1,141,139,666139,641149,,,,,,,,,,,,,,,,,,,,,,,,,623168
716357,2023-10-01,1,Top,1,5,3,2,1,141,139,666139,641149,field_out,Flyout,Josh Lowe flies out to center fielder Daulton Varsho.,T,,,,,,,,,,666139,,,T,2,Flyout,field_out,,,,,623168
716357,2023-10-01,1,Top,2,0,0,1,2,141,139,623912,641149,,,,,,,,,,,,,,,,,,,,,,,,,623168
716357,2023-10-01,1,Top,2,1,0,1,2,141,139,623912,641149,single,Single,Harold Ramirez singles on a sharp line drive to right fielder Whit Merrifield.,T,,,,,,,,,,623912,,1B,,,Single,single,,,,,623168
716357,2023-10-01,1,Top,3,0,1,0,2,141,139,670623,641149,,,,,,,,,,,,,,,,,,,,,,,,,623168
716357,2023-10-01,1,Top,3,1,1,1,2,141,139,670623,641149,,,,,,,,,,,,,,,,,,,,,,,,,623168
716357,2023-10-01,1,Top,3,2,2,1,2,141,139,670623,641149,,,,,,,,,,,,,,,,,,,,,,,,,623168
716357,2023-10-01,1,Top,3,3,2,2,2,141,139,670623,641149,,,,,,,,,,,,,,,,,,,,,,,,,623168
716357,2023-10-01,1,Top,3,4,2,2,2,141,139,670623,641149,,,,,,,,,,,,,,,,,,,,,,,,,623168
716357,2023-10-01,1,Top,3,5,2,2,2,141,139,670623,641149,,,,,,,,,,,,,,,,,,,,,,,,,623168
716357,2023-10-01,1,Top,3,6,3,2,2,141,139,670623,641149,,,,,,,,,,,,,,,,,,,,,,,,,623168
716357,2023-10-01,1,Top,3,7,4,2,2,141,139,670623,641149,walk,Walk,Isaac Paredes walks. Harold Ramirez to 2nd.,T,,,,,,,,,,623912,1B,2B,,,Walk,walk,r_adv_force,,,,623168
716357,2023-10-01,1,Top,4,0,0,1,2,141,139,666018,641149,,,,,,,,,,,,,,,,,,,,,,,,,623168
716357,2023-10-01,1,Top,4,1,0,2,2,141,139,666018,641149,,,,,,,,,,,,,,,,,,,,,,,,,623168
716357,2023-10-01,1,Top,4,2,0,2,2,141,139,666018,641149,,,,,,,,,,,,,,,,,,,,,,,,,623168
716357,2023-10-01,1,Top,4,3,0,2,2,141,139,666018,641149,,,,,,,,,,,,,,,,,,,,,,,,,623168
716357,2023-10-01,1,Top,4,4,0,2,2,141,139,666018,641149,single,Single,Jonathan Aranda singles on a sharp ground ball to right fielder Whit Merrifield. Harold Ramirez scores. Isaac Paredes to 3rd.,T,,,,,,,,,,666018,,1B,,,Single,single,,,,,623168
716357,2023-10-01,1,Top,5,0,1,0,2,141,139,678554,641149,,,,,,,,,,,,,,,,,,,,,,,,,623168
716357,2023-10-01,1,Top,5,1,1,0,2,141,139,678554,641149,,,,,,,,,,,,,,,,,,,,,,,,,623168
716357,2023-10-01,1,Top,5,2,1,1,2,141,139,678554,641149,,,,,,,,,,,,,,,,,,,,,,,,,623168
716357,2023-10-01,1,Top,5,3,2,1,2,141,139,678554,641149,,,,,,,,,,,,,,,,,,,,,,,,,623168
716357,2023-10-01,1,Top,5,4,2,2,2,141,139,678554,641149,,,,,,,,,,,,,,,,,,,,,,,,,623168
716357,2023-10-01,1,Top,5,5,3,2,2,141,139,678554,641149,,,,,,,,,,,,,,,,,,,,,,,,,623168
716357,2023-10-01,1,Top,5,6,3,2,2,141,139,678554,641149,,,,,,,,,,,,,,,,,,,,,,,,,623168
716357,2023-10-01,1,Top,5,7,4,2,2,141,139,678554,641149,walk,Walk,Curtis Mead walks.,T,,,,,,,,,,666018,1B,2B,,,Wild Pitch,wild_pitch,r_adv_play,,,,623168
716357,2023-10-01,1,Top,6,0,0,0,2,141,139,622534,641149,field_out,Lineout,Manuel Margot lines out to left fielder Cam Eden.,T,,,,,,,,,,622534,,,T,3,Lineout,field_out,,,,,623168
716357,2023-10-01,1,Bot,7,0,1,0,0,141,139,593160,682052,,,,,,,,,,,,,,,,,,,,,,,,,542194
716357,2023-10-01,1,Bot,7,1,1,0,0,141,139,593160,682052,field_out,Groundout,"Whit Merrifield grounds out, shortstop Junior Caminero to first baseman Jonathan Aranda.",T,,,,,,,,,,593160,,,T,1,Groundout,field_out,,,,,542194
716357,2023-10-01,1,Bot,8,0,0,0,1,141,139,474832,682052,field_out,Flyout,Brandon Belt flies out to left fielder Raimel Tapia.,T,,,,,,,,,,474832,,,T,2,Flyout,field_out,,,,,542194
716357,2023-10-01,1,Bot,9,0,0,0,2,141,139,666182,682052,,,,,,,,,,,,,,,,,,,,,,,,,542194
716357,2023-10-01,1,Bot,9,1,1,0,2,141,139,666182,682052,,,,,,,,,,,,,,,,,,,,,,,,,542194
716357,2023-10-01,1,Bot,9,2,2,0,2,141,139,666182,682052,,,,,,,,,,,,,,,,,,,,,,,,,542194
716357,2023-10-01,1,Bot,9,3,2,0,2,141,139,666182,682052,field_out,Groundout,"Bo Bichette grounds out sharply, first baseman Jonathan Aranda to pitcher Jacob Lopez.",T,,,,,,,,,,666182,,,T,3,Groundout,field_out,,,,,542194
716357,2023-10-01,2,Top,10,0,0,0,0,141,139,606132,641149,,,,,,,,,,,,,,,,,,,,,,,,,623168
716357,2023-10-01,2,Top,10,1,0,1,0,141,139,606132,641149,,,,,,,,,,,,,,,,,,,,,,,,,623168
716357,2023-10-01,2,Top,10,2,0,1,0,141,139,606132,641149,single,Single,Raimel Tapia singles on a ground ball to second baseman Davis Schneider.,T,,,,,,,,,,606132,,1B,,,Single,single,,,,,623168
716357,2023-10-01,2,Top,11,0,1,0,0,141,139,650907,641149,,,,,,,,,,,,,,,,,,,,,,,,,623168
716357,2023-10-01,2,Top,11,1,1,0,0,141,139,650907,641149,,,,,,,,,,,,,,,,,,,,,,,,,623168
716357,2023-10-01,2,Top,11,2,1,0,0,141,139,650907,641149,single,Single,Rene Pinto singles on a line drive to center fielder Daulton Varsho. Raimel Tapia to 3rd.,T,T,,,,,,,,,606132,1B,2B,,,Stolen Base 2B,stolen_base_2b,r_stolen_base_2b,,,,623168
716357,2023-10-01,2,Top,12,0,1,0,0,141,139,691406,641149,,,,,,,,,,,,,,,,,,,,,,,,,623168
716357,2023-10-01,2,Top,12,1,1,1,0,141,139,691406,641149,,,,,,,,,,,,,,,,,,,,,,,,,623168
716357,2023-10-01,2,Top,12,2,1,1,0,141,139,691406,641149,single,Single,Junior Caminero singles on a ground ball to left fielder Cam Eden. Raimel Tapia scores. Rene Pinto to 3rd.,T,,,,,,,,,,691406,,1B,,,Single,single,,,,,623168
716357,2023-10-01,2,Top,13,0,1,0,0,141,139,666139,641149,,,,,,,,,,,,,,,,,,,,,,,,,623168
716357,2023-10-01,2,Top,13,1,1,1,0,141,139,666139,641149,,,,,,,,,,,,,,,,,,,,,,,,,623168
716357,2023-10-01,2,Top,13,2,1,2,0,141,139,666139,641149,,,,,,,,,,,,,,,,,,,,,,,,,623168
716357,2023-10-01,2,Top,13,3,1,2,0,141,139,666139,641149,,,,,,,,,,,,,,,,,,,,,,,,,623168
716357,2023-10-01,2,Top,13,4,2,2,0,141,139,666139,641149,,,,,,,,,,,,,,,,,,,,,,,,,623168
716357,2023-10-01,2,Top,13,5,3,2,0,141,139,666139,641149,,,,,,,,,,,,,,,,,,,,,,,,,623168
716357,2023-10-01,2,Top,13,6,3,2,0,141,139,666139,641149,,,,,,,,,,,,,,,,,,,,,,,,,623168
716357,2023-10-01,2,Top,13,7,3,2,0,141,139,666139,641149,double,Double,Josh Lowe doubles (33) on a line drive to right fielder Whit Merrifield. Rene Pinto scores. Junior Caminero to 3rd.,T,,,,,,,,,,666139,,2B,,,Double,double,,,,,623168
716357,2023-10-01,2,Top,14,0,0,0,0,141,139,623912,641149,,,,,,,,,,,,,,,,,,,,,,,,,623168
716357,2023-10-01,2,Top,14,1,1,0,0,141,139,623912,641149,,,,,,,,,,,,,,,,,,,,,,,,,623168
716357,2023-10-01,2,Top,14,2,1,1,0,141,139,623912,641149,,,,,,,,,,,,,,,,,,,,,,,,,623168
716357,2023-10-01,2,Top,14,3,2,1,0,141,139,623912,641149,,,,,,,,,,,,,,,,,,,,,,,,,623168
716357,2023-10-01,2,Top,14,4,2,1,0,141,139,623912,641149,,,,,,,,,,,,,,,,,,,,,,,,,623168
716357,2023-10-01,2,Top,14,5,3,1,0,141,139,623912,641149,hit_by_pitch,Hit By Pitch,Harold Ramirez hit by pitch.,T,,,,,,,,,,691406,3B,score,,,Wild Pitch,wild_pitch,r_adv_play,T,,T,623168
716357,2023-10-01,2,Top,15,0,1,0,0,141,139,670623,641149,,,,,,,,,,,,,,,,,,,,,,,,,623168
716357,2023-10-01,2,Top,15,1,2,0,0,141,139,670623,641149,,,,,,,,,,,,,,,,,,,,,,,,,623168
716357,2023-10-01,2,Top,15,2,3,0,0,141,139,670623,641149,,,,,,,,,,,,,,,,,,,,,,,,,623168
716357,2023-10-01,2,Top,15,3,4,0,0,141,139,670623,641149,walk,Walk,Isaac Paredes walks. Harold Ramirez to 2nd.,T,,,,,,,,,,623912,1B,2B,,,Walk,walk,r_adv_force,,,,623168
716357,2023-10-01,2,Top,16,0,0,0,0,141,139,666018,641149,,,,,,,,,,,,,,,,,,,,,,,,,623168
716357,2023-10-01,2,Top,16,1,1,0,0,141,139,666018,641149,,,,,,,,,,,,,,,,,,,,,,,,,623168
716357,2023-10-01,2,Top,16,2,1,0,0,141,139,666018,641149,home_run,Home Run,Jonathan Aranda hits a grand slam (2) to right field. Josh Lowe scores. Harold Ramirez scores. Isaac Paredes scores.,T,,,,,,,,,,666018,,score,,,Home Run,home_run,,T,T,T,623168
716357,2023-10-01,2,Top,17,0,1,0,0,141,139,678554,641149,,,,,,,,,,,,,,,,,,,,,,,,,623168
716357,2023-10-01,2,Top,17,1,1,0,0,141,139,678554,641149,field_out,Groundout,"Curtis Mead grounds out, third baseman Santiago Espinal to first baseman Cavan Biggio.",T,,,,,,,,,,678554,,,T,1,Groundout,field_out,,,,,623168
716357,2023-10-01,2,Top,18,0,0,0,1,141,139,622534,641149,field_out,Lineout,Manuel Margot lines out to center fielder Daulton Varsho.,T,,,,,,,,,,622534,,,T,2,Lineout,field_out,,,,,623168
716357,2023-10-01,2,Top,19,0,0,0,2,141,139,606132,641149,,,,,,,,,,,,,,,,,,,,,,,,,623168
716357,2023-10-01,2,Top,19,1,1,0,2,141,139,606132,641149,,,,,,,,,,,,,,,,,,,,,,,,,623168
716357,2023-10-01,2,Top,19,2,1,1,2,141,139,606132,641149,,,,,,,,,,,,,,,,,,,,,,,,,623168
716357,2023-10-01,2,Top,19,3,2,1,2,141,139,606132,641149,,,,,,,,,,,,,,,,,,,,,,,,,623168
716357,2023-10-01,2,Top,19,4,2,2,2,141,139,606132,641149,,,,,,,,,,,,,,,,,,,,,,,,,623168
716357,2023-10-01,2,Top,19,5,2,2,2,141,139,606132,641149,single,Single,Raimel Tapia singles on a line drive to left fielder Cam Eden.,T,,,,,,,,,,606132,,1B,,,Single,single,,,,,623168
716357,2023-10-01,2,Top,20,0,0,0,2,141,139,650907,641149,single,Single,Rene Pinto singles on a ground ball to left fielder Cam Eden. Raimel Tapia to 3rd.,T,,,,,,,,,,650907,,1B,,,Single,single,,,,,623168
716357,2023-10-01,2,Top,21,0,0,1,2,141,139,691406,641149,,,,,,,,,,,,,,,,,,,,,,,,,623168
716357,2023-10-01,2,Top,21,1,0,2,2,141,139,691406,641149,,,,,,,,,,,,,,,,,,,,,,,,,623168
716357,2023-10-01,2,Top,21,2,0,3,2,141,139,691406,641149,strikeout,Strikeout,Junior Caminero strikes out swinging.,T,,,,,,,,,,691406,,,T,3,Strikeout,strikeout,,,,,623168
716357,2023-10-01,2,Bot,22,0,0,1,0,141,139,676914,682052,,,,,,,,,,,,,,,,,,,,,,,,,542194
716357,2023-10-01,2,Bot,22,1,0,2,0,141,139,676914,682052,,,,,,,,,,,,,,,,,,,,,,,,,542194
716357,2023-10-01,2,Bot,22,2,1,2,0,141,139,676914,682052,,,,,,,,,,,,,,,,,,,,,,,,,542194
716357,2023-10-01,2,Bot,22,3,1,2,0,141,139,676914,682052,,,,,,,,,,,,,,,,,,,,,,,,,542194
716357,2023-10-01,2,Bot,22,4,2,2,0,141,139,676914,682052,,,,,,,,,,,,,,,,,,,,,,,,,542194
716357,2023-10-01,2,Bot,22,5,3,2,0,141,139,676914,682052,,,,,,,,,,,,,,,,,,,,,,,,,542194
716357,2023-10-01,2,Bot,22,6,4,2,0,141,139,676914,682052,walk,Walk,Davis Schneider walks.,T,,,,,,,,,,676914,,1B,,,Walk,walk,,,,,542194
716357,2023-10-01,2,Bot,23,0,1,0,0,141,139,624415,682052,,,,,,,,,,,,,,,,,,,,,,,,,542194
716357,2023-10-01,2,Bot,23,1,2,0,0,141,139,624415,682052,hit_by_pitch,Hit By Pitch,Cavan Biggio hit by pitch. Davis Schneider to 2nd.,T,,,,,,,,,,676914,1B,2B,,,Hit By Pitch,hit_by_pitch,r_adv_force,,,,542194
716357,2023-10-01,2,Bot,24,0,0,1,0,141,139,669289,682052,,,,,,,,,,,,,,,,,,,,,,,,,542194
716357,2023-10-01,2,Bot,24,1,0,2,0,141,139,669289,682052,,,,,,,,,,,,,,,,,,,,,,,,,542194
716357,2023-10-01,2,Bot,24,2,0,3,0,141,139,669289,682052,strikeout,Strikeout,Santiago Espinal strikes out swinging.,T,,,,,,,,,,669289,,,T,1,Strikeout,strikeout,,,,,542194
716357,2023-10-01,2,Bot,25,0,1,0,1,141,139,662139,682052,,,,,,,,,,,,,,,,,,,,,,,,,542194
716357,2023-10-01,2,Bot,25,1,1,1,1,141,139,662139,682052,,,,,,,,,,,,,,,,,,,,,,,,,542194
716357,2023-10-01,2,Bot,25,2,1,1,1,141,139,662139,682052,field_out,Lineout,Daulton Varsho lines out to center fielder Manuel Margot.,T,,,,,,,,,,662139,,,T,2,Lineout,field_out,,,,,542194
716357,2023-10-01,2,Bot,26,0,0,0,2,141,139,623168,682052,triple,Triple,Tyler Heineman triples (1) on a line drive to right fielder Josh Lowe. Davis Schneider scores. Cavan Biggio scores.,T,,,,,,,,,,623168,,3B,,,Triple,triple,,,,,542194
716357,2023-10-01,2,Bot,27,0,0,1,2,141,139,686490,682052,,,,,,,,,,,,,,,,,,,,,,,,,542194
716357,2023-10-01,2,Bot,27,1,1,1,2,141,139,686490,682052,,,,,,,,,,,,,,,,,,,,,,,,,542194
716357,2023-10-01,2,Bot,27,2,1,1,2,141,139,686490,682052,,,,,,,,,,,,,,,,,,,,,,,,,542194
716357,2023-10-01,2,Bot,27,3,1,1,2,141,139,686490,682052,single,Single,"Cam Eden singles on a line drive to right fielder Josh Lowe, deflected by first baseman Jonathan Aranda.",T,,,,,,,,,,623168,3B,score,,,Wild Pitch,wild_pitch,r_adv_play,T,,T,542194
716357,2023-10-01,2,Bot,28,0,0,0,2,141,139,593160,682052,,,,,,,,,,,,,,,,,,,,,,,,,542194
716357,2023-10-01,2,Bot,28,1,0,1,2,141,139,593160,682052,,,,,,,,,,,,,,,,,,,,,,,,,542194
716357,2023-10-01,2,Bot,28,2,0,1,2,141,139,593160,682052,,,,,,,,,,,,,,,,,,,,,,,,,542194
716357,2023-10-01,2,Bot,28,3,0,2,2,141,139,593160,682052,,,,,,,,,,,,,,,,,,,,,,,,,542194
716357,2023-10-01,2,Bot,28,4,1,2,2,141,139,593160,682052,,,,,,,,,,,,,,,,,,,,,,,,,542194
716357,2023-10-01,2,Bot,28,5,1,3,2,141,139,593160,682052,strikeout,Strikeout,Whit Merrifield strikes out swinging.,T,,,,,,,,,,593160,,,T,3,Strikeout,strikeout,,,,,542194
716357,2023-10-01,3,Top,29,0,0,1,0,141,139,666139,641149,,,,,,,,,,,,,,,,,,,,,,,,,623168
716357,2023-10-01,3,Top,29,1,0,2,0,141,139,666139,641149,,,,,,,,,,,,,,,,,,,,,,,,,623168
716357,2023-10-01,3,Top,29,2,1,2,0,141,139,666139,641149,,,,,,,,,,,,,,,,,,,,,,,,,623168
716357,2023-10-01,3,Top,29,3,1,2,0,141,139,666139,641149,,,,,,,,,,,,,,,,,,,,,,,,,623168
716357,2023-10-01,3,Top,29,4,2,2,0,141,139,666139,641149,,,,,,,,,,,,,,,,,,,,,,,,,623168
716357,2023-10-01,3,Top,29,5,2,3,0,141,139,666139,641149,strikeout,Strikeout,Josh Lowe called out on strikes.,T,,,,,,,,,,666139,,,T,1,Strikeout,strikeout,,,,,623168
716357,2023-10-01,3,Top,30,0,0,1,1,141,139,623912,641149,,,,,,,,,,,,,,,,,,,,,,,,,623168
716357,2023-10-01,3,Top,30,1,1,1,1,141,139,623912,641149,,,,,,,,,,,,,,,,,,,,,,,,,623168
716357,2023-10-01,3,Top,30,2,1,2,1,141,139,623912,641149,,,,,,,,,,,,,,,,,,,,,,,,,623168
716357,2023-10-01,3,Top,30,3,1,3,1,141,139,623912,641149,strikeout,Strikeout,Harold Ramirez strikes out swinging.,T,,,,,,,,,,623912,,,T,2,Strikeout,strikeout,,,,,623168
716357,2023-10-01,3,Top,31,0,0,0,2,141,139,670623,641149,field_out,Pop Out,Isaac Paredes pops out to second baseman Davis Schneider.,T,,,,,,,,,,670623,,,T,3,Pop Out,field_out,,,,,623168
716357,2023-10-01,3,Bot,32,0,0,1,0,141,139,474832,682052,,,,,,,,,,,,,,,,,,,,,,,,,542194
716357,2023-10-01,3,Bot,32,1,1,1,0,141,139,474832,682052,,,,,,,,,,,,,,,,,,,,,,,,,542194
716357,2023-10-01,3,Bot,32,2,2,1,0,141,139,474832,682052,,,,,,,,,,,,,,,,,,,,,,,,,542194
716357,2023-10-01,3,Bot,32,3,2,2,0,141,139,474832,682052,,,,,,,,,,,,,,,,,,,,,,,,,542194
716357,2023-10-01,3,Bot,32,4,2,2,0,141,139,474832,682052,single,Single,"Brandon Belt singles on a line drive to third baseman Isaac Paredes. Brandon Belt out at 2nd, third baseman Isaac Paredes to shortstop Junior Caminero.",T,,,,,,,,,,474832,,1B,,,Single,single,,,,,542194
716357,2023-10-01,3,Bot,33,0,1,0,1,141,139,666182,682052,,,,,,,,,,,,,,,,,,,,,,,,,542194
716357,2023-10-01,3,Bot,33,1,1,0,1,141,139,666182,682052,field_out,Flyout,Bo Bichette flies out to center fielder Manuel Margot.,T,,,,,,,,,,666182,,,T,2,Flyout,field_out,,,,,542194
716357,2023-10-01,3,Bot,34,0,1,0,2,141,139,676914,682052,,,,,,,,,,,,,,,,,,,,,,,,,542194
716357,2023-10-01,3,Bot,34,1,1,0,2,141,139,676914,682052,double,Double,Davis Schneider doubles (11) on a line drive to left fielder Raimel Tapia.,T,,,,,,,,,,676914,,2B,,,Double,double,,,,,542194
716357,2023-10-01,3,Bot,35,0,1,0,2,141,139,624415,682052,,,,,,,,,,,,,,,,,,,,,,,,,542194
716357,2023-10-01,3,Bot,35,1,1,1,2,141,139,624415,682052,,,,,,,,,,,,,,,,,,,,,,,,,542194
716357,2023-10-01,3,Bot,35,2,1,1,2,141,139,624415,682052,field_out,Pop Out,Cavan Biggio pops out to third baseman Isaac Paredes in foul territory.,T,,,,,,,,,,624415,,,T,3,Pop Out,field_out,,,,,542194
716357,2023-10-01,4,Top,36,0,0,0,0,141,139,666018,641149,field_out,Lineout,Jonathan Aranda lines out to left fielder Cam Eden.,T,,,,,,,,,,666018,,,T,1,Lineout,field_out,,,,,623168
716357,2023-10-01,4,Top,37,0,0,1,1,141,139,678554,641149,,,,,,,,,,,,,,,,,,,,,,,,,623168
716357,2023-10-01,4,Top,37,1,1,1,1,141,139,678554,641149,,,,,,,,,,,,,,,,,,,,,,,,,623168
716357,2023-10-01,4,Top,37,2,1,2,1,141,139,678554,641149,,,,,,,,,,,,,,,,,,,,,,,,,623168
716357,2023-10-01,4,Top,37,3,1,2,1,141,139,678554,641149,field_out,Pop Out,Curtis Mead pops out to first baseman Cavan Biggio.,T,,,,,,,,,,678554,,,T,2,Pop Out,field_out,,,,,623168
716357,2023-10-01,4,Top,38,0,0,1,2,141,139,622534,641149,,,,,,,,,,,,,,,,,,,,,,,,,623168
716357,2023-10-01,4,Top,38,1,0,2,2,141,139,622534,641149,,,,,,,,,,,,,,,,,,,,,,,,,623168
716357,2023-10-01,4,Top,38,2,0,2,2,141,139,622534,641149,,,,,,,,,,,,,,,,,,,,,,,,,623168
716357,2023-10-01,4,Top,38,3,1,2,2,141,139,622534,641149,,,,,,,,,,,,,,,,,,,,,,,,,623168
716357,2023-10-01,4,Top,38,4,1,2,2,141,139,622534,641149,,,,,,,,,,,,,,,,,,,,,,,,,623168
716357,2023-10-01,4,Top,38,5,1,2,2,141,139,622534,641149,home_run,Home Run,Manuel Margot homers (4) on a fly ball to left field.,T,,,,,,,,,,622534,,score,,,Home Run,home_run,,T,T,T,623168
716357,2023-10-01,4,Top,39,0,0,0,2,141,139,606132,641149,,,,,,,,,,,,,,,,,,,,,,,,,623168
716357,2023-10-01,4,Top,39,1,1,0,2,141,139,606132,641149,,,,,,,,,,,,,,,,,,,,,,,,,623168
716357,2023-10-01,4,Top,39,2,1,1,2,141,139,606132,641149,,,,,,,,,,,,,,,,,,,,,,,,,623168
716357,2023-10-01,4,Top,39,3,2,1,2,141,139,606132,641149,,,,,,,,,,,,,,,,,,,,,,,,,623168
716357,2023-10-01,4,Top,39,4,2,1,2,141,139,606132,641149,field_out,Groundout,"Raimel Tapia grounds out, second baseman Davis Schneider to first baseman Cavan Biggio.",T,,,,,,,,,,606132,,,T,3,Groundout,field_out,,,,,623168
716357,2023-10-01,4,Bot,40,0,1,0,0,141,139,669289,682052,,,,,,,,,,,,,,,,,,,,,,,,,542194
716357,2023-10-01,4,Bot,40,1,2,0,0,141,139,669289,682052,,,,,,,,,,,,,,,,,,,,,,,,,542194
716357,2023-10-01,4,Bot,40,2,2,0,0,141,139,669289,682052,field_out,Lineout,Santiago Espinal lines out sharply to shortstop Junior Caminero.,T,,,,,,,,,,669289,,,T,1,Lineout,field_out,,,,,542194
716357,2023-10-01,4,Bot,41,0,0,1,1,141,139,662139,682052,,,,,,,,,,,,,,,,,,,,,,,,,542194
716357,2023-10-01,4,Bot,41,1,1,1,1,141,139,662139,682052,,,,,,,,,,,,,,,,,,,,,,,,,542194
716357,2023-10-01,4,Bot,41,2,1,1,1,141,139,662139,682052,field_out,Groundout,"Daulton Varsho grounds out sharply, shortstop Junior Caminero to first baseman Jonathan Aranda.",T,,,,,,,,,,662139,,,T,2,Groundout,field_out,,,,,542194
716357,2023-10-01,4,Bot,42,0,1,0,2,141,139,623168,682052,,,,,,,,,,,,,,,,,,,,,,,,,542194
716357,2023-10-01,4,Bot,42,1,1,1,2,141,139,623168,682052,,,,,,,,,,,,,,,,,,,,,,,,,542194
716357,2023-10-01,4,Bot,42,2,1,2,2,141,139,623168,682052,,,,,,,,,,,,,,,,,,,,,,,,,542194
716357,2023-10-01,4,Bot,42,3,1,2,2,141,139,623168,682052,,,,,,,,,,,,,,,,,,,,,,,,,542194
716357,2023-10-01,4,Bot,42,4,1,2,2,141,139,623168,682052,,,,,,,,,,,,,,,,,,,,,,,,,542194
716357,2023-10-01,4,Bot,42,5,1,2,2,141,139,623168,682052,,,,,,,,,,,,,,,,,,,,,,,,,542194
716357,2023-10-01,4,Bot,42,6,1,2,2,141,139,623168,682052,,,,,,,,,,,,,,,,,,,,,,,,,542194
716357,2023-10-01,4,Bot,42,7,2,2,2,141,139,623168,682052,,,,,,,,,,,,,,,,,,,,,,,,,542194
716357,2023-10-01,4,Bot,42,8,2,2,2,141,139,623168,682052,,,,,,,,,,,,,,,,,,,,,,,,,542194
716357,2023-10-01,4,Bot,42,9,2,2,2,141,139,623168,682052,,,,,,,,,,,,,,,,,,,,,,,,,542194
716357,2023-10-01,4,Bot,42,10,3,2,2,141,139,623168,682052,,,,,,,,,,,,,,,,,,,,,,,,,542194
716357,2023-10-01,4,Bot,42,11,4,2,2,141,139,623168,682052,walk,Walk,Tyler Heineman walks.,T,,,,,,,,,,623168,,1B,,,Walk,walk,,,,,542194
716357,2023-10-01,4,Bot,43,0,1,0,2,141,139,686490,682052,,,,,,,,,,,,,,,,,,,,,,,,,542194
716357,2023-10-01,4,Bot,43,1,1,0,2,141,139,686490,682052,field_out,Flyout,Cam Eden flies out sharply to center fielder Manuel Margot.,T,,,,,,,,,,686490,,,T,3,Flyout,field_out,,,,,542194
716357,2023-10-01,5,Top,44,0,0,0,0,141,139,650907,641835,,,,,,,,,,,,,,,,,,,,,,,,,623168
716357,2023-10-01,5,Top,44,1,1,0,0,141,139,650907,641835,,,,,,,,,,,,,,,,,,,,,,,,,623168
716357,2023-10-01,5,Top,44,2,1,1,0,141,139,650907,641835,,,,,,,,,,,,,,,,,,,,,,,,,623168
716357,2023-10-01,5,Top,44,3,1,2,0,141,139,650907,641835,,,,,,,,,,,,,,,,,,,,,,,,,623168
716357,2023-10-01,5,Top,44,4,2,2,0,141,139,650907,641835,,,,,,,,,,,,,,,,,,,,,,,,,623168
716357,2023-10-01,5,Top,44,5,2,3,0,141,139,650907,641835,strikeout,Strikeout,Rene Pinto strikes out swinging.,T,,,,,,,,,,650907,,,T,1,Strikeout,strikeout,,,,,623168
716357,2023-10-01,5,Top,45,0,1,0,1,141,139,691406,641835,,,,,,,,,,,,,,,,,,,,,,,,,623168
716357,2023-10-01,5,Top,45,1,1,0,1,141,139,691406,641835,home_run,Home Run,Junior Caminero homers (1) on a fly ball to right center field.,T,,,,,,,,,,691406,,score,,,Home Run,home_run,,T,T,T,623168
716357,2023-10-01,5,Top,46,0,0,1,1,141,139,666139,641835,,,,,,,,,,,,,,,,,,,,,,,,,623168
716357,2023-10-01,5,Top,46,1,0,2,1,141,139,666139,641835,,,,,,,,,,,,,,,,,,,,,,,,,623168
716357,2023-10-01,5,Top,46,2,1,2,1,141,139,666139,641835,,,,,,,,,,,,,,,,,,,,,,,,,623168
716357,2023-10-01,5,Top,46,3,2,2,1,141,139,666139,641835,,,,,,,,,,,,,,,,,,,,,,,,,623168
716357,2023-10-01,5,Top,46,4,2,3,1,141,139,666139,641835,strikeout,Strikeout,Josh Lowe called out on strikes.,T,,,,,,,,,,666139,,,T,2,Strikeout,strikeout,,,,,623168
716357,2023-10-01,5,Top,47,0,1,0,2,141,139,623912,641835,,,,,,,,,,,,,,,,,,,,,,,,,623168
716357,2023-10-01,5,Top,47,1,1,0,2,141,139,623912,641835,field_out,Groundout,"Harold Ramirez grounds out, shortstop Bo Bichette to first baseman Cavan Biggio.",T,,,,,,,,,,623912,,,T,3,Groundout,field_out,,,,,623168
716357,2023-10-01,5,Bot,48,0,0,0,0,141,139,593160,682052,field_out,Flyout,Whit Merrifield flies out to center fielder Manuel Margot.,T,,,,,,,,,,593160,,,T,1,Flyout,field_out,,,,,542194
716357,2023-10-01,5,Bot,49,0,1,0,1,141,139,474832,682052,,,,,,,,,,,,,,,,,,,,,,,,,542194
716357,2023-10-01,5,Bot,49,1,1,0,1,141,139,474832,682052,field_out,Flyout,Brandon Belt flies out to center fielder Manuel Margot.,T,,,,,,,,,,474832,,,T,2,Flyout,field_out,,,,,542194
716357,2023-10-01,5,Bot,50,0,0,1,2,141,139,666182,682052,,,,,,,,,,,,,,,,,,,,,,,,,542194
716357,2023-10-01,5,Bot,50,1,0,2,2,141,139,666182,682052,,,,,,,,,,,,,,,,,,,,,,,,,542194
716357,2023-10-01,5,Bot,50,2,0,3,2,141,139,666182,682052,strikeout,Strikeout,Bo Bichette strikes out swinging.,T,,,,,,,,,,666182,,,T,3,Strikeout,strikeout,,,,,542194
716357,2023-10-01,6,Top,51,0,0,0,0,141,139,670623,670950,,,,,,,,,,,,,,,,,,,,,,,,,623168
716357,2023-10-01,6,Top,51,1,0,1,0,141,139,670623,670950,,,,,,,,,,,,,,,,,,,,,,,,,623168
716357,2023-10-01,6,Top,51,2,1,1,0,141,139,670623,670950,,,,,,,,,,,,,,,,,,,,,,,,,623168
716357,2023-10-01,6,Top,51,3,1,2,0,141,139,670623,670950,,,,,,,,,,,,,,,,,,,,,,,,,623168
716357,2023-10-01,6,Top,51,4,2,2,0,141,139,670623,670950,,,,,,,,,,,,,,,,,,,,,,,,,623168
716357,2023-10-01,6,Top,51,5,2,2,0,141,139,670623,670950,double,Double,Isaac Paredes doubles (24) on a line drive to left fielder Cam Eden.,T,,,,,,,,,,670623,,2B,,,Double,double,,,,,623168
716357,2023-10-01,6,Top,52,0,0,1,0,141,139,666018,670950,,,,,,,,,,,,,,,,,,,,,,,,,623168
716357,2023-10-01,6,Top,52,1,1,1,0,141,139,666018,670950,,,,,,,,,,,,,,,,,,,,,,,,,623168
716357,2023-10-01,6,Top,52,2,1,2,0,141,139,666018,670950,,,,,,,,,,,,,,,,,,,,,,,,,623168
716357,2023-10-01,6,Top,52,3,1,2,0,141,139,666018,670950,,,,,,,,,,,,,,,,,,,,,,,,,623168
716357,2023-10-01,6,Top,52,4,1,2,0,141,139,666018,670950,,,,,,,,,,,,,,,,,,,,,,,,,623168
716357,2023-10-01,6,Top,52,5,1,2,0,141,139,666018,670950,,,,,,,,,,,,,,,,,,,,,,,,,623168
716357,2023-10-01,6,Top,52,6,2,2,0,141,139,666018,670950,,,,,,,,,,,,,,,,,,,,,,,,,623168
716357,2023-10-01,6,Top,52,7,2,2,0,141,139,666018,670950,double,Double,Jonathan Aranda doubles (4) on a line drive to right fielder Whit Merrifield. Isaac Paredes scores.,T,,,,,,,,,,666018,,2B,,,Double,double,,,,,623168
716357,2023-10-01,6,Top,53,0,0,1,0,141,139,678554,670950,,,,,,,,,,,,,,,,,,,,,,,,,623168
716357,2023-10-01,6,Top,53,1,0,1,0,141,139,678554,670950,field_out,Lineout,Curtis Mead lines out sharply to center fielder Daulton Varsho.,T,,,,,,,,,,678554,,,T,1,Lineout,field_out,,,,,623168
716357,2023-10-01,6,Top,54,0,0,1,1,141,139,622534,670950,,,,,,,,,,,,,,,,,,,,,,,,,623168
716357,2023-10-01,6,Top,54,1,0,2,1,141,139,622534,670950,,,,,,,,,,,,,,,,,,,,,,,,,623168
716357,2023-10-01,6,Top,54,2,0,2,1,141,139,622534,670950,,,,,,,,,,,,,,,,,,,,,,,,,623168
716357,2023-10-01,6,Top,54,3,0,2,1,141,139,622534,670950,field_out,Groundout,"Manuel Margot grounds out, second baseman Davis Schneider to first baseman Cavan Biggio. Jonathan Aranda to 3rd.",T,,,,,,,,,,622534,,,T,2,Groundout,field_out,,,,,623168
716357,2023-10-01,6,Top,55,0,0,0,2,141,139,606132,670950,,,,,,,,,,,,,,,,,,,,,,,,,623168
716357,2023-10-01,6,Top,55,1,1,0,2,141,139,606132,670950,,,,,,,,,,,,,,,,,,,,,,,,,623168
716357,2023-10-01,6,Top,55,2,1,1,2,141,139,606132,670950,,,,,,,,,,,,,,,,,,,,,,,,,623168
716357,2023-10-01,6,Top,55,3,1,1,2,141,139,606132,670950,field_out,Groundout,"Raimel Tapia grounds out, pitcher Trevor Richards to first baseman Cavan Biggio.",T,,,,,,,,,,606132,,,T,3,Groundout,field_out,,,,,623168
716357,2023-10-01,6,Bot,56,0,0,0,0,141,139,676914,682052,,,,,,,,,,,,,,,,,,,,,,,,,542194
716357,2023-10-01,6,Bot,56,1,0,0,0,141,139,676914,682052,,,,,,,,,,,,,,,,,,,,,,,,,542194
716357,2023-10-01,6,Bot,56,2,0,0,0,141,139,676914,682052,double,Double,Davis Schneider doubles (12) on a sharp line drive to right fielder Josh Lowe.,T,,,,,,,,,,676914,,2B,,,Double,double,,,,,542194
716357,2023-10-01,6,Bot,57,0,1,0,0,141,139,624415,682052,,,,,,,,,,,,,,,,,,,,,,,,,542194
716357,2023-10-01,6,Bot,57,1,1,1,0,141,139,624415,682052,,,,,,,,,,,,,,,,,,,,,,,,,542194
716357,2023-10-01,6,Bot,57,2,2,1,0,141,139,624415,682052,,,,,,,,,,,,,,,,,,,,,,,,,542194
716357,2023-10-01,6,Bot,57,3,2,2,0,141,139,624415,682052,,,,,,,,,,,,,,,,,,,,,,,,,542194
716357,2023-10-01,6,Bot,57,4,2,2,0,141,139,624415,682052,,,,,,,,,,,,,,,,,,,,,,,,,542194
716357,2023-10-01,6,Bot,57,5,2,2,0,141,139,624415,682052,single,Single,Cavan Biggio singles on a line drive to right fielder Josh Lowe. Davis Schneider scores.,T,,,,,,,,,,624415,,1B,,,Single,single,,,,,542194
716357,2023-10-01,6,Bot,58,0,0,0,0,141,139,669289,682052,,,,,,,,,,,,,,,,,,,,,,,,,542194
716357,2023-10-01,6,Bot,58,1,0,0,0,141,139,669289,682052,fielders_choice,Fielders Choice,"Santiago Espinal reaches on a fielder's choice, fielded by second baseman Junior Caminero. Cavan Biggio to 2nd. Cavan Biggio advances to 2nd, on a fielding error by second baseman Junior Caminero.",T,,,,,,,,,,624415,1B,2B,,,Error,error,r_adv_play,,,,542194
716357,2023-10-01,6,Bot,59,0,1,0,0,141,139,662139,682052,,,,,,,,,,,,,,,,,,,,,,,,,542194
716357,2023-10-01,6,Bot,59,1,1,1,0,141,139,662139,682052,,,,,,,,,,,,,,,,,,,,,,,,,542194
716357,2023-10-01,6,Bot,59,2,1,2,0,141,139,662139,682052,,,,,,,,,,,,,,,,,,,,,,,,,542194
716357,2023-10-01,6,Bot,59,3,1,2,0,141,139,662139,682052,single,Single,Daulton Varsho singles on a line drive to right fielder Josh Lowe. Cavan Biggio scores. Santiago Espinal to 3rd.,T,,,,,,,,,,662139,,1B,,,Single,single,,,,,542194
716357,2023-10-01,6,Bot,60,0,1,0,0,141,139,623168,682052,,,,,,,,,,,,,,,,,,,,,,,,,542194
716357,2023-10-01,6,Bot,60,1,1,0,0,141,139,623168,682052,single,Single,Tyler Heineman singles on a ground ball to third baseman Isaac Paredes. Santiago Espinal scores. Daulton Varsho to 2nd.,T,,,,,,,,,,623168,,1B,,,Single,single,,,,,542194
716357,2023-10-01,6,Bot,61,0,0,1,0,141,139,686490,682052,,,,,,,,,,,,,,,,,,,,,,,,,542194
716357,2023-10-01,6,Bot,61,1,1,1,0,141,139,686490,682052,,,,,,,,,,,,,,,,,,,,,,,,,542194
716357,2023-10-01,6,Bot,61,2,2,1,0,141,139,686490,682052,,,,,,,,,,,,,,,,,,,,,,,,,542194
716357,2023-10-01,6,Bot,61,3,2,2,0,141,139,686490,682052,,,,,,,,,,,,,,,,,,,,,,,,,542194
716357,2023-10-01,6,Bot,61,4,2,2,0,141,139,686490,682052,,,,,,,,,,,,,,,,,,,,,,,,,542194
716357,2023-10-01,6,Bot,61,5,2,2,0,141,139,686490,682052,,,,,,,,,,,,,,,,,,,,,,,,,542194
716357,2023-10-01,6,Bot,61,6,2,2,0,141,139,686490,682052,,,,,,,,,,,,,,,,,,,,,,,,,542194
716357,2023-10-01,6,Bot,61,7,2,3,0,141,139,686490,682052,strikeout,Strikeout,Cam Eden strikes out swinging.,T,,,,,,,,,,686490,,,T,1,Strikeout,strikeout,,,,,542194
716357,2023-10-01,6,Bot,62,0,0,0,1,141,139,593160,687330,,,,,,,,,,,,,,,,,,,,,,,,,542194
716357,2023-10-01,6,Bot,62,1,0,0,1,141,139,593160,687330,,,,,,,,,,,,,,,,,,,,,,,,,542194
716357,2023-10-01,6,Bot,62,2,0,0,1,141,139,593160,687330,field_out,Pop Out,Whit Merrifield pops out to second baseman Junior Caminero on the infield fly rule.,T,,,,,,,,,,593160,,,T,2,Pop Out,field_out,,,,,542194
716357,2023-10-01,6,Bot,63,0,0,1,2,141,139,474832,687330,,,,,,,,,,,,,,,,,,,,,,,,,542194
716357,2023-10-01,6,Bot,63,1,0,2,2,141,139,474832,687330,,,,,,,,,,,,,,,,,,,,,,,,,542194
716357,2023-10-01,6,Bot,63,2,1,2,2,141,139,474832,687330,,,,,,,,,,,,,,,,,,,,,,,,,542194
716357,2023-10-01,6,Bot,63,3,2,2,2,141,139,474832,687330,,,,,,,,,,,,,,,,,,,,,,,,,542194
716357,2023-10-01,6,Bot,63,4,3,2,2,141,139,474832,687330,,,,,,,,,,,,,,,,,,,,,,,,,542194
716357,2023-10-01,6,Bot,63,5,3,3,2,141,139,474832,687330,strikeout,Strikeout,Brandon Belt called out on strikes.,T,,,,,,,,,,474832,,,T,3,Strikeout,strikeout,,,,,542194
716357,2023-10-01,7,Top,64,0,0,0,0,141,139,650907,650893,,,,,,,,,,,,,,,,,,,,,,,,,623168
716357,2023-10-01,7,Top,64,1,0,1,0,141,139,650907,650893,,,,,,,,,,,,,,,,,,,,,,,,,623168
716357,2023-10-01,7,Top,64,2,0,1,0,141,139,650907,650893,field_out,Flyout,Rene Pinto flies out to center fielder Daulton Varsho.,T,,,,,,,,,,650907,,,T,1,Flyout,field_out,,,,,623168
716357,2023-10-01,7,Top,65,0,0,1,1,141,139,691406,650893,,,,,,,,,,,,,,,,,,,,,,,,,623168
716357,2023-10-01,7,Top,65,1,0,2,1,141,139,691406,650893,,,,,,,,,,,,,,,,,,,,,,,,,623168
716357,2023-10-01,7,Top,65,2,0,2,1,141,139,691406,650893,,,,,,,,,,,,,,,,,,,,,,,,,623168
716357,2023-10-01,7,Top,65,3,1,2,1,141,139,691406,650893,,,,,,,,,,,,,,,,,,,,,,,,,623168
716357,2023-10-01,7,Top,65,4,2,2,1,141,139,691406,650893,,,,,,,,,,,,,,,,,,,,,,,,,623168
716357,2023-10-01,7,Top,65,5,3,2,1,141,139,691406,650893,,,,,,,,,,,,,,,,,,,,,,,,,623168
716357,2023-10-01,7,Top,65,6,3,3,1,141,139,691406,650893,strikeout,Strikeout,Junior Caminero strikes out swinging.,T,,,,,,,,,,691406,,,T,2,Strikeout,strikeout,,,,,623168
716357,2023-10-01,7,Top,66,0,0,0,2,141,139,678545,650893,,,,,,,,,,,,,,,,,,,,,,,,,623168
716357,2023-10-01,7,Top,66,1,1,0,2,141,139,678545,650893,,,,,,,,,,,,,,,,,,,,,,,,,623168
716357,2023-10-01,7,Top,66,2,2,0,2,141,139,678545,650893,,,,,,,,,,,,,,,,,,,,,,,,,623168
716357,2023-10-01,7,Top,66,3,2,1,2,141,139,678545,650893,,,,,,,,,,,,,,,,,,,,,,,,,623168
716357,2023-10-01,7,Top,66,4,2,1,2,141,139,678545,650893,single,Single,Osleivis Basabe singles on a sharp ground ball to right fielder Whit Merrifield.,T,,,,,,,,,,678545,,1B,,,Single,single,,,,,623168
716357,2023-10-01,7,Top,67,0,0,1,2,141,139,623912,650893,,,,,,,,,,,,,,,,,,,,,,,,,623168
716357,2023-10-01,7,Top,67,1,0,1,2,141,139,623912,650893,double,Double,Harold Ramirez doubles (19) on a line drive to right fielder Whit Merrifield. Osleivis Basabe scores.,T,,,,,,,,,,623912,,2B,,,Double,double,,,,,623168
716357,2023-10-01,7,Top,68,0,0,1,2,141,139,670623,650893,,,,,,,,,,,,,,,,,,,,,,,,,623168
716357,2023-10-01,7,Top,68,1,0,2,2,141,139,670623,650893,,,,,,,,,,,,,,,,,,,,,,,,,623168
716357,2023-10-01,7,Top,68,2,0,2,2,141,139,670623,650893,,,,,,,,,,,,,,,,,,,,,,,,,623168
716357,2023-10-01,7,Top,68,3,0,3,2,141,139,670623,650893,strikeout,Strikeout,Isaac Paredes strikes out swinging.,T,,,,,,,,,,670623,,,T,3,Strikeout,strikeout,,,,,623168
716357,2023-10-01,7,Bot,69,0,0,0,0,141,139,666182,687330,,,,,,,,,,,,,,,,,,,,,,,,,542194
716357,2023-10-01,7,Bot,69,1,0,1,0,141,139,666182,687330,,,,,,,,,,,,,,,,,,,,,,,,,542194
716357,2023-10-01,7,Bot,69,2,1,1,0,141,139,666182,687330,,,,,,,,,,,,,,,,,,,,,,,,,542194
716357,2023-10-01,7,Bot,69,3,1,2,0,141,139,666182,687330,,,,,,,,,,,,,,,,,,,,,,,,,542194
716357,2023-10-01,7,Bot,69,4,2,2,0,141,139,666182,687330,,,,,,,,,,,,,,,,,,,,,,,,,542194
716357,2023-10-01,7,Bot,69,5,3,2,0,141,139,666182,687330,,,,,,,,,,,,,,,,,,,,,,,,,542194
716357,2023-10-01,7,Bot,69,6,3,2,0,141,139,666182,687330,,,,,,,,,,,,,,,,,,,,,,,,,542194
716357,2023-10-01,7,Bot,69,7,3,2,0,141,139,666182,687330,,,,,,,,,,,,,,,,,,,,,,,,,542194
716357,2023-10-01,7,Bot,69,8,4,2,0,141,139,666182,687330,walk,Walk,Bo Bichette walks.,T,,,,,,,,,,666182,,1B,,,Walk,walk,,,,,542194
716357,2023-10-01,7,Bot,70,0,0,1,0,141,139,676914,687330,,,,,,,,,,,,,,,,,,,,,,,,,542194
716357,2023-10-01,7,Bot,70,1,1,1,0,141,139,676914,687330,,,,,,,,,,,,,,,,,,,,,,,,,542194
716357,2023-10-01,7,Bot,70,2,1,2,0,141,139,676914,687330,,,,,,,,,,,,,,,,,,,,,,,,,542194
716357,2023-10-01,7,Bot,70,3,2,2,0,141,139,676914,687330,,,,,,,,,,,,,,,,,,,,,,,,,542194
716357,2023-10-01,7,Bot,70,4,3,2,0,141,139,676914,687330,,,,,,,,,,,,,,,,,,,,,,,,,542194
716357,2023-10-01,7,Bot,70,5,3,2,0,141,139,676914,687330,,,,,,,,,,,,,,,,,,,,,,,,,542194
716357,2023-10-01,7,Bot,70,6,3,3,0,141,139,676914,687330,strikeout,Strikeout,Davis Schneider strikes out swinging.,T,,,,,,,,,,676914,,,T,1,Strikeout,strikeout,,,,,542194
716357,2023-10-01,7,Bot,71,0,0,0,1,141,139,624415,687330,single,Single,Cavan Biggio singles on a line drive to left fielder Raimel Tapia. Bo Bichette to 2nd.,T,,,,,,,,,,624415,,1B,,,Single,single,,,,,542194
716357,2023-10-01,7,Bot,72,0,0,1,1,141,139,669289,687330,,,,,,,,,,,,,,,,,,,,,,,,,542194
716357,2023-10-01,7,Bot,72,1,0,2,1,141,139,669289,687330,,,,,,,,,,,,,,,,,,,,,,,,,542194
716357,2023-10-01,7,Bot,72,2,0,2,1,141,139,669289,687330,,,,,,,,,,,,,,,,,,,,,,,,,542194
716357,2023-10-01,7,Bot,72,3,1,2,1,141,139,669289,687330,,,,,,,,,,,,,,,,,,,,,,,,,542194
716357,2023-10-01,7,Bot,72,4,1,3,1,141,139,669289,687330,strikeout,Strikeout,Santiago Espinal called out on strikes.,T,,,,,,,,,,669289,,,T,2,Strikeout,strikeout,,,,,542194
716357,2023-10-01,7,Bot,73,0,0,0,2,141,139,662139,687330,field_error,Field Error,Daulton Varsho reaches on a fielding error by center fielder Manuel Margot. Bo Bichette scores. Cavan Biggio to 3rd.,T,,,,,,,,,,662139,,1B,,,Field Error,field_error,,,,,542194
716357,2023-10-01,7,Bot,74,0,0,1,2,141,139,623168,687330,,,,,,,,,,,,,,,,,,,,,,,,,542194
716357,2023-10-01,7,Bot,74,1,1,1,2,141,139,623168,687330,hit_by_pitch,Hit By Pitch,Tyler Heineman hit by pitch. Daulton Varsho to 2nd.,T,,,,,,,,,,662139,1B,2B,,,Hit By Pitch,hit_by_pitch,r_adv_force,,,,542194
716357,2023-10-01,7,Bot,75,0,0,0,2,141,139,686490,687330,,,,,,,,,,,,,,,,,,,,,,,,,542194
716357,2023-10-01,7,Bot,75,1,0,1,2,141,139,686490,687330,,,,,,,,,,,,,,,,,,,,,,,,,542194
716357,2023-10-01,7,Bot,75,2,1,1,2,141,139,686490,687330,,,,,,,,,,,,,,,,,,,,,,,,,542194
716357,2023-10-01,7,Bot,75,3,2,1,2,141,139,686490,687330,,,,,,,,,,,,,,,,,,,,,,,,,542194
716357,2023-10-01,7,Bot,75,4,2,2,2,141,139,686490,687330,,,,,,,,,,,,,,,,,,,,,,,,,542194
716357,2023-10-01,7,Bot,75,5,2,2,2,141,139,686490,687330,,,,,,,,,,,,,,,,,,,,,,,,,542194
716357,2023-10-01,7,Bot,75,6,2,2,2,141,139,686490,687330,field_out,Groundout,"Cam Eden grounds out, pitcher Kevin Kelly to first baseman Jonathan Aranda.",T,,,,,,,,,,686490,,,T,3,Groundout,field_out,,,,,542194
716357,2023-10-01,8,Top,76,0,0,0,0,141,139,666018,643338,,,,,,,,,,,,,,,,,,,,,,,,,623168
716357,2023-10-01,8,Top,76,1,0,1,0,141,139,666018,643338,,,,,,,,,,,,,,,,,,,,,,,,,623168
716357,2023-10-01,8,Top,76,2,1,1,0,141,139,666018,643338,,,,,,,,,,,,,,,,,,,,,,,,,623168
716357,2023-10-01,8,Top,76,3,1,2,0,141,139,666018,643338,,,,,,,,,,,,,,,,,,,,,,,,,623168
716357,2023-10-01,8,Top,76,4,1,2,0,141,139,666018,643338,,,,,,,,,,,,,,,,,,,,,,,,,623168
716357,2023-10-01,8,Top,76,5,1,3,0,141,139,666018,643338,strikeout,Strikeout,Jonathan Aranda strikes out on a foul tip.,T,,,,,,,,,,666018,,,T,1,Strikeout,strikeout,,,,,623168
716357,2023-10-01,8,Top,77,0,0,1,1,141,139,678554,643338,,,,,,,,,,,,,,,,,,,,,,,,,623168
716357,2023-10-01,8,Top,77,1,1,1,1,141,139,678554,643338,,,,,,,,,,,,,,,,,,,,,,,,,623168
716357,2023-10-01,8,Top,77,2,2,1,1,141,139,678554,643338,,,,,,,,,,,,,,,,,,,,,,,,,623168
716357,2023-10-01,8,Top,77,3,2,2,1,141,139,678554,643338,,,,,,,,,,,,,,,,,,,,,,,,,623168
716357,2023-10-01,8,Top,77,4,2,2,1,141,139,678554,643338,field_out,Lineout,Curtis Mead lines out to first baseman Cavan Biggio.,T,,,,,,,,,,678554,,,T,2,Lineout,field_out,,,,,623168
716357,2023-10-01,8,Top,78,0,0,0,2,141,139,622534,643338,field_out,Pop Out,Manuel Margot pops out to first baseman Cavan Biggio.,T,,,,,,,,,,622534,,,T,3,Pop Out,field_out,,,,,623168
716357,2023-10-01,8,Bot,79,0,0,0,0,141,139,593160,671737,,,,,,,,,,,,,,,,,,,,,,,,,542194
716357,2023-10-01,8,Bot,79,1,0,0,0,141,139,593160,671737,field_out,Lineout,Whit Merrifield lines out to shortstop Curtis Mead.,T,,,,,,,,,,593160,,,T,1,Lineout,field_out,,,,,542194
716357,2023-10-01,8,Bot,80,0,1,0,1,141,139,474832,671737,,,,,,,,,,,,,,,,,,,,,,,,,542194
716357,2023-10-01,8,Bot,80,1,2,0,1,141,139,474832,671737,,,,,,,,,,,,,,,,,,,,,,,,,542194
716357,2023-10-01,8,Bot,80,2,2,0,1,141,139,474832,671737,home_run,Home Run,Brandon Belt homers (19) on a fly ball to right center field.,T,,,,,,,,,,474832,,score,,,Home Run,home_run,,T,T,T,542194
716357,2023-10-01,8,Bot,81,0,1,0,1,141,139,666182,671737,,,,,,,,,,,,,,,,,,,,,,,,,542194
716357,2023-10-01,8,Bot,81,1,1,0,1,141,139,666182,671737,triple,Triple,Bo Bichette triples (3) on a fly ball to right fielder Osleivis Basabe.,T,,,,,,,,,,666182,,3B,,,Triple,triple,,,,,542194
716357,2023-10-01,8,Bot,82,0,0,1,1,141,139,676914,671737,,,,,,,,,,,,,,,,,,,,,,,,,542194
716357,2023-10-01,8,Bot,82,1,0,2,1,141,139,676914,671737,,,,,,,,,,,,,,,,,,,,,,,,,542194
716357,2023-10-01,8,Bot,82,2,1,2,1,141,139,676914,671737,,,,,,,,,,,,,,,,,,,,,,,,,542194
716357,2023-10-01,8,Bot,82,3,1,2,1,141,139,676914,671737,,,,,,,,,,,,,,,,,,,,,,,,,542194
716357,2023-10-01,8,Bot,82,4,1,2,1,141,139,676914,671737,field_out,Pop Out,Davis Schneider pops out to shortstop Curtis Mead.,T,,,,,,,,,,676914,,,T,2,Pop Out,field_out,,,,,542194
716357,2023-10-01,8,Bot,83,0,0,1,2,141,139,624415,671737,,,,,,,,,,,,,,,,,,,,,,,,,542194
716357,2023-10-01,8,Bot,83,1,0,2,2,141,139,624415,671737,,,,,,,,,,,,,,,,,,,,,,,,,542194
716357,2023-10-01,8,Bot,83,2,1,2,2,141,139,624415,671737,,,,,,,,,,,,,,,,,,,,,,,,,542194
716357,2023-10-01,8,Bot,83,3,2,2,2,141,139,624415,671737,,,,,,,,,,,,,,,,,,,,,,,,,542194
716357,2023-10-01,8,Bot,83,4,3,2,2,141,139,624415,671737,,,,,,,,,,,,,,,,,,,,,,,,,542194
716357,2023-10-01,8,Bot,83,5,3,2,2,141,139,624415,671737,field_out,Groundout,"Cavan Biggio grounds out, shortstop Curtis Mead to first baseman Jonathan Aranda.",T,,,,,,,,,,624415,,,T,3,Groundout,field_out,,,,,542194
716357,2023-10-01,9,Top,84,0,0,0,0,141,139,606132,657024,,,,,,,,,,,,,,,,,,,,,,,,,623168
716357,2023-10-01,9,Top,84,1,0,1,0,141,139,606132,657024,,,,,,,,,,,,,,,,,,,,,,,,,623168
716357,2023-10-01,9,Top,84,2,1,1,0,141,139,606132,657024,,,,,,,,,,,,,,,,,,,,,,,,,623168
716357,2023-10-01,9,Top,84,3,1,2,0,141,139,606132,657024,,,,,,,,,,,,,,,,,,,,,,,,,623168
716357,2023-10-01,9,Top,84,4,1,2,0,141,139,606132,657024,single,Single,Raimel Tapia singles on a sharp ground ball to center fielder Daulton Varsho.,T,,,,,,,,,,606132,,1B,,,Single,single,,,,,623168
716357,2023-10-01,9,Top,85,0,0,1,0,141,139,650907,657024,,,,,,,,,,,,,,,,,,,,,,,,,623168
716357,2023-10-01,9,Top,85,1,0,1,0,141,139,650907,657024,,,,,,,,,,,,,,,,,,,,,,,,,623168
716357,2023-10-01,9,Top,85,2,0,2,0,141,139,650907,657024,,,,,,,,,,,,,,,,,,,,,,,,,623168
716357,2023-10-01,9,Top,85,3,0,2,0,141,139,650907,657024,,,,,,,,,,,,,,,,,,,,,,,,,623168
716357,2023-10-01,9,Top,85,4,1,2,0,141,139,650907,657024,,,,,,,,,,,,,,,,,,,,,,,,,623168
716357,2023-10-01,9,Top,85,5,1,3,0,141,139,650907,657024,strikeout,Strikeout,Rene Pinto strikes out on a foul tip.,T,T,,,,,,,,,606132,1B,2B,,,Stolen Base 2B,stolen_base_2b,r_stolen_base_2b,,,,623168
716357,2023-10-01,9,Top,86,0,0,1,1,141,139,691406,657024,,,,,,,,,,,,,,,,,,,,,,,,,623168
716357,2023-10-01,9,Top,86,1,1,1,1,141,139,691406,657024,,,,,,,,,,,,,,,,,,,,,,,,,623168
716357,2023-10-01,9,Top,86,2,1,1,1,141,139,691406,657024,field_out,Groundout,"Junior Caminero grounds out softly, pitcher Erik Swanson to first baseman Cavan Biggio.",T,,,,,,,,,,691406,,,T,2,Groundout,field_out,,,,,623168
716357,2023-10-01,9,Top,87,0,0,1,2,141,139,678545,657024,,,,,,,,,,,,,,,,,,,,,,,,,623168
716357,2023-10-01,9,Top,87,1,0,2,2,141,139,678545,657024,,,,,,,,,,,,,,,,,,,,,,,,,623168
716357,2023-10-01,9,Top,87,2,0,2,2,141,139,678545,657024,,,,,,,,,,,,,,,,,,,,,,,,,623168
716357,2023-10-01,9,Top,87,3,0,2,2,141,139,678545,657024,field_out,Groundout,"Osleivis Basabe grounds out, third baseman Santiago Espinal to first baseman Cavan Biggio.",T,,,,,,,,,,678545,,,T,3,Groundout,field_out,,,,,623168
716357,2023-10-01,9,Bot,88,0,0,0,0,141,139,669289,552640,,,,,,,,,,,,,,,,,,,,,,,,,542194
716357,2023-10-01,9,Bot,88,1,1,0,0,141,139,669289,552640,,,,,,,,,,,,,,,,,,,,,,,,,542194
716357,2023-10-01,9,Bot,88,2,2,0,0,141,139,669289,552640,,,,,,,,,,,,,,,,,,,,,,,,,542194
716357,2023-10-01,9,Bot,88,3,2,1,0,141,139,669289,552640,,,,,,,,,,,,,,,,,,,,,,,,,542194
716357,2023-10-01,9,Bot,88,4,2,1,0,141,139,669289,552640,single,Single,Santiago Espinal singles on a line drive to center fielder Manuel Margot.,T,,,,,,,,,,669289,,1B,,,Single,single,,,,,542194
716357,2023-10-01,9,Bot,89,0,0,1,0,141,139,662139,552640,,,,,,,,,,,,,,,,,,,,,,,,,542194
716357,2023-10-01,9,Bot,89,1,0,1,0,141,139,662139,552640,field_out,Lineout,Daulton Varsho lines out to right fielder Osleivis Basabe.,T,,,,,,,,,,662139,,,T,1,Lineout,field_out,,,,,542194
716357,2023-10-01,9,Bot,90,0,0,1,1,141,139,623168,552640,,,,,,,,,,,,,,,,,,,,,,,,,542194
716357,2023-10-01,9,Bot,90,1,0,2,1,141,139,623168,552640,,,,,,,,,,,,,,,,,,,,,,,,,542194
716357,2023-10-01,9,Bot,90,2,0,2,1,141,139,623168,552640,,,,,,,,,,,,,,,,,,,,,,,,,542194
716357,2023-10-01,9,Bot,90,3,0,2,1,141,139,623168,552640,,,,,,,,,,,,,,,,,,,,,,,,,542194
716357,2023-10-01,9,Bot,90,4,0,2,1,141,139,623168,552640,,,,,,,,,,,,,,,,,,,,,,,,,542194
716357,2023-10-01,9,Bot,90,5,0,2,1,141,139,623168,552640,field_out,Pop Out,Tyler Heineman pops out to first baseman Jonathan Aranda in foul territory.,T,,,,,,,,,,623168,,,T,2,Pop Out,field_out,,,,,542194
716357,2023-10-01,9,Bot,91,0,0,0,2,141,139,686490,552640,force_out,Forceout,"Cam Eden grounds into a force out, shortstop Curtis Mead to second baseman Junior Caminero. Santiago Espinal out at 2nd.",T,,,,,,,,,,669289,1B,,T,3,Forceout,force_out,r_force_out,,,,542194
716355,2023-10-01,1,Top,0,0,0,0,0,121,143,656941,676130,,,,,,,,,,,,,,,,,,,,,,,,,682626
716355,2023-10-01,1,Top,0,1,0,0,0,121,143,656941,676130,,,,,,,,,,,,,,,,,,,,,,,,,682626
716355,2023-10-01,1,Top,0,2,0,0,0,121,143,656941,676130,,,,,,,,,,,,,,,,,,,,,,,,,682626
716355,2023-10-01,1,Top,0,3,1,0,0,121,143,656941,676130,,,,,,,,,,,,,,,,,,,,,,,,,682626
716355,2023-10-01,1,Top,0,4,1,0,0,121,143,656941,676130,field_out,Groundout,"Kyle Schwarber grounds out, second baseman Ronny Mauricio to first baseman Pete Alonso.",T,,,,,,,,,,656941,,,T,1,Groundout,field_out,,,,,682626
716355,2023-10-01,1,Top,1,0,0,1,1,121,143,592206,676130,,,,,,,,,,,,,,,,,,,,,,,,,682626
716355,2023-10-01,1,Top,1,1,1,1,1,121,143,592206,676130,,,,,,,,,,,,,,,,,,,,,,,,,682626
716355,2023-10-01,1,Top,1,2,1,1,1,121,143,592206,676130,field_out,Pop Out,Nick Castellanos pops out to first baseman Pete Alonso in foul territory.,T,,,,,,,,,,592206,,,T,2,Pop Out,field_out,,,,,682626
716355,2023-10-01,1,Top,2,0,0,1,2,121,143,681082,676130,,,,,,,,,,,,,,,,,,,,,,,,,682626
716355,2023-10-01,1,Top,2,1,1,1,2,121,143,681082,676130,,,,,,,,,,,,,,,,,,,,,,,,,682626
716355,2023-10-01,1,Top,2,2,1,2,2,121,143,681082,676130,,,,,,,,,,,,,,,,,,,,,,,,,682626
716355,2023-10-01,1,Top,2,3,2,2,2,121,143,681082,676130,,,,,,,,,,,,,,,,,,,,,,,,,682626
716355,2023-10-01,1,Top,2,4,2,2,2,121,143,681082,676130,single,Single,Bryson Stott singles on a ground ball to center fielder Rafael Ortega.,T,,,,,,,,,,681082,,1B,,,Single,single,,,,,682626
716355,2023-10-01,1,Top,3,0,0,1,2,121,143,664761,676130,,,,,,,,,,,,,,,,,,,,,,,,,682626
716355,2023-10-01,1,Top,3,1,0,2,2,121,143,664761,676130,,,,,,,,,,,,,,,,,,,,,,,,,682626
716355,2023-10-01,1,Top,3,2,1,2,2,121,143,664761,676130,,,,,,,,,,,,,,,,,,,,,,,,,682626
716355,2023-10-01,1,Top,3,3,2,2,2,121,143,664761,676130,,,,,,,,,,,,,,,,,,,,,,,,,682626
716355,2023-10-01,1,Top,3,4,2,2,2,121,143,664761,676130,,,,,,,,,,,,,,,,,,,,,,,,,682626
716355,2023-10-01,1,Top,3,5,3,2,2,121,143,664761,676130,,,,,,,,,,,,,,,,,,,,,,,,,682626
716355,2023-10-01,1,Top,3,6,3,2,2,121,143,664761,676130,,,,,,,,,,,,,,,,,,,,,,,,,682626
716355,2023-10-01,1,Top,3,7,3,2,2,121,143,664761,676130,single,Single,Alec Bohm singles on a ground ball to left fielder Tim Locastro. Bryson Stott to 3rd.,T,,,,,,,,,,664761,,1B,,,Single,single,,,,,682626
716355,2023-10-01,1,Top,4,0,0,1,2,121,143,669016,676130,,,,,,,,,,,,,,,,,,,,,,,,,682626
716355,2023-10-01,1,Top,4,1,0,2,2,121,143,669016,676130,,,,,,,,,,,,,,,,,,,,,,,,,682626
716355,2023-10-01,1,Top,4,2,0,2,2,121,143,669016,676130,,,,,,,,,,,,,,,,,,,,,,,,,682626
716355,2023-10-01,1,Top,4,3,1,2,2,121,143,669016,676130,,,,,,,,,,,,,,,,,,,,,,,,,682626
716355,2023-10-01,1,Top,4,4,1,2,2,121,143,669016,676130,field_out,Groundout,"Brandon Marsh grounds out, second baseman Ronny Mauricio to first baseman Pete Alonso.",T,,,,,,,,,,669016,,,T,3,Groundout,field_out,,,,,682626
716355,2023-10-01,1,Bot,5,0,1,0,0,121,143,542364,621381,,,,,,,,,,,,,,,,,,,,,,,,,592663
716355,2023-10-01,1,Bot,5,1,1,1,0,121,143,542364,621381,,,,,,,,,,,,,,,,,,,,,,,,,592663
716355,2023-10-01,1,Bot,5,2,1,2,0,121,143,542364,621381,,,,,,,,,,,,,,,,,,,,,,,,,592663
716355,2023-10-01,1,Bot,5,3,2,2,0,121,143,542364,621381,,,,,,,,,,,,,,,,,,,,,,,,,592663
716355,2023-10-01,1,Bot,5,4,3,2,0,121,143,542364,621381,,,,,,,,,,,,,,,,,,,,,,,,,592663
716355,2023-10-01,1,Bot,5,5,3,3,0,121,143,542364,621381,strikeout,Strikeout,Rafael Ortega strikes out swinging.,T,,,,,,,,,,542364,,,T,1,Strikeout,strikeout,,,,,592663
716355,2023-10-01,1,Bot,6,0,0,1,1,121,143,677595,621381,,,,,,,,,,,,,,,,,,,,,,,,,592663
716355,2023-10-01,1,Bot,6,1,0,2,1,121,143,677595,621381,,,,,,,,,,,,,,,,,,,,,,,,,592663
716355,2023-10-01,1,Bot,6,2,0,2,1,121,143,677595,621381,,,,,,,,,,,,,,,,,,,,,,,,,592663
716355,2023-10-01,1,Bot,6,3,0,3,1,121,143,677595,621381,strikeout,Strikeout,Ronny Mauricio strikes out swinging.,T,,,,,,,,,,677595,,,T,2,Strikeout,strikeout,,,,,592663
716355,2023-10-01,1,Bot,7,0,1,0,2,121,143,624413,621381,,,,,,,,,,,,,,,,,,,,,,,,,592663
716355,2023-10-01,1,Bot,7,1,2,0,2,121,143,624413,621381,,,,,,,,,,,,,,,,,,,,,,,,,592663
716355,2023-10-01,1,Bot,7,2,3,0,2,121,143,624413,621381,,,,,,,,,,,,,,,,,,,,,,,,,592663
716355,2023-10-01,1,Bot,7,3,3,0,2,121,143,624413,621381,field_out,Groundout,"Pete Alonso grounds out, third baseman Alec Bohm to first baseman Jake Cave.",T,,,,,,,,,,624413,,,T,3,Groundout,field_out,,,,,592663
716355,2023-10-01,2,Top,8,0,0,1,0,121,143,624641,676130,,,,,,,,,,,,,,,,,,,,,,,,,682626
716355,2023-10-01,2,Top,8,1,0,2,0,121,143,624641,676130,,,,,,,,,,,,,,,,,,,,,,,,,682626
716355,2023-10-01,2,Top,8,2,1,2,0,121,143,624641,676130,,,,,,,,,,,,,,,,,,,,,,,,,682626
716355,2023-10-01,2,Top,8,3,2,2,0,121,143,624641,676130,,,,,,,,,,,,,,,,,,,,,,,,,682626
716355,2023-10-01,2,Top,8,4,2,2,0,121,143,624641,676130,,,,,,,,,,,,,,,,,,,,,,,,,682626
716355,2023-10-01,2,Top,8,5,2,2,0,121,143,624641,676130,,,,,,,,,,,,,,,,,,,,,,,,,682626
716355,2023-10-01,2,Top,8,6,2,2,0,121,143,624641,676130,,,,,,,,,,,,,,,,,,,,,,,,,682626
716355,2023-10-01,2,Top,8,7,2,2,0,121,143,624641,676130,field_out,Pop Out,Edmundo Sosa pops out to shortstop Francisco Lindor.,T,,,,,,,,,,624641,,,T,1,Pop Out,field_out,,,,,682626
716355,2023-10-01,2,Top,9,0,0,0,1,121,143,595909,676130,field_out,Lineout,Jake Cave lines out sharply to first baseman Pete Alonso.,T,,,,,,,,,,595909,,,T,2,Lineout,field_out,,,,,682626
716355,2023-10-01,2,Top,10,0,0,0,2,121,143,679032,676130,field_out,Bunt Lineout,Johan Rojas bunt lines out softly to third baseman Brett Baty.,T,,,,,,,,,,679032,,,T,3,Bunt Lineout,field_out,,,,,682626
716355,2023-10-01,2,Bot,11,0,0,0,0,121,143,596019,656793,,,,,,,,,,,,,,,,,,,,,,,,,592663
716355,2023-10-01,2,Bot,11,1,0,1,0,121,143,596019,656793,,,,,,,,,,,,,,,,,,,,,,,,,592663
716355,2023-10-01,2,Bot,11,2,0,1,0,121,143,596019,656793,field_out,Groundout,"Francisco Lindor grounds out, second baseman Bryson Stott to first baseman Jake Cave.",T,,,,,,,,,,596019,,,T,1,Groundout,field_out,,,,,592663
716355,2023-10-01,2,Bot,12,0,0,1,1,121,143,668901,656793,,,,,,,,,,,,,,,,,,,,,,,,,592663
716355,2023-10-01,2,Bot,12,1,0,1,1,121,143,668901,656793,field_out,Pop Out,Mark Vientos pops out to second baseman Bryson Stott.,T,,,,,,,,,,668901,,,T,2,Pop Out,field_out,,,,,592663
716355,2023-10-01,2,Bot,13,0,0,1,2,121,143,683146,656793,,,,,,,,,,,,,,,,,,,,,,,,,592663
716355,2023-10-01,2,Bot,13,1,1,1,2,121,143,683146,656793,,,,,,,,,,,,,,,,,,,,,,,,,592663
716355,2023-10-01,2,Bot,13,2,1,1,2,121,143,683146,656793,field_out,Groundout,"Brett Baty grounds out, shortstop Edmundo Sosa to first baseman Jake Cave.",T,,,,,,,,,,683146,,,T,3,Groundout,field_out,,,,,592663
716355,2023-10-01,3,Top,14,0,1,0,0,121,143,596117,676130,,,,,,,,,,,,,,,,,,,,,,,,,682626
716355,2023-10-01,3,Top,14,1,2,0,0,121,143,596117,676130,,,,,,,,,,,,,,,,,,,,,,,,,682626
716355,2023-10-01,3,Top,14,2,3,0,0,121,143,596117,676130,,,,,,,,,,,,,,,,,,,,,,,,,682626
716355,2023-10-01,3,Top,14,3,3,1,0,121,143,596117,676130,,,,,,,,,,,,,,,,,,,,,,,,,682626
716355,2023-10-01,3,Top,14,4,3,2,0,121,143,596117,676130,,,,,,,,,,,,,,,,,,,,,,,,,682626
716355,2023-10-01,3,Top,14,5,3,2,0,121,143,596117,676130,,,,,,,,,,,,,,,,,,,,,,,,,682626
716355,2023-10-01,3,Top,14,6,4,2,0,121,143,596117,676130,walk,Walk,Garrett Stubbs walks.,T,,,,,,,,,,596117,,1B,,,Walk,walk,,,,,682626
716355,2023-10-01,3,Top,15,0,1,0,0,121,143,656941,676130,,,,,,,,,,,,,,,,,,,,,,,,,682626
716355,2023-10-01,3,Top,15,1,2,0,0,121,143,656941,676130,,,,,,,,,,,,,,,,,,,,,,,,,682626
716355,2023-10-01,3,Top,15,2,3,0,0,121,143,656941,676130,,,,,,,,,,,,,,,,,,,,,,,,,682626
716355,2023-10-01,3,Top,15,3,3,1,0,121,143,656941,676130,,,,,,,,,,,,,,,,,,,,,,,,,682626
716355,2023-10-01,3,Top,15,4,3,1,0,121,143,656941,676130,field_out,Lineout,Kyle Schwarber lines out sharply to right fielder DJ Stewart.,T,,,,,,,,,,656941,,,T,1,Lineout,field_out,,,,,682626
716355,2023-10-01,3,Top,16,0,0,0,1,121,143,592206,676130,,,,,,,,,,,,,,,,,,,,,,,,,682626
716355,2023-10-01,3,Top,16,1,0,0,1,121,143,592206,676130,field_out,Pop Out,Nick Castellanos pops out to first baseman Pete Alonso in foul territory.,T,,,,,,,,,,592206,,,T,2,Pop Out,field_out,,,,,682626
716355,2023-10-01,3,Top,17,0,0,1,2,121,143,681082,676130,,,,,,,,,,,,,,,,,,,,,,,,,682626
716355,2023-10-01,3,Top,17,1,0,1,2,121,143,681082,676130,,,,,,,,,,,,,,,,,,,,,,,,,682626
716355,2023-10-01,3,Top,17,2,1,1,2,121,143,681082,676130,,,,,,,,,,,,,,,,,,,,,,,,,682626
716355,2023-10-01,3,Top,17,3,1,1,2,121,143,681082,676130,single,Single,Bryson Stott singles on a line drive to center fielder Rafael Ortega. Garrett Stubbs scores.,T,T,,,,,,,,,596117,1B,2B,,,Stolen Base 2B,stolen_base_2b,r_stolen_base_2b,,,,682626
716355,2023-10-01,3,Top,18,0,0,0,2,121,143,664761,676130,,,,,,,,,,,,,,,,,,,,,,,,,682626
716355,2023-10-01,3,Top,18,1,0,1,2,121,143,664761,676130,,,,,,,,,,,,,,,,,,,,,,,,,682626
716355,2023-10-01,3,Top,18,2,0,2,2,121,143,664761,676130,,,,,,,,,,,,,,,,,,,,,,,,,682626
716355,2023-10-01,3,Top,18,3,0,2,2,121,143,664761,676130,,,,,,,,,,,,,,,,,,,,,,,,,682626
716355,2023-10-01,3,Top,18,4,0,2,2,121,143,664761,676130,,,,,,,,,,,,,,,,,,,,,,,,,682626
716355,2023-10-01,3,Top,18,5,1,2,2,121,143,664761,676130,,,,,,,,,,,,,,,,,,,,,,,,,682626
716355,2023-10-01,3,Top,18,6,1,2,2,121,143,664761,676130,,,,,,,,,,,,,,,,,,,,,,,,,682626
716355,2023-10-01,3,Top,18,7,1,2,2,121,143,664761,676130,,,,,,,,,,,,,,,,,,,,,,,,,682626
716355,2023-10-01,3,Top,18,8,1,2,2,121,143,664761,676130,,,,,,,,,,,,,,,,,,,,,,,,,682626
716355,2023-10-01,3,Top,18,9,1,3,2,121,143,664761,676130,strikeout,Strikeout,Alec Bohm strikes out swinging.,T,,,,,,,,,,664761,,,T,3,Strikeout,strikeout,,,,,682626
716355,2023-10-01,3,Bot,19,0,0,0,0,121,143,682626,656793,field_out,Groundout,"Francisco Alvarez grounds out, pitcher Nick Nelson to first baseman Jake Cave.",T,,,,,,,,,,682626,,,T,1,Groundout,field_out,,,,,592663
716355,2023-10-01,3,Bot,20,0,0,1,1,121,143,621466,656793,,,,,,,,,,,,,,,,,,,,,,,,,592663
716355,2023-10-01,3,Bot,20,1,0,2,1,121,143,621466,656793,,,,,,,,,,,,,,,,,,,,,,,,,592663
716355,2023-10-01,3,Bot,20,2,1,2,1,121,143,621466,656793,,,,,,,,,,,,,,,,,,,,,,,,,592663
716355,2023-10-01,3,Bot,20,3,2,2,1,121,143,621466,656793,,,,,,,,,,,,,,,,,,,,,,,,,592663
716355,2023-10-01,3,Bot,20,4,2,2,1,121,143,621466,656793,field_out,Lineout,DJ Stewart lines out to left fielder Brandon Marsh.,T,,,,,,,,,,621466,,,T,2,Lineout,field_out,,,,,592663
716355,2023-10-01,3,Bot,21,0,0,1,2,121,143,641796,656793,,,,,,,,,,,,,,,,,,,,,,,,,592663
716355,2023-10-01,3,Bot,21,1,1,1,2,121,143,641796,656793,,,,,,,,,,,,,,,,,,,,,,,,,592663
716355,2023-10-01,3,Bot,21,2,1,1,2,121,143,641796,656793,home_run,Home Run,Tim Locastro homers (2) on a fly ball to left center field.,T,,,,,,,,,,641796,,score,,,Home Run,home_run,,T,T,T,592663
716355,2023-10-01,3,Bot,22,0,0,1,2,121,143,542364,656793,,,,,,,,,,,,,,,,,,,,,,,,,592663
716355,2023-10-01,3,Bot,22,1,0,2,2,121,143,542364,656793,,,,,,,,,,,,,,,,,,,,,,,,,592663
716355,2023-10-01,3,Bot,22,2,1,2,2,121,143,542364,656793,,,,,,,,,,,,,,,,,,,,,,,,,592663
716355,2023-10-01,3,Bot,22,3,1,2,2,121,143,542364,656793,,,,,,,,,,,,,,,,,,,,,,,,,592663
716355,2023-10-01,3,Bot,22,4,1,2,2,121,143,542364,656793,field_out,Groundout,Rafael Ortega grounds out to first baseman Jake Cave.,T,,,,,,,,,,542364,,,T,3,Groundout,field_out,,,,,592663
716355,2023-10-01,4,Top,23,0,0,0,0,121,143,669016,676130,field_out,Flyout,Brandon Marsh flies out to center fielder Rafael Ortega.,T,,,,,,,,,,669016,,,T,1,Flyout,field_out,,,,,682626
716355,2023-10-01,4,Top,24,0,0,1,1,121,143,624641,676130,,,,,,,,,,,,,,,,,,,,,,,,,682626
716355,2023-10-01,4,Top,24,1,1,1,1,121,143,624641,676130,,,,,,,,,,,,,,,,,,,,,,,,,682626
716355,2023-10-01,4,Top,24,2,1,2,1,121,143,624641,676130,,,,,,,,,,,,,,,,,,,,,,,,,682626
716355,2023-10-01,4,Top,24,3,1,3,1,121,143,624641,676130,strikeout,Strikeout,Edmundo Sosa strikes out swinging.,T,,,,,,,,,,624641,,,T,2,Strikeout,strikeout,,,,,682626
716355,2023-10-01,4,Top,25,0,1,0,2,121,143,595909,676130,,,,,,,,,,,,,,,,,,,,,,,,,682626
716355,2023-10-01,4,Top,25,1,1,0,2,121,143,595909,676130,field_out,Groundout,"Jake Cave grounds out, pitcher Jose Butto to first baseman Pete Alonso.",T,,,,,,,,,,595909,,,T,3,Groundout,field_out,,,,,682626
716355,2023-10-01,4,Bot,26,0,0,0,0,121,143,677595,656793,single,Single,Ronny Mauricio singles on a line drive to center fielder Johan Rojas.,T,,,,,,,,,,677595,,1B,,,Single,single,,,,,592663
716355,2023-10-01,4,Bot,27,0,1,0,0,121,143,624413,656793,,,,,,,,,,,,,,,,,,,,,,,,,592663
716355,2023-10-01,4,Bot,27,1,1,1,0,121,143,624413,656793,,,,,,,,,,,,,,,,,,,,,,,,,592663
716355,2023-10-01,4,Bot,27,2,1,1,0,121,143,624413,656793,,,,,,,,,,,,,,,,,,,,,,,,,592663
716355,2023-10-01,4,Bot,27,3,1,1,0,121,143,624413,656793,,,,,,,,,,,,,,,,,,,,,,,,,592663
716355,2023-10-01,4,Bot,27,4,1,1,0,121,143,624413,656793,,,,,,,,,,,,,,,,,,,,,,,,,592663
716355,2023-10-01,4,Bot,27,5,2,1,0,121,143,624413,656793,,,,,,,,,,,,,,,,,,,,,,,,,592663
716355,2023-10-01,4,Bot,27,6,2,1,0,121,143,624413,656793,,,,,,,,,,,,,,,,,,,,,,,,,592663
716355,2023-10-01,4,Bot,27,7,2,1,0,121,143,624413,656793,field_out,Groundout,"Pete Alonso grounds out, shortstop Edmundo Sosa to first baseman Jake Cave.",T,,T,,,,,T,,,677595,1B,2B,,,Pickoff Error 1B,pickoff_error_1b,r_pickoff_error_1b,,,,592663
716355,2023-10-01,4,Bot,28,0,0,0,1,121,143,596019,656793,field_out,Flyout,Francisco Lindor flies out to left fielder Brandon Marsh.,T,,,,,,,,,,596019,,,T,2,Flyout,field_out,,,,,592663
716355,2023-10-01,4,Bot,29,0,0,1,2,121,143,668901,656793,,,,,,,,,,,,,,,,,,,,,,,,,592663
716355,2023-10-01,4,Bot,29,1,1,1,2,121,143,668901,656793,,,,,,,,,,,,,,,,,,,,,,,,,592663
716355,2023-10-01,4,Bot,29,2,1,1,2,121,143,668901,656793,field_out,Pop Out,Mark Vientos pops out to first baseman Jake Cave in foul territory.,T,,,,,,,,,,668901,,,T,3,Pop Out,field_out,,,,,592663
716355,2023-10-01,5,Top,30,0,0,1,0,121,143,679032,676130,,,,,,,,,,,,,,,,,,,,,,,,,682626
716355,2023-10-01,5,Top,30,1,0,1,0,121,143,679032,676130,field_out,Flyout,Johan Rojas flies out to center fielder Rafael Ortega.,T,,,,,,,,,,679032,,,T,1,Flyout,field_out,,,,,682626
716355,2023-10-01,5,Top,31,0,0,0,1,121,143,596117,676130,single,Single,Garrett Stubbs singles on a fly ball to shortstop Francisco Lindor.,T,,,,,,,,,,596117,,1B,,,Single,single,,,,,682626
716355,2023-10-01,5,Top,32,0,0,0,1,121,143,665506,676130,,,,,,,,,,,,,,,,,,,,,,,,,682626
716355,2023-10-01,5,Top,32,1,0,1,1,121,143,665506,676130,,,,,,,,,,,,,,,,,,,,,,,,,682626
716355,2023-10-01,5,Top,32,2,0,2,1,121,143,665506,676130,,,,,,,,,,,,,,,,,,,,,,,,,682626
716355,2023-10-01,5,Top,32,3,1,2,1,121,143,665506,676130,,,,,,,,,,,,,,,,,,,,,,,,,682626
716355,2023-10-01,5,Top,32,4,2,2,1,121,143,665506,676130,,,,,,,,,,,,,,,,,,,,,,,,,682626
716355,2023-10-01,5,Top,32,5,3,2,1,121,143,665506,676130,,,,,,,,,,,,,,,,,,,,,,,,,682626
716355,2023-10-01,5,Top,32,6,4,2,1,121,143,665506,676130,walk,Walk,Cristian Pache walks. Garrett Stubbs to 2nd.,T,,,,,,,,,,596117,1B,2B,,,Walk,walk,r_adv_force,,,,682626
716355,2023-10-01,5,Top,33,0,0,0,1,121,143,592206,676130,field_out,Pop Out,Nick Castellanos pops out to second baseman Ronny Mauricio.,T,,,,,,,,,,592206,,,T,2,Pop Out,field_out,,,,,682626
716355,2023-10-01,5,Top,34,0,1,0,2,121,143,681082,676130,,,,,,,,,,,,,,,,,,,,,,,,,682626
716355,2023-10-01,5,Top,34,1,2,0,2,121,143,681082,676130,,,,,,,,,,,,,,,,,,,,,,,,,682626
716355,2023-10-01,5,Top,34,2,2,1,2,121,143,681082,676130,,,,,,,,,,,,,,,,,,,,,,,,,682626
716355,2023-10-01,5,Top,34,3,3,1,2,121,143,681082,676130,,,,,,,,,,,,,,,,,,,,,,,,,682626
716355,2023-10-01,5,Top,34,4,3,1,2,121,143,681082,676130,field_out,Lineout,Bryson Stott lines out to right fielder DJ Stewart.,T,,,,,,,,,,681082,,,T,3,Lineout,field_out,,,,,682626
716355,2023-10-01,5,Bot,35,0,0,0,0,121,143,683146,656793,,,,,,,,,,,,,,,,,,,,,,,,,592663
716355,2023-10-01,5,Bot,35,1,0,0,0,121,143,683146,656793,,,,,,,,,,,,,,,,,,,,,,,,,592663
716355,2023-10-01,5,Bot,35,2,0,0,0,121,143,683146,656793,,,,,,,,,,,,,,,,,,,,,,,,,592663
716355,2023-10-01,5,Bot,35,3,1,0,0,121,143,683146,656793,,,,,,,,,,,,,,,,,,,,,,,,,592663
716355,2023-10-01,5,Bot,35,4,2,0,0,121,143,683146,656793,,,,,,,,,,,,,,,,,,,,,,,,,592663
716355,2023-10-01,5,Bot,35,5,2,1,0,121,143,683146,656793,,,,,,,,,,,,,,,,,,,,,,,,,592663
716355,2023-10-01,5,Bot,35,6,2,1,0,121,143,683146,656793,field_out,Groundout,"Brett Baty grounds out, shortstop Edmundo Sosa to first baseman Jake Cave.",T,,,,,,,,,,683146,,,T,1,Groundout,field_out,,,,,592663
716355,2023-10-01,5,Bot,36,0,1,0,1,121,143,682626,656793,,,,,,,,,,,,,,,,,,,,,,,,,592663
716355,2023-10-01,5,Bot,36,1,1,1,1,121,143,682626,656793,,,,,,,,,,,,,,,,,,,,,,,,,592663
716355,2023-10-01,5,Bot,36,2,1,2,1,121,143,682626,656793,,,,,,,,,,,,,,,,,,,,,,,,,592663
716355,2023-10-01,5,Bot,36,3,1,3,1,121,143,682626,656793,strikeout,Strikeout,Francisco Alvarez called out on strikes.,T,,,,,,,,,,682626,,,T,2,Strikeout,strikeout,,,,,592663
716355,2023-10-01,5,Bot,37,0,0,0,2,121,143,621466,656793,field_out,Groundout,"DJ Stewart grounds out, second baseman Bryson Stott to first baseman Jake Cave.",T,,,,,,,,,,621466,,,T,3,Groundout,field_out,,,,,592663
716355,2023-10-01,6,Top,38,0,0,1,0,121,143,664761,676130,,,,,,,,,,,,,,,,,,,,,,,,,682626
716355,2023-10-01,6,Top,38,1,0,2,0,121,143,664761,676130,,,,,,,,,,,,,,,,,,,,,,,,,682626
716355,2023-10-01,6,Top,38,2,0,2,0,121,143,664761,676130,home_run,Home Run,Alec Bohm homers (20) on a fly ball to right field.,T,,,,,,,,,,664761,,score,,,Home Run,home_run,,T,T,T,682626
716355,2023-10-01,6,Top,39,0,1,0,0,121,143,669016,676130,,,,,,,,,,,,,,,,,,,,,,,,,682626
716355,2023-10-01,6,Top,39,1,1,1,0,121,143,669016,676130,,,,,,,,,,,,,,,,,,,,,,,,,682626
716355,2023-10-01,6,Top,39,2,2,1,0,121,143,669016,676130,,,,,,,,,,,,,,,,,,,,,,,,,682626
716355,2023-10-01,6,Top,39,3,3,1,0,121,143,669016,676130,,,,,,,,,,,,,,,,,,,,,,,,,682626
716355,2023-10-01,6,Top,39,4,3,1,0,121,143,669016,676130,field_out,Flyout,Brandon Marsh flies out to left fielder Tim Locastro.,T,,,,,,,,,,669016,,,T,1,Flyout,field_out,,,,,682626
716355,2023-10-01,6,Top,40,0,0,1,1,121,143,624641,676130,,,,,,,,,,,,,,,,,,,,,,,,,682626
716355,2023-10-01,6,Top,40,1,0,2,1,121,143,624641,676130,,,,,,,,,,,,,,,,,,,,,,,,,682626
716355,2023-10-01,6,Top,40,2,1,2,1,121,143,624641,676130,,,,,,,,,,,,,,,,,,,,,,,,,682626
716355,2023-10-01,6,Top,40,3,1,3,1,121,143,624641,676130,strikeout,Strikeout,Edmundo Sosa strikes out swinging.,T,,,,,,,,,,624641,,,T,2,Strikeout,strikeout,,,,,682626
716355,2023-10-01,6,Top,41,0,0,1,2,121,143,595909,676130,,,,,,,,,,,,,,,,,,,,,,,,,682626
716355,2023-10-01,6,Top,41,1,0,2,2,121,143,595909,676130,,,,,,,,,,,,,,,,,,,,,,,,,682626
716355,2023-10-01,6,Top,41,2,0,2,2,121,143,595909,676130,,,,,,,,,,,,,,,,,,,,,,,,,682626
716355,2023-10-01,6,Top,41,3,1,2,2,121,143,595909,676130,,,,,,,,,,,,,,,,,,,,,,,,,682626
716355,2023-10-01,6,Top,41,4,1,2,2,121,143,595909,676130,,,,,,,,,,,,,,,,,,,,,,,,,682626
716355,2023-10-01,6,Top,41,5,2,2,2,121,143,595909,676130,,,,,,,,,,,,,,,,,,,,,,,,,682626
716355,2023-10-01,6,Top,41,6,3,2,2,121,143,595909,676130,,,,,,,,,,,,,,,,,,,,,,,,,682626
716355,2023-10-01,6,Top,41,7,3,2,2,121,143,595909,676130,,,,,,,,,,,,,,,,,,,,,,,,,682626
716355,2023-10-01,6,Top,41,8,3,2,2,121,143,595909,676130,,,,,,,,,,,,,,,,,,,,,,,,,682626
716355,2023-10-01,6,Top,41,9,3,3,2,121,143,595909,676130,strikeout,Strikeout,Jake Cave strikes out swinging.,T,,,,,,,,,,595909,,,T,3,Strikeout,strikeout,,,,,682626
716355,2023-10-01,6,Bot,42,0,1,0,0,121,143,641796,656793,,,,,,,,,,,,,,,,,,,,,,,,,592663
716355,2023-10-01,6,Bot,42,1,1,1,0,121,143,641796,656793,,,,,,,,,,,,,,,,,,,,,,,,,592663
716355,2023-10-01,6,Bot,42,2,1,2,0,121,143,641796,656793,,,,,,,,,,,,,,,,,,,,,,,,,592663
716355,2023-10-01,6,Bot,42,3,1,2,0,121,143,641796,656793,,,,,,,,,,,,,,,,,,,,,,,,,592663
716355,2023-10-01,6,Bot,42,4,2,2,0,121,143,641796,656793,,,,,,,,,,,,,,,,,,,,,,,,,592663
716355,2023-10-01,6,Bot,42,5,2,2,0,121,143,641796,656793,,,,,,,,,,,,,,,,,,,,,,,,,592663
716355,2023-10-01,6,Bot,42,6,3,2,0,121,143,641796,656793,,,,,,,,,,,,,,,,,,,,,,,,,592663
716355,2023-10-01,6,Bot,42,7,3,3,0,121,143,641796,656793,strikeout,Strikeout,Tim Locastro strikes out swinging.,T,,,,,,,,,,641796,,,T,1,Strikeout,strikeout,,,,,592663
716355,2023-10-01,6,Bot,43,0,0,1,1,121,143,542364,656793,,,,,,,,,,,,,,,,,,,,,,,,,592663
716355,2023-10-01,6,Bot,43,1,0,2,1,121,143,542364,656793,,,,,,,,,,,,,,,,,,,,,,,,,592663
716355,2023-10-01,6,Bot,43,2,0,2,1,121,143,542364,656793,,,,,,,,,,,,,,,,,,,,,,,,,592663
716355,2023-10-01,6,Bot,43,3,0,2,1,121,143,542364,656793,,,,,,,,,,,,,,,,,,,,,,,,,592663
716355,2023-10-01,6,Bot,43,4,1,2,1,121,143,542364,656793,,,,,,,,,,,,,,,,,,,,,,,,,592663
716355,2023-10-01,6,Bot,43,5,2,2,1,121,143,542364,656793,,,,,,,,,,,,,,,,,,,,,,,,,592663
716355,2023-10-01,6,Bot,43,6,3,2,1,121,143,542364,656793,,,,,,,,,,,,,,,,,,,,,,,,,592663
716355,2023-10-01,6,Bot,43,7,4,2,1,121,143,542364,656793,walk,Walk,Rafael Ortega walks.,T,,,,,,,,,,542364,,1B,,,Walk,walk,,,,,592663
716355,2023-10-01,6,Bot,44,0,0,0,1,121,143,677595,656793,,,,,,,,,,,,,,,,,,,,,,,,,592663
716355,2023-10-01,6,Bot,44,1,0,0,1,121,143,677595,656793,field_out,Lineout,Ronny Mauricio lines out to right fielder Brandon Marsh.,T,,,,,,,,,,677595,,,T,2,Lineout,field_out,,,,,592663
716355,2023-10-01,6,Bot,45,0,0,1,2,121,143,624413,656793,,,,,,,,,,,,,,,,,,,,,,,,,592663
716355,2023-10-01,6,Bot,45,1,0,1,2,121,143,624413,656793,force_out,Forceout,"Pete Alonso grounds into a force out, shortstop Edmundo Sosa to second baseman Bryson Stott. Rafael Ortega out at 2nd.",T,,,,,,,,,,542364,1B,,T,3,Forceout,force_out,r_force_out,,,,592663
716355,2023-10-01,7,Top,46,0,0,0,0,121,143,679032,660593,,,,,,,,,,,,,,,,,,,,,,,,,682626
716355,2023-10-01,7,Top,46,1,0,0,0,121,143,679032,660593,field_out,Bunt Groundout,"Johan Rojas bunt grounds out, catcher Francisco Alvarez to first baseman Pete Alonso.",T,,,,,,,,,,679032,,,T,1,Bunt Groundout,field_out,,,,,682626
716355,2023-10-01,7,Top,47,0,0,1,1,121,143,596117,660593,,,,,,,,,,,,,,,,,,,,,,,,,682626
716355,2023-10-01,7,Top,47,1,0,2,1,121,143,596117,660593,,,,,,,,,,,,,,,,,,,,,,,,,682626
716355,2023-10-01,7,Top,47,2,1,2,1,121,143,596117,660593,,,,,,,,,,,,,,,,,,,,,,,,,682626
716355,2023-10-01,7,Top,47,3,1,3,1,121,143,596117,660593,strikeout,Strikeout,Garrett Stubbs called out on strikes.,T,,,,,,,,,,596117,,,T,2,Strikeout,strikeout,,,,,682626
716355,2023-10-01,7,Top,48,0,1,0,2,121,143,665506,660593,,,,,,,,,,,,,,,,,,,,,,,,,682626
716355,2023-10-01,7,Top,48,1,1,1,2,121,143,665506,660593,,,,,,,,,,,,,,,,,,,,,,,,,682626
716355,2023-10-01,7,Top,48,2,1,1,2,121,143,665506,660593,,,,,,,,,,,,,,,,,,,,,,,,,682626
716355,2023-10-01,7,Top,48,3,2,1,2,121,143,665506,660593,,,,,,,,,,,,,,,,,,,,,,,,,682626
716355,2023-10-01,7,Top,48,4,2,2,2,121,143,665506,660593,,,,,,,,,,,,,,,,,,,,,,,,,682626
716355,2023-10-01,7,Top,48,5,2,3,2,121,143,665506,660593,strikeout,Strikeout,Cristian Pache strikes out swinging.,T,,,,,,,,,,665506,,,T,3,Strikeout,strikeout,,,,,682626
716355,2023-10-01,7,Bot,49,0,1,0,0,121,143,596019,656793,,,,,,,,,,,,,,,,,,,,,,,,,592663
716355,2023-10-01,7,Bot,49,1,1,1,0,121,143,596019,656793,,,,,,,,,,,,,,,,,,,,,,,,,592663
716355,2023-10-01,7,Bot,49,2,1,2,0,121,143,596019,656793,,,,,,,,,,,,,,,,,,,,,,,,,592663
716355,2023-10-01,7,Bot,49,3,2,2,0,121,143,596019,656793,,,,,,,,,,,,,,,,,,,,,,,,,592663
716355,2023-10-01,7,Bot,49,4,2,2,0,121,143,596019,656793,,,,,,,,,,,,,,,,,,,,,,,,,592663
716355,2023-10-01,7,Bot,49,5,3,2,0,121,143,596019,656793,,,,,,,,,,,,,,,,,,,,,,,,,592663
716355,2023-10-01,7,Bot,49,6,4,2,0,121,143,596019,656793,walk,Walk,Francisco Lindor walks.,T,,,,,,,,,,596019,,1B,,,Walk,walk,,,,,592663
716355,2023-10-01,7,Bot,50,0,0,1,0,121,143,668901,656793,,,,,,,,,,,,,,,,,,,,,,,,,592663
716355,2023-10-01,7,Bot,50,1,0,1,0,121,143,668901,656793,,,,,,,,,,,,,,,,,,,,,,,,,592663
716355,2023-10-01,7,Bot,50,2,1,1,0,121,143,668901,656793,,,,,,,,,,,,,,,,,,,,,,,,,592663
716355,2023-10-01,7,Bot,50,3,1,2,0,121,143,668901,656793,,,,,,,,,,,,,,,,,,,,,,,,,592663
716355,2023-10-01,7,Bot,50,4,2,2,0,121,143,668901,656793,,,,,,,,,,,,,,,,,,,,,,,,,592663
716355,2023-10-01,7,Bot,50,5,2,3,0,121,143,668901,656793,strikeout,Strikeout,Mark Vientos strikes out swinging.,T,,,,,,,,,,668901,,,T,1,Strikeout,strikeout,,,,,592663
716355,2023-10-01,7,Bot,51,0,0,0,1,121,143,683146,622554,,,,,,,,,,,,,,,,,,,,,,,,,592663
716355,2023-10-01,7,Bot,51,1,0,0,1,121,143,683146,622554,,,,,,,,,,,,,,,,,,,,,,,,,592663
716355,2023-10-01,7,Bot,51,2,1,0,1,121,143,683146,622554,,,,,,,,,,,,,,,,,,,,,,,,,592663
716355,2023-10-01,7,Bot,51,3,1,1,1,121,143,683146,622554,,,,,,,,,,,,,,,,,,,,,,,,,592663
716355,2023-10-01,7,Bot,51,4,1,1,1,121,143,683146,622554,grounded_into_double_play,Grounded Into DP,"Brett Baty grounds into a double play, second baseman Bryson Stott to shortstop Edmundo Sosa to first baseman Jake Cave. Francisco Lindor out at 2nd. Brett Baty out at 1st.",T,,,,,,,,,,596019,1B,,T,2,Grounded Into DP,grounded_into_double_play,r_force_out,,,,592663
716355,2023-10-01,8,Top,52,0,0,0,0,121,143,642215,660593,,,,,,,,,,,,,,,,,,,,,,,,,682626
716355,2023-10-01,8,Top,52,1,0,1,0,121,143,642215,660593,,,,,,,,,,,,,,,,,,,,,,,,,682626
716355,2023-10-01,8,Top,52,2,0,1,0,121,143,642215,660593,single,Single,Weston Wilson singles on a soft ground ball to catcher Michael Perez.,T,,,,,,,,,,642215,,1B,,,Single,single,,,,,682626
716355,2023-10-01,8,Top,53,0,0,0,0,121,143,681082,660593,,,,,,,,,,,,,,,,,,,,,,,,,682626
716355,2023-10-01,8,Top,53,1,1,0,0,121,143,681082,660593,,,,,,,,,,,,,,,,,,,,,,,,,682626
716355,2023-10-01,8,Top,53,2,1,0,0,121,143,681082,660593,double,Double,Bryson Stott doubles (32) on a fly ball to center fielder Rafael Ortega. Weston Wilson to 3rd.,T,,,,,,,,,,681082,,2B,,,Double,double,,,,,682626
716355,2023-10-01,8,Top,54,0,0,1,0,121,143,664761,660593,,,,,,,,,,,,,,,,,,,,,,,,,682626
716355,2023-10-01,8,Top,54,1,0,1,0,121,143,664761,660593,field_out,Groundout,"Alec Bohm grounds out, third baseman Brett Baty to first baseman Pete Alonso.",T,,,,,,,,,,664761,,,T,1,Groundout,field_out,,,,,682626
716355,2023-10-01,8,Top,55,0,1,0,1,121,143,669016,660593,,,,,,,,,,,,,,,,,,,,,,,,,682626
716355,2023-10-01,8,Top,55,1,2,0,1,121,143,669016,660593,,,,,,,,,,,,,,,,,,,,,,,,,682626
716355,2023-10-01,8,Top,55,2,2,0,1,121,143,669016,660593,single,Single,Brandon Marsh singles on a sharp line drive to right fielder DJ Stewart. Weston Wilson scores. Bryson Stott to 3rd.,T,,,,,,,,,,669016,,1B,,,Single,single,,,,,682626
716355,2023-10-01,8,Top,56,0,0,0,1,121,143,624641,660593,,,,,,,,,,,,,,,,,,,,,,,,,682626
716355,2023-10-01,8,Top,56,1,0,1,1,121,143,624641,660593,,,,,,,,,,,,,,,,,,,,,,,,,682626
716355,2023-10-01,8,Top,56,2,0,1,1,121,143,624641,660593,grounded_into_double_play,Grounded Into DP,"Edmundo Sosa grounds into a double play, third baseman Brett Baty to second baseman Ronny Mauricio to first baseman Pete Alonso. Brandon Marsh out at 2nd. Edmundo Sosa out at 1st.",T,,,,,,,,,,669016,1B,,T,2,Grounded Into DP,grounded_into_double_play,r_force_out,,,,682626
716355,2023-10-01,8,Bot,57,0,0,0,0,121,143,605421,642397,,,,,,,,,,,,,,,,,,,,,,,,,592663
716355,2023-10-01,8,Bot,57,1,0,1,0,121,143,605421,642397,,,,,,,,,,,,,,,,,,,,,,,,,592663
716355,2023-10-01,8,Bot,57,2,0,1,0,121,143,605421,642397,field_out,Groundout,"Michael Perez grounds out, shortstop Edmundo Sosa to first baseman Jake Cave.",T,,,,,,,,,,605421,,,T,1,Groundout,field_out,,,,,592663
716355,2023-10-01,8,Bot,58,0,0,1,1,121,143,621466,642397,,,,,,,,,,,,,,,,,,,,,,,,,592663
716355,2023-10-01,8,Bot,58,1,0,2,1,121,143,621466,642397,,,,,,,,,,,,,,,,,,,,,,,,,592663
716355,2023-10-01,8,Bot,58,2,1,2,1,121,143,621466,642397,,,,,,,,,,,,,,,,,,,,,,,,,592663
716355,2023-10-01,8,Bot,58,3,1,3,1,121,143,621466,642397,strikeout,Strikeout,DJ Stewart strikes out swinging.,T,,,,,,,,,,621466,,,T,2,Strikeout,strikeout,,,,,592663
716355,2023-10-01,8,Bot,59,0,0,1,2,121,143,641796,642397,,,,,,,,,,,,,,,,,,,,,,,,,592663
716355,2023-10-01,8,Bot,59,1,0,2,2,121,143,641796,642397,,,,,,,,,,,,,,,,,,,,,,,,,592663
716355,2023-10-01,8,Bot,59,2,0,3,2,121,143,641796,642397,strikeout,Strikeout,Tim Locastro called out on strikes.,T,,,,,,,,,,641796,,,T,3,Strikeout,strikeout,,,,,592663
716355,2023-10-01,9,Top,60,0,1,0,0,121,143,595909,660593,,,,,,,,,,,,,,,,,,,,,,,,,682626
716355,2023-10-01,9,Top,60,1,1,1,0,121,143,595909,660593,,,,,,,,,,,,,,,,,,,,,,,,,682626
716355,2023-10-01,9,Top,60,2,1,2,0,121,143,595909,660593,,,,,,,,,,,,,,,,,,,,,,,,,682626
716355,2023-10-01,9,Top,60,3,2,2,0,121,143,595909,660593,,,,,,,,,,,,,,,,,,,,,,,,,682626
716355,2023-10-01,9,Top,60,4,3,2,0,121,143,595909,660593,,,,,,,,,,,,,,,,,,,,,,,,,682626
716355,2023-10-01,9,Top,60,5,3,2,0,121,143,595909,660593,,,,,,,,,,,,,,,,,,,,,,,,,682626
716355,2023-10-01,9,Top,60,6,3,2,0,121,143,595909,660593,,,,,,,,,,,,,,,,,,,,,,,,,682626
716355,2023-10-01,9,Top,60,7,4,2,0,121,143,595909,660593,walk,Walk,Jake Cave walks.,T,,,,,,,,,,595909,,1B,,,Walk,walk,,,,,682626
716355,2023-10-01,9,Top,61,0,1,0,0,121,143,679032,660593,,,,,,,,,,,,,,,,,,,,,,,,,682626
716355,2023-10-01,9,Top,61,1,1,1,0,121,143,679032,660593,,,,,,,,,,,,,,,,,,,,,,,,,682626
716355,2023-10-01,9,Top,61,2,1,1,0,121,143,679032,660593,,,,,,,,,,,,,,,,,,,,,,,,,682626
716355,2023-10-01,9,Top,61,3,1,2,0,121,143,679032,660593,,,,,,,,,,,,,,,,,,,,,,,,,682626
716355,2023-10-01,9,Top,61,4,2,2,0,121,143,679032,660593,,,,,,,,,,,,,,,,,,,,,,,,,682626
716355,2023-10-01,9,Top,61,5,2,2,0,121,143,679032,660593,triple,Triple,Johan Rojas triples (2) on a line drive to center fielder Rafael Ortega. Jake Cave scores.,T,,,,,,,,,,679032,,3B,,,Triple,triple,,,,,682626
716355,2023-10-01,9,Top,62,0,0,1,0,121,143,596117,660593,,,,,,,,,,,,,,,,,,,,,,,,,682626
716355,2023-10-01,9,Top,62,1,0,2,0,121,143,596117,660593,,,,,,,,,,,,,,,,,,,,,,,,,682626
716355,2023-10-01,9,Top,62,2,0,2,0,121,143,596117,660593,,,,,,,,,,,,,,,,,,,,,,,,,682626
716355,2023-10-01,9,Top,62,3,1,2,0,121,143,596117,660593,,,,,,,,,,,,,,,,,,,,,,,,,682626
716355,2023-10-01,9,Top,62,4,1,2,0,121,143,596117,660593,single,Single,Garrett Stubbs singles on a line drive to center fielder Rafael Ortega. Johan Rojas scores.,T,,,,,,,,,,596117,,1B,,,Single,single,,,,,682626
716355,2023-10-01,9,Top,63,0,0,0,0,121,143,665506,660593,,,,,,,,,,,,,,,,,,,,,,,,,682626
716355,2023-10-01,9,Top,63,1,0,1,0,121,143,665506,660593,,,,,,,,,,,,,,,,,,,,,,,,,682626
716355,2023-10-01,9,Top,63,2,0,1,0,121,143,665506,660593,single,Single,Cristian Pache singles on a line drive to left fielder Tim Locastro. Garrett Stubbs to 2nd.,T,,,,,,,,,,665506,,1B,,,Single,single,,,,,682626
716355,2023-10-01,9,Top,64,0,1,0,0,121,143,642215,660593,,,,,,,,,,,,,,,,,,,,,,,,,682626
716355,2023-10-01,9,Top,64,1,1,1,0,121,143,642215,660593,,,,,,,,,,,,,,,,,,,,,,,,,682626
716355,2023-10-01,9,Top,64,2,2,1,0,121,143,642215,660593,,,,,,,,,,,,,,,,,,,,,,,,,682626
716355,2023-10-01,9,Top,64,3,3,1,0,121,143,642215,660593,,,,,,,,,,,,,,,,,,,,,,,,,682626
716355,2023-10-01,9,Top,64,4,3,1,0,121,143,642215,660593,,,,,,,,,,,,,,,,,,,,,,,,,682626
716355,2023-10-01,9,Top,64,5,3,2,0,121,143,642215,660593,,,,,,,,,,,,,,,,,,,,,,,,,682626
716355,2023-10-01,9,Top,64,6,3,2,0,121,143,642215,660593,field_out,Groundout,"Weston Wilson grounds out, shortstop Francisco Lindor to first baseman Pete Alonso. Garrett Stubbs to 3rd. Cristian Pache to 2nd.",T,,,,,,,,,,642215,,,T,1,Groundout,field_out,,,,,682626
716355,2023-10-01,9,Top,65,0,0,0,1,121,143,681082,641743,,,,,,,,,,,,,,,,,,,,,,,,,682626
716355,2023-10-01,9,Top,65,1,0,0,1,121,143,681082,641743,,,,,,,,,,,,,,,,,,,,,,,,,682626
716355,2023-10-01,9,Top,65,2,1,0,1,121,143,681082,641743,,,,,,,,,,,,,,,,,,,,,,,,,682626
716355,2023-10-01,9,Top,65,3,2,0,1,121,143,681082,641743,,,,,,,,,,,,,,,,,,,,,,,,,682626
716355,2023-10-01,9,Top,65,4,3,0,1,121,143,681082,641743,,,,,,,,,,,,,,,,,,,,,,,,,682626
716355,2023-10-01,9,Top,65,5,3,1,1,121,143,681082,641743,,,,,,,,,,,,,,,,,,,,,,,,,682626
716355,2023-10-01,9,Top,65,6,3,2,1,121,143,681082,641743,,,,,,,,,,,,,,,,,,,,,,,,,682626
716355,2023-10-01,9,Top,65,7,4,2,1,121,143,681082,641743,walk,Walk,Bryson Stott walks.,T,,,,,,,,,,681082,,1B,,,Walk,walk,,,,,682626
716355,2023-10-01,9,Top,66,0,1,0,1,121,143,664761,641743,,,,,,,,,,,,,,,,,,,,,,,,,682626
716355,2023-10-01,9,Top,66,1,1,0,1,121,143,664761,641743,sac_fly,Sac Fly,Alec Bohm out on a sacrifice fly to left fielder Tim Locastro. Garrett Stubbs scores.,T,,,,,,,,,,664761,,,T,2,Sac Fly,sac_fly,,,,,682626
716355,2023-10-01,9,Top,67,0,0,1,2,121,143,669016,641743,,,,,,,,,,,,,,,,,,,,,,,,,682626
716355,2023-10-01,9,Top,67,1,0,2,2,121,143,669016,641743,,,,,,,,,,,,,,,,,,,,,,,,,682626
716355,2023-10-01,9,Top,67,2,0,2,2,121,143,669016,641743,home_run,Home Run,Brandon Marsh homers (12) on a fly ball to center field. Cristian Pache scores. Bryson Stott scores.,T,,,,,,,,,,669016,,score,,,Home Run,home_run,,T,T,T,682626
716355,2023-10-01,9,Top,68,0,0,1,2,121,143,624641,641743,,,,,,,,,,,,,,,,,,,,,,,,,682626
716355,2023-10-01,9,Top,68,1,0,2,2,121,143,624641,641743,,,,,,,,,,,,,,,,,,,,,,,,,682626
716355,2023-10-01,9,Top,68,2,0,2,2,121,143,624641,641743,,,,,,,,,,,,,,,,,,,,,,,,,682626
716355,2023-10-01,9,Top,68,3,0,3,2,121,143,624641,641743,strikeout,Strikeout,Edmundo Sosa strikes out swinging.,T,,,,,,,,,,624641,,,T,3,Strikeout,strikeout,,,,,682626
716355,2023-10-01,9,Bot,69,0,0,0,0,121,143,542364,547179,,,,,,,,,,,,,,,,,,,,,,,,,592663
716355,2023-10-01,9,Bot,69,1,1,0,0,121,143,542364,547179,,,,,,,,,,,,,,,,,,,,,,,,,592663
716355,2023-10-01,9,Bot,69,2,1,1,0,121,143,542364,547179,,,,,,,,,,,,,,,,,,,,,,,,,592663
716355,2023-10-01,9,Bot,69,3,1,2,0,121,143,542364,547179,,,,,,,,,,,,,,,,,,,,,,,,,592663
716355,2023-10-01,9,Bot,69,4,2,2,0,121,143,542364,547179,,,,,,,,,,,,,,,,,,,,,,,,,592663
716355,2023-10-01,9,Bot,69,5,2,2,0,121,143,542364,547179,field_out,Flyout,Rafael Ortega flies out to center fielder Johan Rojas.,T,,,,,,,,,,542364,,,T,1,Flyout,field_out,,,,,592663
716355,2023-10-01,9,Bot,70,0,0,1,1,121,143,677595,547179,,,,,,,,,,,,,,,,,,,,,,,,,592663
716355,2023-10-01,9,Bot,70,1,1,1,1,121,143,677595,547179,,,,,,,,,,,,,,,,,,,,,,,,,592663
716355,2023-10-01,9,Bot,70,2,1,2,1,121,143,677595,547179,,,,,,,,,,,,,,,,,,,,,,,,,592663
716355,2023-10-01,9,Bot,70,3,1,2,1,121,143,677595,547179,,,,,,,,,,,,,,,,,,,,,,,,,592663
716355,2023-10-01,9,Bot,70,4,1,2,1,121,143,677595,547179,,,,,,,,,,,,,,,,,,,,,,,,,592663
716355,2023-10-01,9,Bot,70,5,1,3,1,121,143,677595,547179,strikeout,Strikeout,Ronny Mauricio strikes out swinging.,T,,,,,,,,,,677595,,,T,2,Strikeout,strikeout,,,,,592663
716355,2023-10-01,9,Bot,71,0,0,0,2,121,143,624413,547179,,,,,,,,,,,,,,,,,,,,,,,,,592663
716355,2023-10-01,9,Bot,71,1,0,1,2,121,143,624413,547179,,,,,,,,,,,,,,,,,,,,,,,,,592663
716355,2023-10-01,9,Bot,71,2,0,2,2,121,143,624413,547179,,,,,,,,,,,,,,,,,,,,,,,,,592663
716355,2023-10-01,9,Bot,71,3,0,2,2,121,143,624413,547179,field_out,Pop Out,Pete Alonso pops out to shortstop Edmundo Sosa.,T,,,,,,,,,,624413,,,T,3,Pop Out,field_out,,,,,592663
716354,2023-10-01,1,Top,0,0,0,0,0,144,120,682928,689266,,,,,,,,,,,,,,,,,,,,,,,,,518595
716354,2023-10-01,1,Top,0,1,0,0,0,144,120,682928,689266,,,,,,,,,,,,,,,,,,,,,,,,,518595
716354,2023-10-01,1,Top,0,2,0,0,0,144,120,682928,689266,,,,,,,,,,,,,,,,,,,,,,,,,518595
716354,2023-10-01,1,Top,0,3,0,0,0,144,120,682928,689266,single,Single,CJ Abrams singles on a ground ball to center fielder Michael Harris II.,T,,,,,,,,,,682928,,1B,,,Single,single,,,,,518595
716354,2023-10-01,1,Top,1,0,0,1,0,144,120,657041,689266,,,,,,,,,,,,,,,,,,,,,,,,,518595
716354,2023-10-01,1,Top,1,1,1,1,0,144,120,657041,689266,,,,,,,,,,,,,,,,,,,,,,,,,518595
716354,2023-10-01,1,Top,1,2,2,1,0,144,120,657041,689266,,,,,,,,,,,,,,,,,,,,,,,,,518595
716354,2023-10-01,1,Top,1,3,2,1,0,144,120,657041,689266,,,,,,,,,,,,,,,,,,,,,,,,,518595
716354,2023-10-01,1,Top,1,4,2,2,0,144,120,657041,689266,,,,,,,,,,,,,,,,,,,,,,,,,518595
716354,2023-10-01,1,Top,1,5,2,2,0,144,120,657041,689266,single,Single,Lane Thomas singles on a ground ball to center fielder Michael Harris II. CJ Abrams to 3rd.,T,T,,,,,,,,,682928,1B,2B,,,Stolen Base 2B,stolen_base_2b,r_stolen_base_2b,,,,518595
716354,2023-10-01,1,Top,2,0,0,1,0,144,120,608841,689266,,,,,,,,,,,,,,,,,,,,,,,,,518595
716354,2023-10-01,1,Top,2,1,0,1,0,144,120,608841,689266,double,Double,Joey Meneses doubles (36) on a sharp fly ball to left fielder Eddie Rosario. CJ Abrams scores. Lane Thomas to 3rd.,T,,,,,,,,,,608841,,2B,,,Double,double,,,,,518595
716354,2023-10-01,1,Top,3,0,0,1,0,144,120,660688,689266,,,,,,,,,,,,,,,,,,,,,,,,,518595
716354,2023-10-01,1,Top,3,1,1,1,0,144,120,660688,689266,,,,,,,,,,,,,,,,,,,,,,,,,518595
716354,2023-10-01,1,Top,3,2,1,2,0,144,120,660688,689266,,,,,,,,,,,,,,,,,,,,,,,,,518595
716354,2023-10-01,1,Top,3,3,1,2,0,144,120,660688,689266,,,,,,,,,,,,,,,,,,,,,,,,,518595
716354,2023-10-01,1,Top,3,4,1,2,0,144,120,660688,689266,,,,,,,,,,,,,,,,,,,,,,,,,518595
716354,2023-10-01,1,Top,3,5,1,2,0,144,120,660688,689266,double,Double,Keibert Ruiz hits a ground-rule double (24) on a line drive down the left-field line. Lane Thomas scores. Joey Meneses scores.,T,,,,,,,,,,660688,,2B,,,Double,double,,,,,518595
716354,2023-10-01,1,Top,4,0,0,0,0,144,120,666198,689266,,,,,,,,,,,,,,,,,,,,,,,,,518595
716354,2023-10-01,1,Top,4,1,0,0,0,144,120,666198,689266,field_out,Groundout,"Carter Kieboom grounds out, shortstop Orlando Arcia to first baseman Matt Olson.",T,,,,,,,,,,666198,,,T,1,Groundout,field_out,,,,,518595
716354,2023-10-01,1,Top,5,0,0,1,1,144,120,545121,689266,,,,,,,,,,,,,,,,,,,,,,,,,518595
716354,2023-10-01,1,Top,5,1,0,2,1,144,120,545121,689266,,,,,,,,,,,,,,,,,,,,,,,,,518595
716354,2023-10-01,1,Top,5,2,0,2,1,144,120,545121,689266,field_out,Flyout,Ildemaro Vargas flies out to right fielder Ronald Acuna Jr. Keibert Ruiz to 3rd.,T,,,,,,,,,,545121,,,T,2,Flyout,field_out,,,,,518595
716354,2023-10-01,1,Top,6,0,0,1,2,144,120,669743,689266,,,,,,,,,,,,,,,,,,,,,,,,,518595
716354,2023-10-01,1,Top,6,1,1,1,2,144,120,669743,689266,,,,,,,,,,,,,,,,,,,,,,,,,518595
716354,2023-10-01,1,Top,6,2,2,1,2,144,120,669743,689266,,,,,,,,,,,,,,,,,,,,,,,,,518595
716354,2023-10-01,1,Top,6,3,2,2,2,144,120,669743,689266,,,,,,,,,,,,,,,,,,,,,,,,,518595
716354,2023-10-01,1,Top,6,4,2,2,2,144,120,669743,689266,single,Single,Alex Call singles on a ground ball to third baseman Austin Riley. Keibert Ruiz scores.,T,,,,,,,,,,669743,,1B,,,Single,single,,,,,518595
716354,2023-10-01,1,Top,7,0,0,1,2,144,120,686452,689266,,,,,,,,,,,,,,,,,,,,,,,,,518595
716354,2023-10-01,1,Top,7,1,1,1,2,144,120,686452,689266,,,,,,,,,,,,,,,,,,,,,,,,,518595
716354,2023-10-01,1,Top,7,2,1,2,2,144,120,686452,689266,,,,,,,,,,,,,,,,,,,,,,,,,518595
716354,2023-10-01,1,Top,7,3,1,2,2,144,120,686452,689266,,,,,,,,,,,,,,,,,,,,,,,,,518595
716354,2023-10-01,1,Top,7,4,2,2,2,144,120,686452,689266,,,,,,,,,,,,,,,,,,,,,,,,,518595
716354,2023-10-01,1,Top,7,5,2,2,2,144,120,686452,689266,,,,,,,,,,,,,,,,,,,,,,,,,518595
716354,2023-10-01,1,Top,7,6,3,2,2,144,120,686452,689266,,,,,,,,,,,,,,,,,,,,,,,,,518595
716354,2023-10-01,1,Top,7,7,3,2,2,144,120,686452,689266,,,,,,,,,,,,,,,,,,,,,,,,,518595
716354,2023-10-01,1,Top,7,8,3,2,2,144,120,686452,689266,,,,,,,,,,,,,,,,,,,,,,,,,518595
716354,2023-10-01,1,Top,7,9,3,2,2,144,120,686452,689266,,,,,,,,,,,,,,,,,,,,,,,,,518595
716354,2023-10-01,1,Top,7,10,4,2,2,144,120,686452,689266,walk,Walk,Drew Millas walks. Alex Call to 2nd.,T,,,,,,,,,,669743,1B,2B,,,Walk,walk,r_adv_force,,,,518595
716354,2023-10-01,1,Top,8,0,0,0,2,144,120,696285,689266,field_out,Lineout,Jacob Young lines out to right fielder Ronald Acuna Jr.,T,,,,,,,,,,696285,,,T,3,Lineout,field_out,,,,,518595
716354,2023-10-01,1,Bot,9,0,0,1,0,144,120,660670,671131,,,,,,,,,,,,,,,,,,,,,,,,,686452
716354,2023-10-01,1,Bot,9,1,1,1,0,144,120,660670,671131,,,,,,,,,,,,,,,,,,,,,,,,,686452
716354,2023-10-01,1,Bot,9,2,1,2,0,144,120,660670,671131,,,,,,,,,,,,,,,,,,,,,,,,,686452
716354,2023-10-01,1,Bot,9,3,1,3,0,144,120,660670,671131,strikeout,Strikeout,Ronald Acuna Jr. strikes out swinging.,T,,,,,,,,,,660670,,,T,1,Strikeout,strikeout,,,,,686452
716354,2023-10-01,1,Bot,10,0,1,0,1,144,120,645277,671131,,,,,,,,,,,,,,,,,,,,,,,,,686452
716354,2023-10-01,1,Bot,10,1,2,0,1,144,120,645277,671131,,,,,,,,,,,,,,,,,,,,,,,,,686452
716354,2023-10-01,1,Bot,10,2,3,0,1,144,120,645277,671131,,,,,,,,,,,,,,,,,,,,,,,,,686452
716354,2023-10-01,1,Bot,10,3,4,0,1,144,120,645277,671131,walk,Walk,Ozzie Albies walks.,T,,,,,,,,,,645277,,1B,,,Walk,walk,,,,,686452
716354,2023-10-01,1,Bot,11,0,0,1,1,144,120,663586,671131,,,,,,,,,,,,,,,,,,,,,,,,,686452
716354,2023-10-01,1,Bot,11,1,1,1,1,144,120,663586,671131,,,,,,,,,,,,,,,,,,,,,,,,,686452
716354,2023-10-01,1,Bot,11,2,1,1,1,144,120,663586,671131,double,Double,Austin Riley doubles (32) on a sharp line drive to left fielder Alex Call. Ozzie Albies to 3rd.,T,,,,,,,,,,663586,,2B,,,Double,double,,,,,686452
716354,2023-10-01,1,Bot,12,0,1,0,1,144,120,621566,671131,,,,,,,,,,,,,,,,,,,,,,,,,686452
716354,2023-10-01,1,Bot,12,1,2,0,1,144,120,621566,671131,,,,,,,,,,,,,,,,,,,,,,,,,686452
716354,2023-10-01,1,Bot,12,2,2,1,1,144,120,621566,671131,,,,,,,,,,,,,,,,,,,,,,,,,686452
716354,2023-10-01,1,Bot,12,3,2,2,1,144,120,621566,671131,,,,,,,,,,,,,,,,,,,,,,,,,686452
716354,2023-10-01,1,Bot,12,4,2,2,1,144,120,621566,671131,single,Single,Matt Olson singles on a ground ball to right fielder Lane Thomas. Ozzie Albies scores. Austin Riley scores.,T,,,,,,,,,,621566,,1B,,,Single,single,,,,,686452
716354,2023-10-01,1,Bot,13,0,1,0,1,144,120,542303,671131,hit_by_pitch,Hit By Pitch,Marcell Ozuna hit by pitch. Matt Olson to 2nd.,T,,,,,,,,,,621566,1B,2B,,,Hit By Pitch,hit_by_pitch,r_adv_force,,,,686452
716354,2023-10-01,1,Bot,14,0,0,0,1,144,120,671739,671131,,,,,,,,,,,,,,,,,,,,,,,,,686452
716354,2023-10-01,1,Bot,14,1,1,0,1,144,120,671739,671131,,,,,,,,,,,,,,,,,,,,,,,,,686452
716354,2023-10-01,1,Bot,14,2,2,0,1,144,120,671739,671131,,,,,,,,,,,,,,,,,,,,,,,,,686452
716354,2023-10-01,1,Bot,14,3,2,1,1,144,120,671739,671131,,,,,,,,,,,,,,,,,,,,,,,,,686452
716354,2023-10-01,1,Bot,14,4,2,2,1,144,120,671739,671131,,,,,,,,,,,,,,,,,,,,,,,,,686452
716354,2023-10-01,1,Bot,14,5,2,2,1,144,120,671739,671131,,,,,,,,,,,,,,,,,,,,,,,,,686452
716354,2023-10-01,1,Bot,14,6,2,2,1,144,120,671739,671131,field_out,Pop Out,Michael Harris II pops out to third baseman Carter Kieboom on the infield fly rule.,T,,,,,,,,,,671739,,,T,2,Pop Out,field_out,,,,,686452
716354,2023-10-01,1,Bot,15,0,0,1,2,144,120,518595,671131,,,,,,,,,,,,,,,,,,,,,,,,,686452
716354,2023-10-01,1,Bot,15,1,0,2,2,144,120,518595,671131,,,,,,,,,,,,,,,,,,,,,,,,,686452
716354,2023-10-01,1,Bot,15,2,0,3,2,144,120,518595,671131,strikeout,Strikeout,Travis d'Arnaud called out on strikes.,T,,,,,,,,,,518595,,,T,3,Strikeout,strikeout,,,,,686452
716354,2023-10-01,2,Top,16,0,0,0,0,144,120,682928,689266,,,,,,,,,,,,,,,,,,,,,,,,,518595
716354,2023-10-01,2,Top,16,1,1,0,0,144,120,682928,689266,,,,,,,,,,,,,,,,,,,,,,,,,518595
716354,2023-10-01,2,Top,16,2,1,0,0,144,120,682928,689266,field_out,Groundout,CJ Abrams grounds out to first baseman Matt Olson.,T,,,,,,,,,,682928,,,T,1,Groundout,field_out,,,,,518595
716354,2023-10-01,2,Top,17,0,0,1,1,144,120,657041,689266,,,,,,,,,,,,,,,,,,,,,,,,,518595
716354,2023-10-01,2,Top,17,1,0,2,1,144,120,657041,689266,,,,,,,,,,,,,,,,,,,,,,,,,518595
716354,2023-10-01,2,Top,17,2,1,2,1,144,120,657041,689266,,,,,,,,,,,,,,,,,,,,,,,,,518595
716354,2023-10-01,2,Top,17,3,1,2,1,144,120,657041,689266,double,Double,Lane Thomas doubles (36) on a sharp fly ball to center fielder Michael Harris II.,T,,,,,,,,,,657041,,2B,,,Double,double,,,,,518595
716354,2023-10-01,2,Top,18,0,0,1,1,144,120,608841,689266,,,,,,,,,,,,,,,,,,,,,,,,,518595
716354,2023-10-01,2,Top,18,1,0,1,1,144,120,608841,689266,field_out,Flyout,Joey Meneses flies out to left fielder Eddie Rosario.,T,,,,,,,,,,608841,,,T,2,Flyout,field_out,,,,,518595
716354,2023-10-01,2,Top,19,0,0,1,2,144,120,660688,689266,,,,,,,,,,,,,,,,,,,,,,,,,518595
716354,2023-10-01,2,Top,19,1,0,2,2,144,120,660688,689266,,,,,,,,,,,,,,,,,,,,,,,,,518595
716354,2023-10-01,2,Top,19,2,0,2,2,144,120,660688,689266,,,,,,,,,,,,,,,,,,,,,,,,,518595
716354,2023-10-01,2,Top,19,3,1,2,2,144,120,660688,689266,,,,,,,,,,,,,,,,,,,,,,,,,518595
716354,2023-10-01,2,Top,19,4,1,2,2,144,120,660688,689266,single,Single,Keibert Ruiz singles on a ground ball to left fielder Eddie Rosario. Lane Thomas scores.,T,,,,,,,,,,660688,,1B,,,Single,single,,,,,518595
716354,2023-10-01,2,Top,20,0,0,1,2,144,120,666198,689266,,,,,,,,,,,,,,,,,,,,,,,,,518595
716354,2023-10-01,2,Top,20,1,0,1,2,144,120,666198,689266,force_out,Forceout,"Carter Kieboom grounds into a force out, third baseman Austin Riley to second baseman Ozzie Albies. Keibert Ruiz out at 2nd.",T,,,,,,,,,,660688,1B,,T,3,Forceout,force_out,r_force_out,,,,518595
716354,2023-10-01,2,Bot,21,0,0,0,0,144,120,592696,671131,,,,,,,,,,,,,,,,,,,,,,,,,686452
716354,2023-10-01,2,Bot,21,1,0,1,0,144,120,592696,671131,,,,,,,,,,,,,,,,,,,,,,,,,686452
716354,2023-10-01,2,Bot,21,2,1,1,0,144,120,592696,671131,,,,,,,,,,,,,,,,,,,,,,,,,686452
716354,2023-10-01,2,Bot,21,3,1,1,0,144,120,592696,671131,field_out,Flyout,Eddie Rosario flies out to right fielder Lane Thomas.,T,,,,,,,,,,592696,,,T,1,Flyout,field_out,,,,,686452
716354,2023-10-01,2,Bot,22,0,0,0,1,144,120,606115,671131,field_out,Groundout,"Orlando Arcia grounds out, shortstop CJ Abrams to first baseman Joey Meneses.",T,,,,,,,,,,606115,,,T,2,Groundout,field_out,,,,,686452
716354,2023-10-01,2,Bot,23,0,0,1,2,144,120,607680,671131,,,,,,,,,,,,,,,,,,,,,,,,,686452
716354,2023-10-01,2,Bot,23,1,0,1,2,144,120,607680,671131,field_out,Lineout,Kevin Pillar lines out to third baseman Carter Kieboom.,T,,,,,,,,,,607680,,,T,3,Lineout,field_out,,,,,686452
716354,2023-10-01,3,Top,24,0,0,0,0,144,120,545121,689266,,,,,,,,,,,,,,,,,,,,,,,,,518595
716354,2023-10-01,3,Top,24,1,0,0,0,144,120,545121,689266,double,Double,Ildemaro Vargas doubles (13) on a line drive to left fielder Eddie Rosario.,T,,,,,,,,,,545121,,2B,,,Double,double,,,,,518595
716354,2023-10-01,3,Top,25,0,0,1,0,144,120,669743,689266,,,,,,,,,,,,,,,,,,,,,,,,,518595
716354,2023-10-01,3,Top,25,1,1,1,0,144,120,669743,689266,,,,,,,,,,,,,,,,,,,,,,,,,518595
716354,2023-10-01,3,Top,25,2,1,1,0,144,120,669743,689266,field_out,Flyout,Alex Call flies out to left fielder Eddie Rosario.,T,,,,,,,,,,669743,,,T,1,Flyout,field_out,,,,,518595
716354,2023-10-01,3,Top,26,0,0,0,1,144,120,686452,689266,field_out,Flyout,Drew Millas flies out to center fielder Michael Harris II. Ildemaro Vargas to 3rd.,T,,,,,,,,,,686452,,,T,2,Flyout,field_out,,,,,518595
716354,2023-10-01,3,Top,27,0,0,1,2,144,120,696285,689266,,,,,,,,,,,,,,,,,,,,,,,,,518595
716354,2023-10-01,3,Top,27,1,0,1,2,144,120,696285,689266,field_out,Flyout,Jacob Young flies out to right fielder Kevin Pillar.,T,,,,,,,,,,696285,,,T,3,Flyout,field_out,,,,,518595
716354,2023-10-01,3,Bot,28,0,1,0,0,144,120,645277,671131,,,,,,,,,,,,,,,,,,,,,,,,,686452
716354,2023-10-01,3,Bot,28,1,1,1,0,144,120,645277,671131,,,,,,,,,,,,,,,,,,,,,,,,,686452
716354,2023-10-01,3,Bot,28,2,2,1,0,144,120,645277,671131,,,,,,,,,,,,,,,,,,,,,,,,,686452
716354,2023-10-01,3,Bot,28,3,3,1,0,144,120,645277,671131,,,,,,,,,,,,,,,,,,,,,,,,,686452
716354,2023-10-01,3,Bot,28,4,3,2,0,144,120,645277,671131,,,,,,,,,,,,,,,,,,,,,,,,,686452
716354,2023-10-01,3,Bot,28,5,3,2,0,144,120,645277,671131,,,,,,,,,,,,,,,,,,,,,,,,,686452
716354,2023-10-01,3,Bot,28,6,4,2,0,144,120,645277,671131,walk,Walk,Ozzie Albies walks.,T,,,,,,,,,,645277,,1B,,,Walk,walk,,,,,686452
716354,2023-10-01,3,Bot,29,0,1,0,0,144,120,663586,671131,,,,,,,,,,,,,,,,,,,,,,,,,686452
716354,2023-10-01,3,Bot,29,1,2,0,0,144,120,663586,671131,,,,,,,,,,,,,,,,,,,,,,,,,686452
716354,2023-10-01,3,Bot,29,2,3,0,0,144,120,663586,671131,,,,,,,,,,,,,,,,,,,,,,,,,686452
716354,2023-10-01,3,Bot,29,3,3,1,0,144,120,663586,671131,,,,,,,,,,,,,,,,,,,,,,,,,686452
716354,2023-10-01,3,Bot,29,4,3,1,0,144,120,663586,671131,field_out,Flyout,Austin Riley flies out sharply to center fielder Jacob Young.,T,,,,,,,,,,663586,,,T,1,Flyout,field_out,,,,,686452
716354,2023-10-01,3,Bot,30,0,1,0,1,144,120,670032,671131,,,,,,,,,,,,,,,,,,,,,,,,,686452
716354,2023-10-01,3,Bot,30,1,2,0,1,144,120,670032,671131,,,,,,,,,,,,,,,,,,,,,,,,,686452
716354,2023-10-01,3,Bot,30,2,2,1,1,144,120,670032,671131,,,,,,,,,,,,,,,,,,,,,,,,,686452
716354,2023-10-01,3,Bot,30,3,2,2,1,144,120,670032,671131,,,,,,,,,,,,,,,,,,,,,,,,,686452
716354,2023-10-01,3,Bot,30,4,2,2,1,144,120,670032,671131,,,,,,,,,,,,,,,,,,,,,,,,,686452
716354,2023-10-01,3,Bot,30,5,3,2,1,144,120,670032,671131,hit_by_pitch,Hit By Pitch,Nicky Lopez hit by pitch. Ozzie Albies to 2nd.,T,,,,,,,,,,645277,1B,2B,,,Hit By Pitch,hit_by_pitch,r_adv_force,,,,686452
716354,2023-10-01,3,Bot,31,0,0,0,1,144,120,542303,671131,,,,,,,,,,,,,,,,,,,,,,,,,686452
716354,2023-10-01,3,Bot,31,1,0,1,1,144,120,542303,671131,,,,,,,,,,,,,,,,,,,,,,,,,686452
716354,2023-10-01,3,Bot,31,2,1,1,1,144,120,542303,671131,,,,,,,,,,,,,,,,,,,,,,,,,686452
716354,2023-10-01,3,Bot,31,3,2,1,1,144,120,542303,671131,,,,,,,,,,,,,,,,,,,,,,,,,686452
716354,2023-10-01,3,Bot,31,4,2,1,1,144,120,542303,671131,home_run,Home Run,Marcell Ozuna homers (39) on a fly ball to center field. Ozzie Albies scores. Nicky Lopez scores.,T,,,,,,,,,,542303,,score,,,Home Run,home_run,,T,T,T,686452
716354,2023-10-01,3,Bot,32,0,0,1,1,144,120,671739,671131,,,,,,,,,,,,,,,,,,,,,,,,,686452
716354,2023-10-01,3,Bot,32,1,0,2,1,144,120,671739,671131,,,,,,,,,,,,,,,,,,,,,,,,,686452
716354,2023-10-01,3,Bot,32,2,0,2,1,144,120,671739,671131,,,,,,,,,,,,,,,,,,,,,,,,,686452
716354,2023-10-01,3,Bot,32,3,0,2,1,144,120,671739,671131,,,,,,,,,,,,,,,,,,,,,,,,,686452
716354,2023-10-01,3,Bot,32,4,0,2,1,144,120,671739,671131,,,,,,,,,,,,,,,,,,,,,,,,,686452
716354,2023-10-01,3,Bot,32,5,0,2,1,144,120,671739,671131,field_out,Groundout,"Michael Harris II grounds out, second baseman Ildemaro Vargas to first baseman Joey Meneses.",T,,,,,,,,,,671739,,,T,2,Groundout,field_out,,,,,686452
716354,2023-10-01,3,Bot,33,0,0,1,2,144,120,518595,671131,,,,,,,,,,,,,,,,,,,,,,,,,686452
716354,2023-10-01,3,Bot,33,1,0,2,2,144,120,518595,671131,,,,,,,,,,,,,,,,,,,,,,,,,686452
716354,2023-10-01,3,Bot,33,2,1,2,2,144,120,518595,671131,,,,,,,,,,,,,,,,,,,,,,,,,686452
716354,2023-10-01,3,Bot,33,3,1,3,2,144,120,518595,671131,strikeout,Strikeout,Travis d'Arnaud strikes out swinging.,T,,,,,,,,,,518595,,,T,3,Strikeout,strikeout,,,,,686452
716354,2023-10-01,4,Top,34,0,0,0,0,144,120,682928,689266,field_out,Groundout,"CJ Abrams grounds out, second baseman Ozzie Albies to first baseman Nicky Lopez.",T,,,,,,,,,,682928,,,T,1,Groundout,field_out,,,,,518595
716354,2023-10-01,4,Top,35,0,0,1,1,144,120,657041,689266,,,,,,,,,,,,,,,,,,,,,,,,,518595
716354,2023-10-01,4,Top,35,1,1,1,1,144,120,657041,689266,,,,,,,,,,,,,,,,,,,,,,,,,518595
716354,2023-10-01,4,Top,35,2,1,1,1,144,120,657041,689266,field_out,Flyout,Lane Thomas flies out to center fielder Michael Harris II.,T,,,,,,,,,,657041,,,T,2,Flyout,field_out,,,,,518595
716354,2023-10-01,4,Top,36,0,0,1,2,144,120,608841,689266,,,,,,,,,,,,,,,,,,,,,,,,,518595
716354,2023-10-01,4,Top,36,1,1,1,2,144,120,608841,689266,,,,,,,,,,,,,,,,,,,,,,,,,518595
716354,2023-10-01,4,Top,36,2,2,1,2,144,120,608841,689266,,,,,,,,,,,,,,,,,,,,,,,,,518595
716354,2023-10-01,4,Top,36,3,3,1,2,144,120,608841,689266,,,,,,,,,,,,,,,,,,,,,,,,,518595
716354,2023-10-01,4,Top,36,4,3,2,2,144,120,608841,689266,,,,,,,,,,,,,,,,,,,,,,,,,518595
716354,2023-10-01,4,Top,36,5,3,2,2,144,120,608841,689266,field_out,Flyout,Joey Meneses flies out to center fielder Michael Harris II.,T,,,,,,,,,,608841,,,T,3,Flyout,field_out,,,,,518595
716354,2023-10-01,4,Bot,37,0,0,1,0,144,120,592696,671131,,,,,,,,,,,,,,,,,,,,,,,,,686452
716354,2023-10-01,4,Bot,37,1,0,2,0,144,120,592696,671131,,,,,,,,,,,,,,,,,,,,,,,,,686452
716354,2023-10-01,4,Bot,37,2,1,2,0,144,120,592696,671131,,,,,,,,,,,,,,,,,,,,,,,,,686452
716354,2023-10-01,4,Bot,37,3,2,2,0,144,120,592696,671131,,,,,,,,,,,,,,,,,,,,,,,,,686452
716354,2023-10-01,4,Bot,37,4,2,3,0,144,120,592696,671131,strikeout,Strikeout,Eddie Rosario strikes out swinging.,T,,,,,,,,,,592696,,,T,1,Strikeout,strikeout,,,,,686452
716354,2023-10-01,4,Bot,38,0,0,1,1,144,120,606115,671131,,,,,,,,,,,,,,,,,,,,,,,,,686452
716354,2023-10-01,4,Bot,38,1,0,2,1,144,120,606115,671131,,,,,,,,,,,,,,,,,,,,,,,,,686452
716354,2023-10-01,4,Bot,38,2,1,2,1,144,120,606115,671131,,,,,,,,,,,,,,,,,,,,,,,,,686452
716354,2023-10-01,4,Bot,38,3,2,2,1,144,120,606115,671131,,,,,,,,,,,,,,,,,,,,,,,,,686452
716354,2023-10-01,4,Bot,38,4,2,2,1,144,120,606115,671131,field_out,Pop Out,Orlando Arcia pops out to first baseman Joey Meneses in foul territory.,T,,,,,,,,,,606115,,,T,2,Pop Out,field_out,,,,,686452
716354,2023-10-01,4,Bot,39,0,0,0,2,144,120,607680,671131,field_out,Pop Out,Kevin Pillar pops out to shortstop CJ Abrams.,T,,,,,,,,,,607680,,,T,3,Pop Out,field_out,,,,,686452
716354,2023-10-01,5,Top,40,0,0,0,0,144,120,660688,689266,,,,,,,,,,,,,,,,,,,,,,,,,518595
716354,2023-10-01,5,Top,40,1,0,1,0,144,120,660688,689266,,,,,,,,,,,,,,,,,,,,,,,,,518595
716354,2023-10-01,5,Top,40,2,0,1,0,144,120,660688,689266,,,,,,,,,,,,,,,,,,,,,,,,,518595
716354,2023-10-01,5,Top,40,3,1,1,0,144,120,660688,689266,,,,,,,,,,,,,,,,,,,,,,,,,518595
716354,2023-10-01,5,Top,40,4,1,1,0,144,120,660688,689266,field_out,Flyout,Keibert Ruiz flies out to center fielder Michael Harris II.,T,,,,,,,,,,660688,,,T,1,Flyout,field_out,,,,,518595
716354,2023-10-01,5,Top,41,0,0,0,1,144,120,666198,689266,single,Single,Carter Kieboom singles on a sharp line drive to left fielder Eddie Rosario.,T,,,,,,,,,,666198,,1B,,,Single,single,,,,,518595
716354,2023-10-01,5,Top,42,0,1,0,1,144,120,545121,689266,,,,,,,,,,,,,,,,,,,,,,,,,518595
716354,2023-10-01,5,Top,42,1,1,0,1,144,120,545121,689266,,,,,,,,,,,,,,,,,,,,,,,,,518595
716354,2023-10-01,5,Top,42,2,2,0,1,144,120,545121,689266,,,,,,,,,,,,,,,,,,,,,,,,,518595
716354,2023-10-01,5,Top,42,3,3,0,1,144,120,545121,689266,,,,,,,,,,,,,,,,,,,,,,,,,518595
716354,2023-10-01,5,Top,42,4,3,1,1,144,120,545121,689266,,,,,,,,,,,,,,,,,,,,,,,,,518595
716354,2023-10-01,5,Top,42,5,3,1,1,144,120,545121,689266,field_out,Flyout,Ildemaro Vargas flies out to right fielder Kevin Pillar.,T,,,,,,,,,,545121,,,T,2,Flyout,field_out,,,,,518595
716354,2023-10-01,5,Top,43,0,0,1,2,144,120,669743,689266,,,,,,,,,,,,,,,,,,,,,,,,,518595
716354,2023-10-01,5,Top,43,1,0,2,2,144,120,669743,689266,,,,,,,,,,,,,,,,,,,,,,,,,518595
716354,2023-10-01,5,Top,43,2,0,3,2,144,120,669743,689266,strikeout,Strikeout,Alex Call strikes out swinging.,T,,,,,,,,,,669743,,,T,3,Strikeout,strikeout,,,,,518595
716354,2023-10-01,5,Bot,44,0,0,1,0,144,120,645277,671131,,,,,,,,,,,,,,,,,,,,,,,,,686452
716354,2023-10-01,5,Bot,44,1,1,1,0,144,120,645277,671131,,,,,,,,,,,,,,,,,,,,,,,,,686452
716354,2023-10-01,5,Bot,44,2,1,2,0,144,120,645277,671131,,,,,,,,,,,,,,,,,,,,,,,,,686452
716354,2023-10-01,5,Bot,44,3,2,2,0,144,120,645277,671131,,,,,,,,,,,,,,,,,,,,,,,,,686452
716354,2023-10-01,5,Bot,44,4,2,2,0,144,120,645277,671131,single,Single,Ozzie Albies singles on a line drive to right fielder Lane Thomas.,T,,,,,,,,,,645277,,1B,,,Single,single,,,,,686452
716354,2023-10-01,5,Bot,45,0,0,1,0,144,120,663586,671131,,,,,,,,,,,,,,,,,,,,,,,,,686452
716354,2023-10-01,5,Bot,45,1,0,2,0,144,120,663586,671131,,,,,,,,,,,,,,,,,,,,,,,,,686452
716354,2023-10-01,5,Bot,45,2,0,2,0,144,120,663586,671131,single,Single,Austin Riley singles on a sharp line drive to left fielder Alex Call. Ozzie Albies to 2nd.,T,,,,,,,,,,663586,,1B,,,Single,single,,,,,686452
716354,2023-10-01,5,Bot,46,0,0,1,0,144,120,670032,671131,,,,,,,,,,,,,,,,,,,,,,,,,686452
716354,2023-10-01,5,Bot,46,1,1,1,0,144,120,670032,671131,,,,,,,,,,,,,,,,,,,,,,,,,686452
716354,2023-10-01,5,Bot,46,2,2,1,0,144,120,670032,671131,,,,,,,,,,,,,,,,,,,,,,,,,686452
716354,2023-10-01,5,Bot,46,3,2,1,0,144,120,670032,671131,field_out,Lineout,Nicky Lopez lines out sharply to right fielder Lane Thomas. Ozzie Albies to 3rd.,T,,,,,,,,,,670032,,,T,1,Lineout,field_out,,,,,686452
716354,2023-10-01,5,Bot,47,0,0,1,1,144,120,542303,671131,,,,,,,,,,,,,,,,,,,,,,,,,686452
716354,2023-10-01,5,Bot,47,1,1,1,1,144,120,542303,671131,,,,,,,,,,,,,,,,,,,,,,,,,686452
716354,2023-10-01,5,Bot,47,2,1,2,1,144,120,542303,671131,,,,,,,,,,,,,,,,,,,,,,,,,686452
716354,2023-10-01,5,Bot,47,3,1,2,1,144,120,542303,671131,,,,,,,,,,,,,,,,,,,,,,,,,686452
716354,2023-10-01,5,Bot,47,4,1,2,1,144,120,542303,671131,field_out,Pop Out,Marcell Ozuna pops out to shortstop CJ Abrams.,T,,,,,,,,,,542303,,,T,2,Pop Out,field_out,,,,,686452
716354,2023-10-01,5,Bot,48,0,0,0,2,144,120,671739,671131,field_out,Flyout,Michael Harris II flies out to left fielder Alex Call.,T,,,,,,,,,,671739,,,T,3,Flyout,field_out,,,,,686452
716354,2023-10-01,6,Top,49,0,0,0,0,144,120,686452,689266,field_out,Groundout,"Drew Millas grounds out, shortstop Orlando Arcia to first baseman Nicky Lopez.",T,,,,,,,,,,686452,,,T,1,Groundout,field_out,,,,,518595
716354,2023-10-01,6,Top,50,0,0,1,1,144,120,696285,689266,,,,,,,,,,,,,,,,,,,,,,,,,518595
716354,2023-10-01,6,Top,50,1,1,1,1,144,120,696285,689266,,,,,,,,,,,,,,,,,,,,,,,,,518595
716354,2023-10-01,6,Top,50,2,2,1,1,144,120,696285,689266,,,,,,,,,,,,,,,,,,,,,,,,,518595
716354,2023-10-01,6,Top,50,3,2,2,1,144,120,696285,689266,,,,,,,,,,,,,,,,,,,,,,,,,518595
716354,2023-10-01,6,Top,50,4,2,2,1,144,120,696285,689266,field_out,Lineout,Jacob Young lines out to right fielder Kevin Pillar.,T,,,,,,,,,,696285,,,T,2,Lineout,field_out,,,,,518595
716354,2023-10-01,6,Top,51,0,1,0,2,144,120,682928,689266,,,,,,,,,,,,,,,,,,,,,,,,,518595
716354,2023-10-01,6,Top,51,1,1,1,2,144,120,682928,689266,,,,,,,,,,,,,,,,,,,,,,,,,518595
716354,2023-10-01,6,Top,51,2,1,2,2,144,120,682928,689266,,,,,,,,,,,,,,,,,,,,,,,,,518595
716354,2023-10-01,6,Top,51,3,2,2,2,144,120,682928,689266,,,,,,,,,,,,,,,,,,,,,,,,,518595
716354,2023-10-01,6,Top,51,4,2,2,2,144,120,682928,689266,field_out,Groundout,"CJ Abrams grounds out, shortstop Orlando Arcia to first baseman Nicky Lopez.",T,,,,,,,,,,682928,,,T,3,Groundout,field_out,,,,,518595
716354,2023-10-01,6,Bot,52,0,0,0,0,144,120,518595,676265,,,,,,,,,,,,,,,,,,,,,,,,,686452
716354,2023-10-01,6,Bot,52,1,0,1,0,144,120,518595,676265,,,,,,,,,,,,,,,,,,,,,,,,,686452
716354,2023-10-01,6,Bot,52,2,1,1,0,144,120,518595,676265,,,,,,,,,,,,,,,,,,,,,,,,,686452
716354,2023-10-01,6,Bot,52,3,1,1,0,144,120,518595,676265,field_out,Flyout,Travis d'Arnaud flies out to right fielder Lane Thomas.,T,,,,,,,,,,518595,,,T,1,Flyout,field_out,,,,,686452
716354,2023-10-01,6,Bot,53,0,1,0,1,144,120,592696,676265,,,,,,,,,,,,,,,,,,,,,,,,,686452
716354,2023-10-01,6,Bot,53,1,1,0,1,144,120,592696,676265,field_out,Groundout,"Eddie Rosario grounds out, second baseman Ildemaro Vargas to first baseman Joey Meneses.",T,,,,,,,,,,592696,,,T,2,Groundout,field_out,,,,,686452
716354,2023-10-01,6,Bot,54,0,0,1,2,144,120,606115,676265,,,,,,,,,,,,,,,,,,,,,,,,,686452
716354,2023-10-01,6,Bot,54,1,0,2,2,144,120,606115,676265,,,,,,,,,,,,,,,,,,,,,,,,,686452
716354,2023-10-01,6,Bot,54,2,0,2,2,144,120,606115,676265,,,,,,,,,,,,,,,,,,,,,,,,,686452
716354,2023-10-01,6,Bot,54,3,0,3,2,144,120,606115,676265,strikeout,Strikeout,Orlando Arcia strikes out swinging.,T,,,,,,,,,,606115,,,T,3,Strikeout,strikeout,,,,,686452
716354,2023-10-01,7,Top,55,0,0,0,0,144,120,657041,445926,,,,,,,,,,,,,,,,,,,,,,,,,518595
716354,2023-10-01,7,Top,55,1,0,1,0,144,120,657041,445926,,,,,,,,,,,,,,,,,,,,,,,,,518595
716354,2023-10-01,7,Top,55,2,1,1,0,144,120,657041,445926,,,,,,,,,,,,,,,,,,,,,,,,,518595
716354,2023-10-01,7,Top,55,3,1,1,0,144,120,657041,445926,single,Single,Lane Thomas singles on a ground ball to left fielder Eddie Rosario.,T,,,,,,,,,,657041,,1B,,,Single,single,,,,,518595
716354,2023-10-01,7,Top,56,0,0,0,0,144,120,608841,445926,field_out,Groundout,"Joey Meneses grounds out, pitcher Jesse Chavez to first baseman Nicky Lopez. Lane Thomas to 2nd.",T,,,,,,,,,,608841,,,T,1,Groundout,field_out,,,,,518595
716354,2023-10-01,7,Top,57,0,1,0,1,144,120,660688,445926,,,,,,,,,,,,,,,,,,,,,,,,,518595
716354,2023-10-01,7,Top,57,1,1,0,1,144,120,660688,445926,field_out,Lineout,Keibert Ruiz lines out to center fielder Michael Harris II. Lane Thomas to 3rd.,T,,,,,,,,,,660688,,,T,2,Lineout,field_out,,,,,518595
716354,2023-10-01,7,Top,58,0,0,0,2,144,120,671277,445926,,,,,,,,,,,,,,,,,,,,,,,,,518595
716354,2023-10-01,7,Top,58,1,1,0,2,144,120,671277,445926,,,,,,,,,,,,,,,,,,,,,,,,,518595
716354,2023-10-01,7,Top,58,2,2,0,2,144,120,671277,445926,,,,,,,,,,,,,,,,,,,,,,,,,518595
716354,2023-10-01,7,Top,58,3,3,0,2,144,120,671277,445926,,,,,,,,,,,,,,,,,,,,,,,,,518595
716354,2023-10-01,7,Top,58,4,4,0,2,144,120,671277,445926,walk,Walk,Luis Garcia walks.,T,,,,,,,,,,671277,,1B,,,Walk,walk,,,,,518595
716354,2023-10-01,7,Top,59,0,0,1,2,144,120,545121,445926,,,,,,,,,,,,,,,,,,,,,,,,,518595
716354,2023-10-01,7,Top,59,1,1,1,2,144,120,545121,445926,caught_stealing_home,Caught Stealing Home,"Lane Thomas caught stealing home, catcher Travis d'Arnaud to shortstop Orlando Arcia to catcher Travis d'Arnaud.",T,,,,,,T,,,,657041,3B,,T,3,Caught Stealing Home,caught_stealing_home,r_caught_stealing_home,,,,518595
716354,2023-10-01,7,Bot,60,0,0,0,0,144,120,607680,676265,,,,,,,,,,,,,,,,,,,,,,,,,686452
716354,2023-10-01,7,Bot,60,1,0,0,0,144,120,607680,676265,,,,,,,,,,,,,,,,,,,,,,,,,686452
716354,2023-10-01,7,Bot,60,2,1,0,0,144,120,607680,676265,,,,,,,,,,,,,,,,,,,,,,,,,686452
716354,2023-10-01,7,Bot,60,3,1,1,0,144,120,607680,676265,,,,,,,,,,,,,,,,,,,,,,,,,686452
716354,2023-10-01,7,Bot,60,4,1,2,0,144,120,607680,676265,,,,,,,,,,,,,,,,,,,,,,,,,686452
716354,2023-10-01,7,Bot,60,5,1,2,0,144,120,607680,676265,field_out,Lineout,Kevin Pillar lines out to second baseman Luis Garcia.,T,,,,,,,,,,607680,,,T,1,Lineout,field_out,,,,,686452
716354,2023-10-01,7,Bot,61,0,1,0,1,144,120,645277,676265,,,,,,,,,,,,,,,,,,,,,,,,,686452
716354,2023-10-01,7,Bot,61,1,1,1,1,144,120,645277,676265,,,,,,,,,,,,,,,,,,,,,,,,,686452
716354,2023-10-01,7,Bot,61,2,1,1,1,144,120,645277,676265,single,Single,Ozzie Albies singles on a sharp line drive to right fielder Lane Thomas.,T,,,,,,,,,,645277,,1B,,,Single,single,,,,,686452
716354,2023-10-01,7,Bot,62,0,0,1,1,144,120,663586,676265,,,,,,,,,,,,,,,,,,,,,,,,,686452
716354,2023-10-01,7,Bot,62,1,0,2,1,144,120,663586,676265,,,,,,,,,,,,,,,,,,,,,,,,,686452
716354,2023-10-01,7,Bot,62,2,1,2,1,144,120,663586,676265,,,,,,,,,,,,,,,,,,,,,,,,,686452
716354,2023-10-01,7,Bot,62,3,2,2,1,144,120,663586,676265,,,,,,,,,,,,,,,,,,,,,,,,,686452
716354,2023-10-01,7,Bot,62,4,2,3,1,144,120,663586,676265,strikeout,Strikeout,Austin Riley strikes out swinging.,T,,,,,,,,,,663586,,,T,2,Strikeout,strikeout,,,,,686452
716354,2023-10-01,7,Bot,63,0,0,0,2,144,120,670032,676265,,,,,,,,,,,,,,,,,,,,,,,,,686452
716354,2023-10-01,7,Bot,63,1,0,1,2,144,120,670032,676265,,,,,,,,,,,,,,,,,,,,,,,,,686452
716354,2023-10-01,7,Bot,63,2,1,1,2,144,120,670032,676265,,,,,,,,,,,,,,,,,,,,,,,,,686452
716354,2023-10-01,7,Bot,63,3,2,1,2,144,120,670032,676265,,,,,,,,,,,,,,,,,,,,,,,,,686452
716354,2023-10-01,7,Bot,63,4,2,2,2,144,120,670032,676265,,,,,,,,,,,,,,,,,,,,,,,,,686452
716354,2023-10-01,7,Bot,63,5,3,2,2,144,120,670032,676265,,,,,,,,,,,,,,,,,,,,,,,,,686452
716354,2023-10-01,7,Bot,63,6,4,2,2,144,120,670032,676265,walk,Walk,Nicky Lopez walks. Ozzie Albies to 2nd.,T,,,,,,,,,,645277,1B,2B,,,Walk,walk,r_adv_force,,,,686452
716354,2023-10-01,7,Bot,64,0,0,0,2,144,120,542303,676265,,,,,,,,,,,,,,,,,,,,,,,,,686452
716354,2023-10-01,7,Bot,64,1,0,1,2,144,120,542303,676265,,,,,,,,,,,,,,,,,,,,,,,,,686452
716354,2023-10-01,7,Bot,64,2,1,1,2,144,120,542303,676265,,,,,,,,,,,,,,,,,,,,,,,,,686452
716354,2023-10-01,7,Bot,64,3,1,2,2,144,120,542303,676265,,,,,,,,,,,,,,,,,,,,,,,,,686452
716354,2023-10-01,7,Bot,64,4,2,2,2,144,120,542303,676265,,,,,,,,,,,,,,,,,,,,,,,,,686452
716354,2023-10-01,7,Bot,64,5,3,2,2,144,120,542303,676265,,,,,,,,,,,,,,,,,,,,,,,,,686452
716354,2023-10-01,7,Bot,64,6,3,2,2,144,120,542303,676265,,,,,,,,,,,,,,,,,,,,,,,,,686452
716354,2023-10-01,7,Bot,64,7,4,2,2,144,120,542303,676265,walk,Walk,Marcell Ozuna walks. Ozzie Albies to 3rd. Nicky Lopez to 2nd.,T,,,,,,,,,,645277,2B,3B,,,Walk,walk,r_adv_force,,,,686452
716354,2023-10-01,7,Bot,65,0,0,0,2,144,120,671739,678606,,,,,,,,,,,,,,,,,,,,,,,,,686452
716354,2023-10-01,7,Bot,65,1,0,0,2,144,120,671739,678606,,,,,,,,,,,,,,,,,,,,,,,,,686452
716354,2023-10-01,7,Bot,65,2,1,0,2,144,120,671739,678606,,,,,,,,,,,,,,,,,,,,,,,,,686452
716354,2023-10-01,7,Bot,65,3,2,0,2,144,120,671739,678606,,,,,,,,,,,,,,,,,,,,,,,,,686452
716354,2023-10-01,7,Bot,65,4,2,1,2,144,120,671739,678606,,,,,,,,,,,,,,,,,,,,,,,,,686452
716354,2023-10-01,7,Bot,65,5,2,2,2,144,120,671739,678606,,,,,,,,,,,,,,,,,,,,,,,,,686452
716354,2023-10-01,7,Bot,65,6,2,2,2,144,120,671739,678606,,,,,,,,,,,,,,,,,,,,,,,,,686452
716354,2023-10-01,7,Bot,65,7,2,2,2,144,120,671739,678606,single,Single,Michael Harris II singles on a sharp ground ball to second baseman Luis Garcia. Ozzie Albies scores. Nicky Lopez scores. Marcell Ozuna to 2nd.,T,,,,,,,,,,671739,,1B,,,Single,single,,,,,686452
716354,2023-10-01,7,Bot,66,0,0,0,2,144,120,518595,678606,,,,,,,,,,,,,,,,,,,,,,,,,686452
716354,2023-10-01,7,Bot,66,1,1,0,2,144,120,518595,678606,,,,,,,,,,,,,,,,,,,,,,,,,686452
716354,2023-10-01,7,Bot,66,2,2,0,2,144,120,518595,678606,,,,,,,,,,,,,,,,,,,,,,,,,686452
716354,2023-10-01,7,Bot,66,3,2,0,2,144,120,518595,678606,field_out,Pop Out,Travis d'Arnaud pops out to second baseman Luis Garcia.,T,,,,,,,,,,518595,,,T,3,Pop Out,field_out,,,,,686452
716354,2023-10-01,8,Top,67,0,0,0,0,144,120,545121,543272,,,,,,,,,,,,,,,,,,,,,,,,,518595
716354,2023-10-01,8,Top,67,1,0,1,0,144,120,545121,543272,,,,,,,,,,,,,,,,,,,,,,,,,518595
716354,2023-10-01,8,Top,67,2,0,2,0,144,120,545121,543272,,,,,,,,,,,,,,,,,,,,,,,,,518595
716354,2023-10-01,8,Top,67,3,1,2,0,144,120,545121,543272,,,,,,,,,,,,,,,,,,,,,,,,,518595
716354,2023-10-01,8,Top,67,4,2,2,0,144,120,545121,543272,,,,,,,,,,,,,,,,,,,,,,,,,518595
716354,2023-10-01,8,Top,67,5,3,2,0,144,120,545121,543272,,,,,,,,,,,,,,,,,,,,,,,,,518595
716354,2023-10-01,8,Top,67,6,3,2,0,144,120,545121,543272,,,,,,,,,,,,,,,,,,,,,,,,,518595
716354,2023-10-01,8,Top,67,7,3,2,0,144,120,545121,543272,,,,,,,,,,,,,,,,,,,,,,,,,518595
716354,2023-10-01,8,Top,67,8,3,2,0,144,120,545121,543272,single,Single,Ildemaro Vargas singles on a fly ball to right fielder Kevin Pillar.,T,,,,,,,,,,545121,,1B,,,Single,single,,,,,518595
716354,2023-10-01,8,Top,68,0,1,0,0,144,120,669743,543272,,,,,,,,,,,,,,,,,,,,,,,,,518595
716354,2023-10-01,8,Top,68,1,2,0,0,144,120,669743,543272,,,,,,,,,,,,,,,,,,,,,,,,,518595
716354,2023-10-01,8,Top,68,2,3,0,0,144,120,669743,543272,,,,,,,,,,,,,,,,,,,,,,,,,518595
716354,2023-10-01,8,Top,68,3,3,1,0,144,120,669743,543272,,,,,,,,,,,,,,,,,,,,,,,,,518595
716354,2023-10-01,8,Top,68,4,3,1,0,144,120,669743,543272,,,,,,,,,,,,,,,,,,,,,,,,,518595
716354,2023-10-01,8,Top,68,5,4,1,0,144,120,669743,543272,walk,Walk,Alex Call walks. Ildemaro Vargas to 2nd.,T,,,,,,,,,,545121,1B,2B,,,Walk,walk,r_adv_force,,,,518595
716354,2023-10-01,8,Top,69,0,1,0,0,144,120,686452,543272,,,,,,,,,,,,,,,,,,,,,,,,,518595
716354,2023-10-01,8,Top,69,1,2,0,0,144,120,686452,543272,,,,,,,,,,,,,,,,,,,,,,,,,518595
716354,2023-10-01,8,Top,69,2,2,1,0,144,120,686452,543272,,,,,,,,,,,,,,,,,,,,,,,,,518595
716354,2023-10-01,8,Top,69,3,2,1,0,144,120,686452,543272,sac_bunt,Sac Bunt,"Drew Millas out on a sacrifice bunt, third baseman Austin Riley to second baseman Ozzie Albies. Ildemaro Vargas to 3rd. Alex Call to 2nd.",T,,,,,,,,,,686452,,,T,1,Sac Bunt,sac_bunt,,,,,518595
716354,2023-10-01,8,Top,70,0,0,0,1,144,120,696285,641729,,,,,,,,,,,,,,,,,,,,,,,,,518595
716354,2023-10-01,8,Top,70,1,0,0,1,144,120,696285,641729,,,,,,,,,,,,,,,,,,,,,,,,,518595
716354,2023-10-01,8,Top,70,2,0,1,1,144,120,696285,641729,,,,,,,,,,,,,,,,,,,,,,,,,518595
716354,2023-10-01,8,Top,70,3,1,1,1,144,120,696285,641729,,,,,,,,,,,,,,,,,,,,,,,,,518595
716354,2023-10-01,8,Top,70,4,1,2,1,144,120,696285,641729,,,,,,,,,,,,,,,,,,,,,,,,,518595
716354,2023-10-01,8,Top,70,5,1,2,1,144,120,696285,641729,field_out,Groundout,"Jacob Young grounds out, second baseman Ozzie Albies to first baseman Nicky Lopez. Ildemaro Vargas scores. Alex Call to 3rd.",T,,,,,,,,,,696285,,,T,2,Groundout,field_out,,,,,518595
716354,2023-10-01,8,Top,71,0,0,1,2,144,120,682928,641729,,,,,,,,,,,,,,,,,,,,,,,,,518595
716354,2023-10-01,8,Top,71,1,0,2,2,144,120,682928,641729,,,,,,,,,,,,,,,,,,,,,,,,,518595
716354,2023-10-01,8,Top,71,2,1,2,2,144,120,682928,641729,,,,,,,,,,,,,,,,,,,,,,,,,518595
716354,2023-10-01,8,Top,71,3,1,2,2,144,120,682928,641729,,,,,,,,,,,,,,,,,,,,,,,,,518595
716354,2023-10-01,8,Top,71,4,1,2,2,144,120,682928,641729,single,Single,"CJ Abrams singles on a sharp line drive to shortstop Orlando Arcia, deflected by pitcher Joe Jimenez. Alex Call scores.",T,,,,,,,,,,682928,,1B,,,Single,single,,,,,518595
716354,2023-10-01,8,Top,72,0,0,0,2,144,120,657041,641729,,,,,,,,,,,,,,,,,,,,,,,,,518595
716354,2023-10-01,8,Top,72,1,0,0,2,144,120,657041,641729,,,,,,,,,,,,,,,,,,,,,,,,,518595
716354,2023-10-01,8,Top,72,2,0,1,2,144,120,657041,641729,,,,,,,,,,,,,,,,,,,,,,,,,518595
716354,2023-10-01,8,Top,72,3,0,1,2,144,120,657041,641729,,,,,,,,,,,,,,,,,,,,,,,,,518595
716354,2023-10-01,8,Top,72,4,1,1,2,144,120,657041,641729,,,,,,,,,,,,,,,,,,,,,,,,,518595
716354,2023-10-01,8,Top,72,5,1,1,2,144,120,657041,641729,single,Single,Lane Thomas singles on a soft ground ball to third baseman Austin Riley. CJ Abrams to 3rd.,T,T,,,,,,,,,682928,1B,2B,,,Stolen Base 2B,stolen_base_2b,r_stolen_base_2b,,,,518595
716354,2023-10-01,8,Top,73,0,0,1,2,144,120,608841,641729,,,,,,,,,,,,,,,,,,,,,,,,,518595
716354,2023-10-01,8,Top,73,1,0,1,2,144,120,608841,641729,field_out,Lineout,Joey Meneses lines out sharply to center fielder Michael Harris II.,T,,,,,,,,,,608841,,,T,3,Lineout,field_out,,,,,518595
716354,2023-10-01,8,Bot,74,0,0,0,0,144,120,592696,640451,,,,,,,,,,,,,,,,,,,,,,,,,686452
716354,2023-10-01,8,Bot,74,1,1,0,0,144,120,592696,640451,,,,,,,,,,,,,,,,,,,,,,,,,686452
716354,2023-10-01,8,Bot,74,2,2,0,0,144,120,592696,640451,,,,,,,,,,,,,,,,,,,,,,,,,686452
716354,2023-10-01,8,Bot,74,3,2,1,0,144,120,592696,640451,,,,,,,,,,,,,,,,,,,,,,,,,686452
716354,2023-10-01,8,Bot,74,4,2,1,0,144,120,592696,640451,double,Double,Eddie Rosario doubles (24) on a fly ball to right fielder Lane Thomas.,T,,,,,,,,,,592696,,2B,,,Double,double,,,,,686452
716354,2023-10-01,8,Bot,75,0,0,0,0,144,120,606115,640451,single,Single,Orlando Arcia singles on a ground ball to center fielder Jacob Young. Eddie Rosario scores.,T,,,,,,,,,,606115,,1B,,,Single,single,,,,,686452
716354,2023-10-01,8,Bot,76,0,0,1,0,144,120,607680,640451,,,,,,,,,,,,,,,,,,,,,,,,,686452
716354,2023-10-01,8,Bot,76,1,0,2,0,144,120,607680,640451,,,,,,,,,,,,,,,,,,,,,,,,,686452
716354,2023-10-01,8,Bot,76,2,0,2,0,144,120,607680,640451,field_out,Flyout,Kevin Pillar flies out to center fielder Jacob Young.,T,,,,,,,,,,607680,,,T,1,Flyout,field_out,,,,,686452
716354,2023-10-01,8,Bot,77,0,1,0,1,144,120,645277,640451,,,,,,,,,,,,,,,,,,,,,,,,,686452
716354,2023-10-01,8,Bot,77,1,1,0,1,144,120,645277,640451,field_out,Flyout,Ozzie Albies flies out to left fielder Alex Call.,T,,,,,,,,,,645277,,,T,2,Flyout,field_out,,,,,686452
716354,2023-10-01,8,Bot,78,0,0,1,2,144,120,663586,640451,,,,,,,,,,,,,,,,,,,,,,,,,686452
716354,2023-10-01,8,Bot,78,1,0,2,2,144,120,663586,640451,,,,,,,,,,,,,,,,,,,,,,,,,686452
716354,2023-10-01,8,Bot,78,2,0,3,2,144,120,663586,640451,strikeout,Strikeout,Austin Riley strikes out swinging.,T,,,,,,,,,,663586,,,T,3,Strikeout,strikeout,,,,,686452
716354,2023-10-01,9,Top,79,0,0,0,0,144,120,660688,543859,,,,,,,,,,,,,,,,,,,,,,,,,518595
716354,2023-10-01,9,Top,79,1,1,0,0,144,120,660688,543859,,,,,,,,,,,,,,,,,,,,,,,,,518595
716354,2023-10-01,9,Top,79,2,1,1,0,144,120,660688,543859,,,,,,,,,,,,,,,,,,,,,,,,,518595
716354,2023-10-01,9,Top,79,3,1,1,0,144,120,660688,543859,single,Single,Keibert Ruiz singles on a line drive to center fielder Michael Harris II.,T,,,,,,,,,,660688,,1B,,,Single,single,,,,,518595
716354,2023-10-01,9,Top,80,0,0,0,0,144,120,671277,543859,,,,,,,,,,,,,,,,,,,,,,,,,518595
716354,2023-10-01,9,Top,80,1,1,0,0,144,120,671277,543859,,,,,,,,,,,,,,,,,,,,,,,,,518595
716354,2023-10-01,9,Top,80,2,2,0,0,144,120,671277,543859,,,,,,,,,,,,,,,,,,,,,,,,,518595
716354,2023-10-01,9,Top,80,3,3,0,0,144,120,671277,543859,,,,,,,,,,,,,,,,,,,,,,,,,518595
716354,2023-10-01,9,Top,80,4,3,1,0,144,120,671277,543859,,,,,,,,,,,,,,,,,,,,,,,,,518595
716354,2023-10-01,9,Top,80,5,3,2,0,144,120,671277,543859,,,,,,,,,,,,,,,,,,,,,,,,,518595
716354,2023-10-01,9,Top,80,6,4,2,0,144,120,671277,543859,walk,Walk,Luis Garcia walks. Michael Chavis to 2nd.,T,,,,,,,,,,656308,1B,2B,,,Walk,walk,r_adv_force,,,,518595
716354,2023-10-01,9,Top,81,0,0,0,0,144,120,545121,543859,,,,,,,,,,,,,,,,,,,,,,,,,518595
716354,2023-10-01,9,Top,81,1,0,0,0,144,120,545121,543859,sac_bunt,Sac Bunt,"Ildemaro Vargas out on a sacrifice bunt, third baseman Austin Riley to second baseman Ozzie Albies. Michael Chavis to 3rd. Luis Garcia to 2nd.",T,,,,,,,,,,545121,,,T,1,Sac Bunt,sac_bunt,,,,,518595
716354,2023-10-01,9,Top,82,0,0,0,1,144,120,642086,543859,,,,,,,,,,,,,,,,,,,,,,,,,518595
716354,2023-10-01,9,Top,82,1,1,0,1,144,120,642086,543859,,,,,,,,,,,,,,,,,,,,,,,,,518595
716354,2023-10-01,9,Top,82,2,2,0,1,144,120,642086,543859,,,,,,,,,,,,,,,,,,,,,,,,,518595
716354,2023-10-01,9,Top,82,3,3,0,1,144,120,642086,543859,,,,,,,,,,,,,,,,,,,,,,,,,518595
716354,2023-10-01,9,Top,82,4,4,0,1,144,120,642086,543859,intent_walk,Intent Walk,Michael Tonkin intentionally walks Dominic Smith.,T,,,,,,,,,,642086,,1B,,,Intent Walk,intent_walk,,,,,518595
716354,2023-10-01,9,Top,83,0,1,0,1,144,120,686452,543859,,,,,,,,,,,,,,,,,,,,,,,,,518595
716354,2023-10-01,9,Top,83,1,1,1,1,144,120,686452,543859,,,,,,,,,,,,,,,,,,,,,,,,,518595
716354,2023-10-01,9,Top,83,2,1,2,1,144,120,686452,543859,,,,,,,,,,,,,,,,,,,,,,,,,518595
716354,2023-10-01,9,Top,83,3,2,2,1,144,120,686452,543859,,,,,,,,,,,,,,,,,,,,,,,,,518595
716354,2023-10-01,9,Top,83,4,2,2,1,144,120,686452,543859,,,,,,,,,,,,,,,,,,,,,,,,,518595
716354,2023-10-01,9,Top,83,5,3,2,1,144,120,686452,543859,,,,,,,,,,,,,,,,,,,,,,,,,518595
716354,2023-10-01,9,Top,83,6,3,2,1,144,120,686452,543859,,,,,,,,,,,,,,,,,,,,,,,,,518595
716354,2023-10-01,9,Top,83,7,4,2,1,144,120,686452,543859,walk,Walk,Drew Millas walks. Michael Chavis scores. Luis Garcia to 3rd. Dominic Smith to 2nd.,T,,,,,,,,,,656308,3B,score,,,Walk,walk,r_adv_force,T,T,T,518595
716354,2023-10-01,9,Top,84,0,1,0,1,144,120,696285,543859,,,,,,,,,,,,,,,,,,,,,,,,,518595
716354,2023-10-01,9,Top,84,1,2,0,1,144,120,696285,543859,,,,,,,,,,,,,,,,,,,,,,,,,518595
716354,2023-10-01,9,Top,84,2,2,1,1,144,120,696285,543859,,,,,,,,,,,,,,,,,,,,,,,,,518595
716354,2023-10-01,9,Top,84,3,2,2,1,144,120,696285,543859,,,,,,,,,,,,,,,,,,,,,,,,,518595
716354,2023-10-01,9,Top,84,4,2,2,1,144,120,696285,543859,single,Single,Jacob Young singles on a sharp line drive to left fielder Eddie Rosario. Luis Garcia scores. Dominic Smith scores. Drew Millas to 3rd.,T,,,,,,,,,,696285,,1B,,,Single,single,,,,,518595
716354,2023-10-01,9,Top,85,0,0,1,1,144,120,682928,543859,,,,,,,,,,,,,,,,,,,,,,,,,518595
716354,2023-10-01,9,Top,85,1,0,1,1,144,120,682928,543859,,,,,,,,,,,,,,,,,,,,,,,,,518595
716354,2023-10-01,9,Top,85,2,1,1,1,144,120,682928,543859,,,,,,,,,,,,,,,,,,,,,,,,,518595
716354,2023-10-01,9,Top,85,3,1,1,1,144,120,682928,543859,field_out,Flyout,CJ Abrams flies out to left fielder Eddie Rosario in foul territory.,T,T,,,,,,,,,696285,1B,2B,,,Stolen Base 2B,stolen_base_2b,r_stolen_base_2b,,,,518595
716354,2023-10-01,9,Top,86,0,0,1,2,144,120,657041,543859,,,,,,,,,,,,,,,,,,,,,,,,,518595
716354,2023-10-01,9,Top,86,1,1,1,2,144,120,657041,543859,,,,,,,,,,,,,,,,,,,,,,,,,518595
716354,2023-10-01,9,Top,86,2,1,2,2,144,120,657041,543859,,,,,,,,,,,,,,,,,,,,,,,,,518595
716354,2023-10-01,9,Top,86,3,2,2,2,144,120,657041,543859,,,,,,,,,,,,,,,,,,,,,,,,,518595
716354,2023-10-01,9,Top,86,4,2,2,2,144,120,657041,543859,,,,,,,,,,,,,,,,,,,,,,,,,518595
716354,2023-10-01,9,Top,86,5,3,2,2,144,120,657041,543859,,,,,,,,,,,,,,,,,,,,,,,,,518595
716354,2023-10-01,9,Top,86,6,3,2,2,144,120,657041,543859,field_out,Groundout,"Lane Thomas grounds out sharply, third baseman Austin Riley to first baseman Nicky Lopez.",T,,,,,,,,,,657041,,,T,3,Groundout,field_out,,,,,518595
716354,2023-10-01,9,Bot,87,0,0,0,0,144,120,670032,640448,,,,,,,,,,,,,,,,,,,,,,,,,686452
716354,2023-10-01,9,Bot,87,1,0,0,0,144,120,670032,640448,,,,,,,,,,,,,,,,,,,,,,,,,686452
716354,2023-10-01,9,Bot,87,2,0,0,0,144,120,670032,640448,,,,,,,,,,,,,,,,,,,,,,,,,686452
716354,2023-10-01,9,Bot,87,3,0,0,0,144,120,670032,640448,,,,,,,,,,,,,,,,,,,,,,,,,686452
716354,2023-10-01,9,Bot,87,4,0,1,0,144,120,670032,640448,,,,,,,,,,,,,,,,,,,,,,,,,686452
716354,2023-10-01,9,Bot,87,5,1,1,0,144,120,670032,640448,,,,,,,,,,,,,,,,,,,,,,,,,686452
716354,2023-10-01,9,Bot,87,6,1,2,0,144,120,670032,640448,,,,,,,,,,,,,,,,,,,,,,,,,686452
716354,2023-10-01,9,Bot,87,7,1,2,0,144,120,670032,640448,,,,,,,,,,,,,,,,,,,,,,,,,686452
716354,2023-10-01,9,Bot,87,8,1,2,0,144,120,670032,640448,field_out,Flyout,Nicky Lopez flies out to left fielder Jake Alu.,T,,,,,,,,,,670032,,,T,1,Flyout,field_out,,,,,686452
716354,2023-10-01,9,Bot,88,0,0,1,1,144,120,542303,640448,,,,,,,,,,,,,,,,,,,,,,,,,686452
716354,2023-10-01,9,Bot,88,1,1,1,1,144,120,542303,640448,,,,,,,,,,,,,,,,,,,,,,,,,686452
716354,2023-10-01,9,Bot,88,2,1,2,1,144,120,542303,640448,,,,,,,,,,,,,,,,,,,,,,,,,686452
716354,2023-10-01,9,Bot,88,3,2,2,1,144,120,542303,640448,,,,,,,,,,,,,,,,,,,,,,,,,686452
716354,2023-10-01,9,Bot,88,4,2,2,1,144,120,542303,640448,home_run,Home Run,Marcell Ozuna homers (40) on a fly ball to right center field.,T,,,,,,,,,,542303,,score,,,Home Run,home_run,,T,T,T,686452
716354,2023-10-01,9,Bot,89,0,0,1,1,144,120,671739,640448,,,,,,,,,,,,,,,,,,,,,,,,,686452
716354,2023-10-01,9,Bot,89,1,1,1,1,144,120,671739,640448,,,,,,,,,,,,,,,,,,,,,,,,,686452
716354,2023-10-01,9,Bot,89,2,1,1,1,144,120,671739,640448,double,Double,Michael Harris II doubles (33) on a sharp line drive to right fielder Lane Thomas.,T,,,,,,,,,,671739,,2B,,,Double,double,,,,,686452
716354,2023-10-01,9,Bot,90,0,0,1,1,144,120,518595,640448,,,,,,,,,,,,,,,,,,,,,,,,,686452
716354,2023-10-01,9,Bot,90,1,0,2,1,144,120,518595,640448,,,,,,,,,,,,,,,,,,,,,,,,,686452
716354,2023-10-01,9,Bot,90,2,0,3,1,144,120,518595,640448,strikeout,Strikeout,Travis d'Arnaud strikes out swinging.,T,,,,,,,,,,518595,,,T,2,Strikeout,strikeout,,,,,686452
716354,2023-10-01,9,Bot,91,0,0,1,2,144,120,592696,640448,,,,,,,,,,,,,,,,,,,,,,,,,686452
716354,2023-10-01,9,Bot,91,1,1,1,2,144,120,592696,640448,,,,,,,,,,,,,,,,,,,,,,,,,686452
716354,2023-10-01,9,Bot,91,2,1,1,2,144,120,592696,640448,field_out,Lineout,Eddie Rosario lines out to left fielder Jake Alu.,T,,,,,,,,,,592696,,,T,3,Lineout,field_out,,,,,686452
716356,2023-10-01,1,Top,0,0,0,0,0,145,135,593428,570632,,,,,,,,,,,,,,,,,,,,,,,,,656024
716356,2023-10-01,1,Top,0,1,0,0,0,145,135,593428,570632,,,,,,,,,,,,,,,,,,,,,,,,,656024
716356,2023-10-01,1,Top,0,2,0,0,0,145,135,593428,570632,,,,,,,,,,,,,,,,,,,,,,,,,656024
716356,2023-10-01,1,Top,0,3,0,1,0,145,135,593428,570632,,,,,,,,,,,,,,,,,,,,,,,,,656024
716356,2023-10-01,1,Top,0,4,0,1,0,145,135,593428,570632,single,Single,Xander Bogaerts singles on a ground ball to left fielder Tyler Naquin.,T,,,,,,,,,,593428,,1B,,,Single,single,,,,,656024
716356,2023-10-01,1,Top,1,0,0,1,0,145,135,673490,570632,,,,,,,,,,,,,,,,,,,,,,,,,656024
716356,2023-10-01,1,Top,1,1,1,1,0,145,135,673490,570632,,,,,,,,,,,,,,,,,,,,,,,,,656024
716356,2023-10-01,1,Top,1,2,1,1,1,145,135,673490,570632,,,,,,,,,,,,,,,,,,,,,,,,,656024
716356,2023-10-01,1,Top,1,3,1,2,1,145,135,673490,570632,,,,,,,,,,,,,,,,,,,,,,,,,656024
716356,2023-10-01,1,Top,1,4,1,2,1,145,135,673490,570632,field_out,Flyout,Ha-Seong Kim flies out to center fielder Trayce Thompson.,T,,,,T,,,,,,593428,1B,,T,1,Caught Stealing 2B,caught_stealing_2b,r_caught_stealing_2b,,,,656024
716356,2023-10-01,1,Top,2,0,1,0,2,145,135,665742,570632,,,,,,,,,,,,,,,,,,,,,,,,,656024
716356,2023-10-01,1,Top,2,1,2,0,2,145,135,665742,570632,,,,,,,,,,,,,,,,,,,,,,,,,656024
716356,2023-10-01,1,Top,2,2,2,1,2,145,135,665742,570632,,,,,,,,,,,,,,,,,,,,,,,,,656024
716356,2023-10-01,1,Top,2,3,2,2,2,145,135,665742,570632,,,,,,,,,,,,,,,,,,,,,,,,,656024
716356,2023-10-01,1,Top,2,4,3,2,2,145,135,665742,570632,,,,,,,,,,,,,,,,,,,,,,,,,656024
716356,2023-10-01,1,Top,2,5,4,2,2,145,135,665742,570632,walk,Walk,Juan Soto walks.,T,,,,,,,,,,665742,,1B,,,Walk,walk,,,,,656024
716356,2023-10-01,1,Top,3,0,1,0,2,145,135,665487,570632,,,,,,,,,,,,,,,,,,,,,,,,,656024
716356,2023-10-01,1,Top,3,1,1,1,2,145,135,665487,570632,,,,,,,,,,,,,,,,,,,,,,,,,656024
716356,2023-10-01,1,Top,3,2,1,2,2,145,135,665487,570632,,,,,,,,,,,,,,,,,,,,,,,,,656024
716356,2023-10-01,1,Top,3,3,1,2,2,145,135,665487,570632,field_out,Groundout,"Fernando Tatis Jr. grounds out, shortstop Elvis Andrus to first baseman Andrew Vaughn.",T,,,,,,,,,,665487,,,T,3,Groundout,field_out,,,,,656024
716356,2023-10-01,1,Bot,4,0,1,0,0,145,135,462101,658648,,,,,,,,,,,,,,,,,,,,,,,,,664954
716356,2023-10-01,1,Bot,4,1,2,0,0,145,135,462101,658648,,,,,,,,,,,,,,,,,,,,,,,,,664954
716356,2023-10-01,1,Bot,4,2,2,0,0,145,135,462101,658648,field_out,Groundout,"Elvis Andrus grounds out, shortstop Xander Bogaerts to first baseman Garrett Cooper.",T,,,,,,,,,,462101,,,T,1,Groundout,field_out,,,,,664954
716356,2023-10-01,1,Bot,5,0,0,1,1,145,135,621545,658648,,,,,,,,,,,,,,,,,,,,,,,,,664954
716356,2023-10-01,1,Bot,5,1,0,1,1,145,135,621545,658648,single,Single,Zach Remillard singles on a ground ball to center fielder Trent Grisham.,T,,,,,,,,,,621545,,1B,,,Single,single,,,,,664954
716356,2023-10-01,1,Bot,6,0,1,0,1,145,135,683734,658648,,,,,,,,,,,,,,,,,,,,,,,,,664954
716356,2023-10-01,1,Bot,6,1,1,1,1,145,135,683734,658648,,,,,,,,,,,,,,,,,,,,,,,,,664954
716356,2023-10-01,1,Bot,6,2,1,2,1,145,135,683734,658648,,,,,,,,,,,,,,,,,,,,,,,,,664954
716356,2023-10-01,1,Bot,6,3,2,2,1,145,135,683734,658648,,,,,,,,,,,,,,,,,,,,,,,,,664954
716356,2023-10-01,1,Bot,6,4,2,3,1,145,135,683734,658648,strikeout,Strikeout,Andrew Vaughn strikes out swinging.,T,,,,,,,,,,683734,,,T,2,Strikeout,strikeout,,,,,664954
716356,2023-10-01,1,Bot,7,0,0,0,2,145,135,657757,658648,field_error,Field Error,"Gavin Sheets reaches on a missed catch error by pitcher Pedro Avila, assist to second baseman Ha-Seong Kim. Zach Remillard to 2nd.",T,,,,,,,,,,657757,,1B,,,Field Error,field_error,,,,,664954
716356,2023-10-01,1,Bot,8,0,1,0,2,145,135,518735,658648,,,,,,,,,,,,,,,,,,,,,,,,,664954
716356,2023-10-01,1,Bot,8,1,1,1,2,145,135,518735,658648,,,,,,,,,,,,,,,,,,,,,,,,,664954
716356,2023-10-01,1,Bot,8,2,2,1,2,145,135,518735,658648,,,,,,,,,,,,,,,,,,,,,,,,,664954
716356,2023-10-01,1,Bot,8,3,2,2,2,145,135,518735,658648,,,,,,,,,,,,,,,,,,,,,,,,,664954
716356,2023-10-01,1,Bot,8,4,3,2,2,145,135,518735,658648,,,,,,,,,,,,,,,,,,,,,,,,,664954
716356,2023-10-01,1,Bot,8,5,3,3,2,145,135,518735,658648,strikeout,Strikeout,Yasmani Grandal called out on strikes.,T,,,,,,,,,,518735,,,T,3,Strikeout,strikeout,,,,,664954
716356,2023-10-01,2,Top,9,0,0,1,0,145,135,595777,570632,,,,,,,,,,,,,,,,,,,,,,,,,656024
716356,2023-10-01,2,Top,9,1,0,2,0,145,135,595777,570632,,,,,,,,,,,,,,,,,,,,,,,,,656024
716356,2023-10-01,2,Top,9,2,1,2,0,145,135,595777,570632,,,,,,,,,,,,,,,,,,,,,,,,,656024
716356,2023-10-01,2,Top,9,3,1,2,0,145,135,595777,570632,single,Single,Jurickson Profar singles on a ground ball to left fielder Tyler Naquin.,T,,,,,,,,,,595777,,1B,,,Single,single,,,,,656024
716356,2023-10-01,2,Top,10,0,1,0,0,145,135,643265,570632,,,,,,,,,,,,,,,,,,,,,,,,,656024
716356,2023-10-01,2,Top,10,1,1,1,0,145,135,643265,570632,,,,,,,,,,,,,,,,,,,,,,,,,656024
716356,2023-10-01,2,Top,10,2,1,1,0,145,135,643265,570632,grounded_into_double_play,Grounded Into DP,"Garrett Cooper grounds into a double play, third baseman Lenyn Sosa to second baseman Zach Remillard to first baseman Andrew Vaughn. Jurickson Profar out at 2nd. Garrett Cooper out at 1st.",T,,,,,,,,,,595777,1B,,T,1,Grounded Into DP,grounded_into_double_play,r_force_out,,,,656024
716356,2023-10-01,2,Top,11,0,1,0,2,145,135,663757,570632,,,,,,,,,,,,,,,,,,,,,,,,,656024
716356,2023-10-01,2,Top,11,1,1,1,2,145,135,663757,570632,,,,,,,,,,,,,,,,,,,,,,,,,656024
716356,2023-10-01,2,Top,11,2,2,1,2,145,135,663757,570632,,,,,,,,,,,,,,,,,,,,,,,,,656024
716356,2023-10-01,2,Top,11,3,3,1,2,145,135,663757,570632,,,,,,,,,,,,,,,,,,,,,,,,,656024
716356,2023-10-01,2,Top,11,4,3,1,2,145,135,663757,570632,field_out,Groundout,"Trent Grisham grounds out, second baseman Zach Remillard to first baseman Andrew Vaughn.",T,,,,,,,,,,663757,,,T,3,Groundout,field_out,,,,,656024
716356,2023-10-01,2,Bot,12,0,0,0,0,145,135,672820,658648,,,,,,,,,,,,,,,,,,,,,,,,,664954
716356,2023-10-01,2,Bot,12,1,1,0,0,145,135,672820,658648,,,,,,,,,,,,,,,,,,,,,,,,,664954
716356,2023-10-01,2,Bot,12,2,1,1,0,145,135,672820,658648,,,,,,,,,,,,,,,,,,,,,,,,,664954
716356,2023-10-01,2,Bot,12,3,2,1,0,145,135,672820,658648,,,,,,,,,,,,,,,,,,,,,,,,,664954
716356,2023-10-01,2,Bot,12,4,2,2,0,145,135,672820,658648,,,,,,,,,,,,,,,,,,,,,,,,,664954
716356,2023-10-01,2,Bot,12,5,2,3,0,145,135,672820,658648,strikeout,Strikeout,Lenyn Sosa called out on strikes.,T,,,,,,,,,,672820,,,T,1,Strikeout,strikeout,,,,,664954
716356,2023-10-01,2,Bot,13,0,0,1,1,145,135,571980,658648,,,,,,,,,,,,,,,,,,,,,,,,,664954
716356,2023-10-01,2,Bot,13,1,0,2,1,145,135,571980,658648,,,,,,,,,,,,,,,,,,,,,,,,,664954
716356,2023-10-01,2,Bot,13,2,1,2,1,145,135,571980,658648,,,,,,,,,,,,,,,,,,,,,,,,,664954
716356,2023-10-01,2,Bot,13,3,1,3,1,145,135,571980,658648,strikeout,Strikeout,Tyler Naquin strikes out swinging.,T,,,,,,,,,,571980,,,T,2,Strikeout,strikeout,,,,,664954
716356,2023-10-01,2,Bot,14,0,0,1,2,145,135,572204,658648,,,,,,,,,,,,,,,,,,,,,,,,,664954
716356,2023-10-01,2,Bot,14,1,0,2,2,145,135,572204,658648,,,,,,,,,,,,,,,,,,,,,,,,,664954
716356,2023-10-01,2,Bot,14,2,1,2,2,145,135,572204,658648,,,,,,,,,,,,,,,,,,,,,,,,,664954
716356,2023-10-01,2,Bot,14,3,2,2,2,145,135,572204,658648,,,,,,,,,,,,,,,,,,,,,,,,,664954
716356,2023-10-01,2,Bot,14,4,2,2,2,145,135,572204,658648,,,,,,,,,,,,,,,,,,,,,,,,,664954
716356,2023-10-01,2,Bot,14,5,2,2,2,145,135,572204,658648,,,,,,,,,,,,,,,,,,,,,,,,,664954
716356,2023-10-01,2,Bot,14,6,3,2,2,145,135,572204,658648,hit_by_pitch,Hit By Pitch,Trayce Thompson hit by pitch.,T,,,,,,,,,,572204,,1B,,,Hit By Pitch,hit_by_pitch,,,,,664954
716356,2023-10-01,2,Bot,15,0,0,1,2,145,135,656024,658648,,,,,,,,,,,,,,,,,,,,,,,,,664954
716356,2023-10-01,2,Bot,15,1,0,2,2,145,135,656024,658648,,,,,,,,,,,,,,,,,,,,,,,,,664954
716356,2023-10-01,2,Bot,15,2,1,2,2,145,135,656024,658648,,,,,,,,,,,,,,,,,,,,,,,,,664954
716356,2023-10-01,2,Bot,15,3,2,2,2,145,135,656024,658648,,,,,,,,,,,,,,,,,,,,,,,,,664954
716356,2023-10-01,2,Bot,15,4,3,2,2,145,135,656024,658648,,,,,,,,,,,,,,,,,,,,,,,,,664954
716356,2023-10-01,2,Bot,15,5,3,2,2,145,135,656024,658648,,,,,,,,,,,,,,,,,,,,,,,,,664954
716356,2023-10-01,2,Bot,15,6,3,2,2,145,135,656024,658648,field_out,Groundout,"Carlos Perez grounds out, shortstop Xander Bogaerts to first baseman Garrett Cooper.",T,,,,,,,,,,656024,,,T,3,Groundout,field_out,,,,,664954
716356,2023-10-01,3,Top,16,0,0,1,0,145,135,666703,570632,,,,,,,,,,,,,,,,,,,,,,,,,656024
716356,2023-10-01,3,Top,16,1,0,2,0,145,135,666703,570632,,,,,,,,,,,,,,,,,,,,,,,,,656024
716356,2023-10-01,3,Top,16,2,0,2,0,145,135,666703,570632,,,,,,,,,,,,,,,,,,,,,,,,,656024
716356,2023-10-01,3,Top,16,3,1,2,0,145,135,666703,570632,,,,,,,,,,,,,,,,,,,,,,,,,656024
716356,2023-10-01,3,Top,16,4,1,3,0,145,135,666703,570632,strikeout,Strikeout,Eguy Rosario strikes out swinging.,T,,,,,,,,,,666703,,,T,1,Strikeout,strikeout,,,,,656024
716356,2023-10-01,3,Top,17,0,1,0,1,145,135,664954,570632,,,,,,,,,,,,,,,,,,,,,,,,,656024
716356,2023-10-01,3,Top,17,1,2,0,1,145,135,664954,570632,,,,,,,,,,,,,,,,,,,,,,,,,656024
716356,2023-10-01,3,Top,17,2,2,1,1,145,135,664954,570632,,,,,,,,,,,,,,,,,,,,,,,,,656024
716356,2023-10-01,3,Top,17,3,3,1,1,145,135,664954,570632,,,,,,,,,,,,,,,,,,,,,,,,,656024
716356,2023-10-01,3,Top,17,4,3,2,1,145,135,664954,570632,,,,,,,,,,,,,,,,,,,,,,,,,656024
716356,2023-10-01,3,Top,17,5,3,2,1,145,135,664954,570632,,,,,,,,,,,,,,,,,,,,,,,,,656024
716356,2023-10-01,3,Top,17,6,3,2,1,145,135,664954,570632,field_out,Groundout,"Brett Sullivan grounds out, second baseman Zach Remillard to first baseman Andrew Vaughn.",T,,,,,,,,,,664954,,,T,2,Groundout,field_out,,,,,656024
716356,2023-10-01,3,Top,18,0,0,1,2,145,135,593428,570632,,,,,,,,,,,,,,,,,,,,,,,,,656024
716356,2023-10-01,3,Top,18,1,0,2,2,145,135,593428,570632,,,,,,,,,,,,,,,,,,,,,,,,,656024
716356,2023-10-01,3,Top,18,2,0,2,2,145,135,593428,570632,,,,,,,,,,,,,,,,,,,,,,,,,656024
716356,2023-10-01,3,Top,18,3,0,3,2,145,135,593428,570632,strikeout,Strikeout,Xander Bogaerts strikes out swinging.,T,,,,,,,,,,593428,,,T,3,Strikeout,strikeout,,,,,656024
716356,2023-10-01,3,Bot,19,0,1,0,0,145,135,462101,658648,,,,,,,,,,,,,,,,,,,,,,,,,664954
716356,2023-10-01,3,Bot,19,1,2,0,0,145,135,462101,658648,,,,,,,,,,,,,,,,,,,,,,,,,664954
716356,2023-10-01,3,Bot,19,2,2,1,0,145,135,462101,658648,,,,,,,,,,,,,,,,,,,,,,,,,664954
716356,2023-10-01,3,Bot,19,3,2,1,0,145,135,462101,658648,,,,,,,,,,,,,,,,,,,,,,,,,664954
716356,2023-10-01,3,Bot,19,4,2,1,0,145,135,462101,658648,field_out,Groundout,"Elvis Andrus grounds out, third baseman Eguy Rosario to first baseman Garrett Cooper.",T,,,,,,,,,,462101,,,T,1,Groundout,field_out,,,,,664954
716356,2023-10-01,3,Bot,20,0,0,1,1,145,135,621545,658648,,,,,,,,,,,,,,,,,,,,,,,,,664954
716356,2023-10-01,3,Bot,20,1,0,1,1,145,135,621545,658648,single,Single,Zach Remillard singles on a soft bunt ground ball to third baseman Eguy Rosario.,T,,,,,,,,,,621545,,1B,,,Single,single,,,,,664954
716356,2023-10-01,3,Bot,21,0,0,1,1,145,135,683734,658648,,,,,,,,,,,,,,,,,,,,,,,,,664954
716356,2023-10-01,3,Bot,21,1,0,2,1,145,135,683734,658648,,,,,,,,,,,,,,,,,,,,,,,,,664954
716356,2023-10-01,3,Bot,21,2,0,2,1,145,135,683734,658648,,,,,,,,,,,,,,,,,,,,,,,,,664954
716356,2023-10-01,3,Bot,21,3,0,2,1,145,135,683734,658648,field_out,Groundout,"Andrew Vaughn grounds out, second baseman Ha-Seong Kim to first baseman Garrett Cooper. Zach Remillard to 2nd.",T,,,,,,,,,,683734,,,T,2,Groundout,field_out,,,,,664954
716356,2023-10-01,3,Bot,22,0,1,0,2,145,135,657757,658648,,,,,,,,,,,,,,,,,,,,,,,,,664954
716356,2023-10-01,3,Bot,22,1,2,0,2,145,135,657757,658648,,,,,,,,,,,,,,,,,,,,,,,,,664954
716356,2023-10-01,3,Bot,22,2,3,0,2,145,135,657757,658648,,,,,,,,,,,,,,,,,,,,,,,,,664954
716356,2023-10-01,3,Bot,22,3,3,1,2,145,135,657757,658648,,,,,,,,,,,,,,,,,,,,,,,,,664954
716356,2023-10-01,3,Bot,22,4,3,2,2,145,135,657757,658648,,,,,,,,,,,,,,,,,,,,,,,,,664954
716356,2023-10-01,3,Bot,22,5,3,2,2,145,135,657757,658648,field_out,Groundout,Gavin Sheets grounds out to first baseman Garrett Cooper.,T,,,,,,,,,,657757,,,T,3,Groundout,field_out,,,,,664954
716356,2023-10-01,4,Top,23,0,1,0,0,145,135,673490,570632,,,,,,,,,,,,,,,,,,,,,,,,,656024
716356,2023-10-01,4,Top,23,1,1,1,0,145,135,673490,570632,,,,,,,,,,,,,,,,,,,,,,,,,656024
716356,2023-10-01,4,Top,23,2,1,2,0,145,135,673490,570632,,,,,,,,,,,,,,,,,,,,,,,,,656024
716356,2023-10-01,4,Top,23,3,2,2,0,145,135,673490,570632,,,,,,,,,,,,,,,,,,,,,,,,,656024
716356,2023-10-01,4,Top,23,4,2,2,0,145,135,673490,570632,field_out,Groundout,"Ha-Seong Kim grounds out, shortstop Elvis Andrus to first baseman Andrew Vaughn.",T,,,,,,,,,,673490,,,T,1,Groundout,field_out,,,,,656024
716356,2023-10-01,4,Top,24,0,0,0,1,145,135,596847,570632,,,,,,,,,,,,,,,,,,,,,,,,,656024
716356,2023-10-01,4,Top,24,1,1,0,1,145,135,596847,570632,,,,,,,,,,,,,,,,,,,,,,,,,656024
716356,2023-10-01,4,Top,24,2,1,1,1,145,135,596847,570632,,,,,,,,,,,,,,,,,,,,,,,,,656024
716356,2023-10-01,4,Top,24,3,2,1,1,145,135,596847,570632,,,,,,,,,,,,,,,,,,,,,,,,,656024
716356,2023-10-01,4,Top,24,4,2,2,1,145,135,596847,570632,,,,,,,,,,,,,,,,,,,,,,,,,656024
716356,2023-10-01,4,Top,24,5,2,2,1,145,135,596847,570632,,,,,,,,,,,,,,,,,,,,,,,,,656024
716356,2023-10-01,4,Top,24,6,2,2,1,145,135,596847,570632,field_out,Groundout,"Ji Man Choi grounds out, first baseman Andrew Vaughn to pitcher Jose Urena.",T,,,,,,,,,,596847,,,T,2,Groundout,field_out,,,,,656024
716356,2023-10-01,4,Top,25,0,0,1,2,145,135,640492,570632,,,,,,,,,,,,,,,,,,,,,,,,,656024
716356,2023-10-01,4,Top,25,1,0,2,2,145,135,640492,570632,,,,,,,,,,,,,,,,,,,,,,,,,656024
716356,2023-10-01,4,Top,25,2,1,2,2,145,135,640492,570632,,,,,,,,,,,,,,,,,,,,,,,,,656024
716356,2023-10-01,4,Top,25,3,2,2,2,145,135,640492,570632,,,,,,,,,,,,,,,,,,,,,,,,,656024
716356,2023-10-01,4,Top,25,4,2,2,2,145,135,640492,570632,double,Double,Jose Azocar doubles (6) on a line drive to left fielder Tyler Naquin.,T,,,,,,,,,,640492,,2B,,,Double,double,,,,,656024
716356,2023-10-01,4,Top,26,0,0,1,2,145,135,595777,570632,,,,,,,,,,,,,,,,,,,,,,,,,656024
716356,2023-10-01,4,Top,26,1,0,1,2,145,135,595777,570632,,,,,,,,,,,,,,,,,,,,,,,,,656024
716356,2023-10-01,4,Top,26,2,1,1,2,145,135,595777,570632,,,,,,,,,,,,,,,,,,,,,,,,,656024
716356,2023-10-01,4,Top,26,3,1,2,2,145,135,595777,570632,,,,,,,,,,,,,,,,,,,,,,,,,656024
716356,2023-10-01,4,Top,26,4,2,2,2,145,135,595777,570632,,,,,,,,,,,,,,,,,,,,,,,,,656024
716356,2023-10-01,4,Top,26,5,3,2,2,145,135,595777,570632,,,,,,,,,,,,,,,,,,,,,,,,,656024
716356,2023-10-01,4,Top,26,6,3,2,2,145,135,595777,570632,field_out,Groundout,"Jurickson Profar grounds out, third baseman Lenyn Sosa to first baseman Andrew Vaughn.",T,,,,,,,,,,595777,,,T,3,Groundout,field_out,,,,,656024
716356,2023-10-01,4,Bot,27,0,0,0,0,145,135,518735,658648,,,,,,,,,,,,,,,,,,,,,,,,,664954
716356,2023-10-01,4,Bot,27,1,0,1,0,145,135,518735,658648,,,,,,,,,,,,,,,,,,,,,,,,,664954
716356,2023-10-01,4,Bot,27,2,0,2,0,145,135,518735,658648,,,,,,,,,,,,,,,,,,,,,,,,,664954
716356,2023-10-01,4,Bot,27,3,1,2,0,145,135,518735,658648,,,,,,,,,,,,,,,,,,,,,,,,,664954
716356,2023-10-01,4,Bot,27,4,2,2,0,145,135,518735,658648,,,,,,,,,,,,,,,,,,,,,,,,,664954
716356,2023-10-01,4,Bot,27,5,3,2,0,145,135,518735,658648,,,,,,,,,,,,,,,,,,,,,,,,,664954
716356,2023-10-01,4,Bot,27,6,3,2,0,145,135,518735,658648,field_out,Pop Out,Yasmani Grandal pops out to third baseman Eguy Rosario in foul territory.,T,,,,,,,,,,518735,,,T,1,Pop Out,field_out,,,,,664954
716356,2023-10-01,4,Bot,28,0,1,0,1,145,135,672820,658648,,,,,,,,,,,,,,,,,,,,,,,,,664954
716356,2023-10-01,4,Bot,28,1,1,0,1,145,135,672820,658648,single,Single,Lenyn Sosa singles on a ground ball to center fielder Trent Grisham.,T,,,,,,,,,,672820,,1B,,,Single,single,,,,,664954
716356,2023-10-01,4,Bot,29,0,0,1,1,145,135,571980,658648,,,,,,,,,,,,,,,,,,,,,,,,,664954
716356,2023-10-01,4,Bot,29,1,0,2,1,145,135,571980,658648,,,,,,,,,,,,,,,,,,,,,,,,,664954
716356,2023-10-01,4,Bot,29,2,1,2,1,145,135,571980,658648,,,,,,,,,,,,,,,,,,,,,,,,,664954
716356,2023-10-01,4,Bot,29,3,1,3,1,145,135,571980,658648,strikeout,Strikeout,Tyler Naquin strikes out swinging.,T,,,,,,,,,,571980,,,T,2,Strikeout,strikeout,,,,,664954
716356,2023-10-01,4,Bot,30,0,1,0,2,145,135,572204,658648,,,,,,,,,,,,,,,,,,,,,,,,,664954
716356,2023-10-01,4,Bot,30,1,1,0,2,145,135,572204,658648,field_out,Groundout,"Trayce Thompson grounds out softly, third baseman Eguy Rosario to first baseman Garrett Cooper.",T,,,,,,,,,,572204,,,T,3,Groundout,field_out,,,,,664954
716356,2023-10-01,5,Top,31,0,0,1,0,145,135,643265,570632,,,,,,,,,,,,,,,,,,,,,,,,,656024
716356,2023-10-01,5,Top,31,1,0,2,0,145,135,643265,570632,,,,,,,,,,,,,,,,,,,,,,,,,656024
716356,2023-10-01,5,Top,31,2,0,2,0,145,135,643265,570632,field_out,Groundout,"Garrett Cooper grounds out, third baseman Lenyn Sosa to first baseman Andrew Vaughn.",T,,,,,,,,,,643265,,,T,1,Groundout,field_out,,,,,656024
716356,2023-10-01,5,Top,32,0,0,1,1,145,135,663757,570632,,,,,,,,,,,,,,,,,,,,,,,,,656024
716356,2023-10-01,5,Top,32,1,0,2,1,145,135,663757,570632,,,,,,,,,,,,,,,,,,,,,,,,,656024
716356,2023-10-01,5,Top,32,2,1,2,1,145,135,663757,570632,,,,,,,,,,,,,,,,,,,,,,,,,656024
716356,2023-10-01,5,Top,32,3,1,3,1,145,135,663757,570632,strikeout,Strikeout,Trent Grisham strikes out swinging.,T,,,,,,,,,,663757,,,T,2,Strikeout,strikeout,,,,,656024
716356,2023-10-01,5,Top,33,0,0,1,2,145,135,666703,570632,,,,,,,,,,,,,,,,,,,,,,,,,656024
716356,2023-10-01,5,Top,33,1,0,2,2,145,135,666703,570632,,,,,,,,,,,,,,,,,,,,,,,,,656024
716356,2023-10-01,5,Top,33,2,1,2,2,145,135,666703,570632,,,,,,,,,,,,,,,,,,,,,,,,,656024
716356,2023-10-01,5,Top,33,3,1,2,2,145,135,666703,570632,,,,,,,,,,,,,,,,,,,,,,,,,656024
716356,2023-10-01,5,Top,33,4,2,2,2,145,135,666703,570632,,,,,,,,,,,,,,,,,,,,,,,,,656024
716356,2023-10-01,5,Top,33,5,3,2,2,145,135,666703,570632,,,,,,,,,,,,,,,,,,,,,,,,,656024
716356,2023-10-01,5,Top,33,6,3,2,2,145,135,666703,570632,,,,,,,,,,,,,,,,,,,,,,,,,656024
716356,2023-10-01,5,Top,33,7,4,2,2,145,135,666703,570632,walk,Walk,Eguy Rosario walks.,T,,,,,,,,,,666703,,1B,,,Walk,walk,,,,,656024
716356,2023-10-01,5,Top,34,0,1,0,2,145,135,664954,570632,,,,,,,,,,,,,,,,,,,,,,,,,656024
716356,2023-10-01,5,Top,34,1,1,0,2,145,135,664954,570632,,,,,,,,,,,,,,,,,,,,,,,,,656024
716356,2023-10-01,5,Top,34,2,1,1,2,145,135,664954,570632,,,,,,,,,,,,,,,,,,,,,,,,,656024
716356,2023-10-01,5,Top,34,3,1,1,2,145,135,664954,570632,field_out,Groundout,"Brett Sullivan grounds out, second baseman Zach Remillard to first baseman Andrew Vaughn.",T,,,,,,,,,,664954,,,T,3,Groundout,field_out,,,,,656024
716356,2023-10-01,5,Bot,35,0,0,0,0,145,135,656024,658648,,,,,,,,,,,,,,,,,,,,,,,,,664954
716356,2023-10-01,5,Bot,35,1,0,0,0,145,135,656024,658648,,,,,,,,,,,,,,,,,,,,,,,,,664954
716356,2023-10-01,5,Bot,35,2,0,0,0,145,135,656024,658648,field_out,Flyout,Carlos Perez flies out to right fielder Jose Azocar.,T,,,,,,,,,,656024,,,T,1,Flyout,field_out,,,,,664954
716356,2023-10-01,5,Bot,36,0,0,1,1,145,135,462101,658648,,,,,,,,,,,,,,,,,,,,,,,,,664954
716356,2023-10-01,5,Bot,36,1,1,1,1,145,135,462101,658648,,,,,,,,,,,,,,,,,,,,,,,,,664954
716356,2023-10-01,5,Bot,36,2,1,2,1,145,135,462101,658648,,,,,,,,,,,,,,,,,,,,,,,,,664954
716356,2023-10-01,5,Bot,36,3,2,2,1,145,135,462101,658648,,,,,,,,,,,,,,,,,,,,,,,,,664954
716356,2023-10-01,5,Bot,36,4,2,3,1,145,135,462101,658648,strikeout,Strikeout,Elvis Andrus strikes out swinging.,T,,,,,,,,,,462101,,,T,2,Strikeout,strikeout,,,,,664954
716356,2023-10-01,5,Bot,37,0,1,0,2,145,135,621545,658648,,,,,,,,,,,,,,,,,,,,,,,,,664954
716356,2023-10-01,5,Bot,37,1,2,0,2,145,135,621545,658648,,,,,,,,,,,,,,,,,,,,,,,,,664954
716356,2023-10-01,5,Bot,37,2,3,0,2,145,135,621545,658648,,,,,,,,,,,,,,,,,,,,,,,,,664954
716356,2023-10-01,5,Bot,37,3,3,1,2,145,135,621545,658648,,,,,,,,,,,,,,,,,,,,,,,,,664954
716356,2023-10-01,5,Bot,37,4,3,2,2,145,135,621545,658648,,,,,,,,,,,,,,,,,,,,,,,,,664954
716356,2023-10-01,5,Bot,37,5,3,3,2,145,135,621545,658648,strikeout,Strikeout,Zach Remillard strikes out swinging.,T,,,,,,,,,,621545,,,T,3,Strikeout,strikeout,,,,,664954
716356,2023-10-01,6,Top,38,0,1,0,0,145,135,676946,570632,,,,,,,,,,,,,,,,,,,,,,,,,656024
716356,2023-10-01,6,Top,38,1,1,1,0,145,135,676946,570632,,,,,,,,,,,,,,,,,,,,,,,,,656024
716356,2023-10-01,6,Top,38,2,2,1,0,145,135,676946,570632,,,,,,,,,,,,,,,,,,,,,,,,,656024
716356,2023-10-01,6,Top,38,3,2,2,0,145,135,676946,570632,,,,,,,,,,,,,,,,,,,,,,,,,656024
716356,2023-10-01,6,Top,38,4,2,2,0,145,135,676946,570632,single,Single,Matthew Batten singles on a ground ball to right fielder Gavin Sheets.,T,,,,,,,,,,676946,,1B,,,Single,single,,,,,656024
716356,2023-10-01,6,Top,39,0,0,1,0,145,135,673490,570632,,,,,,,,,,,,,,,,,,,,,,,,,656024
716356,2023-10-01,6,Top,39,1,0,2,0,145,135,673490,570632,,,,,,,,,,,,,,,,,,,,,,,,,656024
716356,2023-10-01,6,Top,39,2,0,2,0,145,135,673490,570632,field_out,Lineout,Ha-Seong Kim lines out to left fielder Tyler Naquin.,T,,,,,,,,,,673490,,,T,1,Lineout,field_out,,,,,656024
716356,2023-10-01,6,Top,40,0,1,0,1,145,135,596847,570632,,,,,,,,,,,,,,,,,,,,,,,,,656024
716356,2023-10-01,6,Top,40,1,2,0,1,145,135,596847,570632,,,,,,,,,,,,,,,,,,,,,,,,,656024
716356,2023-10-01,6,Top,40,2,2,1,1,145,135,596847,570632,,,,,,,,,,,,,,,,,,,,,,,,,656024
716356,2023-10-01,6,Top,40,3,3,1,1,145,135,596847,570632,,,,,,,,,,,,,,,,,,,,,,,,,656024
716356,2023-10-01,6,Top,40,4,3,1,1,145,135,596847,570632,field_out,Flyout,Ji Man Choi flies out to left fielder Tyler Naquin.,T,,,,,,,,,,596847,,,T,2,Flyout,field_out,,,,,656024
716356,2023-10-01,6,Top,41,0,1,0,2,145,135,640492,570632,,,,,,,,,,,,,,,,,,,,,,,,,656024
716356,2023-10-01,6,Top,41,1,1,0,2,145,135,640492,570632,,,,,,,,,,,,,,,,,,,,,,,,,656024
716356,2023-10-01,6,Top,41,2,2,0,2,145,135,640492,570632,,,,,,,,,,,,,,,,,,,,,,,,,656024
716356,2023-10-01,6,Top,41,3,2,0,2,145,135,640492,570632,,,,,,,,,,,,,,,,,,,,,,,,,656024
716356,2023-10-01,6,Top,41,4,3,0,2,145,135,640492,570632,,,,,,,,,,,,,,,,,,,,,,,,,656024
716356,2023-10-01,6,Top,41,5,4,0,2,145,135,640492,570632,walk,Walk,Jose Azocar walks.,T,T,,,,,,,,,676946,1B,2B,,,Stolen Base 2B,stolen_base_2b,r_stolen_base_2b,,,,656024
716356,2023-10-01,6,Top,42,0,0,0,2,145,135,595777,570632,,,,,,,,,,,,,,,,,,,,,,,,,656024
716356,2023-10-01,6,Top,42,1,0,0,2,145,135,595777,570632,field_out,Groundout,"Jurickson Profar grounds out, second baseman Zach Remillard to first baseman Andrew Vaughn.",T,,,,,,,,,,595777,,,T,3,Groundout,field_out,,,,,656024
716356,2023-10-01,6,Bot,43,0,0,0,0,145,135,683734,678061,,,,,,,,,,,,,,,,,,,,,,,,,664954
716356,2023-10-01,6,Bot,43,1,0,1,0,145,135,683734,678061,,,,,,,,,,,,,,,,,,,,,,,,,664954
716356,2023-10-01,6,Bot,43,2,1,1,0,145,135,683734,678061,,,,,,,,,,,,,,,,,,,,,,,,,664954
716356,2023-10-01,6,Bot,43,3,1,2,0,145,135,683734,678061,,,,,,,,,,,,,,,,,,,,,,,,,664954
716356,2023-10-01,6,Bot,43,4,2,2,0,145,135,683734,678061,,,,,,,,,,,,,,,,,,,,,,,,,664954
716356,2023-10-01,6,Bot,43,5,2,3,0,145,135,683734,678061,strikeout,Strikeout,"Andrew Vaughn strikes out swinging, catcher Brett Sullivan to first baseman Garrett Cooper.",T,,,,,,,,,,683734,,,T,1,Strikeout,strikeout,,,,,664954
716356,2023-10-01,6,Bot,44,0,1,0,1,145,135,657757,678061,,,,,,,,,,,,,,,,,,,,,,,,,664954
716356,2023-10-01,6,Bot,44,1,1,1,1,145,135,657757,678061,,,,,,,,,,,,,,,,,,,,,,,,,664954
716356,2023-10-01,6,Bot,44,2,1,2,1,145,135,657757,678061,,,,,,,,,,,,,,,,,,,,,,,,,664954
716356,2023-10-01,6,Bot,44,3,2,2,1,145,135,657757,678061,,,,,,,,,,,,,,,,,,,,,,,,,664954
716356,2023-10-01,6,Bot,44,4,2,3,1,145,135,657757,678061,strikeout,Strikeout,Gavin Sheets called out on strikes.,T,,,,,,,,,,657757,,,T,2,Strikeout,strikeout,,,,,664954
716356,2023-10-01,6,Bot,45,0,0,0,2,145,135,518735,678061,single,Single,Yasmani Grandal singles on a line drive to right fielder Jose Azocar.,T,,,,,,,,,,518735,,1B,,,Single,single,,,,,664954
716356,2023-10-01,6,Bot,46,0,1,0,2,145,135,672820,678061,,,,,,,,,,,,,,,,,,,,,,,,,664954
716356,2023-10-01,6,Bot,46,1,2,0,2,145,135,672820,678061,,,,,,,,,,,,,,,,,,,,,,,,,664954
716356,2023-10-01,6,Bot,46,2,3,0,2,145,135,672820,678061,,,,,,,,,,,,,,,,,,,,,,,,,664954
716356,2023-10-01,6,Bot,46,3,3,1,2,145,135,672820,678061,,,,,,,,,,,,,,,,,,,,,,,,,664954
716356,2023-10-01,6,Bot,46,4,3,2,2,145,135,672820,678061,,,,,,,,,,,,,,,,,,,,,,,,,664954
716356,2023-10-01,6,Bot,46,5,4,2,2,145,135,672820,678061,walk,Walk,Lenyn Sosa walks. Yasmani Grandal to 2nd.,T,,,,,,,,,,518735,1B,2B,,,Walk,walk,r_adv_force,,,,664954
716356,2023-10-01,6,Bot,47,0,1,0,2,145,135,571980,678061,,,,,,,,,,,,,,,,,,,,,,,,,664954
716356,2023-10-01,6,Bot,47,1,1,1,2,145,135,571980,678061,,,,,,,,,,,,,,,,,,,,,,,,,664954
716356,2023-10-01,6,Bot,47,2,1,2,2,145,135,571980,678061,,,,,,,,,,,,,,,,,,,,,,,,,664954
716356,2023-10-01,6,Bot,47,3,1,2,2,145,135,571980,678061,,,,,,,,,,,,,,,,,,,,,,,,,664954
716356,2023-10-01,6,Bot,47,4,2,2,2,145,135,571980,678061,,,,,,,,,,,,,,,,,,,,,,,,,664954
716356,2023-10-01,6,Bot,47,5,2,3,2,145,135,571980,678061,strikeout,Strikeout,Tyler Naquin strikes out swinging.,T,,,,,,,,,,571980,,,T,3,Strikeout,strikeout,,,,,664954
716356,2023-10-01,7,Top,48,0,0,0,0,145,135,643265,670990,,,,,,,,,,,,,,,,,,,,,,,,,656024
716356,2023-10-01,7,Top,48,1,1,0,0,145,135,643265,670990,,,,,,,,,,,,,,,,,,,,,,,,,656024
716356,2023-10-01,7,Top,48,2,2,0,0,145,135,643265,670990,,,,,,,,,,,,,,,,,,,,,,,,,656024
716356,2023-10-01,7,Top,48,3,2,1,0,145,135,643265,670990,,,,,,,,,,,,,,,,,,,,,,,,,656024
716356,2023-10-01,7,Top,48,4,2,2,0,145,135,643265,670990,,,,,,,,,,,,,,,,,,,,,,,,,656024
716356,2023-10-01,7,Top,48,5,2,2,0,145,135,643265,670990,field_out,Groundout,"Garrett Cooper grounds out, third baseman Lenyn Sosa to first baseman Andrew Vaughn.",T,,,,,,,,,,643265,,,T,1,Groundout,field_out,,,,,656024
716356,2023-10-01,7,Top,49,0,1,0,1,145,135,663757,670990,,,,,,,,,,,,,,,,,,,,,,,,,656024
716356,2023-10-01,7,Top,49,1,2,0,1,145,135,663757,670990,,,,,,,,,,,,,,,,,,,,,,,,,656024
716356,2023-10-01,7,Top,49,2,3,0,1,145,135,663757,670990,,,,,,,,,,,,,,,,,,,,,,,,,656024
716356,2023-10-01,7,Top,49,3,4,0,1,145,135,663757,670990,walk,Walk,Trent Grisham walks.,T,,,,,,,,,,663757,,1B,,,Walk,walk,,,,,656024
716356,2023-10-01,7,Top,50,0,0,0,1,145,135,666703,670990,,,,,,,,,,,,,,,,,,,,,,,,,656024
716356,2023-10-01,7,Top,50,1,1,0,1,145,135,666703,670990,,,,,,,,,,,,,,,,,,,,,,,,,656024
716356,2023-10-01,7,Top,50,2,1,1,1,145,135,666703,670990,,,,,,,,,,,,,,,,,,,,,,,,,656024
716356,2023-10-01,7,Top,50,3,2,1,1,145,135,666703,670990,,,,,,,,,,,,,,,,,,,,,,,,,656024
716356,2023-10-01,7,Top,50,4,2,2,1,145,135,666703,670990,,,,,,,,,,,,,,,,,,,,,,,,,656024
716356,2023-10-01,7,Top,50,5,2,2,1,145,135,666703,670990,single,Single,Eguy Rosario singles on a pop up to right fielder Gavin Sheets. Trent Grisham to 2nd.,T,,,,,,,,,,666703,,1B,,,Single,single,,,,,656024
716356,2023-10-01,7,Top,51,0,0,0,1,145,135,664954,670990,,,,,,,,,,,,,,,,,,,,,,,,,656024
716356,2023-10-01,7,Top,51,1,0,1,1,145,135,664954,670990,,,,,,,,,,,,,,,,,,,,,,,,,656024
716356,2023-10-01,7,Top,51,2,1,1,1,145,135,664954,670990,,,,,,,,,,,,,,,,,,,,,,,,,656024
716356,2023-10-01,7,Top,51,3,1,2,1,145,135,664954,670990,,,,,,,,,,,,,,,,,,,,,,,,,656024
716356,2023-10-01,7,Top,51,4,1,3,1,145,135,664954,670990,strikeout,Strikeout,Brett Sullivan called out on strikes.,T,,,,,,,,,,664954,,,T,2,Strikeout,strikeout,,,,,656024
716356,2023-10-01,7,Top,52,0,1,0,2,145,135,676946,670990,,,,,,,,,,,,,,,,,,,,,,,,,656024
716356,2023-10-01,7,Top,52,1,1,1,2,145,135,676946,670990,,,,,,,,,,,,,,,,,,,,,,,,,656024
716356,2023-10-01,7,Top,52,2,2,1,2,145,135,676946,670990,,,,,,,,,,,,,,,,,,,,,,,,,656024
716356,2023-10-01,7,Top,52,3,2,2,2,145,135,676946,670990,,,,,,,,,,,,,,,,,,,,,,,,,656024
716356,2023-10-01,7,Top,52,4,3,2,2,145,135,676946,670990,,,,,,,,,,,,,,,,,,,,,,,,,656024
716356,2023-10-01,7,Top,52,5,3,3,2,145,135,676946,670990,strikeout,Strikeout,Matthew Batten called out on strikes.,T,,,,,,,,,,676946,,,T,3,Strikeout,strikeout,,,,,656024
716356,2023-10-01,7,Bot,53,0,0,0,0,145,135,572204,605130,,,,,,,,,,,,,,,,,,,,,,,,,664954
716356,2023-10-01,7,Bot,53,1,0,1,0,145,135,572204,605130,,,,,,,,,,,,,,,,,,,,,,,,,664954
716356,2023-10-01,7,Bot,53,2,1,1,0,145,135,572204,605130,,,,,,,,,,,,,,,,,,,,,,,,,664954
716356,2023-10-01,7,Bot,53,3,2,1,0,145,135,572204,605130,,,,,,,,,,,,,,,,,,,,,,,,,664954
716356,2023-10-01,7,Bot,53,4,2,2,0,145,135,572204,605130,,,,,,,,,,,,,,,,,,,,,,,,,664954
716356,2023-10-01,7,Bot,53,5,3,2,0,145,135,572204,605130,,,,,,,,,,,,,,,,,,,,,,,,,664954
716356,2023-10-01,7,Bot,53,6,3,2,0,145,135,572204,605130,,,,,,,,,,,,,,,,,,,,,,,,,664954
716356,2023-10-01,7,Bot,53,7,4,2,0,145,135,572204,605130,walk,Walk,Trayce Thompson walks.,T,,,,,,,,,,572204,,1B,,,Walk,walk,,,,,664954
716356,2023-10-01,7,Bot,54,0,0,0,0,145,135,656024,605130,field_out,Groundout,"Carlos Perez grounds out, third baseman Eguy Rosario to first baseman Garrett Cooper. Trayce Thompson to 2nd.",T,,,,,,,,,,656024,,,T,1,Groundout,field_out,,,,,664954
716356,2023-10-01,7,Bot,55,0,0,1,1,145,135,462101,605130,,,,,,,,,,,,,,,,,,,,,,,,,664954
716356,2023-10-01,7,Bot,55,1,1,1,1,145,135,462101,605130,,,,,,,,,,,,,,,,,,,,,,,,,664954
716356,2023-10-01,7,Bot,55,2,1,2,1,145,135,462101,605130,,,,,,,,,,,,,,,,,,,,,,,,,664954
716356,2023-10-01,7,Bot,55,3,1,2,1,145,135,462101,605130,,,,,,,,,,,,,,,,,,,,,,,,,664954
716356,2023-10-01,7,Bot,55,4,1,3,1,145,135,462101,605130,strikeout,Strikeout,Elvis Andrus strikes out swinging.,T,,T,,,,,,,,572204,2B,3B,,,Stolen Base 3B,stolen_base_3b,r_stolen_base_3b,,,,664954
716356,2023-10-01,7,Bot,56,0,1,0,2,145,135,621545,605130,,,,,,,,,,,,,,,,,,,,,,,,,664954
716356,2023-10-01,7,Bot,56,1,1,1,2,145,135,621545,605130,,,,,,,,,,,,,,,,,,,,,,,,,664954
716356,2023-10-01,7,Bot,56,2,2,1,2,145,135,621545,605130,,,,,,,,,,,,,,,,,,,,,,,,,664954
716356,2023-10-01,7,Bot,56,3,3,1,2,145,135,621545,605130,,,,,,,,,,,,,,,,,,,,,,,,,664954
716356,2023-10-01,7,Bot,56,4,3,1,2,145,135,621545,605130,field_out,Groundout,"Zach Remillard grounds out, shortstop Ha-Seong Kim to first baseman Garrett Cooper.",T,,,,,,,,,,621545,,,T,3,Groundout,field_out,,,,,664954
716356,2023-10-01,8,Top,57,0,0,0,0,145,135,673490,676979,,,,,,,,,,,,,,,,,,,,,,,,,656024
716356,2023-10-01,8,Top,57,1,1,0,0,145,135,673490,676979,,,,,,,,,,,,,,,,,,,,,,,,,656024
716356,2023-10-01,8,Top,57,2,1,1,0,145,135,673490,676979,,,,,,,,,,,,,,,,,,,,,,,,,656024
716356,2023-10-01,8,Top,57,3,2,1,0,145,135,673490,676979,,,,,,,,,,,,,,,,,,,,,,,,,656024
716356,2023-10-01,8,Top,57,4,2,1,0,145,135,673490,676979,field_out,Pop Out,Ha-Seong Kim pops out to first baseman Andrew Vaughn.,T,,,,,,,,,,673490,,,T,1,Pop Out,field_out,,,,,656024
716356,2023-10-01,8,Top,58,0,1,0,1,145,135,596847,676979,,,,,,,,,,,,,,,,,,,,,,,,,656024
716356,2023-10-01,8,Top,58,1,1,1,1,145,135,596847,676979,,,,,,,,,,,,,,,,,,,,,,,,,656024
716356,2023-10-01,8,Top,58,2,2,1,1,145,135,596847,676979,,,,,,,,,,,,,,,,,,,,,,,,,656024
716356,2023-10-01,8,Top,58,3,2,2,1,145,135,596847,676979,,,,,,,,,,,,,,,,,,,,,,,,,656024
716356,2023-10-01,8,Top,58,4,2,3,1,145,135,596847,676979,strikeout,Strikeout,Ji Man Choi called out on strikes.,T,,,,,,,,,,596847,,,T,2,Strikeout,strikeout,,,,,656024
716356,2023-10-01,8,Top,59,0,0,1,2,145,135,640492,676979,,,,,,,,,,,,,,,,,,,,,,,,,656024
716356,2023-10-01,8,Top,59,1,1,1,2,145,135,640492,676979,,,,,,,,,,,,,,,,,,,,,,,,,656024
716356,2023-10-01,8,Top,59,2,2,1,2,145,135,640492,676979,,,,,,,,,,,,,,,,,,,,,,,,,656024
716356,2023-10-01,8,Top,59,3,2,2,2,145,135,640492,676979,,,,,,,,,,,,,,,,,,,,,,,,,656024
716356,2023-10-01,8,Top,59,4,2,2,2,145,135,640492,676979,,,,,,,,,,,,,,,,,,,,,,,,,656024
716356,2023-10-01,8,Top,59,5,2,2,2,145,135,640492,676979,,,,,,,,,,,,,,,,,,,,,,,,,656024
716356,2023-10-01,8,Top,59,6,2,2,2,145,135,640492,676979,,,,,,,,,,,,,,,,,,,,,,,,,656024
716356,2023-10-01,8,Top,59,7,2,3,2,145,135,640492,676979,strikeout,Strikeout,Jose Azocar strikes out swinging.,T,,,,,,,,,,640492,,,T,3,Strikeout,strikeout,,,,,656024
716356,2023-10-01,8,Bot,60,0,0,0,0,145,135,683734,676680,,,,,,,,,,,,,,,,,,,,,,,,,664954
716356,2023-10-01,8,Bot,60,1,0,0,0,145,135,683734,676680,single,Single,Andrew Vaughn singles on a ground ball to right fielder Jose Azocar.,T,,,,,,,,,,683734,,1B,,,Single,single,,,,,664954
716356,2023-10-01,8,Bot,61,0,0,1,0,145,135,657757,676680,,,,,,,,,,,,,,,,,,,,,,,,,664954
716356,2023-10-01,8,Bot,61,1,0,1,0,145,135,657757,676680,,,,,,,,,,,,,,,,,,,,,,,,,664954
716356,2023-10-01,8,Bot,61,2,0,1,0,145,135,657757,676680,field_out,Flyout,Gavin Sheets flies out to left fielder Jurickson Profar.,T,,,,,,,,,,657757,,,T,1,Flyout,field_out,,,,,664954
716356,2023-10-01,8,Bot,62,0,1,0,1,145,135,518735,676680,,,,,,,,,,,,,,,,,,,,,,,,,664954
716356,2023-10-01,8,Bot,62,1,1,1,1,145,135,518735,676680,,,,,,,,,,,,,,,,,,,,,,,,,664954
716356,2023-10-01,8,Bot,62,2,1,2,1,145,135,518735,676680,,,,,,,,,,,,,,,,,,,,,,,,,664954
716356,2023-10-01,8,Bot,62,3,1,2,1,145,135,518735,676680,field_out,Groundout,"Yasmani Grandal grounds out, third baseman Eguy Rosario to first baseman Garrett Cooper. Andrew Vaughn to 2nd.",T,,,,,,,,,,518735,,,T,2,Groundout,field_out,,,,,664954
716356,2023-10-01,8,Bot,63,0,1,0,2,145,135,672820,676680,,,,,,,,,,,,,,,,,,,,,,,,,664954
716356,2023-10-01,8,Bot,63,1,2,0,2,145,135,672820,676680,,,,,,,,,,,,,,,,,,,,,,,,,664954
716356,2023-10-01,8,Bot,63,2,3,0,2,145,135,672820,676680,,,,,,,,,,,,,,,,,,,,,,,,,664954
716356,2023-10-01,8,Bot,63,3,4,0,2,145,135,672820,676680,intent_walk,Intent Walk,Tom Cosgrove intentionally walks Lenyn Sosa.,T,,,,,,,,,,672820,,1B,,,Intent Walk,intent_walk,,,,,664954
716356,2023-10-01,8,Bot,64,0,0,0,2,145,135,571980,676680,,,,,,,,,,,,,,,,,,,,,,,,,664954
716356,2023-10-01,8,Bot,64,1,1,0,2,145,135,571980,676680,,,,,,,,,,,,,,,,,,,,,,,,,664954
716356,2023-10-01,8,Bot,64,2,1,1,2,145,135,571980,676680,,,,,,,,,,,,,,,,,,,,,,,,,664954
716356,2023-10-01,8,Bot,64,3,1,2,2,145,135,571980,676680,,,,,,,,,,,,,,,,,,,,,,,,,664954
716356,2023-10-01,8,Bot,64,4,1,3,2,145,135,571980,676680,strikeout,Strikeout,Tyler Naquin called out on strikes.,T,,,,,,,,,,571980,,,T,3,Strikeout,strikeout,,,,,664954
716356,2023-10-01,9,Top,65,0,0,0,0,145,135,595777,543766,,,,,,,,,,,,,,,,,,,,,,,,,656024
716356,2023-10-01,9,Top,65,1,0,1,0,145,135,595777,543766,,,,,,,,,,,,,,,,,,,,,,,,,656024
716356,2023-10-01,9,Top,65,2,1,1,0,145,135,595777,543766,,,,,,,,,,,,,,,,,,,,,,,,,656024
716356,2023-10-01,9,Top,65,3,1,2,0,145,135,595777,543766,,,,,,,,,,,,,,,,,,,,,,,,,656024
716356,2023-10-01,9,Top,65,4,2,2,0,145,135,595777,543766,,,,,,,,,,,,,,,,,,,,,,,,,656024
716356,2023-10-01,9,Top,65,5,2,2,0,145,135,595777,543766,,,,,,,,,,,,,,,,,,,,,,,,,656024
716356,2023-10-01,9,Top,65,6,2,2,0,145,135,595777,543766,field_out,Flyout,Jurickson Profar flies out to left fielder Tyler Naquin.,T,,,,,,,,,,595777,,,T,1,Flyout,field_out,,,,,656024
716356,2023-10-01,9,Top,66,0,1,0,1,145,135,643265,543766,,,,,,,,,,,,,,,,,,,,,,,,,656024
716356,2023-10-01,9,Top,66,1,2,0,1,145,135,643265,543766,,,,,,,,,,,,,,,,,,,,,,,,,656024
716356,2023-10-01,9,Top,66,2,3,0,1,145,135,643265,543766,,,,,,,,,,,,,,,,,,,,,,,,,656024
716356,2023-10-01,9,Top,66,3,3,1,1,145,135,643265,543766,,,,,,,,,,,,,,,,,,,,,,,,,656024
716356,2023-10-01,9,Top,66,4,3,2,1,145,135,643265,543766,,,,,,,,,,,,,,,,,,,,,,,,,656024
716356,2023-10-01,9,Top,66,5,4,2,1,145,135,643265,543766,walk,Walk,Garrett Cooper walks.,T,,,,,,,,,,643265,,1B,,,Walk,walk,,,,,656024
716356,2023-10-01,9,Top,67,0,0,1,1,145,135,663757,543766,,,,,,,,,,,,,,,,,,,,,,,,,656024
716356,2023-10-01,9,Top,67,1,0,1,1,145,135,663757,543766,field_out,Lineout,Trent Grisham lines out to right fielder Gavin Sheets.,T,,,,,,,,,,663757,,,T,2,Lineout,field_out,,,,,656024
716356,2023-10-01,9,Top,68,0,1,0,2,145,135,666703,543766,,,,,,,,,,,,,,,,,,,,,,,,,656024
716356,2023-10-01,9,Top,68,1,2,0,2,145,135,666703,543766,,,,,,,,,,,,,,,,,,,,,,,,,656024
716356,2023-10-01,9,Top,68,2,2,0,2,145,135,666703,543766,field_out,Pop Out,Eguy Rosario pops out to second baseman Zach Remillard.,T,,,,,,,,,,666703,,,T,3,Pop Out,field_out,,,,,656024
716356,2023-10-01,9,Bot,69,0,0,0,0,145,135,572204,623352,,,,,,,,,,,,,,,,,,,,,,,,,664954
716356,2023-10-01,9,Bot,69,1,1,0,0,145,135,572204,623352,,,,,,,,,,,,,,,,,,,,,,,,,664954
716356,2023-10-01,9,Bot,69,2,1,1,0,145,135,572204,623352,,,,,,,,,,,,,,,,,,,,,,,,,664954
716356,2023-10-01,9,Bot,69,3,1,2,0,145,135,572204,623352,,,,,,,,,,,,,,,,,,,,,,,,,664954
716356,2023-10-01,9,Bot,69,4,1,3,0,145,135,572204,623352,strikeout,Strikeout,Trayce Thompson strikes out swinging.,T,,,,,,,,,,572204,,,T,1,Strikeout,strikeout,,,,,664954
716356,2023-10-01,9,Bot,70,0,1,0,1,145,135,656024,623352,,,,,,,,,,,,,,,,,,,,,,,,,664954
716356,2023-10-01,9,Bot,70,1,1,1,1,145,135,656024,623352,,,,,,,,,,,,,,,,,,,,,,,,,664954
716356,2023-10-01,9,Bot,70,2,1,2,1,145,135,656024,623352,,,,,,,,,,,,,,,,,,,,,,,,,664954
716356,2023-10-01,9,Bot,70,3,1,2,1,145,135,656024,623352,,,,,,,,,,,,,,,,,,,,,,,,,664954
716356,2023-10-01,9,Bot,70,4,1,2,1,145,135,656024,623352,,,,,,,,,,,,,,,,,,,,,,,,,664954
716356,2023-10-01,9,Bot,70,5,2,2,1,145,135,656024,623352,,,,,,,,,,,,,,,,,,,,,,,,,664954
716356,2023-10-01,9,Bot,70,6,3,2,1,145,135,656024,623352,,,,,,,,,,,,,,,,,,,,,,,,,664954
716356,2023-10-01,9,Bot,70,7,3,2,1,145,135,656024,623352,field_out,Pop Out,Carlos Perez pops out to first baseman Garrett Cooper.,T,,,,,,,,,,656024,,,T,2,Pop Out,field_out,,,,,664954
716356,2023-10-01,9,Bot,71,0,1,0,2,145,135,462101,623352,,,,,,,,,,,,,,,,,,,,,,,,,664954
716356,2023-10-01,9,Bot,71,1,2,0,2,145,135,462101,623352,,,,,,,,,,,,,,,,,,,,,,,,,664954
716356,2023-10-01,9,Bot,71,2,3,0,2,145,135,462101,623352,,,,,,,,,,,,,,,,,,,,,,,,,664954
716356,2023-10-01,9,Bot,71,3,3,1,2,145,135,462101,623352,,,,,,,,,,,,,,,,,,,,,,,,,664954
716356,2023-10-01,9,Bot,71,4,3,1,2,145,135,462101,623352,field_out,Pop Out,Elvis Andrus pops out to third baseman Eguy Rosario in foul territory.,T,,,,,,,,,,462101,,,T,3,Pop Out,field_out,,,,,664954
716356,2023-10-01,10,Top,72,0,0,0,0,145,135,664954,665620,,,,,,,,,,,,,,,,,,,,,,,,,656024
716356,2023-10-01,10,Top,72,1,0,0,0,145,135,664954,665620,,,,,,,,,,,,,,,,,,,,,,,,,656024
716356,2023-10-01,10,Top,72,2,0,1,0,145,135,664954,665620,,,,,,,,,,,,,,,,,,,,,,,,,656024
716356,2023-10-01,10,Top,72,3,0,2,0,145,135,664954,665620,,,,,,,,,,,,,,,,,,,,,,,,,656024
716356,2023-10-01,10,Top,72,4,1,2,0,145,135,664954,665620,,,,,,,,,,,,,,,,,,,,,,,,,656024
716356,2023-10-01,10,Top,72,5,1,2,0,145,135,664954,665620,,,,,,,,,,,,,,,,,,,,,,,,,656024
716356,2023-10-01,10,Top,72,6,2,2,0,145,135,664954,665620,,,,,,,,,,,,,,,,,,,,,,,,,656024
716356,2023-10-01,10,Top,72,7,2,2,0,145,135,664954,665620,field_out,Groundout,Brett Sullivan grounds out to first baseman Andrew Vaughn. Eguy Rosario to 3rd.,T,,,,,,,,,,664954,,,T,1,Groundout,field_out,,,,,656024
716356,2023-10-01,10,Top,73,0,1,0,1,145,135,676946,665620,,,,,,,,,,,,,,,,,,,,,,,,,656024
716356,2023-10-01,10,Top,73,1,1,1,1,145,135,676946,665620,,,,,,,,,,,,,,,,,,,,,,,,,656024
716356,2023-10-01,10,Top,73,2,2,1,1,145,135,676946,665620,,,,,,,,,,,,,,,,,,,,,,,,,656024
716356,2023-10-01,10,Top,73,3,3,1,1,145,135,676946,665620,,,,,,,,,,,,,,,,,,,,,,,,,656024
716356,2023-10-01,10,Top,73,4,4,1,1,145,135,676946,665620,walk,Walk,Matthew Batten walks.,T,,,,,,,,,,676946,,1B,,,Walk,walk,,,,,656024
716356,2023-10-01,10,Top,74,0,1,0,1,145,135,673490,665620,,,,,,,,,,,,,,,,,,,,,,,,,656024
716356,2023-10-01,10,Top,74,1,1,0,1,145,135,673490,665620,sac_fly,Sac Fly,Ha-Seong Kim out on a sacrifice fly to right fielder Gavin Sheets. Eguy Rosario scores.,T,,,,,,,,,,673490,,,T,2,Sac Fly,sac_fly,,,,,656024
716356,2023-10-01,10,Top,75,0,1,0,2,145,135,596847,665620,,,,,,,,,,,,,,,,,,,,,,,,,656024
716356,2023-10-01,10,Top,75,1,1,1,2,145,135,596847,665620,,,,,,,,,,,,,,,,,,,,,,,,,656024
716356,2023-10-01,10,Top,75,2,2,1,2,145,135,596847,665620,,,,,,,,,,,,,,,,,,,,,,,,,656024
716356,2023-10-01,10,Top,75,3,3,1,2,145,135,596847,665620,,,,,,,,,,,,,,,,,,,,,,,,,656024
716356,2023-10-01,10,Top,75,4,3,2,2,145,135,596847,665620,,,,,,,,,,,,,,,,,,,,,,,,,656024
716356,2023-10-01,10,Top,75,5,4,2,2,145,135,596847,665620,walk,Walk,Ji Man Choi walks. Matthew Batten to 2nd.,T,,,,,,,,,,676946,1B,2B,,,Walk,walk,r_adv_force,,,,656024
716356,2023-10-01,10,Top,76,0,0,0,2,145,135,640492,665620,,,,,,,,,,,,,,,,,,,,,,,,,656024
716356,2023-10-01,10,Top,76,1,0,1,2,145,135,640492,665620,,,,,,,,,,,,,,,,,,,,,,,,,656024
716356,2023-10-01,10,Top,76,2,0,2,2,145,135,640492,665620,,,,,,,,,,,,,,,,,,,,,,,,,656024
716356,2023-10-01,10,Top,76,3,1,2,2,145,135,640492,665620,,,,,,,,,,,,,,,,,,,,,,,,,656024
716356,2023-10-01,10,Top,76,4,1,2,2,145,135,640492,665620,,,,,,,,,,,,,,,,,,,,,,,,,656024
716356,2023-10-01,10,Top,76,5,1,3,2,145,135,640492,665620,strikeout,Strikeout,Jose Azocar called out on strikes.,T,,,,,,,,,,676946,2B,3B,,,Passed Ball,passed_ball,r_adv_play,,,,656024
716356,2023-10-01,10,Bot,77,0,0,0,0,145,135,621545,448179,,,,,,,,,,,,,,,,,,,,,,,,,664954
716356,2023-10-01,10,Bot,77,1,0,0,0,145,135,621545,448179,,,,,,,,,,,,,,,,,,,,,,,,,664954
716356,2023-10-01,10,Bot,77,2,0,0,0,145,135,621545,448179,,,,,,,,,,,,,,,,,,,,,,,,,664954
716356,2023-10-01,10,Bot,77,3,0,1,0,145,135,621545,448179,,,,,,,,,,,,,,,,,,,,,,,,,664954
716356,2023-10-01,10,Bot,77,4,0,1,0,145,135,621545,448179,single,Single,Zach Remillard singles on a ground ball to right fielder Jose Azocar. Elvis Andrus scores.,T,,,,,,,,,,621545,,1B,,,Single,single,,,,,664954
716356,2023-10-01,10,Bot,78,0,0,1,0,145,135,683734,448179,,,,,,,,,,,,,,,,,,,,,,,,,664954
716356,2023-10-01,10,Bot,78,1,0,2,0,145,135,683734,448179,,,,,,,,,,,,,,,,,,,,,,,,,664954
716356,2023-10-01,10,Bot,78,2,1,2,0,145,135,683734,448179,,,,,,,,,,,,,,,,,,,,,,,,,664954
716356,2023-10-01,10,Bot,78,3,1,2,0,145,135,683734,448179,,,,,,,,,,,,,,,,,,,,,,,,,664954
716356,2023-10-01,10,Bot,78,4,1,3,0,145,135,683734,448179,strikeout,Strikeout,Andrew Vaughn strikes out on a foul tip.,T,,,,,,,,,,683734,,,T,1,Strikeout,strikeout,,,,,664954
716356,2023-10-01,10,Bot,79,0,1,0,1,145,135,657757,448179,,,,,,,,,,,,,,,,,,,,,,,,,664954
716356,2023-10-01,10,Bot,79,1,1,1,1,145,135,657757,448179,,,,,,,,,,,,,,,,,,,,,,,,,664954
716356,2023-10-01,10,Bot,79,2,2,1,1,145,135,657757,448179,,,,,,,,,,,,,,,,,,,,,,,,,664954
716356,2023-10-01,10,Bot,79,3,3,1,1,145,135,657757,448179,,,,,,,,,,,,,,,,,,,,,,,,,664954
716356,2023-10-01,10,Bot,79,4,3,2,1,145,135,657757,448179,,,,,,,,,,,,,,,,,,,,,,,,,664954
716356,2023-10-01,10,Bot,79,5,3,2,1,145,135,657757,448179,single,Single,Gavin Sheets singles on a fly ball to left fielder Jurickson Profar. Zach Remillard to 2nd.,T,,,,,,,,,,657757,,1B,,,Single,single,,,,,664954
716356,2023-10-01,10,Bot,80,0,0,1,1,145,135,518735,448179,,,,,,,,,,,,,,,,,,,,,,,,,664954
716356,2023-10-01,10,Bot,80,1,1,1,1,145,135,518735,448179,,,,,,,,,,,,,,,,,,,,,,,,,664954
716356,2023-10-01,10,Bot,80,2,1,1,1,145,135,518735,448179,grounded_into_double_play,Grounded Into DP,"Yasmani Grandal grounds into a double play, shortstop Ha-Seong Kim to second baseman Matthew Batten to first baseman Garrett Cooper. Gavin Sheets out at 2nd. Yasmani Grandal out at 1st.",T,,,,,,,,,,657757,1B,,T,2,Grounded Into DP,grounded_into_double_play,r_force_out,,,,664954
716356,2023-10-01,11,Top,81,0,0,0,0,145,135,595777,686539,,,,,,,,,,,,,,,,,,,,,,,,,656024
716356,2023-10-01,11,Top,81,1,0,0,0,145,135,595777,686539,,,,,,,,,,,,,,,,,,,,,,,,,656024
716356,2023-10-01,11,Top,81,2,0,0,0,145,135,595777,686539,single,Single,Jurickson Profar singles on a line drive to center fielder Trayce Thompson. Jose Azocar scores.,T,,,,,,,,,,595777,,1B,,,Single,single,,,,,656024
716356,2023-10-01,11,Top,82,0,0,1,0,145,135,643265,686539,,,,,,,,,,,,,,,,,,,,,,,,,656024
716356,2023-10-01,11,Top,82,1,0,2,0,145,135,643265,686539,,,,,,,,,,,,,,,,,,,,,,,,,656024
716356,2023-10-01,11,Top,82,2,1,2,0,145,135,643265,686539,,,,,,,,,,,,,,,,,,,,,,,,,656024
716356,2023-10-01,11,Top,82,3,1,2,0,145,135,643265,686539,,,,,,,,,,,,,,,,,,,,,,,,,656024
716356,2023-10-01,11,Top,82,4,1,2,0,145,135,643265,686539,,,,,,,,,,,,,,,,,,,,,,,,,656024
716356,2023-10-01,11,Top,82,5,1,2,0,145,135,643265,686539,,,,,,,,,,,,,,,,,,,,,,,,,656024
716356,2023-10-01,11,Top,82,6,1,2,0,145,135,643265,686539,,,,,,,,,,,,,,,,,,,,,,,,,656024
716356,2023-10-01,11,Top,82,7,2,2,0,145,135,643265,686539,,,,,,,,,,,,,,,,,,,,,,,,,656024
716356,2023-10-01,11,Top,82,8,2,2,0,145,135,643265,686539,grounded_into_double_play,Grounded Into DP,"Garrett Cooper grounds into a double play, pitcher Declan Cronin to second baseman Zach Remillard to first baseman Andrew Vaughn. Jurickson Profar out at 2nd. Garrett Cooper out at 1st.",T,,,,,,,,,,595777,1B,,T,1,Grounded Into DP,grounded_into_double_play,r_force_out,,,,656024
716356,2023-10-01,11,Top,83,0,0,1,2,145,135,663757,686539,,,,,,,,,,,,,,,,,,,,,,,,,656024
716356,2023-10-01,11,Top,83,1,1,1,2,145,135,663757,686539,,,,,,,,,,,,,,,,,,,,,,,,,656024
716356,2023-10-01,11,Top,83,2,1,1,2,145,135,663757,686539,single,Single,Trent Grisham singles on a line drive to right fielder Gavin Sheets.,T,,,,,,,,,,663757,,1B,,,Single,single,,,,,656024
716356,2023-10-01,11,Top,84,0,1,0,2,145,135,666703,686539,,,,,,,,,,,,,,,,,,,,,,,,,656024
716356,2023-10-01,11,Top,84,1,1,0,2,145,135,666703,686539,,,,,,,,,,,,,,,,,,,,,,,,,656024
716356,2023-10-01,11,Top,84,2,1,1,2,145,135,666703,686539,,,,,,,,,,,,,,,,,,,,,,,,,656024
716356,2023-10-01,11,Top,84,3,1,1,2,145,135,666703,686539,,,,,,,,,,,,,,,,,,,,,,,,,656024
716356,2023-10-01,11,Top,84,4,1,2,2,145,135,666703,686539,,,,,,,,,,,,,,,,,,,,,,,,,656024
716356,2023-10-01,11,Top,84,5,2,2,2,145,135,666703,686539,,,,,,,,,,,,,,,,,,,,,,,,,656024
716356,2023-10-01,11,Top,84,6,2,2,2,145,135,666703,686539,field_out,Lineout,Eguy Rosario lines out to right fielder Gavin Sheets.,T,T,,,,,,,,,663757,1B,2B,,,Stolen Base 2B,stolen_base_2b,r_stolen_base_2b,,,,656024
716356,2023-10-01,11,Bot,85,0,0,0,0,145,135,672820,448179,,,,,,,,,,,,,,,,,,,,,,,,,664954
716356,2023-10-01,11,Bot,85,1,0,0,0,145,135,672820,448179,,,,,,,,,,,,,,,,,,,,,,,,,664954
716356,2023-10-01,11,Bot,85,2,0,1,0,145,135,672820,448179,,,,,,,,,,,,,,,,,,,,,,,,,664954
716356,2023-10-01,11,Bot,85,3,0,2,0,145,135,672820,448179,,,,,,,,,,,,,,,,,,,,,,,,,664954
716356,2023-10-01,11,Bot,85,4,0,3,0,145,135,672820,448179,strikeout,Strikeout,Lenyn Sosa strikes out on a foul tip.,T,,,,,,,,,,672820,,,T,1,Strikeout,strikeout,,,,,664954
716356,2023-10-01,11,Bot,86,0,0,0,1,145,135,571980,448179,,,,,,,,,,,,,,,,,,,,,,,,,664954
716356,2023-10-01,11,Bot,86,1,1,0,1,145,135,571980,448179,,,,,,,,,,,,,,,,,,,,,,,,,664954
716356,2023-10-01,11,Bot,86,2,2,0,1,145,135,571980,448179,,,,,,,,,,,,,,,,,,,,,,,,,664954
716356,2023-10-01,11,Bot,86,3,2,1,1,145,135,571980,448179,,,,,,,,,,,,,,,,,,,,,,,,,664954
716356,2023-10-01,11,Bot,86,4,2,1,1,145,135,571980,448179,field_out,Groundout,"Tyler Naquin grounds out, second baseman Matthew Batten to first baseman Garrett Cooper. Korey Lee to 3rd.",T,,,,,,,,,,571980,,,T,2,Groundout,field_out,,,,,664954
716356,2023-10-01,11,Bot,87,0,1,0,2,145,135,572204,448179,,,,,,,,,,,,,,,,,,,,,,,,,664954
716356,2023-10-01,11,Bot,87,1,1,1,2,145,135,572204,448179,,,,,,,,,,,,,,,,,,,,,,,,,664954
716356,2023-10-01,11,Bot,87,2,1,2,2,145,135,572204,448179,,,,,,,,,,,,,,,,,,,,,,,,,664954
716356,2023-10-01,11,Bot,87,3,1,3,2,145,135,572204,448179,strikeout,Strikeout,Trayce Thompson strikes out swinging.,T,,,,,,,,,,572204,,,T,3,Strikeout,strikeout,,,,,664954
716359,2023-10-01,1,Top,0,0,0,0,0,115,142,456781,608718,,,,,,,,,,,,,,,,,,,,,,,,,642851
716359,2023-10-01,1,Top,0,1,0,0,0,115,142,456781,608718,,,,,,,,,,,,,,,,,,,,,,,,,642851
716359,2023-10-01,1,Top,0,2,0,0,0,115,142,456781,608718,,,,,,,,,,,,,,,,,,,,,,,,,642851
716359,2023-10-01,1,Top,0,3,0,1,0,115,142,456781,608718,,,,,,,,,,,,,,,,,,,,,,,,,642851
716359,2023-10-01,1,Top,0,4,1,1,0,115,142,456781,608718,,,,,,,,,,,,,,,,,,,,,,,,,642851
716359,2023-10-01,1,Top,0,5,1,2,0,115,142,456781,608718,,,,,,,,,,,,,,,,,,,,,,,,,642851
716359,2023-10-01,1,Top,0,6,2,2,0,115,142,456781,608718,,,,,,,,,,,,,,,,,,,,,,,,,642851
716359,2023-10-01,1,Top,0,7,2,2,0,115,142,456781,608718,field_out,Groundout,"Donovan Solano grounds out, pitcher Brent Suter to first baseman Elehuris Montero.",T,,,,,,,,,,456781,,,T,1,Groundout,field_out,,,,,642851
716359,2023-10-01,1,Top,1,0,0,1,1,115,142,656669,608718,,,,,,,,,,,,,,,,,,,,,,,,,642851
716359,2023-10-01,1,Top,1,1,0,2,1,115,142,656669,608718,,,,,,,,,,,,,,,,,,,,,,,,,642851
716359,2023-10-01,1,Top,1,2,0,2,1,115,142,656669,608718,,,,,,,,,,,,,,,,,,,,,,,,,642851
716359,2023-10-01,1,Top,1,3,0,3,1,115,142,656669,608718,strikeout,Strikeout,Jordan Luplow strikes out swinging.,T,,,,,,,,,,656669,,,T,2,Strikeout,strikeout,,,,,642851
716359,2023-10-01,1,Top,2,0,0,1,2,115,142,571657,608718,,,,,,,,,,,,,,,,,,,,,,,,,642851
716359,2023-10-01,1,Top,2,1,0,1,2,115,142,571657,608718,field_out,Groundout,"Kyle Farmer grounds out, shortstop Ezequiel Tovar to first baseman Elehuris Montero.",T,,,,,,,,,,571657,,,T,3,Groundout,field_out,,,,,642851
716359,2023-10-01,1,Bot,3,0,0,0,0,115,142,453568,641927,field_out,Flyout,Charlie Blackmon flies out to center fielder Willi Castro.,T,,,,,,,,,,453568,,,T,1,Flyout,field_out,,,,,680777
716359,2023-10-01,1,Bot,4,0,0,1,1,115,142,663898,641927,,,,,,,,,,,,,,,,,,,,,,,,,680777
716359,2023-10-01,1,Bot,4,1,1,1,1,115,142,663898,641927,,,,,,,,,,,,,,,,,,,,,,,,,680777
716359,2023-10-01,1,Bot,4,2,1,2,1,115,142,663898,641927,,,,,,,,,,,,,,,,,,,,,,,,,680777
716359,2023-10-01,1,Bot,4,3,2,2,1,115,142,663898,641927,,,,,,,,,,,,,,,,,,,,,,,,,680777
716359,2023-10-01,1,Bot,4,4,3,2,1,115,142,663898,641927,,,,,,,,,,,,,,,,,,,,,,,,,680777
716359,2023-10-01,1,Bot,4,5,3,2,1,115,142,663898,641927,,,,,,,,,,,,,,,,,,,,,,,,,680777
716359,2023-10-01,1,Bot,4,6,3,3,1,115,142,663898,641927,strikeout,Strikeout,Brendan Rodgers strikes out swinging.,T,,,,,,,,,,663898,,,T,2,Strikeout,strikeout,,,,,680777
716359,2023-10-01,1,Bot,5,0,0,1,2,115,142,666134,641927,,,,,,,,,,,,,,,,,,,,,,,,,680777
716359,2023-10-01,1,Bot,5,1,0,2,2,115,142,666134,641927,,,,,,,,,,,,,,,,,,,,,,,,,680777
716359,2023-10-01,1,Bot,5,2,1,2,2,115,142,666134,641927,,,,,,,,,,,,,,,,,,,,,,,,,680777
716359,2023-10-01,1,Bot,5,3,2,2,2,115,142,666134,641927,,,,,,,,,,,,,,,,,,,,,,,,,680777
716359,2023-10-01,1,Bot,5,4,2,2,2,115,142,666134,641927,,,,,,,,,,,,,,,,,,,,,,,,,680777
716359,2023-10-01,1,Bot,5,5,2,2,2,115,142,666134,641927,,,,,,,,,,,,,,,,,,,,,,,,,680777
716359,2023-10-01,1,Bot,5,6,2,3,2,115,142,666134,641927,strikeout,Strikeout,Nolan Jones called out on strikes.,T,,,,,,,,,,666134,,,T,3,Strikeout,strikeout,,,,,680777
716359,2023-10-01,2,Top,6,0,0,0,0,115,142,596146,657756,,,,,,,,,,,,,,,,,,,,,,,,,642851
716359,2023-10-01,2,Top,6,1,0,1,0,115,142,596146,657756,,,,,,,,,,,,,,,,,,,,,,,,,642851
716359,2023-10-01,2,Top,6,2,0,1,0,115,142,596146,657756,single,Single,Max Kepler singles on a soft ground ball to third baseman Ryan McMahon.,T,,,,,,,,,,596146,,1B,,,Single,single,,,,,642851
716359,2023-10-01,2,Top,7,0,0,1,0,115,142,680777,657756,,,,,,,,,,,,,,,,,,,,,,,,,642851
716359,2023-10-01,2,Top,7,1,0,2,0,115,142,680777,657756,,,,,,,,,,,,,,,,,,,,,,,,,642851
716359,2023-10-01,2,Top,7,2,1,2,0,115,142,680777,657756,,,,,,,,,,,,,,,,,,,,,,,,,642851
716359,2023-10-01,2,Top,7,3,1,2,0,115,142,680777,657756,,,,,,,,,,,,,,,,,,,,,,,,,642851
716359,2023-10-01,2,Top,7,4,1,2,0,115,142,680777,657756,single,Single,Ryan Jeffers singles on a ground ball to right fielder Charlie Blackmon. Max Kepler to 2nd.,T,,,,,,,,,,680777,,1B,,,Single,single,,,,,642851
716359,2023-10-01,2,Top,8,0,0,1,0,115,142,666397,657756,,,,,,,,,,,,,,,,,,,,,,,,,642851
716359,2023-10-01,2,Top,8,1,0,2,0,115,142,666397,657756,,,,,,,,,,,,,,,,,,,,,,,,,642851
716359,2023-10-01,2,Top,8,2,1,2,0,115,142,666397,657756,,,,,,,,,,,,,,,,,,,,,,,,,642851
716359,2023-10-01,2,Top,8,3,2,2,0,115,142,666397,657756,,,,,,,,,,,,,,,,,,,,,,,,,642851
716359,2023-10-01,2,Top,8,4,3,2,0,115,142,666397,657756,,,,,,,,,,,,,,,,,,,,,,,,,642851
716359,2023-10-01,2,Top,8,5,3,2,0,115,142,666397,657756,,,,,,,,,,,,,,,,,,,,,,,,,642851
716359,2023-10-01,2,Top,8,6,3,2,0,115,142,666397,657756,single,Single,Edouard Julien singles on a ground ball to left fielder Nolan Jones. Max Kepler scores. Ryan Jeffers to 2nd.,T,,,,,,,,,,666397,,1B,,,Single,single,,,,,642851
716359,2023-10-01,2,Top,9,0,0,0,0,115,142,650489,657756,,,,,,,,,,,,,,,,,,,,,,,,,642851
716359,2023-10-01,2,Top,9,1,0,1,0,115,142,650489,657756,,,,,,,,,,,,,,,,,,,,,,,,,642851
716359,2023-10-01,2,Top,9,2,1,1,0,115,142,650489,657756,,,,,,,,,,,,,,,,,,,,,,,,,642851
716359,2023-10-01,2,Top,9,3,1,2,0,115,142,650489,657756,,,,,,,,,,,,,,,,,,,,,,,,,642851
716359,2023-10-01,2,Top,9,4,1,3,0,115,142,650489,657756,strikeout,Strikeout,Willi Castro strikes out on a foul tip.,T,,,,,,,,,,650489,,,T,1,Strikeout,strikeout,,,,,642851
716359,2023-10-01,2,Top,10,0,0,0,1,115,142,666135,657756,single,Single,Alex Kirilloff singles on a line drive to left fielder Nolan Jones. Ryan Jeffers scores. Edouard Julien to 2nd.,T,,,,,,,,,,666135,,1B,,,Single,single,,,,,642851
716359,2023-10-01,2,Top,11,0,0,1,1,115,142,670242,657756,,,,,,,,,,,,,,,,,,,,,,,,,642851
716359,2023-10-01,2,Top,11,1,1,1,1,115,142,670242,657756,,,,,,,,,,,,,,,,,,,,,,,,,642851
716359,2023-10-01,2,Top,11,2,1,2,1,115,142,670242,657756,,,,,,,,,,,,,,,,,,,,,,,,,642851
716359,2023-10-01,2,Top,11,3,2,2,1,115,142,670242,657756,,,,,,,,,,,,,,,,,,,,,,,,,642851
716359,2023-10-01,2,Top,11,4,2,2,1,115,142,670242,657756,,,,,,,,,,,,,,,,,,,,,,,,,642851
716359,2023-10-01,2,Top,11,5,2,3,1,115,142,670242,657756,strikeout,Strikeout,Matt Wallner strikes out swinging.,T,,,,,,,,,,670242,,,T,2,Strikeout,strikeout,,,,,642851
716359,2023-10-01,2,Top,12,0,0,1,2,115,142,456781,657756,,,,,,,,,,,,,,,,,,,,,,,,,642851
716359,2023-10-01,2,Top,12,1,1,1,2,115,142,456781,657756,,,,,,,,,,,,,,,,,,,,,,,,,642851
716359,2023-10-01,2,Top,12,2,2,1,2,115,142,456781,657756,,,,,,,,,,,,,,,,,,,,,,,,,642851
716359,2023-10-01,2,Top,12,3,2,2,2,115,142,456781,657756,,,,,,,,,,,,,,,,,,,,,,,,,642851
716359,2023-10-01,2,Top,12,4,2,2,2,115,142,456781,657756,,,,,,,,,,,,,,,,,,,,,,,,,642851
716359,2023-10-01,2,Top,12,5,2,3,2,115,142,456781,657756,strikeout,Strikeout,Donovan Solano strikes out swinging.,T,,,,,,,,,,456781,,,T,3,Strikeout,strikeout,,,,,642851
716359,2023-10-01,2,Bot,13,0,0,1,0,115,142,592178,641927,,,,,,,,,,,,,,,,,,,,,,,,,680777
716359,2023-10-01,2,Bot,13,1,0,2,0,115,142,592178,641927,,,,,,,,,,,,,,,,,,,,,,,,,680777
716359,2023-10-01,2,Bot,13,2,0,2,0,115,142,592178,641927,,,,,,,,,,,,,,,,,,,,,,,,,680777
716359,2023-10-01,2,Bot,13,3,0,2,0,115,142,592178,641927,,,,,,,,,,,,,,,,,,,,,,,,,680777
716359,2023-10-01,2,Bot,13,4,0,3,0,115,142,592178,641927,strikeout,Strikeout,Kris Bryant strikes out swinging.,T,,,,,,,,,,592178,,,T,1,Strikeout,strikeout,,,,,680777
716359,2023-10-01,2,Bot,14,0,1,0,1,115,142,641857,641927,,,,,,,,,,,,,,,,,,,,,,,,,680777
716359,2023-10-01,2,Bot,14,1,1,0,1,115,142,641857,641927,field_out,Groundout,"Ryan McMahon grounds out, second baseman Edouard Julien to first baseman Alex Kirilloff.",T,,,,,,,,,,641857,,,T,2,Groundout,field_out,,,,,680777
716359,2023-10-01,2,Bot,15,0,0,1,2,115,142,660707,641927,,,,,,,,,,,,,,,,,,,,,,,,,680777
716359,2023-10-01,2,Bot,15,1,1,1,2,115,142,660707,641927,,,,,,,,,,,,,,,,,,,,,,,,,680777
716359,2023-10-01,2,Bot,15,2,1,2,2,115,142,660707,641927,,,,,,,,,,,,,,,,,,,,,,,,,680777
716359,2023-10-01,2,Bot,15,3,1,2,2,115,142,660707,641927,,,,,,,,,,,,,,,,,,,,,,,,,680777
716359,2023-10-01,2,Bot,15,4,2,2,2,115,142,660707,641927,,,,,,,,,,,,,,,,,,,,,,,,,680777
716359,2023-10-01,2,Bot,15,5,3,2,2,115,142,660707,641927,,,,,,,,,,,,,,,,,,,,,,,,,680777
716359,2023-10-01,2,Bot,15,6,3,2,2,115,142,660707,641927,field_out,Flyout,Elehuris Montero flies out to right fielder Matt Wallner.,T,,,,,,,,,,660707,,,T,3,Flyout,field_out,,,,,680777
716359,2023-10-01,3,Top,16,0,0,1,0,115,142,656669,657756,,,,,,,,,,,,,,,,,,,,,,,,,642851
716359,2023-10-01,3,Top,16,1,1,1,0,115,142,656669,657756,,,,,,,,,,,,,,,,,,,,,,,,,642851
716359,2023-10-01,3,Top,16,2,1,2,0,115,142,656669,657756,,,,,,,,,,,,,,,,,,,,,,,,,642851
716359,2023-10-01,3,Top,16,3,1,2,0,115,142,656669,657756,field_out,Groundout,"Jordan Luplow grounds out, third baseman Ryan McMahon to first baseman Elehuris Montero.",T,,,,,,,,,,656669,,,T,1,Groundout,field_out,,,,,642851
716359,2023-10-01,3,Top,17,0,0,0,1,115,142,571657,657756,field_out,Groundout,"Kyle Farmer grounds out, shortstop Ezequiel Tovar to first baseman Elehuris Montero.",T,,,,,,,,,,571657,,,T,2,Groundout,field_out,,,,,642851
716359,2023-10-01,3,Top,18,0,0,1,2,115,142,596146,657756,,,,,,,,,,,,,,,,,,,,,,,,,642851
716359,2023-10-01,3,Top,18,1,1,1,2,115,142,596146,657756,,,,,,,,,,,,,,,,,,,,,,,,,642851
716359,2023-10-01,3,Top,18,2,1,2,2,115,142,596146,657756,,,,,,,,,,,,,,,,,,,,,,,,,642851
716359,2023-10-01,3,Top,18,3,1,2,2,115,142,596146,657756,,,,,,,,,,,,,,,,,,,,,,,,,642851
716359,2023-10-01,3,Top,18,4,2,2,2,115,142,596146,657756,,,,,,,,,,,,,,,,,,,,,,,,,642851
716359,2023-10-01,3,Top,18,5,2,2,2,115,142,596146,657756,,,,,,,,,,,,,,,,,,,,,,,,,642851
716359,2023-10-01,3,Top,18,6,3,2,2,115,142,596146,657756,,,,,,,,,,,,,,,,,,,,,,,,,642851
716359,2023-10-01,3,Top,18,7,3,2,2,115,142,596146,657756,field_out,Pop Out,Max Kepler pops out to third baseman Ryan McMahon in foul territory.,T,,,,,,,,,,596146,,,T,3,Pop Out,field_out,,,,,642851
716359,2023-10-01,3,Bot,19,0,1,0,0,115,142,678662,641927,,,,,,,,,,,,,,,,,,,,,,,,,680777
716359,2023-10-01,3,Bot,19,1,1,1,0,115,142,678662,641927,,,,,,,,,,,,,,,,,,,,,,,,,680777
716359,2023-10-01,3,Bot,19,2,2,1,0,115,142,678662,641927,,,,,,,,,,,,,,,,,,,,,,,,,680777
716359,2023-10-01,3,Bot,19,3,2,2,0,115,142,678662,641927,,,,,,,,,,,,,,,,,,,,,,,,,680777
716359,2023-10-01,3,Bot,19,4,2,2,0,115,142,678662,641927,field_out,Flyout,Ezequiel Tovar flies out to center fielder Willi Castro.,T,,,,,,,,,,678662,,,T,1,Flyout,field_out,,,,,680777
716359,2023-10-01,3,Bot,20,0,0,1,1,115,142,642851,641927,,,,,,,,,,,,,,,,,,,,,,,,,680777
716359,2023-10-01,3,Bot,20,1,0,2,1,115,142,642851,641927,,,,,,,,,,,,,,,,,,,,,,,,,680777
716359,2023-10-01,3,Bot,20,2,0,2,1,115,142,642851,641927,,,,,,,,,,,,,,,,,,,,,,,,,680777
716359,2023-10-01,3,Bot,20,3,1,2,1,115,142,642851,641927,,,,,,,,,,,,,,,,,,,,,,,,,680777
716359,2023-10-01,3,Bot,20,4,1,2,1,115,142,642851,641927,,,,,,,,,,,,,,,,,,,,,,,,,680777
716359,2023-10-01,3,Bot,20,5,1,3,1,115,142,642851,641927,strikeout,Strikeout,Austin Wynns strikes out swinging.,T,,,,,,,,,,642851,,,T,2,Strikeout,strikeout,,,,,680777
716359,2023-10-01,3,Bot,21,0,0,1,2,115,142,686668,641927,,,,,,,,,,,,,,,,,,,,,,,,,680777
716359,2023-10-01,3,Bot,21,1,1,1,2,115,142,686668,641927,,,,,,,,,,,,,,,,,,,,,,,,,680777
716359,2023-10-01,3,Bot,21,2,1,2,2,115,142,686668,641927,,,,,,,,,,,,,,,,,,,,,,,,,680777
716359,2023-10-01,3,Bot,21,3,1,2,2,115,142,686668,641927,,,,,,,,,,,,,,,,,,,,,,,,,680777
716359,2023-10-01,3,Bot,21,4,2,2,2,115,142,686668,641927,,,,,,,,,,,,,,,,,,,,,,,,,680777
716359,2023-10-01,3,Bot,21,5,2,2,2,115,142,686668,641927,field_out,Groundout,"Brenton Doyle grounds out, third baseman Donovan Solano to first baseman Alex Kirilloff.",T,,,,,,,,,,686668,,,T,3,Groundout,field_out,,,,,680777
716359,2023-10-01,4,Top,22,0,0,1,0,115,142,680777,657756,,,,,,,,,,,,,,,,,,,,,,,,,642851
716359,2023-10-01,4,Top,22,1,0,2,0,115,142,680777,657756,,,,,,,,,,,,,,,,,,,,,,,,,642851
716359,2023-10-01,4,Top,22,2,1,2,0,115,142,680777,657756,,,,,,,,,,,,,,,,,,,,,,,,,642851
716359,2023-10-01,4,Top,22,3,1,3,0,115,142,680777,657756,strikeout,Strikeout,Ryan Jeffers strikes out swinging.,T,,,,,,,,,,680777,,,T,1,Strikeout,strikeout,,,,,642851
716359,2023-10-01,4,Top,23,0,1,0,1,115,142,666397,657756,,,,,,,,,,,,,,,,,,,,,,,,,642851
716359,2023-10-01,4,Top,23,1,1,1,1,115,142,666397,657756,,,,,,,,,,,,,,,,,,,,,,,,,642851
716359,2023-10-01,4,Top,23,2,1,2,1,115,142,666397,657756,,,,,,,,,,,,,,,,,,,,,,,,,642851
716359,2023-10-01,4,Top,23,3,2,2,1,115,142,666397,657756,,,,,,,,,,,,,,,,,,,,,,,,,642851
716359,2023-10-01,4,Top,23,4,2,2,1,115,142,666397,657756,field_out,Groundout,Edouard Julien grounds out to first baseman Elehuris Montero.,T,,,,,,,,,,666397,,,T,2,Groundout,field_out,,,,,642851
716359,2023-10-01,4,Top,24,0,0,0,2,115,142,650489,657756,single,Single,Willi Castro singles on a soft bunt ground ball to catcher Austin Wynns.,T,,,,,,,,,,650489,,1B,,,Single,single,,,,,642851
716359,2023-10-01,4,Top,25,0,1,0,2,115,142,666135,657756,,,,,,,,,,,,,,,,,,,,,,,,,642851
716359,2023-10-01,4,Top,25,1,1,0,2,115,142,666135,657756,,,,,,,,,,,,,,,,,,,,,,,,,642851
716359,2023-10-01,4,Top,25,2,1,1,2,115,142,666135,657756,,,,,,,,,,,,,,,,,,,,,,,,,642851
716359,2023-10-01,4,Top,25,3,1,1,2,115,142,666135,657756,single,Single,"Alex Kirilloff singles on a sharp line drive to right fielder Charlie Blackmon. Willi Castro to 3rd. Willi Castro advances to 3rd, on a fielding error by right fielder Charlie Blackmon.",T,,,,,,,,,,666135,,1B,,,Single,single,,,,,642851
716359,2023-10-01,4,Top,26,0,0,1,2,115,142,670242,657756,,,,,,,,,,,,,,,,,,,,,,,,,642851
716359,2023-10-01,4,Top,26,1,1,1,2,115,142,670242,657756,,,,,,,,,,,,,,,,,,,,,,,,,642851
716359,2023-10-01,4,Top,26,2,1,2,2,115,142,670242,657756,,,,,,,,,,,,,,,,,,,,,,,,,642851
716359,2023-10-01,4,Top,26,3,1,2,2,115,142,670242,657756,,,,,,,,,,,,,,,,,,,,,,,,,642851
716359,2023-10-01,4,Top,26,4,2,2,2,115,142,670242,657756,,,,,,,,,,,,,,,,,,,,,,,,,642851
716359,2023-10-01,4,Top,26,5,2,3,2,115,142,670242,657756,strikeout,Strikeout,Matt Wallner strikes out swinging.,T,,,,,,,,,,670242,,,T,3,Strikeout,strikeout,,,,,642851
716359,2023-10-01,4,Bot,27,0,0,1,0,115,142,453568,641927,,,,,,,,,,,,,,,,,,,,,,,,,680777
716359,2023-10-01,4,Bot,27,1,0,1,0,115,142,453568,641927,field_out,Groundout,Charlie Blackmon grounds out sharply to first baseman Alex Kirilloff.,T,,,,,,,,,,453568,,,T,1,Groundout,field_out,,,,,680777
716359,2023-10-01,4,Bot,28,0,1,0,1,115,142,663898,641927,,,,,,,,,,,,,,,,,,,,,,,,,680777
716359,2023-10-01,4,Bot,28,1,1,1,1,115,142,663898,641927,,,,,,,,,,,,,,,,,,,,,,,,,680777
716359,2023-10-01,4,Bot,28,2,2,1,1,115,142,663898,641927,,,,,,,,,,,,,,,,,,,,,,,,,680777
716359,2023-10-01,4,Bot,28,3,2,2,1,115,142,663898,641927,,,,,,,,,,,,,,,,,,,,,,,,,680777
716359,2023-10-01,4,Bot,28,4,3,2,1,115,142,663898,641927,,,,,,,,,,,,,,,,,,,,,,,,,680777
716359,2023-10-01,4,Bot,28,5,3,2,1,115,142,663898,641927,,,,,,,,,,,,,,,,,,,,,,,,,680777
716359,2023-10-01,4,Bot,28,6,3,2,1,115,142,663898,641927,,,,,,,,,,,,,,,,,,,,,,,,,680777
716359,2023-10-01,4,Bot,28,7,3,2,1,115,142,663898,641927,,,,,,,,,,,,,,,,,,,,,,,,,680777
716359,2023-10-01,4,Bot,28,8,3,3,1,115,142,663898,641927,strikeout,Strikeout,Brendan Rodgers strikes out swinging.,T,,,,,,,,,,663898,,,T,2,Strikeout,strikeout,,,,,680777
716359,2023-10-01,4,Bot,29,0,0,1,2,115,142,666134,641927,,,,,,,,,,,,,,,,,,,,,,,,,680777
716359,2023-10-01,4,Bot,29,1,1,1,2,115,142,666134,641927,,,,,,,,,,,,,,,,,,,,,,,,,680777
716359,2023-10-01,4,Bot,29,2,1,2,2,115,142,666134,641927,,,,,,,,,,,,,,,,,,,,,,,,,680777
716359,2023-10-01,4,Bot,29,3,1,2,2,115,142,666134,641927,,,,,,,,,,,,,,,,,,,,,,,,,680777
716359,2023-10-01,4,Bot,29,4,1,2,2,115,142,666134,641927,,,,,,,,,,,,,,,,,,,,,,,,,680777
716359,2023-10-01,4,Bot,29,5,1,2,2,115,142,666134,641927,home_run,Home Run,Nolan Jones homers (20) on a fly ball to center field.,T,,,,,,,,,,666134,,score,,,Home Run,home_run,,T,T,T,680777
716359,2023-10-01,4,Bot,30,0,1,0,2,115,142,592178,641927,,,,,,,,,,,,,,,,,,,,,,,,,680777
716359,2023-10-01,4,Bot,30,1,1,0,2,115,142,592178,641927,field_out,Flyout,Kris Bryant flies out to right fielder Matt Wallner.,T,,,,,,,,,,592178,,,T,3,Flyout,field_out,,,,,680777
716359,2023-10-01,5,Top,31,0,0,1,0,115,142,456781,657756,,,,,,,,,,,,,,,,,,,,,,,,,642851
716359,2023-10-01,5,Top,31,1,0,2,0,115,142,456781,657756,,,,,,,,,,,,,,,,,,,,,,,,,642851
716359,2023-10-01,5,Top,31,2,0,2,0,115,142,456781,657756,field_out,Groundout,"Donovan Solano grounds out, second baseman Brendan Rodgers to first baseman Elehuris Montero.",T,,,,,,,,,,456781,,,T,1,Groundout,field_out,,,,,642851
716359,2023-10-01,5,Top,32,0,1,0,1,115,142,656669,657756,,,,,,,,,,,,,,,,,,,,,,,,,642851
716359,2023-10-01,5,Top,32,1,2,0,1,115,142,656669,657756,,,,,,,,,,,,,,,,,,,,,,,,,642851
716359,2023-10-01,5,Top,32,2,2,1,1,115,142,656669,657756,,,,,,,,,,,,,,,,,,,,,,,,,642851
716359,2023-10-01,5,Top,32,3,2,2,1,115,142,656669,657756,,,,,,,,,,,,,,,,,,,,,,,,,642851
716359,2023-10-01,5,Top,32,4,3,2,1,115,142,656669,657756,,,,,,,,,,,,,,,,,,,,,,,,,642851
716359,2023-10-01,5,Top,32,5,4,2,1,115,142,656669,657756,walk,Walk,Jordan Luplow walks.,T,,,,,,,,,,656669,,1B,,,Walk,walk,,,,,642851
716359,2023-10-01,5,Top,33,0,1,0,1,115,142,571657,657756,,,,,,,,,,,,,,,,,,,,,,,,,642851
716359,2023-10-01,5,Top,33,1,1,0,1,115,142,571657,657756,,,,,,,,,,,,,,,,,,,,,,,,,642851
716359,2023-10-01,5,Top,33,2,1,1,1,115,142,571657,657756,,,,,,,,,,,,,,,,,,,,,,,,,642851
716359,2023-10-01,5,Top,33,3,1,2,1,115,142,571657,657756,,,,,,,,,,,,,,,,,,,,,,,,,642851
716359,2023-10-01,5,Top,33,4,2,2,1,115,142,571657,657756,,,,,,,,,,,,,,,,,,,,,,,,,642851
716359,2023-10-01,5,Top,33,5,2,2,2,115,142,571657,657756,,,,,,,,,,,,,,,,,,,,,,,,,642851
716359,2023-10-01,5,Top,33,6,2,2,2,115,142,571657,657756,field_out,Groundout,"Kyle Farmer grounds out softly, pitcher Connor Seabold to first baseman Elehuris Montero.",T,,,,,,,,,,656669,1B,,T,2,Runner Out,other_out,r_rundown,,,,642851
716359,2023-10-01,5,Bot,34,0,0,1,0,115,142,641857,641927,,,,,,,,,,,,,,,,,,,,,,,,,680777
716359,2023-10-01,5,Bot,34,1,0,2,0,115,142,641857,641927,,,,,,,,,,,,,,,,,,,,,,,,,680777
716359,2023-10-01,5,Bot,34,2,0,2,0,115,142,641857,641927,,,,,,,,,,,,,,,,,,,,,,,,,680777
716359,2023-10-01,5,Bot,34,3,1,2,0,115,142,641857,641927,,,,,,,,,,,,,,,,,,,,,,,,,680777
716359,2023-10-01,5,Bot,34,4,1,3,0,115,142,641857,641927,strikeout,Strikeout,Ryan McMahon strikes out swinging.,T,,,,,,,,,,641857,,,T,1,Strikeout,strikeout,,,,,680777
716359,2023-10-01,5,Bot,35,0,0,1,1,115,142,660707,641927,,,,,,,,,,,,,,,,,,,,,,,,,680777
716359,2023-10-01,5,Bot,35,1,0,2,1,115,142,660707,641927,,,,,,,,,,,,,,,,,,,,,,,,,680777
716359,2023-10-01,5,Bot,35,2,0,2,1,115,142,660707,641927,,,,,,,,,,,,,,,,,,,,,,,,,680777
716359,2023-10-01,5,Bot,35,3,0,2,1,115,142,660707,641927,,,,,,,,,,,,,,,,,,,,,,,,,680777
716359,2023-10-01,5,Bot,35,4,0,3,1,115,142,660707,641927,strikeout,Strikeout,Elehuris Montero strikes out swinging.,T,,,,,,,,,,660707,,,T,2,Strikeout,strikeout,,,,,680777
716359,2023-10-01,5,Bot,36,0,0,1,2,115,142,678662,641927,,,,,,,,,,,,,,,,,,,,,,,,,680777
716359,2023-10-01,5,Bot,36,1,0,1,2,115,142,678662,641927,field_out,Groundout,"Ezequiel Tovar grounds out, third baseman Donovan Solano to first baseman Alex Kirilloff.",T,,,,,,,,,,678662,,,T,3,Groundout,field_out,,,,,680777
716359,2023-10-01,6,Top,37,0,0,0,0,115,142,663616,683232,,,,,,,,,,,,,,,,,,,,,,,,,642851
716359,2023-10-01,6,Top,37,1,0,0,0,115,142,663616,683232,,,,,,,,,,,,,,,,,,,,,,,,,642851
716359,2023-10-01,6,Top,37,2,0,1,0,115,142,663616,683232,,,,,,,,,,,,,,,,,,,,,,,,,642851
716359,2023-10-01,6,Top,37,3,0,2,0,115,142,663616,683232,,,,,,,,,,,,,,,,,,,,,,,,,642851
716359,2023-10-01,6,Top,37,4,0,2,0,115,142,663616,683232,,,,,,,,,,,,,,,,,,,,,,,,,642851
716359,2023-10-01,6,Top,37,5,0,2,0,115,142,663616,683232,,,,,,,,,,,,,,,,,,,,,,,,,642851
716359,2023-10-01,6,Top,37,6,1,2,0,115,142,663616,683232,,,,,,,,,,,,,,,,,,,,,,,,,642851
716359,2023-10-01,6,Top,37,7,2,2,0,115,142,663616,683232,,,,,,,,,,,,,,,,,,,,,,,,,642851
716359,2023-10-01,6,Top,37,8,2,3,0,115,142,663616,683232,strikeout,Strikeout,Trevor Larnach strikes out swinging.,T,,,,,,,,,,663616,,,T,1,Strikeout,strikeout,,,,,642851
716359,2023-10-01,6,Top,38,0,0,1,1,115,142,680777,683232,,,,,,,,,,,,,,,,,,,,,,,,,642851
716359,2023-10-01,6,Top,38,1,1,1,1,115,142,680777,683232,,,,,,,,,,,,,,,,,,,,,,,,,642851
716359,2023-10-01,6,Top,38,2,1,2,1,115,142,680777,683232,,,,,,,,,,,,,,,,,,,,,,,,,642851
716359,2023-10-01,6,Top,38,3,1,2,1,115,142,680777,683232,,,,,,,,,,,,,,,,,,,,,,,,,642851
716359,2023-10-01,6,Top,38,4,1,3,1,115,142,680777,683232,strikeout,Strikeout,Ryan Jeffers called out on strikes.,T,,,,,,,,,,680777,,,T,2,Strikeout,strikeout,,,,,642851
716359,2023-10-01,6,Top,39,0,1,0,2,115,142,666397,683232,,,,,,,,,,,,,,,,,,,,,,,,,642851
716359,2023-10-01,6,Top,39,1,2,0,2,115,142,666397,683232,,,,,,,,,,,,,,,,,,,,,,,,,642851
716359,2023-10-01,6,Top,39,2,2,1,2,115,142,666397,683232,,,,,,,,,,,,,,,,,,,,,,,,,642851
716359,2023-10-01,6,Top,39,3,3,1,2,115,142,666397,683232,,,,,,,,,,,,,,,,,,,,,,,,,642851
716359,2023-10-01,6,Top,39,4,4,1,2,115,142,666397,683232,walk,Walk,Edouard Julien walks.,T,,,,,,,,,,666397,,1B,,,Walk,walk,,,,,642851
716359,2023-10-01,6,Top,40,0,1,0,2,115,142,650489,683232,,,,,,,,,,,,,,,,,,,,,,,,,642851
716359,2023-10-01,6,Top,40,1,2,0,2,115,142,650489,683232,,,,,,,,,,,,,,,,,,,,,,,,,642851
716359,2023-10-01,6,Top,40,2,3,0,2,115,142,650489,683232,,,,,,,,,,,,,,,,,,,,,,,,,642851
716359,2023-10-01,6,Top,40,3,4,0,2,115,142,650489,683232,walk,Walk,Willi Castro walks. Edouard Julien to 2nd.,T,,,,,,,,,,666397,1B,2B,,,Walk,walk,r_adv_force,,,,642851
716359,2023-10-01,6,Top,41,0,0,0,2,115,142,666135,683232,,,,,,,,,,,,,,,,,,,,,,,,,642851
716359,2023-10-01,6,Top,41,1,1,0,2,115,142,666135,683232,,,,,,,,,,,,,,,,,,,,,,,,,642851
716359,2023-10-01,6,Top,41,2,1,0,2,115,142,666135,683232,field_out,Groundout,"Alex Kirilloff grounds out, second baseman Brendan Rodgers to first baseman Elehuris Montero.",T,,,,,,,,,,666135,,,T,3,Groundout,field_out,,,,,642851
716359,2023-10-01,6,Bot,42,0,0,0,0,115,142,642851,641927,,,,,,,,,,,,,,,,,,,,,,,,,680777
716359,2023-10-01,6,Bot,42,1,0,0,0,115,142,642851,641927,,,,,,,,,,,,,,,,,,,,,,,,,680777
716359,2023-10-01,6,Bot,42,2,0,0,0,115,142,642851,641927,,,,,,,,,,,,,,,,,,,,,,,,,680777
716359,2023-10-01,6,Bot,42,3,0,0,0,115,142,642851,641927,,,,,,,,,,,,,,,,,,,,,,,,,680777
716359,2023-10-01,6,Bot,42,4,0,0,0,115,142,642851,641927,,,,,,,,,,,,,,,,,,,,,,,,,680777
716359,2023-10-01,6,Bot,42,5,0,1,0,115,142,642851,641927,,,,,,,,,,,,,,,,,,,,,,,,,680777
716359,2023-10-01,6,Bot,42,6,0,2,0,115,142,642851,641927,,,,,,,,,,,,,,,,,,,,,,,,,680777
716359,2023-10-01,6,Bot,42,7,0,2,0,115,142,642851,641927,,,,,,,,,,,,,,,,,,,,,,,,,680777
716359,2023-10-01,6,Bot,42,8,0,2,0,115,142,642851,641927,,,,,,,,,,,,,,,,,,,,,,,,,680777
716359,2023-10-01,6,Bot,42,9,1,2,0,115,142,642851,641927,,,,,,,,,,,,,,,,,,,,,,,,,680777
716359,2023-10-01,6,Bot,42,10,2,2,0,115,142,642851,641927,,,,,,,,,,,,,,,,,,,,,,,,,680777
716359,2023-10-01,6,Bot,42,11,2,2,0,115,142,642851,641927,,,,,,,,,,,,,,,,,,,,,,,,,680777
716359,2023-10-01,6,Bot,42,12,3,2,0,115,142,642851,641927,,,,,,,,,,,,,,,,,,,,,,,,,680777
716359,2023-10-01,6,Bot,42,13,3,2,0,115,142,642851,641927,,,,,,,,,,,,,,,,,,,,,,,,,680777
716359,2023-10-01,6,Bot,42,14,3,2,0,115,142,642851,641927,field_out,Groundout,"Austin Wynns grounds out, second baseman Edouard Julien to first baseman Christian Vazquez.",T,,,,,,,,,,642851,,,T,1,Groundout,field_out,,,,,680777
716359,2023-10-01,6,Bot,43,0,0,0,1,115,142,686668,641927,single,Single,"Brenton Doyle singles on a soft bunt ground ball to third baseman Donovan Solano. Brenton Doyle to 2nd. Brenton Doyle advances to 2nd, on a throwing error by third baseman Donovan Solano.",T,,,,,,,,,,686668,,1B,,,Single,single,,,,,680777
716359,2023-10-01,6,Bot,44,0,0,0,1,115,142,453568,641927,,,,,,,,,,,,,,,,,,,,,,,,,680777
716359,2023-10-01,6,Bot,44,1,0,0,1,115,142,453568,641927,field_out,Groundout,"Charlie Blackmon grounds out, second baseman Edouard Julien to first baseman Christian Vazquez. Brenton Doyle to 3rd.",T,,,,,,,,,,453568,,,T,2,Groundout,field_out,,,,,680777
716359,2023-10-01,6,Bot,45,0,1,0,2,115,142,663898,641927,,,,,,,,,,,,,,,,,,,,,,,,,680777
716359,2023-10-01,6,Bot,45,1,1,1,2,115,142,663898,641927,,,,,,,,,,,,,,,,,,,,,,,,,680777
716359,2023-10-01,6,Bot,45,2,1,1,2,115,142,663898,641927,field_out,Flyout,Brendan Rodgers flies out to center fielder Andrew Stevenson.,T,,,,,,,,,,663898,,,T,3,Flyout,field_out,,,,,680777
716359,2023-10-01,7,Top,46,0,0,0,0,115,142,664057,656234,,,,,,,,,,,,,,,,,,,,,,,,,642851
716359,2023-10-01,7,Top,46,1,0,1,0,115,142,664057,656234,,,,,,,,,,,,,,,,,,,,,,,,,642851
716359,2023-10-01,7,Top,46,2,1,1,0,115,142,664057,656234,,,,,,,,,,,,,,,,,,,,,,,,,642851
716359,2023-10-01,7,Top,46,3,1,1,0,115,142,664057,656234,field_out,Groundout,Andrew Stevenson grounds out to first baseman Elehuris Montero.,T,,,,,,,,,,664057,,,T,1,Groundout,field_out,,,,,642851
716359,2023-10-01,7,Top,47,0,1,0,1,115,142,456781,656234,,,,,,,,,,,,,,,,,,,,,,,,,642851
716359,2023-10-01,7,Top,47,1,1,0,1,115,142,456781,656234,single,Single,Donovan Solano singles on a line drive to right fielder Charlie Blackmon.,T,,,,,,,,,,456781,,1B,,,Single,single,,,,,642851
716359,2023-10-01,7,Top,48,0,0,1,1,115,142,656669,656234,,,,,,,,,,,,,,,,,,,,,,,,,642851
716359,2023-10-01,7,Top,48,1,0,2,1,115,142,656669,656234,,,,,,,,,,,,,,,,,,,,,,,,,642851
716359,2023-10-01,7,Top,48,2,0,2,1,115,142,656669,656234,,,,,,,,,,,,,,,,,,,,,,,,,642851
716359,2023-10-01,7,Top,48,3,0,2,1,115,142,656669,656234,,,,,,,,,,,,,,,,,,,,,,,,,642851
716359,2023-10-01,7,Top,48,4,0,3,1,115,142,656669,656234,strikeout,Strikeout,Jordan Luplow called out on strikes.,T,,,,,,,,,,656669,,,T,2,Strikeout,strikeout,,,,,642851
716359,2023-10-01,7,Top,49,0,0,1,2,115,142,571657,656234,,,,,,,,,,,,,,,,,,,,,,,,,642851
716359,2023-10-01,7,Top,49,1,1,1,2,115,142,571657,656234,,,,,,,,,,,,,,,,,,,,,,,,,642851
716359,2023-10-01,7,Top,49,2,2,1,2,115,142,571657,656234,,,,,,,,,,,,,,,,,,,,,,,,,642851
716359,2023-10-01,7,Top,49,3,3,1,2,115,142,571657,656234,,,,,,,,,,,,,,,,,,,,,,,,,642851
716359,2023-10-01,7,Top,49,4,4,1,2,115,142,571657,656234,walk,Walk,Kyle Farmer walks. Donovan Solano to 2nd.,T,,,,,,,,,,456781,1B,2B,,,Walk,walk,r_adv_force,,,,642851
716359,2023-10-01,7,Top,50,0,1,0,2,115,142,663616,656234,,,,,,,,,,,,,,,,,,,,,,,,,642851
716359,2023-10-01,7,Top,50,1,1,1,2,115,142,663616,656234,,,,,,,,,,,,,,,,,,,,,,,,,642851
716359,2023-10-01,7,Top,50,2,1,2,2,115,142,663616,656234,,,,,,,,,,,,,,,,,,,,,,,,,642851
716359,2023-10-01,7,Top,50,3,1,2,2,115,142,663616,656234,,,,,,,,,,,,,,,,,,,,,,,,,642851
716359,2023-10-01,7,Top,50,4,2,2,2,115,142,663616,656234,,,,,,,,,,,,,,,,,,,,,,,,,642851
716359,2023-10-01,7,Top,50,5,2,2,2,115,142,663616,656234,,,,,,,,,,,,,,,,,,,,,,,,,642851
716359,2023-10-01,7,Top,50,6,2,2,2,115,142,663616,656234,,,,,,,,,,,,,,,,,,,,,,,,,642851
716359,2023-10-01,7,Top,50,7,2,3,2,115,142,663616,656234,strikeout,Strikeout,Trevor Larnach called out on strikes.,T,,,,,,,,,,663616,,,T,3,Strikeout,strikeout,,,,,642851
716359,2023-10-01,7,Bot,51,0,1,0,0,115,142,666134,641927,,,,,,,,,,,,,,,,,,,,,,,,,680777
716359,2023-10-01,7,Bot,51,1,1,1,0,115,142,666134,641927,,,,,,,,,,,,,,,,,,,,,,,,,680777
716359,2023-10-01,7,Bot,51,2,1,1,0,115,142,666134,641927,,,,,,,,,,,,,,,,,,,,,,,,,680777
716359,2023-10-01,7,Bot,51,3,1,2,0,115,142,666134,641927,,,,,,,,,,,,,,,,,,,,,,,,,680777
716359,2023-10-01,7,Bot,51,4,2,2,0,115,142,666134,641927,,,,,,,,,,,,,,,,,,,,,,,,,680777
716359,2023-10-01,7,Bot,51,5,3,2,0,115,142,666134,641927,,,,,,,,,,,,,,,,,,,,,,,,,680777
716359,2023-10-01,7,Bot,51,6,3,2,0,115,142,666134,641927,,,,,,,,,,,,,,,,,,,,,,,,,680777
716359,2023-10-01,7,Bot,51,7,3,3,0,115,142,666134,641927,strikeout,Strikeout,Nolan Jones strikes out swinging.,T,,,,,,,,,,666134,,,T,1,Strikeout,strikeout,,,,,680777
716359,2023-10-01,7,Bot,52,0,1,0,1,115,142,592178,641927,,,,,,,,,,,,,,,,,,,,,,,,,680777
716359,2023-10-01,7,Bot,52,1,2,0,1,115,142,592178,641927,,,,,,,,,,,,,,,,,,,,,,,,,680777
716359,2023-10-01,7,Bot,52,2,2,1,1,115,142,592178,641927,,,,,,,,,,,,,,,,,,,,,,,,,680777
716359,2023-10-01,7,Bot,52,3,2,2,1,115,142,592178,641927,,,,,,,,,,,,,,,,,,,,,,,,,680777
716359,2023-10-01,7,Bot,52,4,3,2,1,115,142,592178,641927,,,,,,,,,,,,,,,,,,,,,,,,,680777
716359,2023-10-01,7,Bot,52,5,3,3,1,115,142,592178,641927,strikeout,Strikeout,Kris Bryant strikes out swinging.,T,,,,,,,,,,592178,,,T,2,Strikeout,strikeout,,,,,680777
716359,2023-10-01,7,Bot,53,0,0,0,2,115,142,641857,592779,,,,,,,,,,,,,,,,,,,,,,,,,680777
716359,2023-10-01,7,Bot,53,1,0,0,2,115,142,641857,592779,,,,,,,,,,,,,,,,,,,,,,,,,680777
716359,2023-10-01,7,Bot,53,2,1,0,2,115,142,641857,592779,,,,,,,,,,,,,,,,,,,,,,,,,680777
716359,2023-10-01,7,Bot,53,3,2,0,2,115,142,641857,592779,,,,,,,,,,,,,,,,,,,,,,,,,680777
716359,2023-10-01,7,Bot,53,4,2,1,2,115,142,641857,592779,,,,,,,,,,,,,,,,,,,,,,,,,680777
716359,2023-10-01,7,Bot,53,5,2,2,2,115,142,641857,592779,,,,,,,,,,,,,,,,,,,,,,,,,680777
716359,2023-10-01,7,Bot,53,6,2,3,2,115,142,641857,592779,strikeout,Strikeout,Ryan McMahon strikes out swinging.,T,,,,,,,,,,641857,,,T,3,Strikeout,strikeout,,,,,680777
716359,2023-10-01,8,Top,54,0,0,0,0,115,142,680777,664875,,,,,,,,,,,,,,,,,,,,,,,,,642851
716359,2023-10-01,8,Top,54,1,1,0,0,115,142,680777,664875,,,,,,,,,,,,,,,,,,,,,,,,,642851
716359,2023-10-01,8,Top,54,2,1,0,0,115,142,680777,664875,single,Single,"Ryan Jeffers singles on a sharp line drive to left fielder Nolan Jones. Ryan Jeffers out at 2nd on the throw, left fielder Nolan Jones to second baseman Brendan Rodgers.",T,,,,,,,,,,680777,,1B,,,Single,single,,,,,642851
716359,2023-10-01,8,Top,55,0,0,1,1,115,142,666397,664875,,,,,,,,,,,,,,,,,,,,,,,,,642851
716359,2023-10-01,8,Top,55,1,0,2,1,115,142,666397,664875,,,,,,,,,,,,,,,,,,,,,,,,,642851
716359,2023-10-01,8,Top,55,2,0,2,1,115,142,666397,664875,,,,,,,,,,,,,,,,,,,,,,,,,642851
716359,2023-10-01,8,Top,55,3,0,3,1,115,142,666397,664875,strikeout,Strikeout,Edouard Julien strikes out swinging.,T,,,,,,,,,,666397,,,T,2,Strikeout,strikeout,,,,,642851
716359,2023-10-01,8,Top,56,0,0,1,2,115,142,650489,664875,,,,,,,,,,,,,,,,,,,,,,,,,642851
716359,2023-10-01,8,Top,56,1,1,1,2,115,142,650489,664875,,,,,,,,,,,,,,,,,,,,,,,,,642851
716359,2023-10-01,8,Top,56,2,1,2,2,115,142,650489,664875,,,,,,,,,,,,,,,,,,,,,,,,,642851
716359,2023-10-01,8,Top,56,3,2,2,2,115,142,650489,664875,,,,,,,,,,,,,,,,,,,,,,,,,642851
716359,2023-10-01,8,Top,56,4,3,2,2,115,142,650489,664875,,,,,,,,,,,,,,,,,,,,,,,,,642851
716359,2023-10-01,8,Top,56,5,4,2,2,115,142,650489,664875,walk,Walk,Willi Castro walks.,T,,,,,,,,,,650489,,1B,,,Walk,walk,,,,,642851
716359,2023-10-01,8,Top,57,0,1,0,2,115,142,543877,664875,,,,,,,,,,,,,,,,,,,,,,,,,642851
716359,2023-10-01,8,Top,57,1,1,0,2,115,142,543877,664875,,,,,,,,,,,,,,,,,,,,,,,,,642851
716359,2023-10-01,8,Top,57,2,1,1,2,115,142,543877,664875,,,,,,,,,,,,,,,,,,,,,,,,,642851
716359,2023-10-01,8,Top,57,3,1,2,2,115,142,543877,664875,,,,,,,,,,,,,,,,,,,,,,,,,642851
716359,2023-10-01,8,Top,57,4,2,2,2,115,142,543877,664875,,,,,,,,,,,,,,,,,,,,,,,,,642851
716359,2023-10-01,8,Top,57,5,2,3,2,115,142,543877,664875,strikeout,Strikeout,Christian Vazquez strikes out swinging.,T,,,,,,,,,,543877,,,T,3,Strikeout,strikeout,,,,,642851
716359,2023-10-01,8,Bot,58,0,0,0,0,115,142,660707,660896,,,,,,,,,,,,,,,,,,,,,,,,,680777
716359,2023-10-01,8,Bot,58,1,1,0,0,115,142,660707,660896,,,,,,,,,,,,,,,,,,,,,,,,,680777
716359,2023-10-01,8,Bot,58,2,1,1,0,115,142,660707,660896,,,,,,,,,,,,,,,,,,,,,,,,,680777
716359,2023-10-01,8,Bot,58,3,2,1,0,115,142,660707,660896,,,,,,,,,,,,,,,,,,,,,,,,,680777
716359,2023-10-01,8,Bot,58,4,3,1,0,115,142,660707,660896,,,,,,,,,,,,,,,,,,,,,,,,,680777
716359,2023-10-01,8,Bot,58,5,3,2,0,115,142,660707,660896,,,,,,,,,,,,,,,,,,,,,,,,,680777
716359,2023-10-01,8,Bot,58,6,3,2,0,115,142,660707,660896,,,,,,,,,,,,,,,,,,,,,,,,,680777
716359,2023-10-01,8,Bot,58,7,3,3,0,115,142,660707,660896,strikeout,Strikeout,Elehuris Montero strikes out on a foul tip.,T,,,,,,,,,,660707,,,T,1,Strikeout,strikeout,,,,,680777
716359,2023-10-01,8,Bot,59,0,0,1,1,115,142,678662,660896,,,,,,,,,,,,,,,,,,,,,,,,,680777
716359,2023-10-01,8,Bot,59,1,1,1,1,115,142,678662,660896,,,,,,,,,,,,,,,,,,,,,,,,,680777
716359,2023-10-01,8,Bot,59,2,2,1,1,115,142,678662,660896,,,,,,,,,,,,,,,,,,,,,,,,,680777
716359,2023-10-01,8,Bot,59,3,3,1,1,115,142,678662,660896,,,,,,,,,,,,,,,,,,,,,,,,,680777
716359,2023-10-01,8,Bot,59,4,3,2,1,115,142,678662,660896,,,,,,,,,,,,,,,,,,,,,,,,,680777
716359,2023-10-01,8,Bot,59,5,3,2,1,115,142,678662,660896,,,,,,,,,,,,,,,,,,,,,,,,,680777
716359,2023-10-01,8,Bot,59,6,3,3,1,115,142,678662,660896,strikeout,Strikeout,Ezequiel Tovar strikes out swinging.,T,,,,,,,,,,678662,,,T,2,Strikeout,strikeout,,,,,680777
716359,2023-10-01,8,Bot,60,0,0,0,2,115,142,656248,660896,,,,,,,,,,,,,,,,,,,,,,,,,680777
716359,2023-10-01,8,Bot,60,1,1,0,2,115,142,656248,660896,,,,,,,,,,,,,,,,,,,,,,,,,680777
716359,2023-10-01,8,Bot,60,2,2,0,2,115,142,656248,660896,,,,,,,,,,,,,,,,,,,,,,,,,680777
716359,2023-10-01,8,Bot,60,3,2,1,2,115,142,656248,660896,,,,,,,,,,,,,,,,,,,,,,,,,680777
716359,2023-10-01,8,Bot,60,4,3,1,2,115,142,656248,660896,,,,,,,,,,,,,,,,,,,,,,,,,680777
716359,2023-10-01,8,Bot,60,5,3,2,2,115,142,656248,660896,,,,,,,,,,,,,,,,,,,,,,,,,680777
716359,2023-10-01,8,Bot,60,6,3,2,2,115,142,656248,660896,home_run,Home Run,Sean Bouchard homers (4) on a fly ball to left field.,T,,,,,,,,,,656248,,score,,,Home Run,home_run,,T,T,T,680777
716359,2023-10-01,8,Bot,61,0,1,0,2,115,142,686668,660896,,,,,,,,,,,,,,,,,,,,,,,,,680777
716359,2023-10-01,8,Bot,61,1,1,1,2,115,142,686668,660896,,,,,,,,,,,,,,,,,,,,,,,,,680777
716359,2023-10-01,8,Bot,61,2,1,2,2,115,142,686668,660896,,,,,,,,,,,,,,,,,,,,,,,,,680777
716359,2023-10-01,8,Bot,61,3,1,3,2,115,142,686668,660896,strikeout,Strikeout,Brenton Doyle strikes out swinging.,T,,,,,,,,,,686668,,,T,3,Strikeout,strikeout,,,,,680777
716359,2023-10-01,9,Top,62,0,0,0,0,115,142,664057,641755,,,,,,,,,,,,,,,,,,,,,,,,,642851
716359,2023-10-01,9,Top,62,1,0,0,0,115,142,664057,641755,,,,,,,,,,,,,,,,,,,,,,,,,642851
716359,2023-10-01,9,Top,62,2,0,1,0,115,142,664057,641755,,,,,,,,,,,,,,,,,,,,,,,,,642851
716359,2023-10-01,9,Top,62,3,0,1,0,115,142,664057,641755,field_out,Groundout,"Andrew Stevenson grounds out, first baseman Elehuris Montero to pitcher Tyler Kinley.",T,,,,,,,,,,664057,,,T,1,Groundout,field_out,,,,,642851
716359,2023-10-01,9,Top,63,0,0,1,1,115,142,456781,641755,,,,,,,,,,,,,,,,,,,,,,,,,642851
716359,2023-10-01,9,Top,63,1,0,1,1,115,142,456781,641755,single,Single,Donovan Solano singles on a fly ball to right fielder Charlie Blackmon.,T,,,,,,,,,,456781,,1B,,,Single,single,,,,,642851
716359,2023-10-01,9,Top,64,0,0,1,1,115,142,656669,641755,,,,,,,,,,,,,,,,,,,,,,,,,642851
716359,2023-10-01,9,Top,64,1,0,2,1,115,142,656669,641755,,,,,,,,,,,,,,,,,,,,,,,,,642851
716359,2023-10-01,9,Top,64,2,0,2,1,115,142,656669,641755,,,,,,,,,,,,,,,,,,,,,,,,,642851
716359,2023-10-01,9,Top,64,3,0,2,1,115,142,656669,641755,field_out,Flyout,Jordan Luplow flies out to center fielder Brenton Doyle.,T,,,,,,,,,,656669,,,T,2,Flyout,field_out,,,,,642851
716359,2023-10-01,9,Top,65,0,0,1,2,115,142,571657,641755,,,,,,,,,,,,,,,,,,,,,,,,,642851
716359,2023-10-01,9,Top,65,1,1,1,2,115,142,571657,641755,,,,,,,,,,,,,,,,,,,,,,,,,642851
716359,2023-10-01,9,Top,65,2,1,2,2,115,142,571657,641755,,,,,,,,,,,,,,,,,,,,,,,,,642851
716359,2023-10-01,9,Top,65,3,1,3,2,115,142,571657,641755,strikeout,Strikeout,Kyle Farmer strikes out swinging.,T,,,,,,,,,,571657,,,T,3,Strikeout,strikeout,,,,,642851
716359,2023-10-01,9,Bot,66,0,0,0,0,115,142,453568,660896,,,,,,,,,,,,,,,,,,,,,,,,,680777
716359,2023-10-01,9,Bot,66,1,0,0,0,115,142,453568,660896,,,,,,,,,,,,,,,,,,,,,,,,,680777
716359,2023-10-01,9,Bot,66,2,0,1,0,115,142,453568,660896,,,,,,,,,,,,,,,,,,,,,,,,,680777
716359,2023-10-01,9,Bot,66,3,0,1,0,115,142,453568,660896,field_out,Flyout,Charlie Blackmon flies out to left fielder Willi Castro.,T,,,,,,,,,,453568,,,T,1,Flyout,field_out,,,,,680777
716359,2023-10-01,9,Bot,67,0,0,1,1,115,142,663898,660896,,,,,,,,,,,,,,,,,,,,,,,,,680777
716359,2023-10-01,9,Bot,67,1,0,2,1,115,142,663898,660896,,,,,,,,,,,,,,,,,,,,,,,,,680777
716359,2023-10-01,9,Bot,67,2,0,3,1,115,142,663898,660896,strikeout,Strikeout,Brendan Rodgers strikes out swinging.,T,,,,,,,,,,663898,,,T,2,Strikeout,strikeout,,,,,680777
716359,2023-10-01,9,Bot,68,0,1,0,2,115,142,666134,660896,,,,,,,,,,,,,,,,,,,,,,,,,680777
716359,2023-10-01,9,Bot,68,1,2,0,2,115,142,666134,660896,,,,,,,,,,,,,,,,,,,,,,,,,680777
716359,2023-10-01,9,Bot,68,2,3,0,2,115,142,666134,660896,,,,,,,,,,,,,,,,,,,,,,,,,680777
716359,2023-10-01,9,Bot,68,3,3,1,2,115,142,666134,660896,,,,,,,,,,,,,,,,,,,,,,,,,680777
716359,2023-10-01,9,Bot,68,4,3,1,2,115,142,666134,660896,,,,,,,,,,,,,,,,,,,,,,,,,680777
716359,2023-10-01,9,Bot,68,5,4,1,2,115,142,666134,660896,walk,Walk,Nolan Jones walks.,T,,,,,,,,,,666134,,1B,,,Walk,walk,,,,,680777
716359,2023-10-01,9,Bot,69,0,1,0,2,115,142,592178,660896,,,,,,,,,,,,,,,,,,,,,,,,,680777
716359,2023-10-01,9,Bot,69,1,1,0,2,115,142,592178,660896,,,,,,,,,,,,,,,,,,,,,,,,,680777
716359,2023-10-01,9,Bot,69,2,1,1,2,115,142,592178,660896,,,,,,,,,,,,,,,,,,,,,,,,,680777
716359,2023-10-01,9,Bot,69,3,2,1,2,115,142,592178,660896,,,,,,,,,,,,,,,,,,,,,,,,,680777
716359,2023-10-01,9,Bot,69,4,3,1,2,115,142,592178,660896,,,,,,,,,,,,,,,,,,,,,,,,,680777
716359,2023-10-01,9,Bot,69,5,3,1,2,115,142,592178,660896,,,,,,,,,,,,,,,,,,,,,,,,,680777
716359,2023-10-01,9,Bot,69,6,4,1,2,115,142,592178,660896,walk,Walk,Kris Bryant walks.,T,T,,,,,,,,,666134,1B,2B,,,Stolen Base 2B,stolen_base_2b,r_stolen_base_2b,,,,680777
716359,2023-10-01,9,Bot,70,0,0,0,2,115,142,641857,660896,,,,,,,,,,,,,,,,,,,,,,,,,680777
716359,2023-10-01,9,Bot,70,1,0,0,2,115,142,641857,660896,field_out,Groundout,"Ryan McMahon grounds out, third baseman Donovan Solano to first baseman Edouard Julien.",T,,,,,,,,,,641857,,,T,3,Groundout,field_out,,,,,680777
716359,2023-10-01,10,Top,71,0,0,0,0,115,142,663616,571863,,,,,,,,,,,,,,,,,,,,,,,,,642851
716359,2023-10-01,10,Top,71,1,0,0,0,115,142,663616,571863,,,,,,,,,,,,,,,,,,,,,,,,,642851
716359,2023-10-01,10,Top,71,2,1,0,0,115,142,663616,571863,,,,,,,,,,,,,,,,,,,,,,,,,642851
716359,2023-10-01,10,Top,71,3,2,0,0,115,142,663616,571863,,,,,,,,,,,,,,,,,,,,,,,,,642851
716359,2023-10-01,10,Top,71,4,2,1,0,115,142,663616,571863,,,,,,,,,,,,,,,,,,,,,,,,,642851
716359,2023-10-01,10,Top,71,5,2,2,0,115,142,663616,571863,,,,,,,,,,,,,,,,,,,,,,,,,642851
716359,2023-10-01,10,Top,71,6,2,3,0,115,142,663616,571863,strikeout,Strikeout,Trevor Larnach called out on strikes.,T,,,,,,,,,,663616,,,T,1,Strikeout,strikeout,,,,,642851
716359,2023-10-01,10,Top,72,0,0,1,1,115,142,680777,571863,,,,,,,,,,,,,,,,,,,,,,,,,642851
716359,2023-10-01,10,Top,72,1,1,1,1,115,142,680777,571863,,,,,,,,,,,,,,,,,,,,,,,,,642851
716359,2023-10-01,10,Top,72,2,2,1,1,115,142,680777,571863,,,,,,,,,,,,,,,,,,,,,,,,,642851
716359,2023-10-01,10,Top,72,3,2,2,1,115,142,680777,571863,,,,,,,,,,,,,,,,,,,,,,,,,642851
716359,2023-10-01,10,Top,72,4,2,2,1,115,142,680777,571863,,,,,,,,,,,,,,,,,,,,,,,,,642851
716359,2023-10-01,10,Top,72,5,2,2,1,115,142,680777,571863,,,,,,,,,,,,,,,,,,,,,,,,,642851
716359,2023-10-01,10,Top,72,6,2,2,1,115,142,680777,571863,field_out,Groundout,"Ryan Jeffers grounds out, third baseman Ryan McMahon to first baseman Elehuris Montero. Kyle Farmer to 3rd.",T,,,,,,,,,,680777,,,T,2,Groundout,field_out,,,,,642851
716359,2023-10-01,10,Top,73,0,0,1,2,115,142,666397,571863,,,,,,,,,,,,,,,,,,,,,,,,,642851
716359,2023-10-01,10,Top,73,1,1,1,2,115,142,666397,571863,,,,,,,,,,,,,,,,,,,,,,,,,642851
716359,2023-10-01,10,Top,73,2,2,1,2,115,142,666397,571863,,,,,,,,,,,,,,,,,,,,,,,,,642851
716359,2023-10-01,10,Top,73,3,2,2,2,115,142,666397,571863,,,,,,,,,,,,,,,,,,,,,,,,,642851
716359,2023-10-01,10,Top,73,4,2,2,2,115,142,666397,571863,field_out,Flyout,Edouard Julien flies out to center fielder Brenton Doyle.,T,,,,,,,,,,666397,,,T,3,Flyout,field_out,,,,,642851
716359,2023-10-01,10,Bot,74,0,0,0,0,115,142,660707,681892,,,,,,,,,,,,,,,,,,,,,,,,,680777
716359,2023-10-01,10,Bot,74,1,0,0,0,115,142,660707,681892,,,,,,,,,,,,,,,,,,,,,,,,,680777
716359,2023-10-01,10,Bot,74,2,0,1,0,115,142,660707,681892,,,,,,,,,,,,,,,,,,,,,,,,,680777
716359,2023-10-01,10,Bot,74,3,1,1,0,115,142,660707,681892,,,,,,,,,,,,,,,,,,,,,,,,,680777
716359,2023-10-01,10,Bot,74,4,1,2,0,115,142,660707,681892,,,,,,,,,,,,,,,,,,,,,,,,,680777
716359,2023-10-01,10,Bot,74,5,2,2,0,115,142,660707,681892,,,,,,,,,,,,,,,,,,,,,,,,,680777
716359,2023-10-01,10,Bot,74,6,2,3,0,115,142,660707,681892,strikeout,Strikeout,Elehuris Montero strikes out swinging.,T,,,,,,,,,,660707,,,T,1,Strikeout,strikeout,,,,,680777
716359,2023-10-01,10,Bot,75,0,0,1,1,115,142,678662,681892,,,,,,,,,,,,,,,,,,,,,,,,,680777
716359,2023-10-01,10,Bot,75,1,0,2,1,115,142,678662,681892,,,,,,,,,,,,,,,,,,,,,,,,,680777
716359,2023-10-01,10,Bot,75,2,0,2,1,115,142,678662,681892,,,,,,,,,,,,,,,,,,,,,,,,,680777
716359,2023-10-01,10,Bot,75,3,0,3,1,115,142,678662,681892,strikeout,Strikeout,Ezequiel Tovar called out on strikes.,T,,,,,,,,,,678662,,,T,2,Strikeout,strikeout,,,,,680777
716359,2023-10-01,10,Bot,76,0,1,0,2,115,142,553869,681892,,,,,,,,,,,,,,,,,,,,,,,,,680777
716359,2023-10-01,10,Bot,76,1,2,0,2,115,142,553869,681892,,,,,,,,,,,,,,,,,,,,,,,,,680777
716359,2023-10-01,10,Bot,76,2,2,0,2,115,142,553869,681892,single,Single,Elias Diaz singles on a ground ball to shortstop Kyle Farmer. Ryan McMahon to 3rd.,T,,,,,,,,,,553869,,1B,,,Single,single,,,,,680777
716359,2023-10-01,10,Bot,77,0,0,1,2,115,142,686668,681892,,,,,,,,,,,,,,,,,,,,,,,,,680777
716359,2023-10-01,10,Bot,77,1,0,2,2,115,142,686668,681892,,,,,,,,,,,,,,,,,,,,,,,,,680777
716359,2023-10-01,10,Bot,77,2,0,2,2,115,142,686668,681892,,,,,,,,,,,,,,,,,,,,,,,,,680777
716359,2023-10-01,10,Bot,77,3,0,3,2,115,142,686668,681892,strikeout,Strikeout,Brenton Doyle strikes out swinging.,T,,,,,,,,,,686668,,,T,3,Strikeout,strikeout,,,,,680777
716359,2023-10-01,11,Top,78,0,0,0,0,115,142,650489,668970,,,,,,,,,,,,,,,,,,,,,,,,,642851
716359,2023-10-01,11,Top,78,1,0,0,0,115,142,650489,668970,,,,,,,,,,,,,,,,,,,,,,,,,642851
716359,2023-10-01,11,Top,78,2,1,0,0,115,142,650489,668970,,,,,,,,,,,,,,,,,,,,,,,,,642851
716359,2023-10-01,11,Top,78,3,1,1,0,115,142,650489,668970,,,,,,,,,,,,,,,,,,,,,,,,,642851
716359,2023-10-01,11,Top,78,4,1,2,0,115,142,650489,668970,,,,,,,,,,,,,,,,,,,,,,,,,642851
716359,2023-10-01,11,Top,78,5,1,2,0,115,142,650489,668970,,,,,,,,,,,,,,,,,,,,,,,,,642851
716359,2023-10-01,11,Top,78,6,2,2,0,115,142,650489,668970,,,,,,,,,,,,,,,,,,,,,,,,,642851
716359,2023-10-01,11,Top,78,7,2,2,0,115,142,650489,668970,field_out,Groundout,"Willi Castro grounds out, shortstop Ezequiel Tovar to first baseman Elehuris Montero. Edouard Julien to 3rd.",T,,,,,,,,,,650489,,,T,1,Groundout,field_out,,,,,642851
716359,2023-10-01,11,Top,79,0,1,0,1,115,142,543877,668970,,,,,,,,,,,,,,,,,,,,,,,,,642851
716359,2023-10-01,11,Top,79,1,1,1,1,115,142,543877,668970,,,,,,,,,,,,,,,,,,,,,,,,,642851
716359,2023-10-01,11,Top,79,2,2,1,1,115,142,543877,668970,,,,,,,,,,,,,,,,,,,,,,,,,642851
716359,2023-10-01,11,Top,79,3,3,1,1,115,142,543877,668970,,,,,,,,,,,,,,,,,,,,,,,,,642851
716359,2023-10-01,11,Top,79,4,4,1,1,115,142,543877,668970,walk,Walk,Christian Vazquez walks.,T,,,,,,,,,,543877,,1B,,,Walk,walk,,,,,642851
716359,2023-10-01,11,Top,80,0,0,0,1,115,142,664057,668970,,,,,,,,,,,,,,,,,,,,,,,,,642851
716359,2023-10-01,11,Top,80,1,0,1,1,115,142,664057,668970,,,,,,,,,,,,,,,,,,,,,,,,,642851
716359,2023-10-01,11,Top,80,2,0,2,1,115,142,664057,668970,,,,,,,,,,,,,,,,,,,,,,,,,642851
716359,2023-10-01,11,Top,80,3,0,2,1,115,142,664057,668970,,,,,,,,,,,,,,,,,,,,,,,,,642851
716359,2023-10-01,11,Top,80,4,0,2,1,115,142,664057,668970,field_out,Groundout,"Andrew Stevenson grounds out, third baseman Ryan McMahon to first baseman Elehuris Montero. Christian Vazquez to 2nd.",T,,,,,,,,,,664057,,,T,2,Groundout,field_out,,,,,642851
716359,2023-10-01,11,Top,81,0,0,1,2,115,142,456781,668970,,,,,,,,,,,,,,,,,,,,,,,,,642851
716359,2023-10-01,11,Top,81,1,0,2,2,115,142,456781,668970,,,,,,,,,,,,,,,,,,,,,,,,,642851
716359,2023-10-01,11,Top,81,2,0,2,2,115,142,456781,668970,,,,,,,,,,,,,,,,,,,,,,,,,642851
716359,2023-10-01,11,Top,81,3,1,2,2,115,142,456781,668970,hit_by_pitch,Hit By Pitch,Donovan Solano hit by pitch.,T,,,,,,,,,,456781,,1B,,,Hit By Pitch,hit_by_pitch,,,,,642851
716359,2023-10-01,11,Top,82,0,0,1,2,115,142,656669,668970,,,,,,,,,,,,,,,,,,,,,,,,,642851
716359,2023-10-01,11,Top,82,1,0,2,2,115,142,656669,668970,,,,,,,,,,,,,,,,,,,,,,,,,642851
716359,2023-10-01,11,Top,82,2,0,2,2,115,142,656669,668970,,,,,,,,,,,,,,,,,,,,,,,,,642851
716359,2023-10-01,11,Top,82,3,0,2,2,115,142,656669,668970,,,,,,,,,,,,,,,,,,,,,,,,,642851
716359,2023-10-01,11,Top,82,4,0,3,2,115,142,656669,668970,strikeout,Strikeout,Jordan Luplow strikes out swinging.,T,,,,,,,,,,656669,,,T,3,Strikeout,strikeout,,,,,642851
716359,2023-10-01,11,Bot,83,0,0,0,0,115,142,453568,656669,,,,,,,,,,,,,,,,,,,,,,,,,680777
716359,2023-10-01,11,Bot,83,1,0,0,0,115,142,453568,656669,,,,,,,,,,,,,,,,,,,,,,,,,680777
716359,2023-10-01,11,Bot,83,2,0,0,0,115,142,453568,656669,,,,,,,,,,,,,,,,,,,,,,,,,680777
716359,2023-10-01,11,Bot,83,3,0,1,0,115,142,453568,656669,,,,,,,,,,,,,,,,,,,,,,,,,680777
716359,2023-10-01,11,Bot,83,4,0,1,0,115,142,453568,656669,field_out,Flyout,Charlie Blackmon flies out to right fielder Trevor Larnach.,T,,,,,,,,,,453568,,,T,1,Flyout,field_out,,,,,680777
716359,2023-10-01,11,Bot,84,0,1,0,1,115,142,663898,656669,stolen_base_3b,Stolen Base 3B,Brenton Doyle steals (22) 3rd base. Brenton Doyle scores. Wild pitch by pitcher Jordan Luplow.,T,,T,,,,,,,,686668,2B,3B,,,Stolen Base 3B,stolen_base_3b,r_stolen_base_3b,,,,680777
716364,2023-10-01,1,Top,0,0,0,0,0,158,112,691718,605288,,,,,,,,,,,,,,,,,,,,,,,,,605170
716364,2023-10-01,1,Top,0,1,0,0,0,158,112,691718,605288,,,,,,,,,,,,,,,,,,,,,,,,,605170
716364,2023-10-01,1,Top,0,2,0,0,0,158,112,691718,605288,,,,,,,,,,,,,,,,,,,,,,,,,605170
716364,2023-10-01,1,Top,0,3,0,1,0,158,112,691718,605288,,,,,,,,,,,,,,,,,,,,,,,,,605170
716364,2023-10-01,1,Top,0,4,0,2,0,158,112,691718,605288,,,,,,,,,,,,,,,,,,,,,,,,,605170
716364,2023-10-01,1,Top,0,5,0,3,0,158,112,691718,605288,strikeout,Strikeout,Pete Crow-Armstrong strikes out swinging.,T,,,,,,,,,,691718,,,T,1,Strikeout,strikeout,,,,,605170
716364,2023-10-01,1,Top,1,0,0,0,1,158,112,666624,605288,single,Single,Christopher Morel singles on a ground ball to right fielder Tyrone Taylor.,T,,,,,,,,,,666624,,1B,,,Single,single,,,,,605170
716364,2023-10-01,1,Top,2,0,0,1,1,158,112,600869,605288,,,,,,,,,,,,,,,,,,,,,,,,,605170
716364,2023-10-01,1,Top,2,1,1,1,1,158,112,600869,605288,,,,,,,,,,,,,,,,,,,,,,,,,605170
716364,2023-10-01,1,Top,2,2,1,1,1,158,112,600869,605288,single,Single,Jeimer Candelario singles on a sharp line drive to center fielder Garrett Mitchell. Christopher Morel to 3rd.,T,,,,,,,,,,600869,,1B,,,Single,single,,,,,605170
716364,2023-10-01,1,Top,3,0,0,1,1,158,112,672744,605288,,,,,,,,,,,,,,,,,,,,,,,,,605170
716364,2023-10-01,1,Top,3,1,1,1,1,158,112,672744,605288,,,,,,,,,,,,,,,,,,,,,,,,,605170
716364,2023-10-01,1,Top,3,2,2,1,1,158,112,672744,605288,,,,,,,,,,,,,,,,,,,,,,,,,605170
716364,2023-10-01,1,Top,3,3,2,2,1,158,112,672744,605288,,,,,,,,,,,,,,,,,,,,,,,,,605170
716364,2023-10-01,1,Top,3,4,2,2,1,158,112,672744,605288,,,,,,,,,,,,,,,,,,,,,,,,,605170
716364,2023-10-01,1,Top,3,5,2,3,1,158,112,672744,605288,strikeout,Strikeout,Alexander Canario strikes out swinging.,T,,,,,,,,,,672744,,,T,2,Strikeout,strikeout,,,,,605170
716364,2023-10-01,1,Top,4,0,0,1,2,158,112,643565,605288,,,,,,,,,,,,,,,,,,,,,,,,,605170
716364,2023-10-01,1,Top,4,1,1,1,2,158,112,643565,605288,,,,,,,,,,,,,,,,,,,,,,,,,605170
716364,2023-10-01,1,Top,4,2,2,1,2,158,112,643565,605288,,,,,,,,,,,,,,,,,,,,,,,,,605170
716364,2023-10-01,1,Top,4,3,3,1,2,158,112,643565,605288,,,,,,,,,,,,,,,,,,,,,,,,,605170
716364,2023-10-01,1,Top,4,4,4,1,2,158,112,643565,605288,walk,Walk,Mike Tauchman walks. Jeimer Candelario to 2nd.,T,,,,,,,,,,600869,1B,2B,,,Walk,walk,r_adv_force,,,,605170
716364,2023-10-01,1,Top,5,0,0,0,2,158,112,621550,605288,,,,,,,,,,,,,,,,,,,,,,,,,605170
716364,2023-10-01,1,Top,5,1,0,1,2,158,112,621550,605288,,,,,,,,,,,,,,,,,,,,,,,,,605170
716364,2023-10-01,1,Top,5,2,0,2,2,158,112,621550,605288,,,,,,,,,,,,,,,,,,,,,,,,,605170
716364,2023-10-01,1,Top,5,3,1,2,2,158,112,621550,605288,,,,,,,,,,,,,,,,,,,,,,,,,605170
716364,2023-10-01,1,Top,5,4,1,2,2,158,112,621550,605288,,,,,,,,,,,,,,,,,,,,,,,,,605170
716364,2023-10-01,1,Top,5,5,2,2,2,158,112,621550,605288,,,,,,,,,,,,,,,,,,,,,,,,,605170
716364,2023-10-01,1,Top,5,6,2,3,2,158,112,621550,605288,strikeout,Strikeout,Patrick Wisdom strikes out swinging.,T,,,,,,,,,,621550,,,T,3,Strikeout,strikeout,,,,,605170
716364,2023-10-01,1,Bot,6,0,1,0,0,158,112,592885,592767,,,,,,,,,,,,,,,,,,,,,,,,,665804
716364,2023-10-01,1,Bot,6,1,1,1,0,158,112,592885,592767,,,,,,,,,,,,,,,,,,,,,,,,,665804
716364,2023-10-01,1,Bot,6,2,2,1,0,158,112,592885,592767,,,,,,,,,,,,,,,,,,,,,,,,,665804
716364,2023-10-01,1,Bot,6,3,2,2,0,158,112,592885,592767,,,,,,,,,,,,,,,,,,,,,,,,,665804
716364,2023-10-01,1,Bot,6,4,3,2,0,158,112,592885,592767,,,,,,,,,,,,,,,,,,,,,,,,,665804
716364,2023-10-01,1,Bot,6,5,4,2,0,158,112,592885,592767,walk,Walk,Christian Yelich walks.,T,,,,,,,,,,592885,,1B,,,Walk,walk,,,,,665804
716364,2023-10-01,1,Bot,7,0,0,0,0,158,112,661388,592767,single,Single,"Brewers challenged (play at 1st), call on the field was overturned: William Contreras singles on a ground ball to second baseman Miles Mastrobuoni. Christian Yelich to 2nd.",T,,,,,,,,,,661388,,1B,,,Single,single,,,,,665804
716364,2023-10-01,1,Bot,8,0,0,0,0,158,112,467793,592767,,,,,,,,,,,,,,,,,,,,,,,,,665804
716364,2023-10-01,1,Bot,8,1,1,0,0,158,112,467793,592767,,,,,,,,,,,,,,,,,,,,,,,,,665804
716364,2023-10-01,1,Bot,8,2,2,0,0,158,112,467793,592767,,,,,,,,,,,,,,,,,,,,,,,,,665804
716364,2023-10-01,1,Bot,8,3,2,0,0,158,112,467793,592767,,,,,,,,,,,,,,,,,,,,,,,,,665804
716364,2023-10-01,1,Bot,8,4,2,1,0,158,112,467793,592767,,,,,,,,,,,,,,,,,,,,,,,,,665804
716364,2023-10-01,1,Bot,8,5,2,2,0,158,112,467793,592767,,,,,,,,,,,,,,,,,,,,,,,,,665804
716364,2023-10-01,1,Bot,8,6,2,2,0,158,112,467793,592767,field_out,Pop Out,Carlos Santana pops out to second baseman Miles Mastrobuoni.,T,T,T,,,,,,,,592885,2B,3B,,,Stolen Base 3B,stolen_base_3b,r_stolen_base_3b,,,,665804
716364,2023-10-01,1,Bot,9,0,1,0,1,158,112,592192,592767,,,,,,,,,,,,,,,,,,,,,,,,,665804
716364,2023-10-01,1,Bot,9,1,2,0,1,158,112,592192,592767,,,,,,,,,,,,,,,,,,,,,,,,,665804
716364,2023-10-01,1,Bot,9,2,2,1,1,158,112,592192,592767,,,,,,,,,,,,,,,,,,,,,,,,,665804
716364,2023-10-01,1,Bot,9,3,2,2,1,158,112,592192,592767,,,,,,,,,,,,,,,,,,,,,,,,,665804
716364,2023-10-01,1,Bot,9,4,3,2,1,158,112,592192,592767,,,,,,,,,,,,,,,,,,,,,,,,,665804
716364,2023-10-01,1,Bot,9,5,3,2,1,158,112,592192,592767,single,Single,Mark Canha singles on a fly ball to right fielder Alexander Canario. Christian Yelich scores. William Contreras to 3rd.,T,,,,,,,,,,592192,,1B,,,Single,single,,,,,665804
716364,2023-10-01,1,Bot,10,0,1,0,1,158,112,642715,592767,,,,,,,,,,,,,,,,,,,,,,,,,665804
716364,2023-10-01,1,Bot,10,1,2,0,1,158,112,642715,592767,,,,,,,,,,,,,,,,,,,,,,,,,665804
716364,2023-10-01,1,Bot,10,2,3,0,1,158,112,642715,592767,,,,,,,,,,,,,,,,,,,,,,,,,665804
716364,2023-10-01,1,Bot,10,3,3,1,1,158,112,642715,592767,,,,,,,,,,,,,,,,,,,,,,,,,665804
716364,2023-10-01,1,Bot,10,4,3,2,1,158,112,642715,592767,,,,,,,,,,,,,,,,,,,,,,,,,665804
716364,2023-10-01,1,Bot,10,5,4,2,1,158,112,642715,592767,walk,Walk,Willy Adames walks. Mark Canha to 2nd.,T,,,,,,,,,,592192,1B,2B,,,Walk,walk,r_adv_force,,,,665804
716364,2023-10-01,1,Bot,11,0,0,0,1,158,112,518626,592767,,,,,,,,,,,,,,,,,,,,,,,,,665804
716364,2023-10-01,1,Bot,11,1,1,0,1,158,112,518626,592767,,,,,,,,,,,,,,,,,,,,,,,,,665804
716364,2023-10-01,1,Bot,11,2,2,0,1,158,112,518626,592767,,,,,,,,,,,,,,,,,,,,,,,,,665804
716364,2023-10-01,1,Bot,11,3,3,0,1,158,112,518626,592767,,,,,,,,,,,,,,,,,,,,,,,,,665804
716364,2023-10-01,1,Bot,11,4,4,0,1,158,112,518626,592767,walk,Walk,Josh Donaldson walks. William Contreras scores. Mark Canha to 3rd. Willy Adames to 2nd.,T,,,,,,,,,,661388,3B,score,,,Walk,walk,r_adv_force,T,T,T,665804
716364,2023-10-01,1,Bot,12,0,0,0,1,158,112,669003,681432,,,,,,,,,,,,,,,,,,,,,,,,,665804
716364,2023-10-01,1,Bot,12,1,0,0,1,158,112,669003,681432,,,,,,,,,,,,,,,,,,,,,,,,,665804
716364,2023-10-01,1,Bot,12,2,0,1,1,158,112,669003,681432,,,,,,,,,,,,,,,,,,,,,,,,,665804
716364,2023-10-01,1,Bot,12,3,1,1,1,158,112,669003,681432,,,,,,,,,,,,,,,,,,,,,,,,,665804
716364,2023-10-01,1,Bot,12,4,1,2,1,158,112,669003,681432,,,,,,,,,,,,,,,,,,,,,,,,,665804
716364,2023-10-01,1,Bot,12,5,1,2,1,158,112,669003,681432,,,,,,,,,,,,,,,,,,,,,,,,,665804
716364,2023-10-01,1,Bot,12,6,1,2,1,158,112,669003,681432,sac_fly,Sac Fly,Garrett Mitchell out on a sacrifice fly to left fielder Mike Tauchman. Mark Canha scores.,T,,,,,,,,,,669003,,,T,2,Sac Fly,sac_fly,,,,,665804
716364,2023-10-01,1,Bot,13,0,0,1,2,158,112,621438,681432,,,,,,,,,,,,,,,,,,,,,,,,,665804
716364,2023-10-01,1,Bot,13,1,0,2,2,158,112,621438,681432,,,,,,,,,,,,,,,,,,,,,,,,,665804
716364,2023-10-01,1,Bot,13,2,1,2,2,158,112,621438,681432,,,,,,,,,,,,,,,,,,,,,,,,,665804
716364,2023-10-01,1,Bot,13,3,1,3,2,158,112,621438,681432,strikeout,Strikeout,Tyrone Taylor strikes out swinging.,T,,,,,,,,,,621438,,,T,3,Strikeout,strikeout,,,,,665804
716364,2023-10-01,2,Top,14,0,0,0,0,158,112,676724,605288,field_out,Flyout,Jared Young flies out to right fielder Tyrone Taylor.,T,,,,,,,,,,676724,,,T,1,Flyout,field_out,,,,,605170
716364,2023-10-01,2,Top,15,0,0,1,1,158,112,665804,605288,,,,,,,,,,,,,,,,,,,,,,,,,605170
716364,2023-10-01,2,Top,15,1,0,1,1,158,112,665804,605288,field_out,Groundout,"Miguel Amaya grounds out, second baseman Brice Turang to first baseman Mark Canha.",T,,,,,,,,,,665804,,,T,2,Groundout,field_out,,,,,605170
716364,2023-10-01,2,Top,16,0,0,1,2,158,112,670156,605288,,,,,,,,,,,,,,,,,,,,,,,,,605170
716364,2023-10-01,2,Top,16,1,0,1,2,158,112,670156,605288,field_out,Groundout,Miles Mastrobuoni grounds out to first baseman Mark Canha.,T,,,,,,,,,,670156,,,T,3,Groundout,field_out,,,,,605170
716364,2023-10-01,2,Bot,17,0,1,0,0,158,112,668930,681432,,,,,,,,,,,,,,,,,,,,,,,,,665804
716364,2023-10-01,2,Bot,17,1,2,0,0,158,112,668930,681432,,,,,,,,,,,,,,,,,,,,,,,,,665804
716364,2023-10-01,2,Bot,17,2,2,1,0,158,112,668930,681432,,,,,,,,,,,,,,,,,,,,,,,,,665804
716364,2023-10-01,2,Bot,17,3,2,2,0,158,112,668930,681432,,,,,,,,,,,,,,,,,,,,,,,,,665804
716364,2023-10-01,2,Bot,17,4,2,3,0,158,112,668930,681432,strikeout,Strikeout,Brice Turang called out on strikes.,T,,,,,,,,,,668930,,,T,1,Strikeout,strikeout,,,,,665804
716364,2023-10-01,2,Bot,18,0,1,0,1,158,112,592885,681432,,,,,,,,,,,,,,,,,,,,,,,,,665804
716364,2023-10-01,2,Bot,18,1,1,1,1,158,112,592885,681432,,,,,,,,,,,,,,,,,,,,,,,,,665804
716364,2023-10-01,2,Bot,18,2,1,2,1,158,112,592885,681432,,,,,,,,,,,,,,,,,,,,,,,,,665804
716364,2023-10-01,2,Bot,18,3,1,2,1,158,112,592885,681432,,,,,,,,,,,,,,,,,,,,,,,,,665804
716364,2023-10-01,2,Bot,18,4,1,3,1,158,112,592885,681432,strikeout,Strikeout,Christian Yelich strikes out swinging.,T,,,,,,,,,,592885,,,T,2,Strikeout,strikeout,,,,,665804
716364,2023-10-01,2,Bot,19,0,1,0,2,158,112,661388,681432,,,,,,,,,,,,,,,,,,,,,,,,,665804
716364,2023-10-01,2,Bot,19,1,2,0,2,158,112,661388,681432,,,,,,,,,,,,,,,,,,,,,,,,,665804
716364,2023-10-01,2,Bot,19,2,3,0,2,158,112,661388,681432,,,,,,,,,,,,,,,,,,,,,,,,,665804
716364,2023-10-01,2,Bot,19,3,4,0,2,158,112,661388,681432,walk,Walk,William Contreras walks.,T,,,,,,,,,,661388,,1B,,,Walk,walk,,,,,665804
716364,2023-10-01,2,Bot,20,0,0,1,2,158,112,467793,681432,,,,,,,,,,,,,,,,,,,,,,,,,665804
716364,2023-10-01,2,Bot,20,1,0,2,2,158,112,467793,681432,,,,,,,,,,,,,,,,,,,,,,,,,665804
716364,2023-10-01,2,Bot,20,2,1,2,2,158,112,467793,681432,,,,,,,,,,,,,,,,,,,,,,,,,665804
716364,2023-10-01,2,Bot,20,3,2,2,2,158,112,467793,681432,,,,,,,,,,,,,,,,,,,,,,,,,665804
716364,2023-10-01,2,Bot,20,4,2,3,2,158,112,467793,681432,strikeout,Strikeout,Carlos Santana strikes out swinging.,T,,,,,,,,,,467793,,,T,3,Strikeout,strikeout,,,,,665804
716364,2023-10-01,3,Top,21,0,1,0,0,158,112,691718,605288,,,,,,,,,,,,,,,,,,,,,,,,,605170
716364,2023-10-01,3,Top,21,1,1,0,0,158,112,691718,605288,field_out,Flyout,Pete Crow-Armstrong flies out sharply to left fielder Christian Yelich.,T,,,,,,,,,,691718,,,T,1,Flyout,field_out,,,,,605170
716364,2023-10-01,3,Top,22,0,0,1,1,158,112,666624,605288,,,,,,,,,,,,,,,,,,,,,,,,,605170
716364,2023-10-01,3,Top,22,1,0,1,1,158,112,666624,605288,field_out,Flyout,Christopher Morel flies out to left fielder Christian Yelich.,T,,,,,,,,,,666624,,,T,2,Flyout,field_out,,,,,605170
716364,2023-10-01,3,Top,23,0,0,1,2,158,112,600869,605288,,,,,,,,,,,,,,,,,,,,,,,,,605170
716364,2023-10-01,3,Top,23,1,1,1,2,158,112,600869,605288,,,,,,,,,,,,,,,,,,,,,,,,,605170
716364,2023-10-01,3,Top,23,2,1,1,2,158,112,600869,605288,field_out,Flyout,Jeimer Candelario flies out to center fielder Garrett Mitchell.,T,,,,,,,,,,600869,,,T,3,Flyout,field_out,,,,,605170
716364,2023-10-01,3,Bot,24,0,0,0,0,158,112,592192,694037,,,,,,,,,,,,,,,,,,,,,,,,,665804
716364,2023-10-01,3,Bot,24,1,0,1,0,158,112,592192,694037,,,,,,,,,,,,,,,,,,,,,,,,,665804
716364,2023-10-01,3,Bot,24,2,0,2,0,158,112,592192,694037,,,,,,,,,,,,,,,,,,,,,,,,,665804
716364,2023-10-01,3,Bot,24,3,0,2,0,158,112,592192,694037,,,,,,,,,,,,,,,,,,,,,,,,,665804
716364,2023-10-01,3,Bot,24,4,1,2,0,158,112,592192,694037,,,,,,,,,,,,,,,,,,,,,,,,,665804
716364,2023-10-01,3,Bot,24,5,1,2,0,158,112,592192,694037,,,,,,,,,,,,,,,,,,,,,,,,,665804
716364,2023-10-01,3,Bot,24,6,2,2,0,158,112,592192,694037,,,,,,,,,,,,,,,,,,,,,,,,,665804
716364,2023-10-01,3,Bot,24,7,2,3,0,158,112,592192,694037,strikeout,Strikeout,Mark Canha called out on strikes.,T,,,,,,,,,,592192,,,T,1,Strikeout,strikeout,,,,,665804
716364,2023-10-01,3,Bot,25,0,1,0,1,158,112,642715,694037,,,,,,,,,,,,,,,,,,,,,,,,,665804
716364,2023-10-01,3,Bot,25,1,2,0,1,158,112,642715,694037,,,,,,,,,,,,,,,,,,,,,,,,,665804
716364,2023-10-01,3,Bot,25,2,2,1,1,158,112,642715,694037,,,,,,,,,,,,,,,,,,,,,,,,,665804
716364,2023-10-01,3,Bot,25,3,2,2,1,158,112,642715,694037,,,,,,,,,,,,,,,,,,,,,,,,,665804
716364,2023-10-01,3,Bot,25,4,2,2,1,158,112,642715,694037,,,,,,,,,,,,,,,,,,,,,,,,,665804
716364,2023-10-01,3,Bot,25,5,2,2,1,158,112,642715,694037,single,Single,Willy Adames singles on a line drive to right fielder Alexander Canario.,T,,,,,,,,,,642715,,1B,,,Single,single,,,,,665804
716364,2023-10-01,3,Bot,26,0,0,1,1,158,112,518626,694037,,,,,,,,,,,,,,,,,,,,,,,,,665804
716364,2023-10-01,3,Bot,26,1,0,2,1,158,112,518626,694037,,,,,,,,,,,,,,,,,,,,,,,,,665804
716364,2023-10-01,3,Bot,26,2,1,2,1,158,112,518626,694037,,,,,,,,,,,,,,,,,,,,,,,,,665804
716364,2023-10-01,3,Bot,26,3,1,3,1,158,112,518626,694037,strikeout,Strikeout,Josh Donaldson strikes out swinging.,T,,,,,,,,,,518626,,,T,2,Strikeout,strikeout,,,,,665804
716364,2023-10-01,3,Bot,27,0,0,1,2,158,112,669003,694037,,,,,,,,,,,,,,,,,,,,,,,,,665804
716364,2023-10-01,3,Bot,27,1,1,1,2,158,112,669003,694037,,,,,,,,,,,,,,,,,,,,,,,,,665804
716364,2023-10-01,3,Bot,27,2,1,2,2,158,112,669003,694037,,,,,,,,,,,,,,,,,,,,,,,,,665804
716364,2023-10-01,3,Bot,27,3,1,3,2,158,112,669003,694037,strikeout,Strikeout,Garrett Mitchell strikes out swinging.,T,,,,,,,,,,669003,,,T,3,Strikeout,strikeout,,,,,665804
716364,2023-10-01,4,Top,28,0,0,1,0,158,112,672744,605288,,,,,,,,,,,,,,,,,,,,,,,,,605170
716364,2023-10-01,4,Top,28,1,0,2,0,158,112,672744,605288,,,,,,,,,,,,,,,,,,,,,,,,,605170
716364,2023-10-01,4,Top,28,2,0,3,0,158,112,672744,605288,strikeout,Strikeout,Alexander Canario called out on strikes.,T,,,,,,,,,,672744,,,T,1,Strikeout,strikeout,,,,,605170
716364,2023-10-01,4,Top,29,0,1,0,1,158,112,643565,605288,,,,,,,,,,,,,,,,,,,,,,,,,605170
716364,2023-10-01,4,Top,29,1,1,1,1,158,112,643565,605288,,,,,,,,,,,,,,,,,,,,,,,,,605170
716364,2023-10-01,4,Top,29,2,2,1,1,158,112,643565,605288,,,,,,,,,,,,,,,,,,,,,,,,,605170
716364,2023-10-01,4,Top,29,3,3,1,1,158,112,643565,605288,,,,,,,,,,,,,,,,,,,,,,,,,605170
716364,2023-10-01,4,Top,29,4,3,2,1,158,112,643565,605288,,,,,,,,,,,,,,,,,,,,,,,,,605170
716364,2023-10-01,4,Top,29,5,3,2,1,158,112,643565,605288,,,,,,,,,,,,,,,,,,,,,,,,,605170
716364,2023-10-01,4,Top,29,6,3,3,1,158,112,643565,605288,strikeout,Strikeout,Mike Tauchman strikes out swinging.,T,,,,,,,,,,643565,,,T,2,Strikeout,strikeout,,,,,605170
716364,2023-10-01,4,Top,30,0,0,1,2,158,112,621550,605288,,,,,,,,,,,,,,,,,,,,,,,,,605170
716364,2023-10-01,4,Top,30,1,0,2,2,158,112,621550,605288,,,,,,,,,,,,,,,,,,,,,,,,,605170
716364,2023-10-01,4,Top,30,2,0,2,2,158,112,621550,605288,,,,,,,,,,,,,,,,,,,,,,,,,605170
716364,2023-10-01,4,Top,30,3,0,2,2,158,112,621550,605288,,,,,,,,,,,,,,,,,,,,,,,,,605170
716364,2023-10-01,4,Top,30,4,1,2,2,158,112,621550,605288,,,,,,,,,,,,,,,,,,,,,,,,,605170
716364,2023-10-01,4,Top,30,5,1,2,2,158,112,621550,605288,single,Single,Patrick Wisdom singles on a ground ball to left fielder Christian Yelich.,T,,,,,,,,,,621550,,1B,,,Single,single,,,,,605170
716364,2023-10-01,4,Top,31,0,1,0,2,158,112,676724,605288,,,,,,,,,,,,,,,,,,,,,,,,,605170
716364,2023-10-01,4,Top,31,1,1,0,2,158,112,676724,605288,field_out,Flyout,Jared Young flies out to left fielder Christian Yelich.,T,,,,,,,,,,676724,,,T,3,Flyout,field_out,,,,,605170
716364,2023-10-01,4,Bot,32,0,1,0,0,158,112,621438,694037,,,,,,,,,,,,,,,,,,,,,,,,,665804
716364,2023-10-01,4,Bot,32,1,1,1,0,158,112,621438,694037,,,,,,,,,,,,,,,,,,,,,,,,,665804
716364,2023-10-01,4,Bot,32,2,1,1,0,158,112,621438,694037,field_out,Groundout,"Tyrone Taylor grounds out, shortstop Christopher Morel to first baseman Jared Young.",T,,,,,,,,,,621438,,,T,1,Groundout,field_out,,,,,665804
716364,2023-10-01,4,Bot,33,0,0,1,1,158,112,668930,694037,,,,,,,,,,,,,,,,,,,,,,,,,665804
716364,2023-10-01,4,Bot,33,1,0,2,1,158,112,668930,694037,,,,,,,,,,,,,,,,,,,,,,,,,665804
716364,2023-10-01,4,Bot,33,2,0,2,1,158,112,668930,694037,,,,,,,,,,,,,,,,,,,,,,,,,665804
716364,2023-10-01,4,Bot,33,3,0,2,1,158,112,668930,694037,,,,,,,,,,,,,,,,,,,,,,,,,665804
716364,2023-10-01,4,Bot,33,4,0,2,1,158,112,668930,694037,field_out,Groundout,"Brice Turang grounds out, shortstop Christopher Morel to first baseman Jared Young.",T,,,,,,,,,,668930,,,T,2,Groundout,field_out,,,,,665804
716364,2023-10-01,4,Bot,34,0,0,1,2,158,112,592885,694037,,,,,,,,,,,,,,,,,,,,,,,,,665804
716364,2023-10-01,4,Bot,34,1,1,1,2,158,112,592885,694037,,,,,,,,,,,,,,,,,,,,,,,,,665804
716364,2023-10-01,4,Bot,34,2,1,2,2,158,112,592885,694037,,,,,,,,,,,,,,,,,,,,,,,,,665804
716364,2023-10-01,4,Bot,34,3,1,2,2,158,112,592885,694037,single,Single,Christian Yelich singles on a ground ball to right fielder Alexander Canario.,T,,,,,,,,,,592885,,1B,,,Single,single,,,,,665804
716364,2023-10-01,4,Bot,35,0,0,0,2,158,112,661388,694037,,,,,,,,,,,,,,,,,,,,,,,,,665804
716364,2023-10-01,4,Bot,35,1,1,0,2,158,112,661388,694037,,,,,,,,,,,,,,,,,,,,,,,,,665804
716364,2023-10-01,4,Bot,35,2,1,0,2,158,112,661388,694037,,,,,,,,,,,,,,,,,,,,,,,,,665804
716364,2023-10-01,4,Bot,35,3,1,1,2,158,112,661388,694037,,,,,,,,,,,,,,,,,,,,,,,,,665804
716364,2023-10-01,4,Bot,35,4,2,1,2,158,112,661388,694037,,,,,,,,,,,,,,,,,,,,,,,,,665804
716364,2023-10-01,4,Bot,35,5,3,1,2,158,112,661388,694037,,,,,,,,,,,,,,,,,,,,,,,,,665804
716364,2023-10-01,4,Bot,35,6,3,2,2,158,112,661388,694037,,,,,,,,,,,,,,,,,,,,,,,,,665804
716364,2023-10-01,4,Bot,35,7,3,3,2,158,112,661388,694037,strikeout,Strikeout,William Contreras strikes out swinging.,T,,,,,,,,,,663368,1B,2B,,,Wild Pitch,wild_pitch,r_adv_play,,,,665804
716364,2023-10-01,5,Top,36,0,0,0,0,158,112,665804,605288,,,,,,,,,,,,,,,,,,,,,,,,,605170
716364,2023-10-01,5,Top,36,1,0,0,0,158,112,665804,605288,,,,,,,,,,,,,,,,,,,,,,,,,605170
716364,2023-10-01,5,Top,36,2,1,0,0,158,112,665804,605288,,,,,,,,,,,,,,,,,,,,,,,,,605170
716364,2023-10-01,5,Top,36,3,2,0,0,158,112,665804,605288,,,,,,,,,,,,,,,,,,,,,,,,,605170
716364,2023-10-01,5,Top,36,4,3,0,0,158,112,665804,605288,,,,,,,,,,,,,,,,,,,,,,,,,605170
716364,2023-10-01,5,Top,36,5,3,1,0,158,112,665804,605288,,,,,,,,,,,,,,,,,,,,,,,,,605170
716364,2023-10-01,5,Top,36,6,3,1,0,158,112,665804,605288,,,,,,,,,,,,,,,,,,,,,,,,,605170
716364,2023-10-01,5,Top,36,7,3,2,0,158,112,665804,605288,,,,,,,,,,,,,,,,,,,,,,,,,605170
716364,2023-10-01,5,Top,36,8,3,2,0,158,112,665804,605288,field_out,Pop Out,Miguel Amaya pops out to shortstop Willy Adames.,T,,,,,,,,,,665804,,,T,1,Pop Out,field_out,,,,,605170
716364,2023-10-01,5,Top,37,0,0,1,1,158,112,670156,605288,,,,,,,,,,,,,,,,,,,,,,,,,605170
716364,2023-10-01,5,Top,37,1,0,1,1,158,112,670156,605288,field_out,Groundout,"Miles Mastrobuoni grounds out, second baseman Brice Turang to first baseman Mark Canha.",T,,,,,,,,,,670156,,,T,2,Groundout,field_out,,,,,605170
716364,2023-10-01,5,Top,38,0,1,0,2,158,112,691718,605288,,,,,,,,,,,,,,,,,,,,,,,,,605170
716364,2023-10-01,5,Top,38,1,1,1,2,158,112,691718,605288,,,,,,,,,,,,,,,,,,,,,,,,,605170
716364,2023-10-01,5,Top,38,2,2,1,2,158,112,691718,605288,,,,,,,,,,,,,,,,,,,,,,,,,605170
716364,2023-10-01,5,Top,38,3,2,2,2,158,112,691718,605288,,,,,,,,,,,,,,,,,,,,,,,,,605170
716364,2023-10-01,5,Top,38,4,2,2,2,158,112,691718,605288,,,,,,,,,,,,,,,,,,,,,,,,,605170
716364,2023-10-01,5,Top,38,5,3,2,2,158,112,691718,605288,,,,,,,,,,,,,,,,,,,,,,,,,605170
716364,2023-10-01,5,Top,38,6,4,2,2,158,112,691718,605288,walk,Walk,Pete Crow-Armstrong walks.,T,,,,,,,,,,691718,,1B,,,Walk,walk,,,,,605170
716364,2023-10-01,5,Top,39,0,1,0,2,158,112,666624,605288,,,,,,,,,,,,,,,,,,,,,,,,,605170
716364,2023-10-01,5,Top,39,1,2,0,2,158,112,666624,605288,,,,,,,,,,,,,,,,,,,,,,,,,605170
716364,2023-10-01,5,Top,39,2,2,0,2,158,112,666624,605288,,,,,,,,,,,,,,,,,,,,,,,,,605170
716364,2023-10-01,5,Top,39,3,2,1,2,158,112,666624,605288,,,,,,,,,,,,,,,,,,,,,,,,,605170
716364,2023-10-01,5,Top,39,4,2,2,2,158,112,666624,605288,,,,,,,,,,,,,,,,,,,,,,,,,605170
716364,2023-10-01,5,Top,39,5,2,2,2,158,112,666624,605288,field_out,Groundout,"Christopher Morel grounds out, third baseman Josh Donaldson to first baseman Mark Canha.",T,T,,,,,,,,,691718,1B,2B,,,Stolen Base 2B,stolen_base_2b,r_stolen_base_2b,,,,605170
716364,2023-10-01,5,Bot,40,0,0,0,0,158,112,467793,608648,,,,,,,,,,,,,,,,,,,,,,,,,665804
716364,2023-10-01,5,Bot,40,1,1,0,0,158,112,467793,608648,,,,,,,,,,,,,,,,,,,,,,,,,665804
716364,2023-10-01,5,Bot,40,2,2,0,0,158,112,467793,608648,,,,,,,,,,,,,,,,,,,,,,,,,665804
716364,2023-10-01,5,Bot,40,3,2,1,0,158,112,467793,608648,,,,,,,,,,,,,,,,,,,,,,,,,665804
716364,2023-10-01,5,Bot,40,4,2,2,0,158,112,467793,608648,,,,,,,,,,,,,,,,,,,,,,,,,665804
716364,2023-10-01,5,Bot,40,5,2,3,0,158,112,467793,608648,strikeout,Strikeout,Carlos Santana called out on strikes.,T,,,,,,,,,,467793,,,T,1,Strikeout,strikeout,,,,,665804
716364,2023-10-01,5,Bot,41,0,0,1,1,158,112,592192,608648,,,,,,,,,,,,,,,,,,,,,,,,,665804
716364,2023-10-01,5,Bot,41,1,0,2,1,158,112,592192,608648,,,,,,,,,,,,,,,,,,,,,,,,,665804
716364,2023-10-01,5,Bot,41,2,0,2,1,158,112,592192,608648,,,,,,,,,,,,,,,,,,,,,,,,,665804
716364,2023-10-01,5,Bot,41,3,0,2,1,158,112,592192,608648,,,,,,,,,,,,,,,,,,,,,,,,,665804
716364,2023-10-01,5,Bot,41,4,0,2,1,158,112,592192,608648,field_out,Pop Out,Mark Canha pops out to third baseman Patrick Wisdom.,T,,,,,,,,,,592192,,,T,2,Pop Out,field_out,,,,,665804
716364,2023-10-01,5,Bot,42,0,1,0,2,158,112,642715,608648,,,,,,,,,,,,,,,,,,,,,,,,,665804
716364,2023-10-01,5,Bot,42,1,1,1,2,158,112,642715,608648,,,,,,,,,,,,,,,,,,,,,,,,,665804
716364,2023-10-01,5,Bot,42,2,1,2,2,158,112,642715,608648,,,,,,,,,,,,,,,,,,,,,,,,,665804
716364,2023-10-01,5,Bot,42,3,1,2,2,158,112,642715,608648,,,,,,,,,,,,,,,,,,,,,,,,,665804
716364,2023-10-01,5,Bot,42,4,1,3,2,158,112,642715,608648,strikeout,Strikeout,Willy Adames strikes out swinging.,T,,,,,,,,,,642715,,,T,3,Strikeout,strikeout,,,,,665804
716364,2023-10-01,6,Top,43,0,0,0,0,158,112,600869,605177,,,,,,,,,,,,,,,,,,,,,,,,,605170
716364,2023-10-01,6,Top,43,1,0,0,0,158,112,600869,605177,,,,,,,,,,,,,,,,,,,,,,,,,605170
716364,2023-10-01,6,Top,43,2,0,0,0,158,112,600869,605177,,,,,,,,,,,,,,,,,,,,,,,,,605170
716364,2023-10-01,6,Top,43,3,0,0,0,158,112,600869,605177,,,,,,,,,,,,,,,,,,,,,,,,,605170
716364,2023-10-01,6,Top,43,4,0,0,0,158,112,600869,605177,,,,,,,,,,,,,,,,,,,,,,,,,605170
716364,2023-10-01,6,Top,43,5,1,0,0,158,112,600869,605177,,,,,,,,,,,,,,,,,,,,,,,,,605170
716364,2023-10-01,6,Top,43,6,1,1,0,158,112,600869,605177,,,,,,,,,,,,,,,,,,,,,,,,,605170
716364,2023-10-01,6,Top,43,7,2,1,0,158,112,600869,605177,,,,,,,,,,,,,,,,,,,,,,,,,605170
716364,2023-10-01,6,Top,43,8,2,1,0,158,112,600869,605177,field_out,Flyout,Jeimer Candelario flies out to center fielder Garrett Mitchell.,T,,,,,,,,,,600869,,,T,1,Flyout,field_out,,,,,605170
716364,2023-10-01,6,Top,44,0,0,1,1,158,112,672744,605177,,,,,,,,,,,,,,,,,,,,,,,,,605170
716364,2023-10-01,6,Top,44,1,1,1,1,158,112,672744,605177,,,,,,,,,,,,,,,,,,,,,,,,,605170
716364,2023-10-01,6,Top,44,2,1,1,1,158,112,672744,605177,field_out,Groundout,"Alexander Canario grounds out, shortstop Brice Turang to first baseman Rowdy Tellez.",T,,,,,,,,,,672744,,,T,2,Groundout,field_out,,,,,605170
716364,2023-10-01,6,Top,45,0,1,0,2,158,112,643565,605177,,,,,,,,,,,,,,,,,,,,,,,,,605170
716364,2023-10-01,6,Top,45,1,1,1,2,158,112,643565,605177,,,,,,,,,,,,,,,,,,,,,,,,,605170
716364,2023-10-01,6,Top,45,2,1,2,2,158,112,643565,605177,,,,,,,,,,,,,,,,,,,,,,,,,605170
716364,2023-10-01,6,Top,45,3,1,2,2,158,112,643565,605177,double,Double,Mike Tauchman doubles (18) on a ground ball to left fielder Tyrone Taylor.,T,,,,,,,,,,643565,,2B,,,Double,double,,,,,605170
716364,2023-10-01,6,Top,46,0,0,1,2,158,112,621550,605177,,,,,,,,,,,,,,,,,,,,,,,,,605170
716364,2023-10-01,6,Top,46,1,0,1,2,158,112,621550,605177,field_out,Flyout,Patrick Wisdom flies out to right fielder Blake Perkins.,T,,,,,,,,,,621550,,,T,3,Flyout,field_out,,,,,605170
716364,2023-10-01,6,Bot,47,0,1,0,0,158,112,518626,608648,,,,,,,,,,,,,,,,,,,,,,,,,665804
716364,2023-10-01,6,Bot,47,1,2,0,0,158,112,518626,608648,,,,,,,,,,,,,,,,,,,,,,,,,665804
716364,2023-10-01,6,Bot,47,2,2,0,0,158,112,518626,608648,field_out,Pop Out,Josh Donaldson pops out to first baseman Jared Young in foul territory.,T,,,,,,,,,,518626,,,T,1,Pop Out,field_out,,,,,665804
716364,2023-10-01,6,Bot,48,0,1,0,1,158,112,669003,608648,,,,,,,,,,,,,,,,,,,,,,,,,665804
716364,2023-10-01,6,Bot,48,1,2,0,1,158,112,669003,608648,,,,,,,,,,,,,,,,,,,,,,,,,665804
716364,2023-10-01,6,Bot,48,2,3,0,1,158,112,669003,608648,,,,,,,,,,,,,,,,,,,,,,,,,665804
716364,2023-10-01,6,Bot,48,3,3,1,1,158,112,669003,608648,,,,,,,,,,,,,,,,,,,,,,,,,665804
716364,2023-10-01,6,Bot,48,4,3,2,1,158,112,669003,608648,,,,,,,,,,,,,,,,,,,,,,,,,665804
716364,2023-10-01,6,Bot,48,5,3,2,1,158,112,669003,608648,field_out,Flyout,Garrett Mitchell flies out to right fielder Alexander Canario.,T,,,,,,,,,,669003,,,T,2,Flyout,field_out,,,,,665804
716364,2023-10-01,6,Bot,49,0,1,0,2,158,112,621438,608648,,,,,,,,,,,,,,,,,,,,,,,,,665804
716364,2023-10-01,6,Bot,49,1,1,0,2,158,112,621438,608648,home_run,Home Run,Tyrone Taylor homers (10) on a fly ball to left center field.,T,,,,,,,,,,621438,,score,,,Home Run,home_run,,T,T,T,665804
716364,2023-10-01,6,Bot,50,0,1,0,2,158,112,668930,608648,,,,,,,,,,,,,,,,,,,,,,,,,665804
716364,2023-10-01,6,Bot,50,1,2,0,2,158,112,668930,608648,,,,,,,,,,,,,,,,,,,,,,,,,665804
716364,2023-10-01,6,Bot,50,2,2,1,2,158,112,668930,608648,,,,,,,,,,,,,,,,,,,,,,,,,665804
716364,2023-10-01,6,Bot,50,3,3,1,2,158,112,668930,608648,,,,,,,,,,,,,,,,,,,,,,,,,665804
716364,2023-10-01,6,Bot,50,4,3,2,2,158,112,668930,608648,,,,,,,,,,,,,,,,,,,,,,,,,665804
716364,2023-10-01,6,Bot,50,5,3,2,2,158,112,668930,608648,,,,,,,,,,,,,,,,,,,,,,,,,665804
716364,2023-10-01,6,Bot,50,6,3,3,2,158,112,668930,608648,strikeout,Strikeout,Brice Turang strikes out swinging.,T,,,,,,,,,,668930,,,T,3,Strikeout,strikeout,,,,,665804
716364,2023-10-01,7,Top,51,0,0,0,0,158,112,676724,605177,field_out,Flyout,Jared Young flies out to center fielder Garrett Mitchell.,T,,,,,,,,,,676724,,,T,1,Flyout,field_out,,,,,605170
716364,2023-10-01,7,Top,52,0,0,0,1,158,112,665804,676083,,,,,,,,,,,,,,,,,,,,,,,,,605170
716364,2023-10-01,7,Top,52,1,0,0,1,158,112,665804,676083,,,,,,,,,,,,,,,,,,,,,,,,,605170
716364,2023-10-01,7,Top,52,2,0,1,1,158,112,665804,676083,,,,,,,,,,,,,,,,,,,,,,,,,605170
716364,2023-10-01,7,Top,52,3,0,2,1,158,112,665804,676083,,,,,,,,,,,,,,,,,,,,,,,,,605170
716364,2023-10-01,7,Top,52,4,0,2,1,158,112,665804,676083,field_out,Groundout,"Miguel Amaya grounds out, third baseman Josh Donaldson to first baseman Rowdy Tellez.",T,,,,,,,,,,665804,,,T,2,Groundout,field_out,,,,,605170
716364,2023-10-01,7,Top,53,0,0,1,2,158,112,670156,676083,,,,,,,,,,,,,,,,,,,,,,,,,605170
716364,2023-10-01,7,Top,53,1,0,1,2,158,112,670156,676083,field_out,Groundout,"Miles Mastrobuoni grounds out, first baseman Rowdy Tellez to pitcher Janson Junk.",T,,,,,,,,,,670156,,,T,3,Groundout,field_out,,,,,605170
716364,2023-10-01,7,Bot,54,0,0,0,0,158,112,663368,572888,,,,,,,,,,,,,,,,,,,,,,,,,665804
716364,2023-10-01,7,Bot,54,1,0,1,0,158,112,663368,572888,,,,,,,,,,,,,,,,,,,,,,,,,665804
716364,2023-10-01,7,Bot,54,2,1,1,0,158,112,663368,572888,,,,,,,,,,,,,,,,,,,,,,,,,665804
716364,2023-10-01,7,Bot,54,3,1,2,0,158,112,663368,572888,,,,,,,,,,,,,,,,,,,,,,,,,665804
716364,2023-10-01,7,Bot,54,4,2,2,0,158,112,663368,572888,,,,,,,,,,,,,,,,,,,,,,,,,665804
716364,2023-10-01,7,Bot,54,5,2,3,0,158,112,663368,572888,strikeout,Strikeout,Blake Perkins called out on strikes.,T,,,,,,,,,,663368,,,T,1,Strikeout,strikeout,,,,,665804
716364,2023-10-01,7,Bot,55,0,1,0,1,158,112,605170,572888,,,,,,,,,,,,,,,,,,,,,,,,,665804
716364,2023-10-01,7,Bot,55,1,1,0,1,158,112,605170,572888,double,Double,Victor Caratini doubles (4) on a ground ball to right fielder Alexander Canario.,T,,,,,,,,,,605170,,2B,,,Double,double,,,,,665804
716364,2023-10-01,7,Bot,56,0,0,0,1,158,112,686217,572888,,,,,,,,,,,,,,,,,,,,,,,,,665804
716364,2023-10-01,7,Bot,56,1,1,0,1,158,112,686217,572888,,,,,,,,,,,,,,,,,,,,,,,,,665804
716364,2023-10-01,7,Bot,56,2,2,0,1,158,112,686217,572888,,,,,,,,,,,,,,,,,,,,,,,,,665804
716364,2023-10-01,7,Bot,56,3,3,0,1,158,112,686217,572888,,,,,,,,,,,,,,,,,,,,,,,,,665804
716364,2023-10-01,7,Bot,56,4,4,0,1,158,112,686217,572888,walk,Walk,Sal Frelick walks.,T,,,,,,,,,,686217,,1B,,,Walk,walk,,,,,665804
716364,2023-10-01,7,Bot,57,0,0,1,1,158,112,642133,572888,,,,,,,,,,,,,,,,,,,,,,,,,665804
716364,2023-10-01,7,Bot,57,1,1,1,1,158,112,642133,572888,,,,,,,,,,,,,,,,,,,,,,,,,665804
716364,2023-10-01,7,Bot,57,2,1,2,1,158,112,642133,572888,,,,,,,,,,,,,,,,,,,,,,,,,665804
716364,2023-10-01,7,Bot,57,3,2,2,1,158,112,642133,572888,,,,,,,,,,,,,,,,,,,,,,,,,665804
716364,2023-10-01,7,Bot,57,4,3,2,1,158,112,642133,572888,,,,,,,,,,,,,,,,,,,,,,,,,665804
716364,2023-10-01,7,Bot,57,5,4,2,1,158,112,642133,572888,walk,Walk,Rowdy Tellez walks. Victor Caratini to 3rd. Sal Frelick to 2nd.,T,,,,,,,,,,605170,2B,3B,,,Walk,walk,r_adv_force,,,,665804
716364,2023-10-01,7,Bot,58,0,1,0,1,158,112,655316,572888,,,,,,,,,,,,,,,,,,,,,,,,,665804
716364,2023-10-01,7,Bot,58,1,1,0,1,158,112,655316,572888,,,,,,,,,,,,,,,,,,,,,,,,,665804
716364,2023-10-01,7,Bot,58,2,1,1,1,158,112,655316,572888,,,,,,,,,,,,,,,,,,,,,,,,,665804
716364,2023-10-01,7,Bot,58,3,2,1,1,158,112,655316,572888,,,,,,,,,,,,,,,,,,,,,,,,,665804
716364,2023-10-01,7,Bot,58,4,2,1,1,158,112,655316,572888,grounded_into_double_play,Grounded Into DP,"Andruw Monasterio grounds into a double play, third baseman Patrick Wisdom to first baseman Jared Young. Sal Frelick out at 3rd. Andruw Monasterio out at 1st.",T,,,,,,,,,,686217,2B,,T,2,Grounded Into DP,grounded_into_double_play,r_force_out,,,,665804
716364,2023-10-01,8,Top,59,0,0,0,0,158,112,691718,676083,,,,,,,,,,,,,,,,,,,,,,,,,605170
716364,2023-10-01,8,Top,59,1,0,1,0,158,112,691718,676083,,,,,,,,,,,,,,,,,,,,,,,,,605170
716364,2023-10-01,8,Top,59,2,1,1,0,158,112,691718,676083,,,,,,,,,,,,,,,,,,,,,,,,,605170
716364,2023-10-01,8,Top,59,3,1,2,0,158,112,691718,676083,,,,,,,,,,,,,,,,,,,,,,,,,605170
716364,2023-10-01,8,Top,59,4,2,2,0,158,112,691718,676083,,,,,,,,,,,,,,,,,,,,,,,,,605170
716364,2023-10-01,8,Top,59,5,2,2,0,158,112,691718,676083,,,,,,,,,,,,,,,,,,,,,,,,,605170
716364,2023-10-01,8,Top,59,6,2,2,0,158,112,691718,676083,,,,,,,,,,,,,,,,,,,,,,,,,605170
716364,2023-10-01,8,Top,59,7,3,2,0,158,112,691718,676083,,,,,,,,,,,,,,,,,,,,,,,,,605170
716364,2023-10-01,8,Top,59,8,3,2,0,158,112,691718,676083,field_out,Pop Out,Pete Crow-Armstrong pops out to shortstop Brice Turang.,T,,,,,,,,,,691718,,,T,1,Pop Out,field_out,,,,,605170
716364,2023-10-01,8,Top,60,0,0,1,1,158,112,666624,676083,,,,,,,,,,,,,,,,,,,,,,,,,605170
716364,2023-10-01,8,Top,60,1,0,1,1,158,112,666624,676083,single,Single,Christopher Morel singles on a sharp line drive to center fielder Garrett Mitchell.,T,,,,,,,,,,666624,,1B,,,Single,single,,,,,605170
716364,2023-10-01,8,Top,61,0,0,0,1,158,112,600869,676083,field_out,Pop Out,Jeimer Candelario pops out to third baseman Josh Donaldson in foul territory.,T,,,,,,,,,,600869,,,T,2,Pop Out,field_out,,,,,605170
716364,2023-10-01,8,Top,62,0,0,0,2,158,112,672744,676083,,,,,,,,,,,,,,,,,,,,,,,,,605170
716364,2023-10-01,8,Top,62,1,0,1,2,158,112,672744,676083,,,,,,,,,,,,,,,,,,,,,,,,,605170
716364,2023-10-01,8,Top,62,2,0,1,2,158,112,672744,676083,force_out,Forceout,"Alexander Canario grounds into a force out, shortstop Brice Turang to second baseman Andruw Monasterio. Christopher Morel out at 2nd.",T,,,,,,,,,,666624,1B,,T,3,Forceout,force_out,r_force_out,,,,605170
716364,2023-10-01,8,Bot,63,0,1,0,0,158,112,518626,572888,,,,,,,,,,,,,,,,,,,,,,,,,665804
716364,2023-10-01,8,Bot,63,1,1,1,0,158,112,518626,572888,,,,,,,,,,,,,,,,,,,,,,,,,665804
716364,2023-10-01,8,Bot,63,2,1,2,0,158,112,518626,572888,,,,,,,,,,,,,,,,,,,,,,,,,665804
716364,2023-10-01,8,Bot,63,3,1,2,0,158,112,518626,572888,field_out,Groundout,"Josh Donaldson grounds out, second baseman Miles Mastrobuoni to first baseman Jared Young.",T,,,,,,,,,,518626,,,T,1,Groundout,field_out,,,,,665804
716364,2023-10-01,8,Bot,64,0,0,1,1,158,112,669003,572888,,,,,,,,,,,,,,,,,,,,,,,,,665804
716364,2023-10-01,8,Bot,64,1,1,1,1,158,112,669003,572888,,,,,,,,,,,,,,,,,,,,,,,,,665804
716364,2023-10-01,8,Bot,64,2,1,2,1,158,112,669003,572888,,,,,,,,,,,,,,,,,,,,,,,,,665804
716364,2023-10-01,8,Bot,64,3,2,2,1,158,112,669003,572888,,,,,,,,,,,,,,,,,,,,,,,,,665804
716364,2023-10-01,8,Bot,64,4,2,2,1,158,112,669003,572888,field_out,Groundout,"Garrett Mitchell grounds out, pitcher Shane Greene to first baseman Jared Young.",T,,,,,,,,,,669003,,,T,2,Groundout,field_out,,,,,665804
716364,2023-10-01,8,Bot,65,0,0,1,2,158,112,621438,572888,,,,,,,,,,,,,,,,,,,,,,,,,665804
716364,2023-10-01,8,Bot,65,1,0,2,2,158,112,621438,572888,,,,,,,,,,,,,,,,,,,,,,,,,665804
716364,2023-10-01,8,Bot,65,2,0,3,2,158,112,621438,572888,strikeout,Strikeout,Tyrone Taylor strikes out swinging.,T,,,,,,,,,,621438,,,T,3,Strikeout,strikeout,,,,,665804
716364,2023-10-01,9,Top,66,0,0,1,0,158,112,643565,676083,,,,,,,,,,,,,,,,,,,,,,,,,605170
716364,2023-10-01,9,Top,66,1,0,2,0,158,112,643565,676083,,,,,,,,,,,,,,,,,,,,,,,,,605170
716364,2023-10-01,9,Top,66,2,0,2,0,158,112,643565,676083,,,,,,,,,,,,,,,,,,,,,,,,,605170
716364,2023-10-01,9,Top,66,3,0,2,0,158,112,643565,676083,,,,,,,,,,,,,,,,,,,,,,,,,605170
716364,2023-10-01,9,Top,66,4,0,3,0,158,112,643565,676083,strikeout,Strikeout,Mike Tauchman called out on strikes.,T,,,,,,,,,,643565,,,T,1,Strikeout,strikeout,,,,,605170
716364,2023-10-01,9,Top,67,0,0,1,1,158,112,621550,676083,,,,,,,,,,,,,,,,,,,,,,,,,605170
716364,2023-10-01,9,Top,67,1,0,2,1,158,112,621550,676083,,,,,,,,,,,,,,,,,,,,,,,,,605170
716364,2023-10-01,9,Top,67,2,0,2,1,158,112,621550,676083,,,,,,,,,,,,,,,,,,,,,,,,,605170
716364,2023-10-01,9,Top,67,3,0,2,1,158,112,621550,676083,,,,,,,,,,,,,,,,,,,,,,,,,605170
716364,2023-10-01,9,Top,67,4,0,3,1,158,112,621550,676083,strikeout,Strikeout,Patrick Wisdom strikes out swinging.,T,,,,,,,,,,621550,,,T,2,Strikeout,strikeout,,,,,605170
716364,2023-10-01,9,Top,68,0,1,0,2,158,112,676724,676083,,,,,,,,,,,,,,,,,,,,,,,,,605170
716364,2023-10-01,9,Top,68,1,1,1,2,158,112,676724,676083,,,,,,,,,,,,,,,,,,,,,,,,,605170
716364,2023-10-01,9,Top,68,2,1,2,2,158,112,676724,676083,,,,,,,,,,,,,,,,,,,,,,,,,605170
716364,2023-10-01,9,Top,68,3,2,2,2,158,112,676724,676083,,,,,,,,,,,,,,,,,,,,,,,,,605170
716364,2023-10-01,9,Top,68,4,2,3,2,158,112,676724,676083,strikeout,Strikeout,Jared Young strikes out swinging.,T,,,,,,,,,,676724,,,T,3,Strikeout,strikeout,,,,,605170
716353,2023-10-01,1,Top,0,0,0,0,0,138,113,605361,571945,,,,,,,,,,,,,,,,,,,,,,,,,668800
716353,2023-10-01,1,Top,0,1,0,0,0,138,113,605361,571945,,,,,,,,,,,,,,,,,,,,,,,,,668800
716353,2023-10-01,1,Top,0,2,0,0,0,138,113,605361,571945,,,,,,,,,,,,,,,,,,,,,,,,,668800
716353,2023-10-01,1,Top,0,3,0,0,0,138,113,605361,571945,,,,,,,,,,,,,,,,,,,,,,,,,668800
716353,2023-10-01,1,Top,0,4,1,0,0,138,113,605361,571945,,,,,,,,,,,,,,,,,,,,,,,,,668800
716353,2023-10-01,1,Top,0,5,2,0,0,138,113,605361,571945,,,,,,,,,,,,,,,,,,,,,,,,,668800
716353,2023-10-01,1,Top,0,6,2,0,0,138,113,605361,571945,home_run,Home Run,Nick Martini homers (6) on a fly ball to center field.,T,,,,,,,,,,605361,,score,,,Home Run,home_run,,T,T,T,668800
716353,2023-10-01,1,Top,1,0,0,1,0,138,113,682829,571945,,,,,,,,,,,,,,,,,,,,,,,,,668800
716353,2023-10-01,1,Top,1,1,0,2,0,138,113,682829,571945,,,,,,,,,,,,,,,,,,,,,,,,,668800
716353,2023-10-01,1,Top,1,2,0,3,0,138,113,682829,571945,strikeout,Strikeout,Elly De La Cruz strikes out swinging.,T,,,,,,,,,,682829,,,T,1,Strikeout,strikeout,,,,,668800
716353,2023-10-01,1,Top,2,0,1,0,1,138,113,458015,571945,,,,,,,,,,,,,,,,,,,,,,,,,668800
716353,2023-10-01,1,Top,2,1,1,1,1,138,113,458015,571945,,,,,,,,,,,,,,,,,,,,,,,,,668800
716353,2023-10-01,1,Top,2,2,1,2,1,138,113,458015,571945,,,,,,,,,,,,,,,,,,,,,,,,,668800
716353,2023-10-01,1,Top,2,3,1,2,1,138,113,458015,571945,,,,,,,,,,,,,,,,,,,,,,,,,668800
716353,2023-10-01,1,Top,2,4,1,3,1,138,113,458015,571945,strikeout,Strikeout,Joey Votto strikes out on a foul tip.,T,,,,,,,,,,458015,,,T,2,Strikeout,strikeout,,,,,668800
716353,2023-10-01,1,Top,3,0,0,1,2,138,113,687952,571945,,,,,,,,,,,,,,,,,,,,,,,,,668800
716353,2023-10-01,1,Top,3,1,0,2,2,138,113,687952,571945,,,,,,,,,,,,,,,,,,,,,,,,,668800
716353,2023-10-01,1,Top,3,2,0,2,2,138,113,687952,571945,,,,,,,,,,,,,,,,,,,,,,,,,668800
716353,2023-10-01,1,Top,3,3,0,2,2,138,113,687952,571945,field_out,Pop Out,Christian Encarnacion-Strand pops out softly to catcher Andrew Knizner in foul territory.,T,,,,,,,,,,687952,,,T,3,Pop Out,field_out,,,,,668800
716353,2023-10-01,1,Bot,4,0,0,1,0,138,113,669242,668881,,,,,,,,,,,,,,,,,,,,,,,,,571912
716353,2023-10-01,1,Bot,4,1,1,1,0,138,113,669242,668881,,,,,,,,,,,,,,,,,,,,,,,,,571912
716353,2023-10-01,1,Bot,4,2,2,1,0,138,113,669242,668881,,,,,,,,,,,,,,,,,,,,,,,,,571912
716353,2023-10-01,1,Bot,4,3,2,2,0,138,113,669242,668881,,,,,,,,,,,,,,,,,,,,,,,,,571912
716353,2023-10-01,1,Bot,4,4,2,2,0,138,113,669242,668881,,,,,,,,,,,,,,,,,,,,,,,,,571912
716353,2023-10-01,1,Bot,4,5,3,2,0,138,113,669242,668881,,,,,,,,,,,,,,,,,,,,,,,,,571912
716353,2023-10-01,1,Bot,4,6,3,3,0,138,113,669242,668881,strikeout,Strikeout,Tommy Edman called out on strikes.,T,,,,,,,,,,669242,,,T,1,Strikeout,strikeout,,,,,571912
716353,2023-10-01,1,Bot,5,0,0,1,1,138,113,663457,668881,,,,,,,,,,,,,,,,,,,,,,,,,571912
716353,2023-10-01,1,Bot,5,1,1,1,1,138,113,663457,668881,,,,,,,,,,,,,,,,,,,,,,,,,571912
716353,2023-10-01,1,Bot,5,2,2,1,1,138,113,663457,668881,,,,,,,,,,,,,,,,,,,,,,,,,571912
716353,2023-10-01,1,Bot,5,3,2,1,1,138,113,663457,668881,field_out,Flyout,Lars Nootbaar flies out to right fielder Will Benson.,T,,,,,,,,,,663457,,,T,2,Flyout,field_out,,,,,571912
716353,2023-10-01,1,Bot,6,0,0,1,2,138,113,691023,668881,,,,,,,,,,,,,,,,,,,,,,,,,571912
716353,2023-10-01,1,Bot,6,1,0,2,2,138,113,691023,668881,,,,,,,,,,,,,,,,,,,,,,,,,571912
716353,2023-10-01,1,Bot,6,2,0,2,2,138,113,691023,668881,,,,,,,,,,,,,,,,,,,,,,,,,571912
716353,2023-10-01,1,Bot,6,3,0,2,2,138,113,691023,668881,single,Single,Jordan Walker singles on a ground ball to left fielder Nick Martini.,T,,,,,,,,,,691023,,1B,,,Single,single,,,,,571912
716353,2023-10-01,1,Bot,7,0,0,0,2,138,113,663609,668881,,,,,,,,,,,,,,,,,,,,,,,,,571912
716353,2023-10-01,1,Bot,7,1,0,1,2,138,113,663609,668881,,,,,,,,,,,,,,,,,,,,,,,,,571912
716353,2023-10-01,1,Bot,7,2,0,2,2,138,113,663609,668881,,,,,,,,,,,,,,,,,,,,,,,,,571912
716353,2023-10-01,1,Bot,7,3,1,2,2,138,113,663609,668881,,,,,,,,,,,,,,,,,,,,,,,,,571912
716353,2023-10-01,1,Bot,7,4,1,2,2,138,113,663609,668881,,,,,,,,,,,,,,,,,,,,,,,,,571912
716353,2023-10-01,1,Bot,7,5,2,2,2,138,113,663609,668881,,,,,,,,,,,,,,,,,,,,,,,,,571912
716353,2023-10-01,1,Bot,7,6,2,3,2,138,113,663609,668881,strikeout,Strikeout,Luken Baker strikes out swinging.,T,,,,,,,,,,663609,,,T,3,Strikeout,strikeout,,,,,571912
716353,2023-10-01,2,Top,8,0,0,0,0,138,113,682622,571945,,,,,,,,,,,,,,,,,,,,,,,,,668800
716353,2023-10-01,2,Top,8,1,0,0,0,138,113,682622,571945,,,,,,,,,,,,,,,,,,,,,,,,,668800
716353,2023-10-01,2,Top,8,2,1,0,0,138,113,682622,571945,,,,,,,,,,,,,,,,,,,,,,,,,668800
716353,2023-10-01,2,Top,8,3,1,1,0,138,113,682622,571945,,,,,,,,,,,,,,,,,,,,,,,,,668800
716353,2023-10-01,2,Top,8,4,2,1,0,138,113,682622,571945,,,,,,,,,,,,,,,,,,,,,,,,,668800
716353,2023-10-01,2,Top,8,5,2,1,0,138,113,682622,571945,field_out,Flyout,Noelvi Marte flies out to center fielder Tommy Edman.,T,,,,,,,,,,682622,,,T,1,Flyout,field_out,,,,,668800
716353,2023-10-01,2,Top,9,0,0,0,1,138,113,666181,571945,single,Single,Will Benson singles on a line drive to left fielder Richie Palacios.,T,,,,,,,,,,666181,,1B,,,Single,single,,,,,668800
716353,2023-10-01,2,Top,10,0,0,1,1,138,113,669222,571945,,,,,,,,,,,,,,,,,,,,,,,,,668800
716353,2023-10-01,2,Top,10,1,0,2,1,138,113,669222,571945,,,,,,,,,,,,,,,,,,,,,,,,,668800
716353,2023-10-01,2,Top,10,2,0,2,1,138,113,669222,571945,,,,,,,,,,,,,,,,,,,,,,,,,668800
716353,2023-10-01,2,Top,10,3,1,2,1,138,113,669222,571945,,,,,,,,,,,,,,,,,,,,,,,,,668800
716353,2023-10-01,2,Top,10,4,1,2,1,138,113,669222,571945,,,,,,,,,,,,,,,,,,,,,,,,,668800
716353,2023-10-01,2,Top,10,5,1,2,1,138,113,669222,571945,,,,,,,,,,,,,,,,,,,,,,,,,668800
716353,2023-10-01,2,Top,10,6,1,2,1,138,113,669222,571945,,,,,,,,,,,,,,,,,,,,,,,,,668800
716353,2023-10-01,2,Top,10,7,1,2,1,138,113,669222,571945,,,,,,,,,,,,,,,,,,,,,,,,,668800
716353,2023-10-01,2,Top,10,8,1,3,1,138,113,669222,571945,strikeout_double_play,Strikeout Double Play,"Nick Senzel strikes out swinging and Will Benson caught stealing 2nd, catcher Andrew Knizner to second baseman Irving Lopez to catcher Andrew Knizner.",T,,,,T,,,,,,669222,,,T,2,Strikeout Double Play,strikeout_double_play,,,,,668800
716353,2023-10-01,2,Bot,11,0,0,0,0,138,113,680700,668881,,,,,,,,,,,,,,,,,,,,,,,,,571912
716353,2023-10-01,2,Bot,11,1,0,0,0,138,113,680700,668881,double,Double,Richie Palacios doubles (6) on a fly ball to right fielder Will Benson.,T,,,,,,,,,,680700,,2B,,,Double,double,,,,,571912
716353,2023-10-01,2,Bot,12,0,1,0,0,138,113,668800,668881,,,,,,,,,,,,,,,,,,,,,,,,,571912
716353,2023-10-01,2,Bot,12,1,1,1,0,138,113,668800,668881,,,,,,,,,,,,,,,,,,,,,,,,,571912
716353,2023-10-01,2,Bot,12,2,1,2,0,138,113,668800,668881,,,,,,,,,,,,,,,,,,,,,,,,,571912
716353,2023-10-01,2,Bot,12,3,1,2,0,138,113,668800,668881,,,,,,,,,,,,,,,,,,,,,,,,,571912
716353,2023-10-01,2,Bot,12,4,2,2,0,138,113,668800,668881,,,,,,,,,,,,,,,,,,,,,,,,,571912
716353,2023-10-01,2,Bot,12,5,3,2,0,138,113,668800,668881,,,,,,,,,,,,,,,,,,,,,,,,,571912
716353,2023-10-01,2,Bot,12,6,4,2,0,138,113,668800,668881,hit_by_pitch,Hit By Pitch,Andrew Knizner hit by pitch.,T,,,,,,,,,,668800,,1B,,,Hit By Pitch,hit_by_pitch,,,,,571912
716353,2023-10-01,2,Bot,13,0,0,0,0,138,113,665877,668881,sac_bunt,Sac Bunt,"Jose Fermin out on a sacrifice bunt, pitcher Hunter Greene to first baseman Tyler Stephenson. Richie Palacios to 3rd. Andrew Knizner to 2nd.",T,,,,,,,,,,665877,,,T,1,Sac Bunt,sac_bunt,,,,,571912
716353,2023-10-01,2,Bot,14,0,0,1,1,138,113,676761,668881,,,,,,,,,,,,,,,,,,,,,,,,,571912
716353,2023-10-01,2,Bot,14,1,0,1,1,138,113,676761,668881,sac_fly,Sac Fly,Irving Lopez out on a sacrifice fly to right fielder Will Benson. Richie Palacios scores. Andrew Knizner to 3rd.,T,,,,,,,,,,676761,,,T,2,Sac Fly,sac_fly,,,,,571912
716353,2023-10-01,2,Bot,15,0,0,1,2,138,113,691026,668881,,,,,,,,,,,,,,,,,,,,,,,,,571912
716353,2023-10-01,2,Bot,15,1,0,2,2,138,113,691026,668881,,,,,,,,,,,,,,,,,,,,,,,,,571912
716353,2023-10-01,2,Bot,15,2,0,3,2,138,113,691026,668881,strikeout,Strikeout,Masyn Winn called out on strikes.,T,,,,,,,,,,691026,,,T,3,Strikeout,strikeout,,,,,571912
716353,2023-10-01,3,Top,16,0,0,1,0,138,113,656413,571945,,,,,,,,,,,,,,,,,,,,,,,,,668800
716353,2023-10-01,3,Top,16,1,1,1,0,138,113,656413,571945,,,,,,,,,,,,,,,,,,,,,,,,,668800
716353,2023-10-01,3,Top,16,2,1,2,0,138,113,656413,571945,,,,,,,,,,,,,,,,,,,,,,,,,668800
716353,2023-10-01,3,Top,16,3,1,2,0,138,113,656413,571945,,,,,,,,,,,,,,,,,,,,,,,,,668800
716353,2023-10-01,3,Top,16,4,2,2,0,138,113,656413,571945,,,,,,,,,,,,,,,,,,,,,,,,,668800
716353,2023-10-01,3,Top,16,5,2,2,0,138,113,656413,571945,,,,,,,,,,,,,,,,,,,,,,,,,668800
716353,2023-10-01,3,Top,16,6,2,2,0,138,113,656413,571945,,,,,,,,,,,,,,,,,,,,,,,,,668800
716353,2023-10-01,3,Top,16,7,2,2,0,138,113,656413,571945,double,Double,Stuart Fairchild doubles (15) on a ground ball to left fielder Richie Palacios.,T,,,,,,,,,,656413,,2B,,,Double,double,,,,,668800
716353,2023-10-01,3,Top,17,0,0,1,0,138,113,571912,571945,,,,,,,,,,,,,,,,,,,,,,,,,668800
716353,2023-10-01,3,Top,17,1,0,2,0,138,113,571912,571945,,,,,,,,,,,,,,,,,,,,,,,,,668800
716353,2023-10-01,3,Top,17,2,0,3,0,138,113,571912,571945,strikeout,Strikeout,Luke Maile strikes out swinging.,T,,,,,,,,,,571912,,,T,1,Strikeout,strikeout,,,,,668800
716353,2023-10-01,3,Top,18,0,0,1,1,138,113,605361,571945,,,,,,,,,,,,,,,,,,,,,,,,,668800
716353,2023-10-01,3,Top,18,1,0,2,1,138,113,605361,571945,,,,,,,,,,,,,,,,,,,,,,,,,668800
716353,2023-10-01,3,Top,18,2,0,2,1,138,113,605361,571945,,,,,,,,,,,,,,,,,,,,,,,,,668800
716353,2023-10-01,3,Top,18,3,0,2,1,138,113,605361,571945,,,,,,,,,,,,,,,,,,,,,,,,,668800
716353,2023-10-01,3,Top,18,4,0,2,1,138,113,605361,571945,field_out,Flyout,Nick Martini flies out to center fielder Tommy Edman.,T,,,,,,,,,,605361,,,T,2,Flyout,field_out,,,,,668800
716353,2023-10-01,3,Top,19,0,1,0,2,138,113,682829,571945,,,,,,,,,,,,,,,,,,,,,,,,,668800
716353,2023-10-01,3,Top,19,1,1,0,2,138,113,682829,571945,double,Double,Elly De La Cruz doubles (15) on a sharp line drive to center fielder Tommy Edman. Stuart Fairchild scores.,T,,,,,,,,,,682829,,2B,,,Double,double,,,,,668800
716353,2023-10-01,3,Top,20,0,0,0,2,138,113,663886,571945,field_out,Flyout,Tyler Stephenson flies out to center fielder Tommy Edman.,T,,,,,,,,,,663886,,,T,3,Flyout,field_out,,,,,668800
716353,2023-10-01,3,Bot,21,0,0,1,0,138,113,669242,668881,,,,,,,,,,,,,,,,,,,,,,,,,571912
716353,2023-10-01,3,Bot,21,1,0,2,0,138,113,669242,668881,,,,,,,,,,,,,,,,,,,,,,,,,571912
716353,2023-10-01,3,Bot,21,2,0,2,0,138,113,669242,668881,,,,,,,,,,,,,,,,,,,,,,,,,571912
716353,2023-10-01,3,Bot,21,3,0,2,0,138,113,669242,668881,,,,,,,,,,,,,,,,,,,,,,,,,571912
716353,2023-10-01,3,Bot,21,4,1,2,0,138,113,669242,668881,,,,,,,,,,,,,,,,,,,,,,,,,571912
716353,2023-10-01,3,Bot,21,5,2,2,0,138,113,669242,668881,,,,,,,,,,,,,,,,,,,,,,,,,571912
716353,2023-10-01,3,Bot,21,6,2,2,0,138,113,669242,668881,,,,,,,,,,,,,,,,,,,,,,,,,571912
716353,2023-10-01,3,Bot,21,7,2,2,0,138,113,669242,668881,,,,,,,,,,,,,,,,,,,,,,,,,571912
716353,2023-10-01,3,Bot,21,8,3,2,0,138,113,669242,668881,,,,,,,,,,,,,,,,,,,,,,,,,571912
716353,2023-10-01,3,Bot,21,9,3,2,0,138,113,669242,668881,single,Single,Tommy Edman singles on a ground ball to left fielder Nick Martini.,T,,,,,,,,,,669242,,1B,,,Single,single,,,,,571912
716353,2023-10-01,3,Bot,22,0,0,0,0,138,113,663457,668881,,,,,,,,,,,,,,,,,,,,,,,,,571912
716353,2023-10-01,3,Bot,22,1,1,0,0,138,113,663457,668881,,,,,,,,,,,,,,,,,,,,,,,,,571912
716353,2023-10-01,3,Bot,22,2,2,0,0,138,113,663457,668881,,,,,,,,,,,,,,,,,,,,,,,,,571912
716353,2023-10-01,3,Bot,22,3,2,1,0,138,113,663457,668881,,,,,,,,,,,,,,,,,,,,,,,,,571912
716353,2023-10-01,3,Bot,22,4,2,2,0,138,113,663457,668881,,,,,,,,,,,,,,,,,,,,,,,,,571912
716353,2023-10-01,3,Bot,22,5,3,2,0,138,113,663457,668881,,,,,,,,,,,,,,,,,,,,,,,,,571912
716353,2023-10-01,3,Bot,22,6,3,2,0,138,113,663457,668881,field_out,Flyout,Lars Nootbaar flies out sharply to center fielder Stuart Fairchild.,T,,,,,,,,,,663457,,,T,1,Flyout,field_out,,,,,571912
716353,2023-10-01,3,Bot,23,0,1,0,1,138,113,691023,668881,,,,,,,,,,,,,,,,,,,,,,,,,571912
716353,2023-10-01,3,Bot,23,1,1,0,1,138,113,691023,668881,,,,,,,,,,,,,,,,,,,,,,,,,571912
716353,2023-10-01,3,Bot,23,2,1,0,1,138,113,691023,668881,double,Double,Jordan Walker doubles (19) on a sharp line drive to center fielder Stuart Fairchild. Tommy Edman scores.,T,T,,,,,,,,,669242,1B,2B,,,Stolen Base 2B,stolen_base_2b,r_stolen_base_2b,,,,571912
716353,2023-10-01,3,Bot,24,0,0,0,1,138,113,663609,668881,double,Double,Luken Baker doubles (3) on a sharp line drive to left fielder Nick Martini. Jordan Walker scores.,T,,,,,,,,,,663609,,2B,,,Double,double,,,,,571912
716353,2023-10-01,3,Bot,25,0,0,0,1,138,113,680700,668881,,,,,,,,,,,,,,,,,,,,,,,,,571912
716353,2023-10-01,3,Bot,25,1,0,1,1,138,113,680700,668881,,,,,,,,,,,,,,,,,,,,,,,,,571912
716353,2023-10-01,3,Bot,25,2,0,2,1,138,113,680700,668881,,,,,,,,,,,,,,,,,,,,,,,,,571912
716353,2023-10-01,3,Bot,25,3,1,2,1,138,113,680700,668881,,,,,,,,,,,,,,,,,,,,,,,,,571912
716353,2023-10-01,3,Bot,25,4,1,2,1,138,113,680700,668881,,,,,,,,,,,,,,,,,,,,,,,,,571912
716353,2023-10-01,3,Bot,25,5,2,2,1,138,113,680700,668881,,,,,,,,,,,,,,,,,,,,,,,,,571912
716353,2023-10-01,3,Bot,25,6,3,2,1,138,113,680700,668881,hit_by_pitch,Hit By Pitch,Richie Palacios hit by pitch.,T,,,,,,,,,,680700,,1B,,,Hit By Pitch,hit_by_pitch,,,,,571912
716353,2023-10-01,3,Bot,26,0,0,1,1,138,113,668800,668881,,,,,,,,,,,,,,,,,,,,,,,,,571912
716353,2023-10-01,3,Bot,26,1,0,2,1,138,113,668800,668881,,,,,,,,,,,,,,,,,,,,,,,,,571912
716353,2023-10-01,3,Bot,26,2,0,3,1,138,113,668800,668881,strikeout,Strikeout,Andrew Knizner strikes out swinging.,T,,,,,,,,,,668800,,,T,2,Strikeout,strikeout,,,,,571912
716353,2023-10-01,3,Bot,27,0,1,0,2,138,113,665877,668881,,,,,,,,,,,,,,,,,,,,,,,,,571912
716353,2023-10-01,3,Bot,27,1,1,0,2,138,113,665877,668881,single,Single,Jose Fermin singles on a ground ball to center fielder Stuart Fairchild. Luken Baker scores. Richie Palacios to 3rd.,T,,,,,,,,,,665877,,1B,,,Single,single,,,,,571912
716353,2023-10-01,3,Bot,28,0,1,0,2,138,113,676761,668881,,,,,,,,,,,,,,,,,,,,,,,,,571912
716353,2023-10-01,3,Bot,28,1,1,0,2,138,113,676761,668881,,,,,,,,,,,,,,,,,,,,,,,,,571912
716353,2023-10-01,3,Bot,28,2,1,1,2,138,113,676761,668881,,,,,,,,,,,,,,,,,,,,,,,,,571912
716353,2023-10-01,3,Bot,28,3,1,1,2,138,113,676761,668881,field_out,Groundout,"Irving Lopez grounds out, second baseman Nick Senzel to first baseman Tyler Stephenson.",T,,,,,,,,,,676761,,,T,3,Groundout,field_out,,,,,571912
716353,2023-10-01,4,Top,29,0,0,1,0,138,113,687952,571945,,,,,,,,,,,,,,,,,,,,,,,,,668800
716353,2023-10-01,4,Top,29,1,1,1,0,138,113,687952,571945,,,,,,,,,,,,,,,,,,,,,,,,,668800
716353,2023-10-01,4,Top,29,2,2,1,0,138,113,687952,571945,,,,,,,,,,,,,,,,,,,,,,,,,668800
716353,2023-10-01,4,Top,29,3,2,2,0,138,113,687952,571945,,,,,,,,,,,,,,,,,,,,,,,,,668800
716353,2023-10-01,4,Top,29,4,2,2,0,138,113,687952,571945,single,Single,Christian Encarnacion-Strand singles on a line drive to center fielder Tommy Edman.,T,,,,,,,,,,687952,,1B,,,Single,single,,,,,668800
716353,2023-10-01,4,Top,30,0,0,1,0,138,113,682622,571945,,,,,,,,,,,,,,,,,,,,,,,,,668800
716353,2023-10-01,4,Top,30,1,0,1,0,138,113,682622,571945,field_out,Flyout,Noelvi Marte flies out to right fielder Jordan Walker.,T,,,,,,,,,,682622,,,T,1,Flyout,field_out,,,,,668800
716353,2023-10-01,4,Top,31,0,1,0,1,138,113,666181,571945,,,,,,,,,,,,,,,,,,,,,,,,,668800
716353,2023-10-01,4,Top,31,1,1,0,1,138,113,666181,571945,field_out,Flyout,Will Benson flies out to right fielder Jordan Walker.,T,,,,,,,,,,666181,,,T,2,Flyout,field_out,,,,,668800
716353,2023-10-01,4,Top,32,0,0,0,2,138,113,669222,571945,field_out,Pop Out,Nick Senzel pops out to third baseman Jose Fermin.,T,,,,,,,,,,669222,,,T,3,Pop Out,field_out,,,,,668800
716353,2023-10-01,4,Bot,33,0,0,0,0,138,113,691026,668881,field_out,Groundout,"Masyn Winn grounds out, shortstop Elly De La Cruz to first baseman Tyler Stephenson.",T,,,,,,,,,,691026,,,T,1,Groundout,field_out,,,,,571912
716353,2023-10-01,4,Bot,34,0,1,0,1,138,113,669242,668881,,,,,,,,,,,,,,,,,,,,,,,,,571912
716353,2023-10-01,4,Bot,34,1,1,1,1,138,113,669242,668881,,,,,,,,,,,,,,,,,,,,,,,,,571912
716353,2023-10-01,4,Bot,34,2,2,1,1,138,113,669242,668881,,,,,,,,,,,,,,,,,,,,,,,,,571912
716353,2023-10-01,4,Bot,34,3,2,1,1,138,113,669242,668881,single,Single,Tommy Edman singles on a line drive to right fielder Will Benson.,T,,,,,,,,,,669242,,1B,,,Single,single,,,,,571912
716353,2023-10-01,4,Bot,35,0,0,1,1,138,113,663457,668881,,,,,,,,,,,,,,,,,,,,,,,,,571912
716353,2023-10-01,4,Bot,35,1,1,1,1,138,113,663457,668881,,,,,,,,,,,,,,,,,,,,,,,,,571912
716353,2023-10-01,4,Bot,35,2,2,1,1,138,113,663457,668881,,,,,,,,,,,,,,,,,,,,,,,,,571912
716353,2023-10-01,4,Bot,35,3,2,1,1,138,113,663457,668881,,,,,,,,,,,,,,,,,,,,,,,,,571912
716353,2023-10-01,4,Bot,35,4,2,2,1,138,113,663457,668881,,,,,,,,,,,,,,,,,,,,,,,,,571912
716353,2023-10-01,4,Bot,35,5,2,2,2,138,113,663457,668881,,,,,,,,,,,,,,,,,,,,,,,,,571912
716353,2023-10-01,4,Bot,35,6,2,3,2,138,113,663457,668881,strikeout,Strikeout,Lars Nootbaar called out on strikes.,T,,,,T,,,,,,669242,1B,,T,2,Caught Stealing 2B,caught_stealing_2b,r_caught_stealing_2b,,,,571912
716353,2023-10-01,5,Top,36,0,0,1,0,138,113,656413,571945,,,,,,,,,,,,,,,,,,,,,,,,,668800
716353,2023-10-01,5,Top,36,1,0,1,0,138,113,656413,571945,field_out,Flyout,Stuart Fairchild flies out to right fielder Jordan Walker.,T,,,,,,,,,,656413,,,T,1,Flyout,field_out,,,,,668800
716353,2023-10-01,5,Top,37,0,0,1,1,138,113,571912,571945,,,,,,,,,,,,,,,,,,,,,,,,,668800
716353,2023-10-01,5,Top,37,1,0,2,1,138,113,571912,571945,,,,,,,,,,,,,,,,,,,,,,,,,668800
716353,2023-10-01,5,Top,37,2,0,3,1,138,113,571912,571945,strikeout,Strikeout,Luke Maile strikes out swinging.,T,,,,,,,,,,571912,,,T,2,Strikeout,strikeout,,,,,668800
716353,2023-10-01,5,Top,38,0,0,1,2,138,113,605361,571945,,,,,,,,,,,,,,,,,,,,,,,,,668800
716353,2023-10-01,5,Top,38,1,0,2,2,138,113,605361,571945,,,,,,,,,,,,,,,,,,,,,,,,,668800
716353,2023-10-01,5,Top,38,2,0,2,2,138,113,605361,571945,,,,,,,,,,,,,,,,,,,,,,,,,668800
716353,2023-10-01,5,Top,38,3,1,2,2,138,113,605361,571945,,,,,,,,,,,,,,,,,,,,,,,,,668800
716353,2023-10-01,5,Top,38,4,1,2,2,138,113,605361,571945,,,,,,,,,,,,,,,,,,,,,,,,,668800
716353,2023-10-01,5,Top,38,5,1,3,2,138,113,605361,571945,strikeout,Strikeout,Nick Martini called out on strikes.,T,,,,,,,,,,605361,,,T,3,Strikeout,strikeout,,,,,668800
716353,2023-10-01,5,Bot,39,0,0,1,0,138,113,691023,668881,,,,,,,,,,,,,,,,,,,,,,,,,571912
716353,2023-10-01,5,Bot,39,1,1,1,0,138,113,691023,668881,,,,,,,,,,,,,,,,,,,,,,,,,571912
716353,2023-10-01,5,Bot,39,2,1,2,0,138,113,691023,668881,,,,,,,,,,,,,,,,,,,,,,,,,571912
716353,2023-10-01,5,Bot,39,3,1,2,0,138,113,691023,668881,,,,,,,,,,,,,,,,,,,,,,,,,571912
716353,2023-10-01,5,Bot,39,4,2,2,0,138,113,691023,668881,,,,,,,,,,,,,,,,,,,,,,,,,571912
716353,2023-10-01,5,Bot,39,5,3,2,0,138,113,691023,668881,,,,,,,,,,,,,,,,,,,,,,,,,571912
716353,2023-10-01,5,Bot,39,6,3,2,0,138,113,691023,668881,single,Single,Jordan Walker singles on a line drive to center fielder Stuart Fairchild.,T,,,,,,,,,,691023,,1B,,,Single,single,,,,,571912
716353,2023-10-01,5,Bot,40,0,0,1,0,138,113,663609,668881,,,,,,,,,,,,,,,,,,,,,,,,,571912
716353,2023-10-01,5,Bot,40,1,0,2,0,138,113,663609,668881,,,,,,,,,,,,,,,,,,,,,,,,,571912
716353,2023-10-01,5,Bot,40,2,1,2,0,138,113,663609,668881,,,,,,,,,,,,,,,,,,,,,,,,,571912
716353,2023-10-01,5,Bot,40,3,1,2,0,138,113,663609,668881,,,,,,,,,,,,,,,,,,,,,,,,,571912
716353,2023-10-01,5,Bot,40,4,1,2,0,138,113,663609,668881,,,,,,,,,,,,,,,,,,,,,,,,,571912
716353,2023-10-01,5,Bot,40,5,1,3,0,138,113,663609,668881,strikeout,Strikeout,Luken Baker called out on strikes.,T,,,,,,,,,,663609,,,T,1,Strikeout,strikeout,,,,,571912
716353,2023-10-01,5,Bot,41,0,0,0,1,138,113,680700,668881,field_out,Flyout,Richie Palacios flies out to center fielder Stuart Fairchild.,T,,,,,,,,,,680700,,,T,2,Flyout,field_out,,,,,571912
716353,2023-10-01,5,Bot,42,0,0,0,2,138,113,668800,668881,single,Single,Andrew Knizner singles on a ground ball to left fielder Nick Martini. Jordan Walker to 3rd.,T,,,,,,,,,,668800,,1B,,,Single,single,,,,,571912
716353,2023-10-01,5,Bot,43,0,1,0,2,138,113,665877,668881,,,,,,,,,,,,,,,,,,,,,,,,,571912
716353,2023-10-01,5,Bot,43,1,2,0,2,138,113,665877,668881,,,,,,,,,,,,,,,,,,,,,,,,,571912
716353,2023-10-01,5,Bot,43,2,3,0,2,138,113,665877,668881,,,,,,,,,,,,,,,,,,,,,,,,,571912
716353,2023-10-01,5,Bot,43,3,4,0,2,138,113,665877,668881,walk,Walk,Jose Fermin walks. Andrew Knizner to 2nd.,T,,,,,,,,,,668800,1B,2B,,,Walk,walk,r_adv_force,,,,571912
716353,2023-10-01,5,Bot,44,0,0,1,2,138,113,676761,668881,,,,,,,,,,,,,,,,,,,,,,,,,571912
716353,2023-10-01,5,Bot,44,1,1,1,2,138,113,676761,668881,,,,,,,,,,,,,,,,,,,,,,,,,571912
716353,2023-10-01,5,Bot,44,2,2,1,2,138,113,676761,668881,,,,,,,,,,,,,,,,,,,,,,,,,571912
716353,2023-10-01,5,Bot,44,3,2,2,2,138,113,676761,668881,,,,,,,,,,,,,,,,,,,,,,,,,571912
716353,2023-10-01,5,Bot,44,4,2,2,2,138,113,676761,668881,,,,,,,,,,,,,,,,,,,,,,,,,571912
716353,2023-10-01,5,Bot,44,5,3,2,2,138,113,676761,668881,,,,,,,,,,,,,,,,,,,,,,,,,571912
716353,2023-10-01,5,Bot,44,6,3,2,2,138,113,676761,668881,,,,,,,,,,,,,,,,,,,,,,,,,571912
716353,2023-10-01,5,Bot,44,7,3,2,2,138,113,676761,668881,field_out,Flyout,Irving Lopez flies out to center fielder Stuart Fairchild.,T,,,,,,,,,,676761,,,T,3,Flyout,field_out,,,,,571912
716353,2023-10-01,6,Top,45,0,0,1,0,138,113,682829,571945,,,,,,,,,,,,,,,,,,,,,,,,,668800
716353,2023-10-01,6,Top,45,1,0,2,0,138,113,682829,571945,,,,,,,,,,,,,,,,,,,,,,,,,668800
716353,2023-10-01,6,Top,45,2,0,2,0,138,113,682829,571945,,,,,,,,,,,,,,,,,,,,,,,,,668800
716353,2023-10-01,6,Top,45,3,0,2,0,138,113,682829,571945,,,,,,,,,,,,,,,,,,,,,,,,,668800
716353,2023-10-01,6,Top,45,4,0,3,0,138,113,682829,571945,strikeout,Strikeout,Elly De La Cruz called out on strikes.,T,,,,,,,,,,682829,,,T,1,Strikeout,strikeout,,,,,668800
716353,2023-10-01,6,Top,46,0,0,1,1,138,113,663886,571945,,,,,,,,,,,,,,,,,,,,,,,,,668800
716353,2023-10-01,6,Top,46,1,1,1,1,138,113,663886,571945,,,,,,,,,,,,,,,,,,,,,,,,,668800
716353,2023-10-01,6,Top,46,2,2,1,1,138,113,663886,571945,,,,,,,,,,,,,,,,,,,,,,,,,668800
716353,2023-10-01,6,Top,46,3,3,1,1,138,113,663886,571945,,,,,,,,,,,,,,,,,,,,,,,,,668800
716353,2023-10-01,6,Top,46,4,3,1,1,138,113,663886,571945,field_out,Lineout,Tyler Stephenson lines out sharply to center fielder Tommy Edman.,T,,,,,,,,,,663886,,,T,2,Lineout,field_out,,,,,668800
716353,2023-10-01,6,Top,47,0,0,1,2,138,113,687952,571945,,,,,,,,,,,,,,,,,,,,,,,,,668800
716353,2023-10-01,6,Top,47,1,0,2,2,138,113,687952,571945,,,,,,,,,,,,,,,,,,,,,,,,,668800
716353,2023-10-01,6,Top,47,2,0,2,2,138,113,687952,571945,,,,,,,,,,,,,,,,,,,,,,,,,668800
716353,2023-10-01,6,Top,47,3,0,3,2,138,113,687952,571945,strikeout,Strikeout,Christian Encarnacion-Strand strikes out swinging.,T,,,,,,,,,,687952,,,T,3,Strikeout,strikeout,,,,,668800
716353,2023-10-01,6,Bot,48,0,0,0,0,138,113,691026,622065,,,,,,,,,,,,,,,,,,,,,,,,,571912
716353,2023-10-01,6,Bot,48,1,1,0,0,138,113,691026,622065,,,,,,,,,,,,,,,,,,,,,,,,,571912
716353,2023-10-01,6,Bot,48,2,1,0,0,138,113,691026,622065,field_out,Pop Out,Masyn Winn pops out to second baseman Nick Senzel.,T,,,,,,,,,,691026,,,T,1,Pop Out,field_out,,,,,571912
716353,2023-10-01,6,Bot,49,0,0,0,1,138,113,669242,622065,field_out,Flyout,Tommy Edman flies out sharply to center fielder Stuart Fairchild.,T,,,,,,,,,,669242,,,T,2,Flyout,field_out,,,,,571912
716353,2023-10-01,6,Bot,50,0,0,1,2,138,113,663457,622065,,,,,,,,,,,,,,,,,,,,,,,,,571912
716353,2023-10-01,6,Bot,50,1,0,2,2,138,113,663457,622065,,,,,,,,,,,,,,,,,,,,,,,,,571912
716353,2023-10-01,6,Bot,50,2,0,2,2,138,113,663457,622065,,,,,,,,,,,,,,,,,,,,,,,,,571912
716353,2023-10-01,6,Bot,50,3,0,2,2,138,113,663457,622065,,,,,,,,,,,,,,,,,,,,,,,,,571912
716353,2023-10-01,6,Bot,50,4,0,3,2,138,113,663457,622065,strikeout,Strikeout,Lars Nootbaar strikes out swinging.,T,,,,,,,,,,663457,,,T,3,Strikeout,strikeout,,,,,571912
716353,2023-10-01,7,Top,51,0,0,1,0,138,113,682622,571945,,,,,,,,,,,,,,,,,,,,,,,,,668800
716353,2023-10-01,7,Top,51,1,0,2,0,138,113,682622,571945,,,,,,,,,,,,,,,,,,,,,,,,,668800
716353,2023-10-01,7,Top,51,2,0,2,0,138,113,682622,571945,,,,,,,,,,,,,,,,,,,,,,,,,668800
716353,2023-10-01,7,Top,51,3,0,2,0,138,113,682622,571945,,,,,,,,,,,,,,,,,,,,,,,,,668800
716353,2023-10-01,7,Top,51,4,0,3,0,138,113,682622,571945,strikeout,Strikeout,Noelvi Marte strikes out swinging.,T,,,,,,,,,,682622,,,T,1,Strikeout,strikeout,,,,,668800
716353,2023-10-01,7,Top,52,0,0,0,1,138,113,666181,571945,single,Single,Will Benson singles on a ground ball to left fielder Richie Palacios.,T,,,,,,,,,,666181,,1B,,,Single,single,,,,,668800
716353,2023-10-01,7,Top,53,0,0,1,1,138,113,669222,571945,,,,,,,,,,,,,,,,,,,,,,,,,668800
716353,2023-10-01,7,Top,53,1,1,1,1,138,113,669222,571945,,,,,,,,,,,,,,,,,,,,,,,,,668800
716353,2023-10-01,7,Top,53,2,1,2,1,138,113,669222,571945,,,,,,,,,,,,,,,,,,,,,,,,,668800
716353,2023-10-01,7,Top,53,3,1,3,1,138,113,669222,571945,strikeout,Strikeout,Nick Senzel strikes out swinging.,T,,,,,,,,,,669222,,,T,2,Strikeout,strikeout,,,,,668800
716353,2023-10-01,7,Top,54,0,0,1,2,138,113,656413,571945,,,,,,,,,,,,,,,,,,,,,,,,,668800
716353,2023-10-01,7,Top,54,1,0,1,2,138,113,656413,571945,double,Double,Stuart Fairchild doubles (16) on a sharp fly ball to left fielder Richie Palacios. Will Benson scores.,T,,,,,,,,,,656413,,2B,,,Double,double,,,,,668800
716353,2023-10-01,7,Top,55,0,0,1,2,138,113,571912,571945,,,,,,,,,,,,,,,,,,,,,,,,,668800
716353,2023-10-01,7,Top,55,1,0,2,2,138,113,571912,571945,,,,,,,,,,,,,,,,,,,,,,,,,668800
716353,2023-10-01,7,Top,55,2,0,2,2,138,113,571912,571945,field_out,Flyout,Luke Maile flies out sharply to center fielder Tommy Edman.,T,,,,,,,,,,571912,,,T,3,Flyout,field_out,,,,,668800
716353,2023-10-01,7,Bot,56,0,0,0,0,138,113,691023,641427,,,,,,,,,,,,,,,,,,,,,,,,,571912
716353,2023-10-01,7,Bot,56,1,1,0,0,138,113,691023,641427,,,,,,,,,,,,,,,,,,,,,,,,,571912
716353,2023-10-01,7,Bot,56,2,1,0,0,138,113,691023,641427,field_out,Flyout,Jordan Walker flies out sharply to center fielder Stuart Fairchild.,T,,,,,,,,,,691023,,,T,1,Flyout,field_out,,,,,571912
716353,2023-10-01,7,Bot,57,0,1,0,1,138,113,663609,641427,,,,,,,,,,,,,,,,,,,,,,,,,571912
716353,2023-10-01,7,Bot,57,1,1,1,1,138,113,663609,641427,,,,,,,,,,,,,,,,,,,,,,,,,571912
716353,2023-10-01,7,Bot,57,2,1,2,1,138,113,663609,641427,,,,,,,,,,,,,,,,,,,,,,,,,571912
716353,2023-10-01,7,Bot,57,3,1,2,1,138,113,663609,641427,field_out,Flyout,Luken Baker flies out to right fielder Will Benson.,T,,,,,,,,,,663609,,,T,2,Flyout,field_out,,,,,571912
716353,2023-10-01,7,Bot,58,0,0,1,2,138,113,680700,641427,,,,,,,,,,,,,,,,,,,,,,,,,571912
716353,2023-10-01,7,Bot,58,1,0,1,2,138,113,680700,641427,field_out,Groundout,"Richie Palacios grounds out, shortstop Elly De La Cruz to first baseman Tyler Stephenson.",T,,,,,,,,,,680700,,,T,3,Groundout,field_out,,,,,571912
716353,2023-10-01,8,Top,59,0,0,0,0,138,113,605361,667463,,,,,,,,,,,,,,,,,,,,,,,,,668800
716353,2023-10-01,8,Top,59,1,0,1,0,138,113,605361,667463,,,,,,,,,,,,,,,,,,,,,,,,,668800
716353,2023-10-01,8,Top,59,2,0,2,0,138,113,605361,667463,,,,,,,,,,,,,,,,,,,,,,,,,668800
716353,2023-10-01,8,Top,59,3,0,3,0,138,113,605361,667463,strikeout,Strikeout,Nick Martini strikes out swinging.,T,,,,,,,,,,605361,,,T,1,Strikeout,strikeout,,,,,668800
716353,2023-10-01,8,Top,60,0,0,1,1,138,113,682829,667463,,,,,,,,,,,,,,,,,,,,,,,,,668800
716353,2023-10-01,8,Top,60,1,0,1,1,138,113,682829,667463,,,,,,,,,,,,,,,,,,,,,,,,,668800
716353,2023-10-01,8,Top,60,2,1,1,1,138,113,682829,667463,,,,,,,,,,,,,,,,,,,,,,,,,668800
716353,2023-10-01,8,Top,60,3,1,2,1,138,113,682829,667463,,,,,,,,,,,,,,,,,,,,,,,,,668800
716353,2023-10-01,8,Top,60,4,2,2,1,138,113,682829,667463,,,,,,,,,,,,,,,,,,,,,,,,,668800
716353,2023-10-01,8,Top,60,5,3,2,1,138,113,682829,667463,,,,,,,,,,,,,,,,,,,,,,,,,668800
716353,2023-10-01,8,Top,60,6,3,3,1,138,113,682829,667463,strikeout,Strikeout,Elly De La Cruz strikes out swinging.,T,,,,,,,,,,682829,,,T,2,Strikeout,strikeout,,,,,668800
716353,2023-10-01,8,Top,61,0,1,0,2,138,113,663886,667463,,,,,,,,,,,,,,,,,,,,,,,,,668800
716353,2023-10-01,8,Top,61,1,2,0,2,138,113,663886,667463,,,,,,,,,,,,,,,,,,,,,,,,,668800
716353,2023-10-01,8,Top,61,2,2,0,2,138,113,663886,667463,field_out,Groundout,"Tyler Stephenson grounds out, pitcher John King to first baseman Luken Baker.",T,,,,,,,,,,663886,,,T,3,Groundout,field_out,,,,,668800
716353,2023-10-01,8,Bot,62,0,0,1,0,138,113,668800,641427,,,,,,,,,,,,,,,,,,,,,,,,,571912
716353,2023-10-01,8,Bot,62,1,0,2,0,138,113,668800,641427,,,,,,,,,,,,,,,,,,,,,,,,,571912
716353,2023-10-01,8,Bot,62,2,0,2,0,138,113,668800,641427,,,,,,,,,,,,,,,,,,,,,,,,,571912
716353,2023-10-01,8,Bot,62,3,1,2,0,138,113,668800,641427,,,,,,,,,,,,,,,,,,,,,,,,,571912
716353,2023-10-01,8,Bot,62,4,2,2,0,138,113,668800,641427,,,,,,,,,,,,,,,,,,,,,,,,,571912
716353,2023-10-01,8,Bot,62,5,2,3,0,138,113,668800,641427,strikeout,Strikeout,Andrew Knizner called out on strikes.,T,,,,,,,,,,668800,,,T,1,Strikeout,strikeout,,,,,571912
716353,2023-10-01,8,Bot,63,0,0,0,1,138,113,425794,641427,,,,,,,,,,,,,,,,,,,,,,,,,571912
716353,2023-10-01,8,Bot,63,1,0,0,1,138,113,425794,641427,,,,,,,,,,,,,,,,,,,,,,,,,571912
716353,2023-10-01,8,Bot,63,2,0,1,1,138,113,425794,641427,,,,,,,,,,,,,,,,,,,,,,,,,571912
716353,2023-10-01,8,Bot,63,3,0,2,1,138,113,425794,641427,,,,,,,,,,,,,,,,,,,,,,,,,571912
716353,2023-10-01,8,Bot,63,4,0,2,1,138,113,425794,641427,,,,,,,,,,,,,,,,,,,,,,,,,571912
716353,2023-10-01,8,Bot,63,5,0,2,1,138,113,425794,641427,,,,,,,,,,,,,,,,,,,,,,,,,571912
716353,2023-10-01,8,Bot,63,6,0,3,1,138,113,425794,641427,strikeout,Strikeout,Adam Wainwright strikes out swinging.,T,,,,,,,,,,425794,,,T,2,Strikeout,strikeout,,,,,571912
716353,2023-10-01,8,Bot,64,0,0,0,2,138,113,676761,641427,,,,,,,,,,,,,,,,,,,,,,,,,571912
716353,2023-10-01,8,Bot,64,1,0,0,2,138,113,676761,641427,,,,,,,,,,,,,,,,,,,,,,,,,571912
716353,2023-10-01,8,Bot,64,2,0,1,2,138,113,676761,641427,,,,,,,,,,,,,,,,,,,,,,,,,571912
716353,2023-10-01,8,Bot,64,3,0,2,2,138,113,676761,641427,,,,,,,,,,,,,,,,,,,,,,,,,571912
716353,2023-10-01,8,Bot,64,4,1,2,2,138,113,676761,641427,,,,,,,,,,,,,,,,,,,,,,,,,571912
716353,2023-10-01,8,Bot,64,5,1,2,2,138,113,676761,641427,,,,,,,,,,,,,,,,,,,,,,,,,571912
716353,2023-10-01,8,Bot,64,6,1,2,2,138,113,676761,641427,field_out,Groundout,"Irving Lopez grounds out, first baseman Tyler Stephenson to pitcher Alan Busenitz.",T,,,,,,,,,,676761,,,T,3,Groundout,field_out,,,,,571912
716353,2023-10-01,9,Top,65,0,0,0,0,138,113,687952,664854,,,,,,,,,,,,,,,,,,,,,,,,,668800
716353,2023-10-01,9,Top,65,1,0,0,0,138,113,687952,664854,,,,,,,,,,,,,,,,,,,,,,,,,668800
716353,2023-10-01,9,Top,65,2,1,0,0,138,113,687952,664854,,,,,,,,,,,,,,,,,,,,,,,,,668800
716353,2023-10-01,9,Top,65,3,1,1,0,138,113,687952,664854,,,,,,,,,,,,,,,,,,,,,,,,,668800
716353,2023-10-01,9,Top,65,4,1,2,0,138,113,687952,664854,,,,,,,,,,,,,,,,,,,,,,,,,668800
716353,2023-10-01,9,Top,65,5,1,2,0,138,113,687952,664854,,,,,,,,,,,,,,,,,,,,,,,,,668800
716353,2023-10-01,9,Top,65,6,2,2,0,138,113,687952,664854,,,,,,,,,,,,,,,,,,,,,,,,,668800
716353,2023-10-01,9,Top,65,7,2,2,0,138,113,687952,664854,field_out,Groundout,"Christian Encarnacion-Strand grounds out softly, first baseman Luken Baker to pitcher Ryan Helsley.",T,,,,,,,,,,687952,,,T,1,Groundout,field_out,,,,,668800
716353,2023-10-01,9,Top,66,0,0,0,1,138,113,682622,664854,double,Double,Noelvi Marte doubles (7) on a line drive to right fielder Jordan Walker.,T,,,,,,,,,,682622,,2B,,,Double,double,,,,,668800
716353,2023-10-01,9,Top,67,0,0,0,1,138,113,666181,664854,single,Single,Will Benson singles on a line drive to right fielder Jordan Walker. Noelvi Marte to 3rd.,T,,,,,,,,,,666181,,1B,,,Single,single,,,,,668800
716353,2023-10-01,9,Top,68,0,0,1,1,138,113,669222,664854,,,,,,,,,,,,,,,,,,,,,,,,,668800
716353,2023-10-01,9,Top,68,1,0,2,1,138,113,669222,664854,,,,,,,,,,,,,,,,,,,,,,,,,668800
716353,2023-10-01,9,Top,68,2,1,2,1,138,113,669222,664854,,,,,,,,,,,,,,,,,,,,,,,,,668800
716353,2023-10-01,9,Top,68,3,1,2,1,138,113,669222,664854,,,,,,,,,,,,,,,,,,,,,,,,,668800
716353,2023-10-01,9,Top,68,4,1,3,1,138,113,669222,664854,strikeout,Strikeout,Nick Senzel strikes out swinging.,T,T,,,,,,,,,666181,1B,2B,,,Stolen Base 2B,stolen_base_2b,r_stolen_base_2b,,,,668800
716353,2023-10-01,9,Top,69,0,1,0,2,138,113,656413,664854,,,,,,,,,,,,,,,,,,,,,,,,,668800
716353,2023-10-01,9,Top,69,1,1,1,2,138,113,656413,664854,,,,,,,,,,,,,,,,,,,,,,,,,668800
716353,2023-10-01,9,Top,69,2,1,1,2,138,113,656413,664854,,,,,,,,,,,,,,,,,,,,,,,,,668800
716353,2023-10-01,9,Top,69,3,1,2,2,138,113,656413,664854,,,,,,,,,,,,,,,,,,,,,,,,,668800
716353,2023-10-01,9,Top,69,4,1,2,2,138,113,656413,664854,,,,,,,,,,,,,,,,,,,,,,,,,668800
716353,2023-10-01,9,Top,69,5,2,2,2,138,113,656413,664854,,,,,,,,,,,,,,,,,,,,,,,,,668800
716353,2023-10-01,9,Top,69,6,2,3,2,138,113,656413,664854,strikeout,Strikeout,Stuart Fairchild strikes out swinging.,T,,,,,,,,,,656413,,,T,3,Strikeout,strikeout,,,,,668800
716352,2023-10-01,1,Top,0,0,0,0,0,118,147,518934,425844,,,,,,,,,,,,,,,,,,,,,,,,,521692
716352,2023-10-01,1,Top,0,1,0,0,0,118,147,518934,425844,,,,,,,,,,,,,,,,,,,,,,,,,521692
716352,2023-10-01,1,Top,0,2,0,0,0,118,147,518934,425844,,,,,,,,,,,,,,,,,,,,,,,,,521692
716352,2023-10-01,1,Top,0,3,0,1,0,118,147,518934,425844,,,,,,,,,,,,,,,,,,,,,,,,,521692
716352,2023-10-01,1,Top,0,4,0,2,0,118,147,518934,425844,,,,,,,,,,,,,,,,,,,,,,,,,521692
716352,2023-10-01,1,Top,0,5,0,2,0,118,147,518934,425844,,,,,,,,,,,,,,,,,,,,,,,,,521692
716352,2023-10-01,1,Top,0,6,0,2,0,118,147,518934,425844,,,,,,,,,,,,,,,,,,,,,,,,,521692
716352,2023-10-01,1,Top,0,7,1,2,0,118,147,518934,425844,,,,,,,,,,,,,,,,,,,,,,,,,521692
716352,2023-10-01,1,Top,0,8,2,2,0,118,147,518934,425844,,,,,,,,,,,,,,,,,,,,,,,,,521692
716352,2023-10-01,1,Top,0,9,2,2,0,118,147,518934,425844,,,,,,,,,,,,,,,,,,,,,,,,,521692
716352,2023-10-01,1,Top,0,10,3,2,0,118,147,518934,425844,,,,,,,,,,,,,,,,,,,,,,,,,521692
716352,2023-10-01,1,Top,0,11,3,2,0,118,147,518934,425844,,,,,,,,,,,,,,,,,,,,,,,,,521692
716352,2023-10-01,1,Top,0,12,3,2,0,118,147,518934,425844,single,Single,DJ LeMahieu singles on a sharp line drive to center fielder Dairon Blanco.,T,,,,,,,,,,518934,,1B,,,Single,single,,,,,521692
716352,2023-10-01,1,Top,1,0,0,1,0,118,147,683011,425844,,,,,,,,,,,,,,,,,,,,,,,,,521692
716352,2023-10-01,1,Top,1,1,1,1,0,118,147,683011,425844,,,,,,,,,,,,,,,,,,,,,,,,,521692
716352,2023-10-01,1,Top,1,2,1,1,0,118,147,683011,425844,single,Single,Anthony Volpe singles on a sharp line drive to right fielder MJ Melendez. DJ LeMahieu to 2nd.,T,,,,,,,,,,683011,,1B,,,Single,single,,,,,521692
716352,2023-10-01,1,Top,2,0,0,1,0,118,147,669224,425844,,,,,,,,,,,,,,,,,,,,,,,,,521692
716352,2023-10-01,1,Top,2,1,0,1,0,118,147,669224,425844,single,Single,Austin Wells singles on a line drive to center fielder Dairon Blanco. DJ LeMahieu to 3rd. Anthony Volpe to 2nd.,T,,,,,,,,,,669224,,1B,,,Single,single,,,,,521692
716352,2023-10-01,1,Top,3,0,0,0,0,118,147,543309,425844,grounded_into_double_play,Grounded Into DP,"Kyle Higashioka grounds into a double play, third baseman Maikel Garcia to catcher Salvador Perez to first baseman Nick Pratto. DJ LeMahieu out at home. Anthony Volpe to 3rd. Austin Wells to 2nd. Kyle Higashioka out at 1st.",T,,,,,,,,,,518934,3B,,T,1,Grounded Into DP,grounded_into_double_play,r_force_out,,,,521692
716352,2023-10-01,1,Top,4,0,0,1,2,118,147,643396,425844,,,,,,,,,,,,,,,,,,,,,,,,,521692
716352,2023-10-01,1,Top,4,1,1,1,2,118,147,643396,425844,,,,,,,,,,,,,,,,,,,,,,,,,521692
716352,2023-10-01,1,Top,4,2,1,1,2,118,147,643396,425844,field_out,Groundout,"Isiah Kiner-Falefa grounds out, shortstop Bobby Witt Jr. to first baseman Nick Pratto.",T,,,,,,,,,,643396,,,T,3,Groundout,field_out,,,,,521692
716352,2023-10-01,1,Bot,5,0,0,1,0,118,147,672580,650633,,,,,,,,,,,,,,,,,,,,,,,,,666163
716352,2023-10-01,1,Bot,5,1,0,2,0,118,147,672580,650633,,,,,,,,,,,,,,,,,,,,,,,,,666163
716352,2023-10-01,1,Bot,5,2,0,2,0,118,147,672580,650633,field_out,Lineout,Maikel Garcia lines out to center fielder Estevan Florial.,T,,,,,,,,,,672580,,,T,1,Lineout,field_out,,,,,666163
716352,2023-10-01,1,Bot,6,0,0,1,1,118,147,677951,650633,,,,,,,,,,,,,,,,,,,,,,,,,666163
716352,2023-10-01,1,Bot,6,1,1,1,1,118,147,677951,650633,,,,,,,,,,,,,,,,,,,,,,,,,666163
716352,2023-10-01,1,Bot,6,2,1,2,1,118,147,677951,650633,,,,,,,,,,,,,,,,,,,,,,,,,666163
716352,2023-10-01,1,Bot,6,3,2,2,1,118,147,677951,650633,,,,,,,,,,,,,,,,,,,,,,,,,666163
716352,2023-10-01,1,Bot,6,4,2,2,1,118,147,677951,650633,field_out,Groundout,"Bobby Witt Jr. grounds out, second baseman Oswald Peraza to first baseman DJ LeMahieu.",T,,,,,,,,,,677951,,,T,2,Groundout,field_out,,,,,666163
716352,2023-10-01,1,Bot,7,0,0,1,2,118,147,521692,650633,,,,,,,,,,,,,,,,,,,,,,,,,666163
716352,2023-10-01,1,Bot,7,1,0,2,2,118,147,521692,650633,,,,,,,,,,,,,,,,,,,,,,,,,666163
716352,2023-10-01,1,Bot,7,2,0,2,2,118,147,521692,650633,,,,,,,,,,,,,,,,,,,,,,,,,666163
716352,2023-10-01,1,Bot,7,3,1,2,2,118,147,521692,650633,,,,,,,,,,,,,,,,,,,,,,,,,666163
716352,2023-10-01,1,Bot,7,4,1,3,2,118,147,521692,650633,strikeout,Strikeout,Salvador Perez strikes out swinging.,T,,,,,,,,,,521692,,,T,3,Strikeout,strikeout,,,,,666163
716352,2023-10-01,2,Top,8,0,1,0,0,118,147,665828,425844,,,,,,,,,,,,,,,,,,,,,,,,,521692
716352,2023-10-01,2,Top,8,1,2,0,0,118,147,665828,425844,,,,,,,,,,,,,,,,,,,,,,,,,521692
716352,2023-10-01,2,Top,8,2,2,0,0,118,147,665828,425844,field_out,Flyout,Oswaldo Cabrera flies out to right fielder MJ Melendez.,T,,,,,,,,,,665828,,,T,1,Flyout,field_out,,,,,521692
716352,2023-10-01,2,Top,9,0,1,0,1,118,147,672724,425844,,,,,,,,,,,,,,,,,,,,,,,,,521692
716352,2023-10-01,2,Top,9,1,1,0,1,118,147,672724,425844,,,,,,,,,,,,,,,,,,,,,,,,,521692
716352,2023-10-01,2,Top,9,2,1,0,1,118,147,672724,425844,field_out,Groundout,"Oswald Peraza grounds out, second baseman Michael Massey to first baseman Nick Pratto.",T,,,,,,,,,,672724,,,T,2,Groundout,field_out,,,,,521692
716352,2023-10-01,2,Top,10,0,0,0,2,118,147,677592,425844,field_out,Groundout,"Everson Pereira grounds out, shortstop Bobby Witt Jr. to first baseman Nick Pratto.",T,,,,,,,,,,677592,,,T,3,Groundout,field_out,,,,,521692
716352,2023-10-01,2,Bot,11,0,0,1,0,118,147,669004,650633,,,,,,,,,,,,,,,,,,,,,,,,,666163
716352,2023-10-01,2,Bot,11,1,0,1,0,118,147,669004,650633,home_run,Home Run,MJ Melendez homers (16) on a fly ball to left center field.,T,,,,,,,,,,669004,,score,,,Home Run,home_run,,T,T,T,666163
716352,2023-10-01,2,Bot,12,0,0,0,0,118,147,658668,650633,field_out,Lineout,Edward Olivares lines out to center fielder Estevan Florial.,T,,,,,,,,,,658668,,,T,1,Lineout,field_out,,,,,666163
716352,2023-10-01,2,Bot,13,0,1,0,1,118,147,686681,650633,,,,,,,,,,,,,,,,,,,,,,,,,666163
716352,2023-10-01,2,Bot,13,1,1,1,1,118,147,686681,650633,,,,,,,,,,,,,,,,,,,,,,,,,666163
716352,2023-10-01,2,Bot,13,2,1,2,1,118,147,686681,650633,,,,,,,,,,,,,,,,,,,,,,,,,666163
716352,2023-10-01,2,Bot,13,3,1,2,1,118,147,686681,650633,field_out,Lineout,Michael Massey lines out to first baseman DJ LeMahieu.,T,,,,,,,,,,686681,,,T,2,Lineout,field_out,,,,,666163
716352,2023-10-01,2,Bot,14,0,1,0,2,118,147,680118,650633,,,,,,,,,,,,,,,,,,,,,,,,,666163
716352,2023-10-01,2,Bot,14,1,1,0,2,118,147,680118,650633,single,Single,Dairon Blanco singles on a line drive to left fielder Everson Pereira.,T,,,,,,,,,,680118,,1B,,,Single,single,,,,,666163
716352,2023-10-01,2,Bot,15,0,0,1,2,118,147,668472,650633,,,,,,,,,,,,,,,,,,,,,,,,,666163
716352,2023-10-01,2,Bot,15,1,0,1,2,118,147,668472,650633,,,,,,,,,,,,,,,,,,,,,,,,,666163
716352,2023-10-01,2,Bot,15,2,1,1,2,118,147,668472,650633,,,,,,,,,,,,,,,,,,,,,,,,,666163
716352,2023-10-01,2,Bot,15,3,2,1,2,118,147,668472,650633,,,,,,,,,,,,,,,,,,,,,,,,,666163
716352,2023-10-01,2,Bot,15,4,2,1,2,118,147,668472,650633,single,Single,Nick Pratto singles on a ground ball to right fielder Oswaldo Cabrera. Dairon Blanco scores.,T,T,,,,,,,,,680118,1B,2B,,,Stolen Base 2B,stolen_base_2b,r_stolen_base_2b,,,,666163
716352,2023-10-01,2,Bot,16,0,1,0,2,118,147,622110,650633,,,,,,,,,,,,,,,,,,,,,,,,,666163
716352,2023-10-01,2,Bot,16,1,1,1,2,118,147,622110,650633,,,,,,,,,,,,,,,,,,,,,,,,,666163
716352,2023-10-01,2,Bot,16,2,1,1,2,118,147,622110,650633,force_out,Forceout,"Matt Duffy grounds into a force out, shortstop Anthony Volpe to second baseman Oswald Peraza. Nick Pratto out at 2nd.",T,,,,,,,,,,668472,1B,,T,3,Forceout,force_out,r_force_out,,,,666163
716352,2023-10-01,3,Top,17,0,0,1,0,118,147,664314,425844,,,,,,,,,,,,,,,,,,,,,,,,,521692
716352,2023-10-01,3,Top,17,1,1,1,0,118,147,664314,425844,,,,,,,,,,,,,,,,,,,,,,,,,521692
716352,2023-10-01,3,Top,17,2,2,1,0,118,147,664314,425844,,,,,,,,,,,,,,,,,,,,,,,,,521692
716352,2023-10-01,3,Top,17,3,3,1,0,118,147,664314,425844,,,,,,,,,,,,,,,,,,,,,,,,,521692
716352,2023-10-01,3,Top,17,4,3,2,0,118,147,664314,425844,,,,,,,,,,,,,,,,,,,,,,,,,521692
716352,2023-10-01,3,Top,17,5,4,2,0,118,147,664314,425844,walk,Walk,Estevan Florial walks.,T,,,,,,,,,,664314,,1B,,,Walk,walk,,,,,521692
716352,2023-10-01,3,Top,18,0,0,0,0,118,147,518934,425844,,,,,,,,,,,,,,,,,,,,,,,,,521692
716352,2023-10-01,3,Top,18,1,1,0,0,118,147,518934,425844,,,,,,,,,,,,,,,,,,,,,,,,,521692
716352,2023-10-01,3,Top,18,2,1,1,0,118,147,518934,425844,,,,,,,,,,,,,,,,,,,,,,,,,521692
716352,2023-10-01,3,Top,18,3,1,1,0,118,147,518934,425844,grounded_into_double_play,Grounded Into DP,"DJ LeMahieu grounds into a double play, second baseman Michael Massey to shortstop Bobby Witt Jr. to first baseman Nick Pratto. Estevan Florial out at 2nd. DJ LeMahieu out at 1st.",T,,,,,,,,,,664314,1B,,T,1,Grounded Into DP,grounded_into_double_play,r_force_out,,,,521692
716352,2023-10-01,3,Top,19,0,0,1,2,118,147,683011,425844,,,,,,,,,,,,,,,,,,,,,,,,,521692
716352,2023-10-01,3,Top,19,1,0,2,2,118,147,683011,425844,,,,,,,,,,,,,,,,,,,,,,,,,521692
716352,2023-10-01,3,Top,19,2,0,2,2,118,147,683011,425844,,,,,,,,,,,,,,,,,,,,,,,,,521692
716352,2023-10-01,3,Top,19,3,1,2,2,118,147,683011,425844,,,,,,,,,,,,,,,,,,,,,,,,,521692
716352,2023-10-01,3,Top,19,4,1,2,2,118,147,683011,425844,,,,,,,,,,,,,,,,,,,,,,,,,521692
716352,2023-10-01,3,Top,19,5,2,2,2,118,147,683011,425844,,,,,,,,,,,,,,,,,,,,,,,,,521692
716352,2023-10-01,3,Top,19,6,2,3,2,118,147,683011,425844,strikeout,Strikeout,Anthony Volpe strikes out swinging.,T,,,,,,,,,,683011,,,T,3,Strikeout,strikeout,,,,,521692
716352,2023-10-01,3,Bot,20,0,0,1,0,118,147,672580,650633,,,,,,,,,,,,,,,,,,,,,,,,,666163
716352,2023-10-01,3,Bot,20,1,0,2,0,118,147,672580,650633,,,,,,,,,,,,,,,,,,,,,,,,,666163
716352,2023-10-01,3,Bot,20,2,0,2,0,118,147,672580,650633,field_out,Groundout,"Maikel Garcia grounds out, second baseman Oswald Peraza to first baseman DJ LeMahieu.",T,,,,,,,,,,672580,,,T,1,Groundout,field_out,,,,,666163
716352,2023-10-01,3,Bot,21,0,0,1,1,118,147,677951,650633,,,,,,,,,,,,,,,,,,,,,,,,,666163
716352,2023-10-01,3,Bot,21,1,0,2,1,118,147,677951,650633,,,,,,,,,,,,,,,,,,,,,,,,,666163
716352,2023-10-01,3,Bot,21,2,0,2,1,118,147,677951,650633,,,,,,,,,,,,,,,,,,,,,,,,,666163
716352,2023-10-01,3,Bot,21,3,1,2,1,118,147,677951,650633,,,,,,,,,,,,,,,,,,,,,,,,,666163
716352,2023-10-01,3,Bot,21,4,2,2,1,118,147,677951,650633,,,,,,,,,,,,,,,,,,,,,,,,,666163
716352,2023-10-01,3,Bot,21,5,2,2,1,118,147,677951,650633,,,,,,,,,,,,,,,,,,,,,,,,,666163
716352,2023-10-01,3,Bot,21,6,3,2,1,118,147,677951,650633,,,,,,,,,,,,,,,,,,,,,,,,,666163
716352,2023-10-01,3,Bot,21,7,3,2,1,118,147,677951,650633,single,Single,Bobby Witt Jr. singles on a sharp line drive to left fielder Everson Pereira.,T,,,,,,,,,,677951,,1B,,,Single,single,,,,,666163
716352,2023-10-01,3,Bot,22,0,0,0,1,118,147,521692,650633,,,,,,,,,,,,,,,,,,,,,,,,,666163
716352,2023-10-01,3,Bot,22,1,0,0,2,118,147,521692,650633,,,,,,,,,,,,,,,,,,,,,,,,,666163
716352,2023-10-01,3,Bot,22,2,1,0,2,118,147,521692,650633,,,,,,,,,,,,,,,,,,,,,,,,,666163
716352,2023-10-01,3,Bot,22,3,1,1,2,118,147,521692,650633,,,,,,,,,,,,,,,,,,,,,,,,,666163
716352,2023-10-01,3,Bot,22,4,1,2,2,118,147,521692,650633,,,,,,,,,,,,,,,,,,,,,,,,,666163
716352,2023-10-01,3,Bot,22,5,1,2,2,118,147,521692,650633,,,,,,,,,,,,,,,,,,,,,,,,,666163
716352,2023-10-01,3,Bot,22,6,1,2,2,118,147,521692,650633,field_out,Groundout,Salvador Perez grounds out to first baseman DJ LeMahieu.,T,,,,T,,,,,,677951,1B,,T,2,Pickoff Caught Stealing 2B,pickoff_caught_stealing_2b,r_pickoff_caught_stealing_2b,,,,666163
716352,2023-10-01,4,Top,23,0,0,1,0,118,147,669224,425844,,,,,,,,,,,,,,,,,,,,,,,,,521692
716352,2023-10-01,4,Top,23,1,0,1,0,118,147,669224,425844,field_out,Groundout,"Austin Wells grounds out, shortstop Bobby Witt Jr. to first baseman Nick Pratto.",T,,,,,,,,,,669224,,,T,1,Groundout,field_out,,,,,521692
716352,2023-10-01,4,Top,24,0,0,1,1,118,147,543309,425844,,,,,,,,,,,,,,,,,,,,,,,,,521692
716352,2023-10-01,4,Top,24,1,0,1,1,118,147,543309,425844,double,Double,Kyle Higashioka doubles (13) on a sharp line drive to left fielder Edward Olivares.,T,,,,,,,,,,543309,,2B,,,Double,double,,,,,521692
716352,2023-10-01,4,Top,25,0,0,0,1,118,147,643396,425844,,,,,,,,,,,,,,,,,,,,,,,,,521692
716352,2023-10-01,4,Top,25,1,0,1,1,118,147,643396,425844,,,,,,,,,,,,,,,,,,,,,,,,,521692
716352,2023-10-01,4,Top,25,2,1,1,1,118,147,643396,425844,,,,,,,,,,,,,,,,,,,,,,,,,521692
716352,2023-10-01,4,Top,25,3,1,1,1,118,147,643396,425844,field_out,Flyout,Isiah Kiner-Falefa flies out to right fielder MJ Melendez.,T,,,,,,,,,,643396,,,T,2,Flyout,field_out,,,,,521692
716352,2023-10-01,4,Top,26,0,0,0,2,118,147,665828,425844,field_out,Lineout,Oswaldo Cabrera lines out to center fielder Dairon Blanco.,T,,,,,,,,,,665828,,,T,3,Lineout,field_out,,,,,521692
716352,2023-10-01,4,Bot,27,0,0,1,0,118,147,669004,650633,,,,,,,,,,,,,,,,,,,,,,,,,666163
716352,2023-10-01,4,Bot,27,1,0,1,0,118,147,669004,650633,field_out,Groundout,"MJ Melendez grounds out, second baseman Oswald Peraza to first baseman DJ LeMahieu.",T,,,,,,,,,,669004,,,T,1,Groundout,field_out,,,,,666163
716352,2023-10-01,4,Bot,28,0,0,1,1,118,147,658668,650633,,,,,,,,,,,,,,,,,,,,,,,,,666163
716352,2023-10-01,4,Bot,28,1,1,1,1,118,147,658668,650633,,,,,,,,,,,,,,,,,,,,,,,,,666163
716352,2023-10-01,4,Bot,28,2,1,2,1,118,147,658668,650633,,,,,,,,,,,,,,,,,,,,,,,,,666163
716352,2023-10-01,4,Bot,28,3,2,2,1,118,147,658668,650633,,,,,,,,,,,,,,,,,,,,,,,,,666163
716352,2023-10-01,4,Bot,28,4,2,2,1,118,147,658668,650633,home_run,Home Run,Edward Olivares homers (12) on a fly ball to left center field.,T,,,,,,,,,,658668,,score,,,Home Run,home_run,,T,T,T,666163
716352,2023-10-01,4,Bot,29,0,1,0,1,118,147,686681,650633,,,,,,,,,,,,,,,,,,,,,,,,,666163
716352,2023-10-01,4,Bot,29,1,1,1,1,118,147,686681,650633,,,,,,,,,,,,,,,,,,,,,,,,,666163
716352,2023-10-01,4,Bot,29,2,1,2,1,118,147,686681,650633,,,,,,,,,,,,,,,,,,,,,,,,,666163
716352,2023-10-01,4,Bot,29,3,1,2,1,118,147,686681,650633,field_out,Groundout,"Michael Massey grounds out, first baseman DJ LeMahieu to pitcher Michael King.",T,,,,,,,,,,686681,,,T,2,Groundout,field_out,,,,,666163
716352,2023-10-01,4,Bot,30,0,0,1,2,118,147,680118,650633,,,,,,,,,,,,,,,,,,,,,,,,,666163
716352,2023-10-01,4,Bot,30,1,0,1,2,118,147,680118,650633,home_run,Home Run,Dairon Blanco homers (3) on a fly ball to left center field.,T,,,,,,,,,,680118,,score,,,Home Run,home_run,,T,T,T,666163
716352,2023-10-01,4,Bot,31,0,0,1,2,118,147,668472,650633,,,,,,,,,,,,,,,,,,,,,,,,,666163
716352,2023-10-01,4,Bot,31,1,0,2,2,118,147,668472,650633,,,,,,,,,,,,,,,,,,,,,,,,,666163
716352,2023-10-01,4,Bot,31,2,1,2,2,118,147,668472,650633,,,,,,,,,,,,,,,,,,,,,,,,,666163
716352,2023-10-01,4,Bot,31,3,1,2,2,118,147,668472,650633,,,,,,,,,,,,,,,,,,,,,,,,,666163
716352,2023-10-01,4,Bot,31,4,1,2,2,118,147,668472,650633,,,,,,,,,,,,,,,,,,,,,,,,,666163
716352,2023-10-01,4,Bot,31,5,1,2,2,118,147,668472,650633,single,Single,Nick Pratto singles on a line drive to center fielder Estevan Florial.,T,,,,,,,,,,668472,,1B,,,Single,single,,,,,666163
716352,2023-10-01,4,Bot,32,0,0,0,2,118,147,622110,650633,,,,,,,,,,,,,,,,,,,,,,,,,666163
716352,2023-10-01,4,Bot,32,1,1,0,2,118,147,622110,650633,,,,,,,,,,,,,,,,,,,,,,,,,666163
716352,2023-10-01,4,Bot,32,2,2,0,2,118,147,622110,650633,,,,,,,,,,,,,,,,,,,,,,,,,666163
716352,2023-10-01,4,Bot,32,3,3,0,2,118,147,622110,650633,,,,,,,,,,,,,,,,,,,,,,,,,666163
716352,2023-10-01,4,Bot,32,4,3,0,2,118,147,622110,650633,single,Single,"Matt Duffy singles on a line drive to left fielder Everson Pereira, deflected by third baseman Isiah Kiner-Falefa. Nick Pratto to 2nd.",T,,,,,,,,,,622110,,1B,,,Single,single,,,,,666163
716352,2023-10-01,4,Bot,33,0,1,0,2,118,147,672580,650633,,,,,,,,,,,,,,,,,,,,,,,,,666163
716352,2023-10-01,4,Bot,33,1,1,1,2,118,147,672580,650633,,,,,,,,,,,,,,,,,,,,,,,,,666163
716352,2023-10-01,4,Bot,33,2,2,1,2,118,147,672580,650633,,,,,,,,,,,,,,,,,,,,,,,,,666163
716352,2023-10-01,4,Bot,33,3,2,1,2,118,147,672580,650633,force_out,Forceout,"Maikel Garcia grounds into a force out, shortstop Anthony Volpe to second baseman Oswald Peraza. Matt Duffy out at 2nd.",T,,,,,,,,,,622110,1B,,T,3,Forceout,force_out,r_force_out,,,,666163
716352,2023-10-01,5,Top,34,0,0,1,0,118,147,672724,425844,,,,,,,,,,,,,,,,,,,,,,,,,521692
716352,2023-10-01,5,Top,34,1,1,1,0,118,147,672724,425844,,,,,,,,,,,,,,,,,,,,,,,,,521692
716352,2023-10-01,5,Top,34,2,2,1,0,118,147,672724,425844,,,,,,,,,,,,,,,,,,,,,,,,,521692
716352,2023-10-01,5,Top,34,3,2,2,0,118,147,672724,425844,,,,,,,,,,,,,,,,,,,,,,,,,521692
716352,2023-10-01,5,Top,34,4,3,2,0,118,147,672724,425844,,,,,,,,,,,,,,,,,,,,,,,,,521692
716352,2023-10-01,5,Top,34,5,3,2,0,118,147,672724,425844,field_out,Groundout,"Oswald Peraza grounds out, shortstop Bobby Witt Jr. to first baseman Nick Pratto.",T,,,,,,,,,,672724,,,T,1,Groundout,field_out,,,,,521692
716352,2023-10-01,5,Top,35,0,0,1,1,118,147,677592,425844,,,,,,,,,,,,,,,,,,,,,,,,,521692
716352,2023-10-01,5,Top,35,1,1,1,1,118,147,677592,425844,,,,,,,,,,,,,,,,,,,,,,,,,521692
716352,2023-10-01,5,Top,35,2,2,1,1,118,147,677592,425844,,,,,,,,,,,,,,,,,,,,,,,,,521692
716352,2023-10-01,5,Top,35,3,2,2,1,118,147,677592,425844,,,,,,,,,,,,,,,,,,,,,,,,,521692
716352,2023-10-01,5,Top,35,4,2,3,1,118,147,677592,425844,strikeout,Strikeout,Everson Pereira strikes out swinging.,T,,,,,,,,,,677592,,,T,2,Strikeout,strikeout,,,,,521692
716352,2023-10-01,5,Top,36,0,0,1,2,118,147,664314,425844,,,,,,,,,,,,,,,,,,,,,,,,,521692
716352,2023-10-01,5,Top,36,1,1,1,2,118,147,664314,425844,,,,,,,,,,,,,,,,,,,,,,,,,521692
716352,2023-10-01,5,Top,36,2,2,1,2,118,147,664314,425844,,,,,,,,,,,,,,,,,,,,,,,,,521692
716352,2023-10-01,5,Top,36,3,2,1,2,118,147,664314,425844,field_out,Groundout,"Estevan Florial grounds out, second baseman Michael Massey to first baseman Nick Pratto.",T,,,,,,,,,,664314,,,T,3,Groundout,field_out,,,,,521692
716352,2023-10-01,5,Bot,37,0,0,0,0,118,147,677951,666745,,,,,,,,,,,,,,,,,,,,,,,,,666163
716352,2023-10-01,5,Bot,37,1,0,1,0,118,147,677951,666745,,,,,,,,,,,,,,,,,,,,,,,,,666163
716352,2023-10-01,5,Bot,37,2,1,1,0,118,147,677951,666745,,,,,,,,,,,,,,,,,,,,,,,,,666163
716352,2023-10-01,5,Bot,37,3,1,2,0,118,147,677951,666745,,,,,,,,,,,,,,,,,,,,,,,,,666163
716352,2023-10-01,5,Bot,37,4,2,2,0,118,147,677951,666745,,,,,,,,,,,,,,,,,,,,,,,,,666163
716352,2023-10-01,5,Bot,37,5,2,2,0,118,147,677951,666745,,,,,,,,,,,,,,,,,,,,,,,,,666163
716352,2023-10-01,5,Bot,37,6,2,2,0,118,147,677951,666745,triple,Triple,Bobby Witt Jr. triples (11) on a line drive to right fielder Oswaldo Cabrera.,T,,,,,,,,,,677951,,3B,,,Triple,triple,,,,,666163
716352,2023-10-01,5,Bot,38,0,0,1,0,118,147,521692,666745,,,,,,,,,,,,,,,,,,,,,,,,,666163
716352,2023-10-01,5,Bot,38,1,1,1,0,118,147,521692,666745,,,,,,,,,,,,,,,,,,,,,,,,,666163
716352,2023-10-01,5,Bot,38,2,2,1,0,118,147,521692,666745,,,,,,,,,,,,,,,,,,,,,,,,,666163
716352,2023-10-01,5,Bot,38,3,2,1,0,118,147,521692,666745,sac_fly,Sac Fly,Salvador Perez out on a sacrifice fly to right fielder Oswaldo Cabrera. Bobby Witt Jr. scores.,T,,,,,,,,,,521692,,,T,1,Sac Fly,sac_fly,,,,,666163
716352,2023-10-01,5,Bot,39,0,1,0,1,118,147,669004,666745,,,,,,,,,,,,,,,,,,,,,,,,,666163
716352,2023-10-01,5,Bot,39,1,1,1,1,118,147,669004,666745,,,,,,,,,,,,,,,,,,,,,,,,,666163
716352,2023-10-01,5,Bot,39,2,1,2,1,118,147,669004,666745,,,,,,,,,,,,,,,,,,,,,,,,,666163
716352,2023-10-01,5,Bot,39,3,1,2,1,118,147,669004,666745,,,,,,,,,,,,,,,,,,,,,,,,,666163
716352,2023-10-01,5,Bot,39,4,1,2,1,118,147,669004,666745,,,,,,,,,,,,,,,,,,,,,,,,,666163
716352,2023-10-01,5,Bot,39,5,1,2,1,118,147,669004,666745,single,Single,MJ Melendez singles on a ground ball to first baseman DJ LeMahieu.,T,,,,,,,,,,669004,,1B,,,Single,single,,,,,666163
716352,2023-10-01,5,Bot,40,0,0,1,1,118,147,658668,666745,,,,,,,,,,,,,,,,,,,,,,,,,666163
716352,2023-10-01,5,Bot,40,1,0,2,1,118,147,658668,666745,,,,,,,,,,,,,,,,,,,,,,,,,666163
716352,2023-10-01,5,Bot,40,2,0,2,1,118,147,658668,666745,force_out,Forceout,"Edward Olivares grounds into a force out, second baseman Oswald Peraza to shortstop Anthony Volpe. MJ Melendez out at 2nd. Edward Olivares to 1st.",T,,,,,,,,,,669004,1B,,T,2,Forceout,force_out,r_force_out,,,,666163
716352,2023-10-01,5,Bot,41,0,0,1,2,118,147,686681,666745,,,,,,,,,,,,,,,,,,,,,,,,,666163
716352,2023-10-01,5,Bot,41,1,0,2,2,118,147,686681,666745,,,,,,,,,,,,,,,,,,,,,,,,,666163
716352,2023-10-01,5,Bot,41,2,0,3,2,118,147,686681,666745,strikeout,Strikeout,Michael Massey strikes out swinging.,T,,,,,,,,,,686681,,,T,3,Strikeout,strikeout,,,,,666163
716352,2023-10-01,6,Top,42,0,1,0,0,118,147,518934,425844,,,,,,,,,,,,,,,,,,,,,,,,,521692
716352,2023-10-01,6,Top,42,1,2,0,0,118,147,518934,425844,,,,,,,,,,,,,,,,,,,,,,,,,521692
716352,2023-10-01,6,Top,42,2,2,1,0,118,147,518934,425844,,,,,,,,,,,,,,,,,,,,,,,,,521692
716352,2023-10-01,6,Top,42,3,2,2,0,118,147,518934,425844,,,,,,,,,,,,,,,,,,,,,,,,,521692
716352,2023-10-01,6,Top,42,4,3,2,0,118,147,518934,425844,,,,,,,,,,,,,,,,,,,,,,,,,521692
716352,2023-10-01,6,Top,42,5,3,2,0,118,147,518934,425844,,,,,,,,,,,,,,,,,,,,,,,,,521692
716352,2023-10-01,6,Top,42,6,4,2,0,118,147,518934,425844,walk,Walk,DJ LeMahieu walks.,T,,,,,,,,,,518934,,1B,,,Walk,walk,,,,,521692
716352,2023-10-01,6,Top,43,0,0,0,0,118,147,683011,664199,,,,,,,,,,,,,,,,,,,,,,,,,521692
716352,2023-10-01,6,Top,43,1,0,0,0,118,147,683011,664199,,,,,,,,,,,,,,,,,,,,,,,,,521692
716352,2023-10-01,6,Top,43,2,0,1,0,118,147,683011,664199,,,,,,,,,,,,,,,,,,,,,,,,,521692
716352,2023-10-01,6,Top,43,3,0,1,0,118,147,683011,664199,field_out,Flyout,Anthony Volpe flies out to center fielder Dairon Blanco.,T,,,,,,,,,,683011,,,T,1,Flyout,field_out,,,,,521692
716352,2023-10-01,6,Top,44,0,1,0,1,118,147,669224,664199,,,,,,,,,,,,,,,,,,,,,,,,,521692
716352,2023-10-01,6,Top,44,1,2,0,1,118,147,669224,664199,,,,,,,,,,,,,,,,,,,,,,,,,521692
716352,2023-10-01,6,Top,44,2,2,1,1,118,147,669224,664199,,,,,,,,,,,,,,,,,,,,,,,,,521692
716352,2023-10-01,6,Top,44,3,2,2,1,118,147,669224,664199,,,,,,,,,,,,,,,,,,,,,,,,,521692
716352,2023-10-01,6,Top,44,4,2,2,1,118,147,669224,664199,double,Double,Austin Wells doubles (5) on a sharp fly ball to center fielder Dairon Blanco. DJ LeMahieu to 3rd.,T,,,,,,,,,,669224,,2B,,,Double,double,,,,,521692
716352,2023-10-01,6,Top,45,0,1,0,1,118,147,543309,664199,,,,,,,,,,,,,,,,,,,,,,,,,521692
716352,2023-10-01,6,Top,45,1,1,1,1,118,147,543309,664199,,,,,,,,,,,,,,,,,,,,,,,,,521692
716352,2023-10-01,6,Top,45,2,2,1,1,118,147,543309,664199,,,,,,,,,,,,,,,,,,,,,,,,,521692
716352,2023-10-01,6,Top,45,3,3,1,1,118,147,543309,664199,,,,,,,,,,,,,,,,,,,,,,,,,521692
716352,2023-10-01,6,Top,45,4,3,2,1,118,147,543309,664199,,,,,,,,,,,,,,,,,,,,,,,,,521692
716352,2023-10-01,6,Top,45,5,3,2,1,118,147,543309,664199,,,,,,,,,,,,,,,,,,,,,,,,,521692
716352,2023-10-01,6,Top,45,6,3,2,1,118,147,543309,664199,field_out,Flyout,Kyle Higashioka flies out to shortstop Bobby Witt Jr.,T,,,,,,,,,,543309,,,T,2,Flyout,field_out,,,,,521692
716352,2023-10-01,6,Top,46,0,1,0,2,118,147,643396,664199,,,,,,,,,,,,,,,,,,,,,,,,,521692
716352,2023-10-01,6,Top,46,1,2,0,2,118,147,643396,664199,,,,,,,,,,,,,,,,,,,,,,,,,521692
716352,2023-10-01,6,Top,46,2,2,1,2,118,147,643396,664199,,,,,,,,,,,,,,,,,,,,,,,,,521692
716352,2023-10-01,6,Top,46,3,2,1,2,118,147,643396,664199,single,Single,Isiah Kiner-Falefa singles on a sharp line drive to left fielder Edward Olivares. DJ LeMahieu scores. Austin Wells scores.,T,,,,,,,,,,643396,,1B,,,Single,single,,,,,521692
716352,2023-10-01,6,Top,47,0,0,0,2,118,147,665828,664199,,,,,,,,,,,,,,,,,,,,,,,,,521692
716352,2023-10-01,6,Top,47,1,1,0,2,118,147,665828,664199,,,,,,,,,,,,,,,,,,,,,,,,,521692
716352,2023-10-01,6,Top,47,2,1,0,2,118,147,665828,664199,field_out,Flyout,Oswaldo Cabrera flies out to center fielder Dairon Blanco.,T,,,,,,,,,,665828,,,T,3,Flyout,field_out,,,,,521692
716352,2023-10-01,6,Bot,48,0,0,1,0,118,147,680118,666745,,,,,,,,,,,,,,,,,,,,,,,,,666163
716352,2023-10-01,6,Bot,48,1,0,2,0,118,147,680118,666745,,,,,,,,,,,,,,,,,,,,,,,,,666163
716352,2023-10-01,6,Bot,48,2,1,2,0,118,147,680118,666745,,,,,,,,,,,,,,,,,,,,,,,,,666163
716352,2023-10-01,6,Bot,48,3,1,2,0,118,147,680118,666745,single,Single,Dairon Blanco singles on a ground ball to center fielder Estevan Florial.,T,,,,,,,,,,680118,,1B,,,Single,single,,,,,666163
716352,2023-10-01,6,Bot,49,0,0,1,0,118,147,668472,666745,,,,,,,,,,,,,,,,,,,,,,,,,666163
716352,2023-10-01,6,Bot,49,1,0,2,0,118,147,668472,666745,,,,,,,,,,,,,,,,,,,,,,,,,666163
716352,2023-10-01,6,Bot,49,2,1,2,0,118,147,668472,666745,,,,,,,,,,,,,,,,,,,,,,,,,666163
716352,2023-10-01,6,Bot,49,3,1,3,0,118,147,668472,666745,strikeout,Strikeout,Nick Pratto strikes out swinging. Dairon Blanco steals (24) 2nd base.,T,T,,,,,,,,,668472,,,T,1,Strikeout,strikeout,,,,,666163
716352,2023-10-01,6,Bot,50,0,0,1,1,118,147,622110,666745,,,,,,,,,,,,,,,,,,,,,,,,,666163
716352,2023-10-01,6,Bot,50,1,0,2,1,118,147,622110,666745,,,,,,,,,,,,,,,,,,,,,,,,,666163
716352,2023-10-01,6,Bot,50,2,0,2,1,118,147,622110,666745,,,,,,,,,,,,,,,,,,,,,,,,,666163
716352,2023-10-01,6,Bot,50,3,0,2,1,118,147,622110,666745,,,,,,,,,,,,,,,,,,,,,,,,,666163
716352,2023-10-01,6,Bot,50,4,0,3,1,118,147,622110,666745,strikeout,Strikeout,Matt Duffy strikes out swinging.,T,,,,,,,,T,,680118,2B,3B,,,Pickoff Error 2B,pickoff_error_2b,r_pickoff_error_2b,,,,666163
716352,2023-10-01,6,Bot,51,0,0,1,2,118,147,672580,666745,,,,,,,,,,,,,,,,,,,,,,,,,666163
716352,2023-10-01,6,Bot,51,1,0,2,2,118,147,672580,666745,,,,,,,,,,,,,,,,,,,,,,,,,666163
716352,2023-10-01,6,Bot,51,2,0,3,2,118,147,672580,666745,strikeout,Strikeout,Maikel Garcia strikes out swinging.,T,,,,,,,,,,672580,,,T,3,Strikeout,strikeout,,,,,666163
716352,2023-10-01,7,Top,52,0,0,0,0,118,147,672724,672578,,,,,,,,,,,,,,,,,,,,,,,,,521692
716352,2023-10-01,7,Top,52,1,1,0,0,118,147,672724,672578,,,,,,,,,,,,,,,,,,,,,,,,,521692
716352,2023-10-01,7,Top,52,2,1,0,0,118,147,672724,672578,field_out,Groundout,"Oswald Peraza grounds out, second baseman Michael Massey to first baseman Nick Pratto.",T,,,,,,,,,,672724,,,T,1,Groundout,field_out,,,,,521692
716352,2023-10-01,7,Top,53,0,1,0,1,118,147,677592,672578,,,,,,,,,,,,,,,,,,,,,,,,,521692
716352,2023-10-01,7,Top,53,1,2,0,1,118,147,677592,672578,,,,,,,,,,,,,,,,,,,,,,,,,521692
716352,2023-10-01,7,Top,53,2,2,1,1,118,147,677592,672578,,,,,,,,,,,,,,,,,,,,,,,,,521692
716352,2023-10-01,7,Top,53,3,3,1,1,118,147,677592,672578,,,,,,,,,,,,,,,,,,,,,,,,,521692
716352,2023-10-01,7,Top,53,4,3,2,1,118,147,677592,672578,,,,,,,,,,,,,,,,,,,,,,,,,521692
716352,2023-10-01,7,Top,53,5,4,2,1,118,147,677592,672578,walk,Walk,Everson Pereira walks.,T,,,,,,,,,,677592,,1B,,,Walk,walk,,,,,521692
716352,2023-10-01,7,Top,54,0,0,1,1,118,147,664314,672578,,,,,,,,,,,,,,,,,,,,,,,,,521692
716352,2023-10-01,7,Top,54,1,0,2,1,118,147,664314,672578,,,,,,,,,,,,,,,,,,,,,,,,,521692
716352,2023-10-01,7,Top,54,2,1,2,1,118,147,664314,672578,,,,,,,,,,,,,,,,,,,,,,,,,521692
716352,2023-10-01,7,Top,54,3,1,3,1,118,147,664314,672578,strikeout,Strikeout,Estevan Florial strikes out swinging.,T,,,,,,,,,,664314,,,T,2,Strikeout,strikeout,,,,,521692
716352,2023-10-01,7,Top,55,0,1,0,2,118,147,518934,672578,,,,,,,,,,,,,,,,,,,,,,,,,521692
716352,2023-10-01,7,Top,55,1,1,0,2,118,147,518934,672578,force_out,Forceout,"DJ LeMahieu grounds into a force out, shortstop Bobby Witt Jr. to second baseman Michael Massey. Everson Pereira out at 2nd.",T,,,,,,,,,,677592,1B,,T,3,Forceout,force_out,r_force_out,,,,521692
716352,2023-10-01,7,Bot,56,0,0,1,0,118,147,677951,666745,,,,,,,,,,,,,,,,,,,,,,,,,666163
716352,2023-10-01,7,Bot,56,1,0,2,0,118,147,677951,666745,,,,,,,,,,,,,,,,,,,,,,,,,666163
716352,2023-10-01,7,Bot,56,2,0,2,0,118,147,677951,666745,,,,,,,,,,,,,,,,,,,,,,,,,666163
716352,2023-10-01,7,Bot,56,3,1,2,0,118,147,677951,666745,,,,,,,,,,,,,,,,,,,,,,,,,666163
716352,2023-10-01,7,Bot,56,4,1,3,0,118,147,677951,666745,strikeout,Strikeout,Bobby Witt Jr. strikes out swinging.,T,,,,,,,,,,677951,,,T,1,Strikeout,strikeout,,,,,666163
716352,2023-10-01,7,Bot,57,0,0,1,1,118,147,521692,666745,,,,,,,,,,,,,,,,,,,,,,,,,666163
716352,2023-10-01,7,Bot,57,1,1,1,1,118,147,521692,666745,,,,,,,,,,,,,,,,,,,,,,,,,666163
716352,2023-10-01,7,Bot,57,2,1,1,1,118,147,521692,666745,field_out,Groundout,"Salvador Perez grounds out, third baseman Isiah Kiner-Falefa to first baseman DJ LeMahieu.",T,,,,,,,,,,521692,,,T,2,Groundout,field_out,,,,,666163
716352,2023-10-01,7,Bot,58,0,1,0,2,118,147,669004,666745,,,,,,,,,,,,,,,,,,,,,,,,,666163
716352,2023-10-01,7,Bot,58,1,1,1,2,118,147,669004,666745,,,,,,,,,,,,,,,,,,,,,,,,,666163
716352,2023-10-01,7,Bot,58,2,2,1,2,118,147,669004,666745,,,,,,,,,,,,,,,,,,,,,,,,,666163
716352,2023-10-01,7,Bot,58,3,3,1,2,118,147,669004,666745,,,,,,,,,,,,,,,,,,,,,,,,,666163
716352,2023-10-01,7,Bot,58,4,3,2,2,118,147,669004,666745,,,,,,,,,,,,,,,,,,,,,,,,,666163
716352,2023-10-01,7,Bot,58,5,3,2,2,118,147,669004,666745,,,,,,,,,,,,,,,,,,,,,,,,,666163
716352,2023-10-01,7,Bot,58,6,3,3,2,118,147,669004,666745,strikeout,Strikeout,MJ Melendez called out on strikes.,T,,,,,,,,,,669004,,,T,3,Strikeout,strikeout,,,,,666163
716352,2023-10-01,8,Top,59,0,0,0,0,118,147,683011,663704,,,,,,,,,,,,,,,,,,,,,,,,,521692
716352,2023-10-01,8,Top,59,1,0,1,0,118,147,683011,663704,,,,,,,,,,,,,,,,,,,,,,,,,521692
716352,2023-10-01,8,Top,59,2,1,1,0,118,147,683011,663704,,,,,,,,,,,,,,,,,,,,,,,,,521692
716352,2023-10-01,8,Top,59,3,2,1,0,118,147,683011,663704,,,,,,,,,,,,,,,,,,,,,,,,,521692
716352,2023-10-01,8,Top,59,4,2,2,0,118,147,683011,663704,,,,,,,,,,,,,,,,,,,,,,,,,521692
716352,2023-10-01,8,Top,59,5,2,3,0,118,147,683011,663704,strikeout,Strikeout,Anthony Volpe strikes out swinging.,T,,,,,,,,,,683011,,,T,1,Strikeout,strikeout,,,,,521692
716352,2023-10-01,8,Top,60,0,0,1,1,118,147,669224,663704,,,,,,,,,,,,,,,,,,,,,,,,,521692
716352,2023-10-01,8,Top,60,1,1,1,1,118,147,669224,663704,,,,,,,,,,,,,,,,,,,,,,,,,521692
716352,2023-10-01,8,Top,60,2,1,1,1,118,147,669224,663704,double,Double,Austin Wells doubles (6) on a ground ball to left fielder Edward Olivares.,T,,,,,,,,,,669224,,2B,,,Double,double,,,,,521692
716352,2023-10-01,8,Top,61,0,1,0,1,118,147,543309,663704,,,,,,,,,,,,,,,,,,,,,,,,,521692
716352,2023-10-01,8,Top,61,1,1,1,1,118,147,543309,663704,,,,,,,,,,,,,,,,,,,,,,,,,521692
716352,2023-10-01,8,Top,61,2,1,1,1,118,147,543309,663704,field_out,Groundout,"Kyle Higashioka grounds out, third baseman Maikel Garcia to first baseman Nick Pratto.",T,,,,,,,,,,543309,,,T,2,Groundout,field_out,,,,,521692
716352,2023-10-01,8,Top,62,0,1,0,2,118,147,643396,663704,,,,,,,,,,,,,,,,,,,,,,,,,521692
716352,2023-10-01,8,Top,62,1,1,1,2,118,147,643396,663704,,,,,,,,,,,,,,,,,,,,,,,,,521692
716352,2023-10-01,8,Top,62,2,1,2,2,118,147,643396,663704,,,,,,,,,,,,,,,,,,,,,,,,,521692
716352,2023-10-01,8,Top,62,3,1,2,2,118,147,643396,663704,,,,,,,,,,,,,,,,,,,,,,,,,521692
716352,2023-10-01,8,Top,62,4,1,3,2,118,147,643396,663704,strikeout,Strikeout,Isiah Kiner-Falefa strikes out swinging.,T,,,,,,,,,,643396,,,T,3,Strikeout,strikeout,,,,,521692
716352,2023-10-01,8,Bot,63,0,0,0,0,118,147,658668,669711,,,,,,,,,,,,,,,,,,,,,,,,,666163
716352,2023-10-01,8,Bot,63,1,0,0,0,118,147,658668,669711,field_out,Flyout,Edward Olivares flies out to right fielder Oswaldo Cabrera.,T,,,,,,,,,,658668,,,T,1,Flyout,field_out,,,,,666163
716352,2023-10-01,8,Bot,64,0,0,1,1,118,147,686681,669711,,,,,,,,,,,,,,,,,,,,,,,,,666163
716352,2023-10-01,8,Bot,64,1,0,2,1,118,147,686681,669711,,,,,,,,,,,,,,,,,,,,,,,,,666163
716352,2023-10-01,8,Bot,64,2,1,2,1,118,147,686681,669711,,,,,,,,,,,,,,,,,,,,,,,,,666163
716352,2023-10-01,8,Bot,64,3,2,2,1,118,147,686681,669711,,,,,,,,,,,,,,,,,,,,,,,,,666163
716352,2023-10-01,8,Bot,64,4,2,2,1,118,147,686681,669711,,,,,,,,,,,,,,,,,,,,,,,,,666163
716352,2023-10-01,8,Bot,64,5,2,2,1,118,147,686681,669711,,,,,,,,,,,,,,,,,,,,,,,,,666163
716352,2023-10-01,8,Bot,64,6,3,2,1,118,147,686681,669711,,,,,,,,,,,,,,,,,,,,,,,,,666163
716352,2023-10-01,8,Bot,64,7,3,2,1,118,147,686681,669711,,,,,,,,,,,,,,,,,,,,,,,,,666163
716352,2023-10-01,8,Bot,64,8,4,2,1,118,147,686681,669711,walk,Walk,Michael Massey walks.,T,,,,,,,,,,686681,,1B,,,Walk,walk,,,,,666163
716352,2023-10-01,8,Bot,65,0,0,1,1,118,147,680118,669711,,,,,,,,,,,,,,,,,,,,,,,,,666163
716352,2023-10-01,8,Bot,65,1,0,1,1,118,147,680118,669711,sac_bunt,Sac Bunt,"Dairon Blanco out on a sacrifice bunt, pitcher Greg Weissert to first baseman DJ LeMahieu. Michael Massey to 2nd.",T,,,,,,,,,,680118,,,T,2,Sac Bunt,sac_bunt,,,,,666163
716352,2023-10-01,8,Bot,66,0,0,1,2,118,147,668472,669711,,,,,,,,,,,,,,,,,,,,,,,,,666163
716352,2023-10-01,8,Bot,66,1,0,2,2,118,147,668472,669711,,,,,,,,,,,,,,,,,,,,,,,,,666163
716352,2023-10-01,8,Bot,66,2,0,3,2,118,147,668472,669711,strikeout,Strikeout,Nick Pratto strikes out swinging.,T,,,,,,,,,,668472,,,T,3,Strikeout,strikeout,,,,,666163
716352,2023-10-01,9,Top,67,0,0,1,0,118,147,665828,663704,,,,,,,,,,,,,,,,,,,,,,,,,521692
716352,2023-10-01,9,Top,67,1,0,2,0,118,147,665828,663704,,,,,,,,,,,,,,,,,,,,,,,,,521692
716352,2023-10-01,9,Top,67,2,0,2,0,118,147,665828,663704,,,,,,,,,,,,,,,,,,,,,,,,,521692
716352,2023-10-01,9,Top,67,3,0,3,0,118,147,665828,663704,strikeout,Strikeout,Oswaldo Cabrera strikes out swinging.,T,,,,,,,,,,665828,,,T,1,Strikeout,strikeout,,,,,521692
716352,2023-10-01,9,Top,68,0,0,1,1,118,147,672724,663704,,,,,,,,,,,,,,,,,,,,,,,,,521692
716352,2023-10-01,9,Top,68,1,0,2,1,118,147,672724,663704,,,,,,,,,,,,,,,,,,,,,,,,,521692
716352,2023-10-01,9,Top,68,2,0,2,1,118,147,672724,663704,field_out,Groundout,"Oswald Peraza grounds out, second baseman Michael Massey to first baseman Nick Pratto.",T,,,,,,,,,,672724,,,T,2,Groundout,field_out,,,,,521692
716352,2023-10-01,9,Top,69,0,0,1,2,118,147,677592,663704,,,,,,,,,,,,,,,,,,,,,,,,,521692
716352,2023-10-01,9,Top,69,1,0,2,2,118,147,677592,663704,,,,,,,,,,,,,,,,,,,,,,,,,521692
716352,2023-10-01,9,Top,69,2,0,3,2,118,147,677592,663704,strikeout,Strikeout,Everson Pereira strikes out swinging.,T,,,,,,,,,,677592,,,T,3,Strikeout,strikeout,,,,,521692
